Tên Công Ty,Địa Chỉ,Thành Phố,Số Điện Thoại,Ngành,Google Maps Link,Rating Google Maps,Số Lượt Đánh Giá,Ghi Chú
216 Joint Stock Company,"92C Ly Thuong Kiet street, Cua Nam ward, Hoan Kiem district, Hanoi city",HA NOI,+842436892880,"숙박, 요식, 급식",https://www.google.com/maps/search/216+Joint+Stock+Company+HA+NOI+Vietnam,3.8,,
21C HAN VINA,"House No.67, Alley 20, Do Quang, Trung Hoa, Cau Giay, Hanoi",HA NOI,+842432216438,"환경, 설비, 기계",https://www.google.com/maps/search/21C+HAN+VINA+HA+NOI+Vietnam,4.0,,
"365 SYS CO.,LTD","P104, CT02 Block, Hyundai Apt, To hieu, Ha dong, Hanoi",HA NOI,+842435430206,기타,"https://www.google.com/maps/search/365+SYS+CO.,LTD+HA+NOI+Vietnam",4.6,,
3D ART MUSEUM IN PARADISE DANANG,"Lot C2-10 Tran Nhan Tong, Tho Quang, Son Tra, Da Nang",DA NANG,+842363931100,"오락, 문화, 전시, 체육",https://www.google.com/maps/search/3D+ART+MUSEUM+IN+PARADISE+DANANG+DA+NANG+Vietnam,3.8,,
"3H VINACOM Co.,Ltd","TS-12 Road, Tien Son I.P, Tien Du, Bac Ninh",BAC NINH,+842223714202,제조업,"https://www.google.com/maps/search/3H+VINACOM+Co.,Ltd+BAC+NINH+Vietnam",4.4,,
42 INTERNATIONAL,"15F Sao Mai Bd., 19Le Van Luong Dist., Thanh Xuan Dist., Hanoi., Vietnam",HA NOI,+84888421015,"유통, 도소매, 무역",https://www.google.com/maps/search/42+INTERNATIONAL+HA+NOI+Vietnam,4.5,,
4M PARTNERS VIETNAM,"The Central Area of Tay Ho Tay New Town Project, Xuan Tan, Bac Tu Liem, Hanoi BRANCH: 4F, 163 Nguyen Van Troi, Ward 11, Phu Nhuan, HO CHI MINH",HA NOI,+842462946166,건설 및 건설자재,https://www.google.com/maps/search/4M+PARTNERS+VIETNAM+HA+NOI+Vietnam,4.3,,
4P ELECTRONICS,"Trang Due I.Z, Dinh Cat, An Duong District, Hai Phong",HAI PHONG,+842256270336,"전자, 전기 제조업",https://www.google.com/maps/search/4P+ELECTRONICS+HAI+PHONG+Vietnam,3.8,,
88 TRADING AND CONSTRUCTION,"Lot L3, Pho Noi B Textile and Garment Industrial Park, Di Su Ward, My Hao Town, Hung Yen Province",HUNG YEN,+842223896588,"유통, 도소매, 무역",https://www.google.com/maps/search/88+TRADING+AND+CONSTRUCTION+HUNG+YEN+Vietnam,4.2,,
"A ONE CONSTRUCTION Co.,Ltd","Vong Nguyet Village, Tam Giang, Yen Phong, Bac Ninh",BAC NINH,+84984379561,건설 및 건설자재,"https://www.google.com/maps/search/A+ONE+CONSTRUCTION+Co.,Ltd+BAC+NINH+Vietnam",4.5,,
"A&G CERAMICS COMPANY LIMITED (A&G CO., LTD)","KCN Dong Van II, Bach Thuong, Duy Tien, Ha Nam",HA NAM,+84399006161,"전자, 전기 제조업","https://www.google.com/maps/search/A&G+CERAMICS+COMPANY+LIMITED+(A&G+CO.,+LTD)+HA+NAM+Vietnam",3.9,,
A&G Tech,"No.9 km17, 6th route, Dong Mai Ward, Ha Dong Dist, Hanoi, Vietnam",HA NOI,+84384251010,"환경, 설비, 기계",https://www.google.com/maps/search/A&G+Tech+HA+NOI+Vietnam,4.6,,
AAA VIETNAM INVEST CONSULTING,"Tang 5, so 355 Doi Can, Dong Da, Hanoi",HA NOI,+842432115678,법무.회계.투자자문,https://www.google.com/maps/search/AAA+VIETNAM+INVEST+CONSULTING+HA+NOI+Vietnam,4.8,,
AASC AUDITING FIRM,"1 Le Phung Hieu, Hoan Kiem, Hanoi",HA NOI,+842438241990,법무.회계.투자자문,https://www.google.com/maps/search/AASC+AUDITING+FIRM+HA+NOI+Vietnam,,,
ABC EDUCATION CONSULTANCY SERVICE AND TRAINING,"5th, Honda Vinh Cat building, 39 Ly Thai To, Vo Cuong, Bac Ninh",BAC NINH,+842223898100,"교육, 매체, 인쇄, 광고",https://www.google.com/maps/search/ABC+EDUCATION+CONSULTANCY+SERVICE+AND+TRAINING+BAC+NINH+Vietnam,4.4,,
"ABC INTERNATIONAL JOINT VENTURE CO.,","614 Lac Long Quan, Tay Ho, Hanoi",HA NOI,+842437199100,"물류, 운수, 여행업","https://www.google.com/maps/search/ABC+INTERNATIONAL+JOINT+VENTURE+CO.,+HA+NOI+Vietnam",4.5,,
ABE INVEST CONSULTING JSC,"Room 705A, 7th floor, IPH Office Building, No. 241, Xuan Thuy, Dich Vong Hau, Cau Giay, Hanoi",HA NOI,+842437689258,법무.회계.투자자문,https://www.google.com/maps/search/ABE+INVEST+CONSULTING+JSC+HA+NOI+Vietnam,4.5,,
"ACAVA VINA CO.,LTD","Lot A2, Nguyen Duc Canh I.P, Tran Hung Dao, Thai Binh",THAI BINH,+842273641001,"교육, 매체, 인쇄, 광고","https://www.google.com/maps/search/ACAVA+VINA+CO.,LTD+THAI+BINH+Vietnam",4.6,,
"ACE ANTENNA Co.,Ltd","Dong Van ll l.Z, Duy Tien, Ha Nam",HA NAM,+843516259800,제조업,"https://www.google.com/maps/search/ACE+ANTENNA+Co.,Ltd+HA+NAM+Vietnam",4.4,,
"ACE CUT SYSTEM Co.,Ltd","Que Vo I.Z, Phuong Lieu, Que Vo, Bac Ninh",BAC NINH,+842223952300,제조업,"https://www.google.com/maps/search/ACE+CUT+SYSTEM+Co.,Ltd+BAC+NINH+Vietnam",4.3,,
"ACE ENGINEERING VINA CO.,LTD","Viet Long building, No 30 Ly Thai To, Ninh Xa, Bac Ninh",BAC NINH,,기타,"https://www.google.com/maps/search/ACE+ENGINEERING+VINA+CO.,LTD+BAC+NINH+Vietnam",4.7,,
ACE GARMENT VINA,"516 Km 2, Hoang Hoa Tham, Song Mai, Bac Giang",BAC GIANG,+842043668912,제조업,https://www.google.com/maps/search/ACE+GARMENT+VINA+BAC+GIANG+Vietnam,,,
ACE GLOVE TRADING,"Lo C5, KCN Khanh Phu –Yen Khanh – Ninh Binh",NINH BINH,+84229762991,"섬유, 의류, 봉제 제조",https://www.google.com/maps/search/ACE+GLOVE+TRADING+NINH+BINH+Vietnam,4.4,,
ACE MART,"B3 Nguyen Thi Thap, Trung Hoa Nhan Chinh, Thanh Xuan, Hanoi.",HA NOI,,"유통, 도소매, 무역",https://www.google.com/maps/search/ACE+MART+HA+NOI+Vietnam,4.3,,
ACE VIET NAM EDU,"54 ngõ 1 Đồng Me, Phường Mễ Trì",HA NOI,+84343002400,"교육, 매체, 인쇄, 광고",https://www.google.com/maps/search/ACE+VIET+NAM+EDU+HA+NOI+Vietnam,4.1,,
"ACRO VINA Co.,Ltd","Lot B10, Ba Thien II I.P, Thien Ke, Binh Xuyen, VINH PHUC",VINH PHUC,+842113866700,제조업,"https://www.google.com/maps/search/ACRO+VINA+Co.,Ltd+VINH+PHUC+Vietnam",4.5,,
"ACS LOGISTICS VINA Co.,Ltd","6TH FLOOR, TTC TOWER, LOT 19 DUY TAN STREET, DICH VING HAU WARD, CAU GIAY, HA NOI",HA NOI,+842473082988,"물류, 운수, 여행업","https://www.google.com/maps/search/ACS+LOGISTICS+VINA+Co.,Ltd+HA+NOI+Vietnam",4.6,,
"AD ARCHITECTURE Co.,Ltd","B79, Han Thuyen Str, An Huy, Vu Ninh, Bac Ninh",BAC NINH,+842223813535,건설 및 건설자재,"https://www.google.com/maps/search/AD+ARCHITECTURE+Co.,Ltd+BAC+NINH+Vietnam",4.1,,
ADD CONSTRUCTION GROUP,"Dolphin Plaza 3f, 28 Tran Binh, My Dinh, Nam Tu Liem, Hanoi",HA NOI,+842437876232,건설 및 건설자재,https://www.google.com/maps/search/ADD+CONSTRUCTION+GROUP+HA+NOI+Vietnam,4.2,,
ADD Group JSC,"No 6 Nguyen Hoang, Tu Liem, Hanoi",HA NOI,+84936868700,건설 및 건설자재,https://www.google.com/maps/search/ADD+Group+JSC+HA+NOI+Vietnam,4.6,,
ADEN SERVICES VIETNAM,"Tầng 9, toà nhà Coalimex, số 33 phố Tràng Thi, phường Trần Hưng Đạo, quận Hoàn Kiếm, thành phố Hà Nội, Viêt Nam.",HA NOI,+842439344937,기타,https://www.google.com/maps/search/ADEN+SERVICES+VIETNAM+HA+NOI+Vietnam,4.2,,
"ADP GLOBAL EXPRESS CO.,LTD","B4-09, Vinhomes Gardenia, Ham Nghi, Cau Dien, Nam Tu Liem, Hanoi",HA NOI,+842422464828,"물류, 운수, 여행업","https://www.google.com/maps/search/ADP+GLOBAL+EXPRESS+CO.,LTD+HA+NOI+Vietnam",4.4,,
ADPIA. JSC,"30th, Floor, Handico Bldg, Pham Hung, Me Tri, Nam Tu Liem, Hanoi",HA NOI,+842422606074,"통신, IT, SW",https://www.google.com/maps/search/ADPIA.+JSC+HA+NOI+Vietnam,4.4,,
ADVANCED VISION AUTOMATIC,"2F No.68 X6 Resettlement Areas, Group 7, Thach Ban, Long Bien, Hanoi",HA NOI,+84969797068,"통신, IT, SW",https://www.google.com/maps/search/ADVANCED+VISION+AUTOMATIC+HA+NOI+Vietnam,5.0,,
AEGIS SYSTEM VIET NAM COMPANY LIMITED,"Room 731, 732, 733, 734, Thanh Dat Building 1, No. 3 Le Thanh Tong, May To, Ngo Quyen, Hai Phong",HAI PHONG,+842258831408,"환경, 설비, 기계",https://www.google.com/maps/search/AEGIS+SYSTEM+VIET+NAM+COMPANY+LIMITED+HAI+PHONG+Vietnam,4.5,,
Aekyung Special Paint Hanoi,"Yen Phong Industrial Park, Long Chau Commune, Yen Phong District, Bac Ninh Province",BAC NINH,+842223699205,제조업,https://www.google.com/maps/search/Aekyung+Special+Paint+Hanoi+BAC+NINH+Vietnam,4.1,,
AGILITY,"#8-2,Etown 1, 364 Cong Hoa st. Tan Binh. HO CHI MINH",HO CHI MINH,+842838132840,"물류, 운수, 여행업",https://www.google.com/maps/search/AGILITY+HO+CHI+MINH+Vietnam,3.9,,
"Ah Tae ENG Co.,Ltd",Xã Dân Tiến - Huyện Khoái Châu Tỉnh Hưng Yên - Việt Nam,HUNG YEN,+842213580128,제조업,"https://www.google.com/maps/search/Ah+Tae+ENG+Co.,Ltd+HUNG+YEN+Vietnam",4.3,,
AHN'S DELICE,"No 3, 23 Do Quang, 61 Tran Duy Hung, Cau Giay, Hanoi",HA NOI,+842435562624,제조업,https://www.google.com/maps/search/AHN'S+DELICE+HA+NOI+Vietnam,4.6,,
AIMMO Vietnam Company Limited,"13 fl, ADG Tower, 37 Lê Văn Thiêm, Nhân Chính, Thanh Xuân, Hà Nội",HA NOI,+84983459443,"통신, IT, SW",https://www.google.com/maps/search/AIMMO+Vietnam+Company+Limited+HA+NOI+Vietnam,4.0,,
"AIR QUAY VINA CO., LTD","2F, A Building, Golden Palace Tower, Me Tri Ward, Nam Tu Liem District, Hanoi, Vietnam",HA NOI,+842435727166,"통신, IT, SW","https://www.google.com/maps/search/AIR+QUAY+VINA+CO.,+LTD+HA+NOI+Vietnam",4.5,,
AISTV,"Phong 702, So 12 Tran Quoc Vuong, Cau Giay, Hanoi",HA NOI,+842432115132,"환경, 설비, 기계",https://www.google.com/maps/search/AISTV+HA+NOI+Vietnam,4.3,,
"AJ Co.,Ltd","4F, Thien Hien, Mydinh 1, Nam Tu Liem, Hanoi",HA NOI,+842466706600,건설 및 건설자재,"https://www.google.com/maps/search/AJ+Co.,Ltd+HA+NOI+Vietnam",,,
AJ NETWORKS VIETNAM,"2309-1, Keangnam Hanoi Landmark Tower, Cau Giay, Me Tri, Nam Tu Liem, Hanoi",HA NOI,+842437450066,"유통, 도소매, 무역",https://www.google.com/maps/search/AJ+NETWORKS+VIETNAM+HA+NOI+Vietnam,4.5,,
"AJ RENTAL CO.,LTD","14F, Lot, A10, Nam Trung Yen, Yen Hoa, Cau Giay, Hanoi BRANCH: Tang 3, 92F Duong Nguyen Huu Canh, Phuong 22, Quan Binh Thanh, HO CHI MINH",HO CHI MINH,+842433843246,"유통, 도소매, 무역","https://www.google.com/maps/search/AJ+RENTAL+CO.,LTD+HO+CHI+MINH+Vietnam",4.4,,
AJ Total VN Phonoi Branch,"Phòng 2309-1, Tầng 23, Keangnam Hanoi Landmark Tower, Khu đô thị mới Cầu Giấy, Phường Mễ Trì, Quận Nam Từ Liêm, Thành phố Hà Nội, Việt Nam",HA NOI,+84386058960,"물류, 운수, 여행업",https://www.google.com/maps/search/AJ+Total+VN+Phonoi+Branch+HA+NOI+Vietnam,4.2,,
AJU VINA,"Lot CN4, Diem Thuy I.P, Diem Thuy, Phu Binh, Thai Nguyen",THAI NGUYEN,,부동산개발.임대,https://www.google.com/maps/search/AJU+VINA+THAI+NGUYEN+Vietnam,4.1,,
AK CHEMTECH HA NOI,"Yen Phong I.Z, Long Chau, Yen Phong, Bac Ninh",BAC NINH,+842223699205,제조업,https://www.google.com/maps/search/AK+CHEMTECH+HA+NOI+BAC+NINH+Vietnam,4.4,,
AK Interiors,"HO CHI MINH Head Office - a: 65 Street No.7, An Phu Ward, Thu Duc City, HO CHI MINH     t: +84 28 2237 7097         Ha Noi Branch Office a: 12th Fl, Daeha Business Center, 360 Kim Ma Street, Ba Dinh Dist, Ha Noi t : +84 24 2264 2626 BRANCH: HA NOI",HA NOI,+842423000000,건설 및 건설자재,https://www.google.com/maps/search/AK+Interiors+HA+NOI+Vietnam,4.4,,
"AKC VINA Co.,Ltd","No.275, Le Thanh Tong, Vo Cuong, Bac Ninh",BAC NINH,+842223858566,"환경, 설비, 기계","https://www.google.com/maps/search/AKC+VINA+Co.,Ltd+BAC+NINH+Vietnam",,,
AKTS TECH COMPANY LIMITED,"No. 26, Huyen Quang 2 Street, Vo Cuong, Bac Ninh",BAC NINH,+84976985448,"유통, 도소매, 무역",https://www.google.com/maps/search/AKTS+TECH+COMPANY+LIMITED+BAC+NINH+Vietnam,4.6,,
ALADDIN VINA,"No.128 Vo Chi Cong, Xuan La, Tay Ho, Hanoi",HA NOI,+842432121635,"유통, 도소매, 무역",https://www.google.com/maps/search/ALADDIN+VINA+HA+NOI+Vietnam,4.1,,
"ALBATROSS CONSULTANCY SERVICES ONE MEMBER CO.,LTD","5F, Ligthouse, 1254 Xo Viet Nghe Tinh, Hai Chau, Da Nang",DA NANG,+842363626888,법무.회계.투자자문,"https://www.google.com/maps/search/ALBATROSS+CONSULTANCY+SERVICES+ONE+MEMBER+CO.,LTD+DA+NANG+Vietnam",3.9,,
Alim global,"162 TT3, My Dinh-Me Tri new urban, My Dinh 1 ward, Nam Tu Liem dist BRANCH: Lot CN5 Hoang Xa industrial cluter, Dong Trung commune, Thanh Thuy distr",HA NOI,+84384388530,"섬유, 의류, 봉제 제조",https://www.google.com/maps/search/Alim+global+HA+NOI+Vietnam,4.8,,
Alliex Vietnam JSC,"Phòng 4301-08, tầng 43, Keangnam Hanoi Landmark Tower, đường Phạm Hùng, Phường Mễ Trì, Quận Nam Từ Liêm, Thành phố Hà Nội, Việt Nam",HA NOI,+842471099980,"금융, 보험",https://www.google.com/maps/search/Alliex+Vietnam+JSC+HA+NOI+Vietnam,4.0,,
ALMUS TECH,"Lô G3, Khu công nghiệp Quế Võ (khu vực mở rộng), Phường Nam Sơn, Tỉnh Bắc Ninh, Việt Nam",BAC NINH,+84329065189,"전자, 전기 제조업",https://www.google.com/maps/search/ALMUS+TECH+BAC+NINH+Vietnam,4.1,,
ALMUS VINA,"Lô CN 07A, Khu công nghiệp Phú Hà, xã Hà Thạch , Thị xã Phú Thọ, Tỉnh Phú Thọ",PHU THO,+84329065189,"전자, 전기 제조업",https://www.google.com/maps/search/ALMUS+VINA+PHU+THO+Vietnam,4.3,,
Alpha Green Tech Vina,"CN-05 Hoa Phu industrial Zone, Chau Minh Hiep Hoa district, Bac Giang province.",BAC GIANG,+84369807883,제조업,https://www.google.com/maps/search/Alpha+Green+Tech+Vina+BAC+GIANG+Vietnam,4.5,,
ALPHA TO OMEGA LOGISTICS,"2nd Floor, HL Tower, Lot A2B Duy Tan, Dich Vong Hau, Cau Giay, Hanoi",HA NOI,+842437737881,"물류, 운수, 여행업",https://www.google.com/maps/search/ALPHA+TO+OMEGA+LOGISTICS+HA+NOI+Vietnam,4.3,,
ALPS ALPINE Vietnam,"4th floor, office building, 165 P. Thái Hà, Láng Hạ, Đống Đa, Hà Nội, Vietnam",HA NOI,+842432171486,"전자, 전기 제조업",https://www.google.com/maps/search/ALPS+ALPINE+Vietnam+HA+NOI+Vietnam,4.3,,
"ALTIMEDIA VIETNAM CO., LTD","23rd floor, Handico Tower, Me Tri Ha New Urban Area, Pham Hung, Me Tri Ward, Nam Tu Liem District, Hanoi, Vietnam",HA NOI,+842432565171,"통신, IT, SW","https://www.google.com/maps/search/ALTIMEDIA+VIETNAM+CO.,+LTD+HA+NOI+Vietnam",4.1,,
ALUKO HYUNDAI ALUMINUM VINA,"B2 Road, B Section, Pho Noi A Industrial Park, Lac Hong Commune, Van Lam District, Hung Yen Province, Vietnam BRANCH: LOT CN6, 1,3, DIEM THUY INDUSTRIAL ZONE, HONG TIEN COMMUNE, PHO YEN DISTRICT, THAI NGUYEN PROVINCE, VIET NAM",HUNG YEN,+842213967770,제조업,https://www.google.com/maps/search/ALUKO+HYUNDAI+ALUMINUM+VINA+HUNG+YEN+Vietnam,4.4,,
ALUMINUM HAN VIET,"Lot CN7, Diem Thuy I.P, Hong Tien, Pho Yen, Thai Nguyen",THAI NGUYEN,,제조업,https://www.google.com/maps/search/ALUMINUM+HAN+VIET+THAI+NGUYEN+Vietnam,3.8,,
"AM TELECOM Co.,Ltd","Cong Ty TNHH Younyi Electronic Vina, Tien Phong, Yen Dung, Bac Giang",BAC GIANG,+84972884298,"통신, IT, SW","https://www.google.com/maps/search/AM+TELECOM+Co.,Ltd+BAC+GIANG+Vietnam",,,
AMATA CITY HALONG JSC,"Song Khoai I.P, Song Khoai, Quang Yen, Quang Ninh",QUANG NINH,+842033567007,부동산개발.임대,https://www.google.com/maps/search/AMATA+CITY+HALONG+JSC+QUANG+NINH+Vietnam,,,
Amazon Corporate Services Vietnam Company Limited,"28A Tran Hung Dao, Phan Chu Trinh Ward, Hoan Kiem district, Hanoi, Vietnam",HA NOI,,"유통, 도소매, 무역",https://www.google.com/maps/search/Amazon+Corporate+Services+Vietnam+Company+Limited+HA+NOI+Vietnam,,,
AMI VINA,"P.1914-3, Tang 19 Keangnam Hanoi Landmark Tower, Khu E6, Cau Giay, Me Tri, Nam Tu Liem, Hanoi",HA NOI,+842462823023,"유통, 도소매, 무역",https://www.google.com/maps/search/AMI+VINA+HA+NOI+Vietnam,4.4,,
AMO VINA,"Lot CN 13, Khai Quang Industrial, Khai Quang Ward, Vinh Yen City, VINH PHUC",VINH PHUC,+842082490177,"전자, 전기 제조업",https://www.google.com/maps/search/AMO+VINA+VINH+PHUC+Vietnam,4.1,,
An duong Group,"No.48 Yen Thuong Street, Yen Thuong Commune Gia Lam District, Ha Noi City",HA NOI,+84815113333,"교육, 매체, 인쇄, 광고",https://www.google.com/maps/search/An+duong+Group+HA+NOI+Vietnam,4.6,,
AN PHAT HOLDINGS JSC,"Floor 17, PV Oil Tower, 148 Hoang Quoc Viet, Nghia",HA NOI,+842432061199,제조업,https://www.google.com/maps/search/AN+PHAT+HOLDINGS+JSC+HA+NOI+Vietnam,4.5,,
"AN RAINBOW DANANG CO.,LTD","06 Nguyen Xuan Khoat, An Hai Bac, Son Tra, Da Nang",DA NANG,,"병원, 의약, 위생, 의료","https://www.google.com/maps/search/AN+RAINBOW+DANANG+CO.,LTD+DA+NANG+Vietnam",3.9,,
AN STUDIO,"Tang 3, Showroom Everon 168 Ton That Thuyet, Dich Vong Hau, Cau Giay, Hanoi",HA NOI,,기타,https://www.google.com/maps/search/AN+STUDIO+HA+NOI+Vietnam,4.3,,
"ANAM ELECTRONICS VIETNAM CO.,LTD","Add 1: Dong Van II Industrial zone, Duy Tien district, Ha Nam Add 2: 15th Fl., Intracom 2 Phuc Dien, Bac Tu Liem, Hanoi",HA NAM,+842263582255,"전자, 전기 제조업","https://www.google.com/maps/search/ANAM+ELECTRONICS+VIETNAM+CO.,LTD+HA+NAM+Vietnam",4.9,,
ANC INTERNATIONAL,"Floor 3, SIMCO Bld, Pham Hung, My Dinh 1, Nam Tu Liem, Hanoi",HA NOI,+842437932327,"물류, 운수, 여행업",https://www.google.com/maps/search/ANC+INTERNATIONAL+HA+NOI+Vietnam,,,
ANGEL VIETNAM JSC,"No.107, Nguy Nhu Kon Tum, Nhan Chinh Thanh Xuan, Hanoi",HA NOI,+842835127317,"유통, 도소매, 무역",https://www.google.com/maps/search/ANGEL+VIETNAM+JSC+HA+NOI+Vietnam,4.6,,
"ANH CONSULTING AND AUDITING CO.,LTD","Sacombank BD, A1-2 Le Duc Tho, My Dinh, Nam Tu Liem, Hanoi BRANCH: 34A, May To, Ngo Quyen, Hai Phong",HA NOI,+842435568636,법무.회계.투자자문,"https://www.google.com/maps/search/ANH+CONSULTING+AND+AUDITING+CO.,LTD+HA+NOI+Vietnam",4.1,,
"Anh Vu Garment Im-Export Co., Ltd","Ban Yen Nhan Ward, My Hao Town, Hung Yen",HUNG YEN,,"섬유, 의류, 봉제 제조","https://www.google.com/maps/search/Anh+Vu+Garment+Im-Export+Co.,+Ltd+HUNG+YEN+Vietnam",4.1,,
ANI VINA,"Lô CN08-1, Khu Công Nghiệp Yên Phong (Khu mở rộng), Xã Yên Trung, Huyện Yên Phong, Tỉnh Bắc Ninh, Việt Nam",BAC NINH,+842223896029,"환경, 설비, 기계",https://www.google.com/maps/search/ANI+VINA+BAC+NINH+Vietnam,4.7,,
"ANYCOMTECH Co.,Ltd","Villa 02-02 KDT Roman Plaza, To Huu, Dai Mo, Nam Tu Liem, Hanoi",HA NOI,+842466603638,"유통, 도소매, 무역","https://www.google.com/maps/search/ANYCOMTECH+Co.,Ltd+HA+NOI+Vietnam",4.6,,
ANYONE VINA,"Lot M, M1, Que Vo I.P (Expanded area), Nam Son, Bac Ninh",BAC NINH,+842226259898,제조업,https://www.google.com/maps/search/ANYONE+VINA+BAC+NINH+Vietnam,,,
"AO DAI TOUR CO.,LTD","323 IPH Building, 241 Xuan Thuy, Cau Giay, Hanoi",HA NOI,+842462698469,"물류, 운수, 여행업","https://www.google.com/maps/search/AO+DAI+TOUR+CO.,LTD+HA+NOI+Vietnam",4.6,,
"AON VINA LTD. (f.k.a. Keangnam-Vina, LTD.)","Keangnam Hanoi Landmark tower, Plot E6, Pham Hung road, Cau Giay new urban, Nam Tu Liem district, Hanoi",HA NOI,+84437723801,부동산개발.임대,"https://www.google.com/maps/search/AON+VINA+LTD.+(f.k.a.+Keangnam-Vina,+LTD.)+HA+NOI+Vietnam",4.6,,
"AONE ALFORM Co.,Ltd","46 daejesandan 3-gil, Goesan-eup, Goesan-gun, Chungcheongbuk-do, Korea",KOREA,+82437607800,건설 및 건설자재,"https://www.google.com/maps/search/AONE+ALFORM+Co.,Ltd+KOREA+Vietnam",4.3,,
AP SYSTEMS VIET NAM,"Private house Nguyen Vinh Than, Binh Than Street, Vo Cuong Ward, Bac Ninh City, Bac Ninh",BAC NINH,,"환경, 설비, 기계",https://www.google.com/maps/search/AP+SYSTEMS+VIET+NAM+BAC+NINH+Vietnam,4.1,,
"APOLLO TECH VINA CO.,LTD","Road YP 2-2, Yen Phong I.P, Dong Phong, Yen Phong, Bac Ninh",BAC NINH,+842223884886,"전자, 전기 제조업","https://www.google.com/maps/search/APOLLO+TECH+VINA+CO.,LTD+BAC+NINH+Vietnam",4.2,,
"APPARELTECH VINH LOC CO., LTD","Vinh Long Town, Vinh Loc District, Thanh Hoa Province",THANH HOA,+84373929222,"섬유, 의류, 봉제 제조","https://www.google.com/maps/search/APPARELTECH+VINH+LOC+CO.,+LTD+THANH+HOA+Vietnam",4.5,,
"AQ PACIFIC CO.,LTD","H1-01, Que Vo I.Z, (expanded area), Nam Son, Bac Ninh",BAC NINH,+842223952668,"전자, 전기 제조업","https://www.google.com/maps/search/AQ+PACIFIC+CO.,LTD+BAC+NINH+Vietnam",4.3,,
ARA FLOWER AND GIFT,"No. 51 Do Dinh Thien, TT4 Song Da - My Dinh, Tu Liem, Hanoi",HA NOI,+842432029011,"유통, 도소매, 무역",https://www.google.com/maps/search/ARA+FLOWER+AND+GIFT+HA+NOI+Vietnam,4.8,,
ARIRANG,"117 Tran Duy Hung, Trung Hoa, Cau Giay, Hanoi",HA NOI,+849764162580,"숙박, 요식, 급식",https://www.google.com/maps/search/ARIRANG+HA+NOI+Vietnam,3.9,,
"ARIRANG C&S Co.,Ltd","Quang Minh Iz, Me Linh, Hanoi",HA NOI,+842435250807,건설 및 건설자재,"https://www.google.com/maps/search/ARIRANG+C&S+Co.,Ltd+HA+NOI+Vietnam",,,
ARIRANG VINA COMPANY LIMITED,"1st Floor, Zone 4A, Ha Long Marine Plaza Complex, Hung Thang, Hung Thang, Ha Long, Quang Ninh",QUANG NINH,+84363886195,"유통, 도소매, 무역",https://www.google.com/maps/search/ARIRANG+VINA+COMPANY+LIMITED+QUANG+NINH+Vietnam,4.4,,
ARP VINA COMPANY LIMITED,"Tan, Cau Giay, Hano",PHU THO,+84988524576,제조업,https://www.google.com/maps/search/ARP+VINA+COMPANY+LIMITED+PHU+THO+Vietnam,4.8,,
"ARS CO.,LTD(KERN)","Que Vo Industrial Park ( Expanded Area), Phuong Lieu Commune, Que Vo District, Bac Ninh Province.",BAC NINH,+842223952562,제조업,"https://www.google.com/maps/search/ARS+CO.,LTD(KERN)+BAC+NINH+Vietnam",3.9,,
"AS C&T Co.,Ltd","Lot 189, Ta Quang Buu, Kinh Bac, Bac Ninh",BAC NINH,+84979560592,건설 및 건설자재,"https://www.google.com/maps/search/AS+C&T+Co.,Ltd+BAC+NINH+Vietnam",4.1,,
"AsahiKasei Advance Vietnam Co., ltd","Room 308, DMC Building, 535 Kim Ma Street, Ngoc Khanh Ward, Ba Dinh District, Hanoi, Vietnam.",HAI PHONG,+84902020348,제조업,"https://www.google.com/maps/search/AsahiKasei+Advance+Vietnam+Co.,+ltd+HAI+PHONG+Vietnam",4.4,,
ASCOTT VIETNAM,"49 Hai ba trung, hanoi tower, Hanoi",HA NOI,+842439342342,"숙박, 요식, 급식",https://www.google.com/maps/search/ASCOTT+VIETNAM+HA+NOI+Vietnam,4.4,,
ASEA DAERYUN VINA,"Lot CN8-4-2, Diem Thuy Iz., Phu Binh, Thai Nguyen",THAI NGUYEN,+842083931612,"전자, 전기 제조업",https://www.google.com/maps/search/ASEA+DAERYUN+VINA+THAI+NGUYEN+Vietnam,4.4,,
ASEAN LAW FIRM LLC,"Suite 905A, 9F, Daeha Business Center, 360 Kim Ma, Ba Dinh, Hanoi",HA NOI,+842473016900,법무.회계.투자자문,https://www.google.com/maps/search/ASEAN+LAW+FIRM+LLC+HA+NOI+Vietnam,4.1,,
ASENTEC VIETNAM Company Limited,"LOT CN09-03 & CN09-04, Phu Ha Industrial Zone, Ha Thach Commune, Phu Tho Town, Phu Tho Province, VIET NAM",PHU THO,+842103822388,"전자, 전기 제조업",https://www.google.com/maps/search/ASENTEC+VIETNAM+Company+Limited+PHU+THO+Vietnam,4.3,,
"Asetek Vina.Co,Ltd","A3 plot Dinh Tram industrial, Hoang Ninh Commune, Viet Yen district, Bac Giang",BAC GIANG,+842043574886,제조업,"https://www.google.com/maps/search/Asetek+Vina.Co,Ltd+BAC+GIANG+Vietnam",4.3,,
ASGU,"3th Floor, Room 313, ALS Cargo Terminal, Noi Bai International Airport",HA NOI,+842433888855,"물류, 운수, 여행업",https://www.google.com/maps/search/ASGU+HA+NOI+Vietnam,,,
ASIA ADVENTURE,"Phong 509 Toa nha quoc te 17 Ngo Quyen, Hoan Kiem, Hanoi",HA NOI,,"물류, 운수, 여행업",https://www.google.com/maps/search/ASIA+ADVENTURE+HA+NOI+Vietnam,4.4,,
"ASIA BOLT VINA Co.,Ltd","FJ20, FJ21 Song Khe, Noi Hoang I.Z, Tien Phong, Yen Dung, Bac Giang",BAC GIANG,+842043661564,제조업,"https://www.google.com/maps/search/ASIA+BOLT+VINA+Co.,Ltd+BAC+GIANG+Vietnam",,,
ASIA GROUP CO.LTD,"Villa E06, The Manor, KĐT Mỹ Đình-Mễ Trì, Phường Mỹ Đình 1, Quận Nam Từ Liêm, Hà Nội",HA NOI,+8419001974,"물류, 운수, 여행업",https://www.google.com/maps/search/ASIA+GROUP+CO.LTD+HA+NOI+Vietnam,4.2,,
"ASIA LCD SERVICE CO.,LTD","Xuong so 03, Lo A3, Khu cong nghiep Dinh Tram, thi tran Nenh, Viet Yen, Bac Giang",BAC GIANG,+842043858838,"전자, 전기 제조업","https://www.google.com/maps/search/ASIA+LCD+SERVICE+CO.,LTD+BAC+GIANG+Vietnam",4.6,,
ASIANA AIRLINES,"109, Daeha Business center, 360 Kim Ma, Ba Dinh, Hanoi",HA NOI,+842437228000,"물류, 운수, 여행업",https://www.google.com/maps/search/ASIANA+AIRLINES+HA+NOI+Vietnam,4.3,,
ASIARCH ARCHITECTURE & CM,"2F Block A, Phuong Dong Golf Building, Tan My, Cau Dien, Nam Tu Liem, Hanoi",HA NOI,+842434621342,건설 및 건설자재,https://www.google.com/maps/search/ASIARCH+ARCHITECTURE+&+CM+HA+NOI+Vietnam,4.4,,
ASIA-SEED VIETNAM OFFICE,"Hoang Quoc Viet, Bai Chay, Quang Ninh",QUANG NINH,,"유통, 도소매, 무역",https://www.google.com/maps/search/ASIA-SEED+VIETNAM+OFFICE+QUANG+NINH+Vietnam,4.5,,
ASM INTERNATIONAL,"F4, 319 Tower, 63 Le Van Luong, Trung Hoa, Cau Giay, Hanoi",HA NOI,+842439992220,법무.회계.투자자문,https://www.google.com/maps/search/ASM+INTERNATIONAL+HA+NOI+Vietnam,4.5,,
ASONG INVEST,"15F TOWER 2, CAPITAL PLACE, 29 LIEU GIAI STREET",HA NOI,+84967939976,"금융, 보험",https://www.google.com/maps/search/ASONG+INVEST+HA+NOI+Vietnam,4.6,,
"ASTRONET CO.,LTD","Alley 47, lane 108, Tran Phu, Mo Lao, Ha Dong, Hanoi",HA NOI,+842435406295,"전자, 전기 제조업","https://www.google.com/maps/search/ASTRONET+CO.,LTD+HA+NOI+Vietnam",4.2,,
A-SUNG INTERNATIONAL VINA,"06th Floor, 3D Building, No 3 Duy Tan, Dich Vong Hau, Cau Giay, Hanoi",HA NOI,+842432061888,"유통, 도소매, 무역",https://www.google.com/maps/search/A-SUNG+INTERNATIONAL+VINA+HA+NOI+Vietnam,4.1,,
"AT, Korea Agro-Fisheries & Food Trade Corporation","#1213, 12th Floor, Keangnam Hanoi Landmark 72 Tower, Plot E6, Pham Hung Str., Nam Tu Liem Dist., Hanoi",HA NOI,+842462822987,"대표사무소, 지사","https://www.google.com/maps/search/AT,+Korea+Agro-Fisheries+&+Food+Trade+Corporation+HA+NOI+Vietnam",4.4,,
"ATARIH PRECISION Co.,Ltd","Lot D2, Phuc Dien I.Z, Cam Phuc, Cam Giang, Hai Duong",HAI DUONG,+842203545996,제조업,"https://www.google.com/maps/search/ATARIH+PRECISION+Co.,Ltd+HAI+DUONG+Vietnam",4.6,,
ATEC SYSTEM VIET NAM COMPANY LIMITED,"5th floor, Lot CC3-1, KCN Trang Due, Dinh Vu - Cat Hai Economic Zone, Hong Phong , An Duong, Hai Phong",HAI PHONG,+842252400701,"환경, 설비, 기계",https://www.google.com/maps/search/ATEC+SYSTEM+VIET+NAM+COMPANY+LIMITED+HAI+PHONG+Vietnam,4.6,,
ATECH JSC,"Road TS9, Tien Son Industrial Zone, Tu Son City, Bac Ninh",BAC NINH,+842223734946,"전자, 전기 제조업",https://www.google.com/maps/search/ATECH+JSC+BAC+NINH+Vietnam,,,
"ATEX GD VIETNAM CO.,LTD","Thon Thuy Trang, Trung Hung, Yen My, Hung Yen",HUNG YEN,+842213580317,"전자, 전기 제조업","https://www.google.com/maps/search/ATEX+GD+VIETNAM+CO.,LTD+HUNG+YEN+Vietnam",4.4,,
ATT VIETNAM LOGISTICS,"12ndFloor, Tung Shing Square Tower, No.02, Ngo Quyen Street, Ly Thai To Ward, Hoan Kiem Dist, Ha Noi City,",HA NOI,+842432181166,"물류, 운수, 여행업",https://www.google.com/maps/search/ATT+VIETNAM+LOGISTICS+HA+NOI+Vietnam,4.3,,
ATUM VINA,"Tan Van 3, Tan Dinh, Lang Giang, Bac Gian",BAC GIANG,+842043661199,제조업,https://www.google.com/maps/search/ATUM+VINA+BAC+GIANG+Vietnam,4.0,,
AUTODI VINA COMPANY LIMITED,"Lot CN-05/3-4, South Zone A KCN Bim Son, Bac Son, Bim Son, Thanh Hoa",THANH HOA,+84237771688,제조업,https://www.google.com/maps/search/AUTODI+VINA+COMPANY+LIMITED+THANH+HOA+Vietnam,4.6,,
Autonics VNM,"Lot CN-03, KCN Dong Van IV, Dai Cuong, Kim Bang,Ha Nam",HA NAM,+842263966516,"전자, 전기 제조업",https://www.google.com/maps/search/Autonics+VNM+HA+NAM+Vietnam,4.3,,
"AZLAW CONSULTING CO.,LTD","K28 Lane 68, Trung Kinh, Yen Hoa, Cau Giay, Hanoi",HA NOI,+84987553289,법무.회계.투자자문,"https://www.google.com/maps/search/AZLAW+CONSULTING+CO.,LTD+HA+NOI+Vietnam",4.6,,
B&H VINA,"Village 10, Khanh An, Yen Khanh, Ninh Binh",PHU THO,+84355245253,"섬유, 의류, 봉제 제조",https://www.google.com/maps/search/B&H+VINA+PHU+THO+Vietnam,4.1,,
B&M INDUSTRY,"R.4405, C5, D’capitale, Tran Duy Hung, Cau Giay, Hanoi",HA NOI,,"유통, 도소매, 무역",https://www.google.com/maps/search/B&M+INDUSTRY+HA+NOI+Vietnam,4.3,,
B.S.C VINA COMPANY LIMITED.,"KCN Khac Niem, Khac Niem, Bac Ninh",BAC NINH,+842413908818,제조업,https://www.google.com/maps/search/B.S.C+VINA+COMPANY+LIMITED.+BAC+NINH+Vietnam,4.3,,
BA SOFTTECH,"12A, Area A, Land Port A10, Nam Trung Yen, Cau Giay, Hanoi",HA NOI,+842432181149,"통신, IT, SW",https://www.google.com/maps/search/BA+SOFTTECH+HA+NOI+Vietnam,4.7,,
BachLien Joint stock company (VietMRO),"No 10 Chuong Duong Do Street, Hoan Kiem District, Ha Noi City",HA NOI,+842439327905,"유통, 도소매, 무역",https://www.google.com/maps/search/BachLien+Joint+stock+company+(VietMRO)+HA+NOI+Vietnam,4.8,,
"Bae, Kim & Lee Vietnam Limited Liability Law Company","West Tower 2601, Lotte Center Hanoi, 54 Lieu Giai str, Ba Dinh district, Hanoi BRANCH: Unit 3, 37 F, Bitexco Financial Tower, 2 Hai Trieu, District 1, Ho Chi Minh City, Vietnam",HA NOI,+842432321233,법무.회계.투자자문,"https://www.google.com/maps/search/Bae,+Kim+&+Lee+Vietnam+Limited+Liability+Law+Company+HA+NOI+Vietnam",3.8,,
BAEK IL VINA COMPANY LIMITED,"Lot No. 7, KCN Phu Gia, Phu Nham, Phu Ninh, Phu Tho",PHU THO,+842102200001,제조업,https://www.google.com/maps/search/BAEK+IL+VINA+COMPANY+LIMITED+PHU+THO+Vietnam,4.3,,
Baekje Galbi,"Lô C6, C7, C16, C17 tại Five Stars Mỹ Đình, Khu đô thị Mỹ Đình 1, Nam Từ Liêm, Hà Nội",HA NOI,+84344744148,"숙박, 요식, 급식",https://www.google.com/maps/search/Baekje+Galbi+HA+NOI+Vietnam,4.6,,
BALLOONSTIX KOREA VIETNAM REPRESENTATIVE OFFICE,"#302, 22 Nguyen Khang, Yen Hoa, Cau Giay, Hanoi",HA NOI,,"유통, 도소매, 무역",https://www.google.com/maps/search/BALLOONSTIX+KOREA+VIETNAM+REPRESENTATIVE+OFFICE+HA+NOI+Vietnam,4.5,,
"Bando Vina Co., Ltd.","Lot B8, Thuy Van I.Z, Viet Tri City, Phu Tho",PHU THO,+842103920081,"전자, 전기 제조업","https://www.google.com/maps/search/Bando+Vina+Co.,+Ltd.+PHU+THO+Vietnam",4.6,,
BANG JOO ELECTRONICS VIET NAM JSC,"Ba Thien Industrial Park, Ba Hien Town, Binh Xuyen, VINH PHUC",VINH PHUC,+842113888348,"전자, 전기 제조업",https://www.google.com/maps/search/BANG+JOO+ELECTRONICS+VIET+NAM+JSC+VINH+PHUC+Vietnam,4.7,,
BANGSUN VIETNAM,"CN 14, Khai Quang Iz, Vinh Yen, VINH PHUC",VINH PHUC,+842113844020,"섬유, 의류, 봉제 제조",https://www.google.com/maps/search/BANGSUN+VIETNAM+VINH+PHUC+Vietnam,4.5,,
BANH BANH CAFE,"TT1 - 02, My Dinh - Me Tri, My Dinh 1, Nam Tu Liem, Hanoi",HA NOI,+84964449794,"숙박, 요식, 급식",https://www.google.com/maps/search/BANH+BANH+CAFE+HA+NOI+Vietnam,4.5,,
BAO NGOC AKITO INVESTMENT PRODUCTION Corp,"A Long Bld, Lot A2 CN8 CCN Tu Liem, Phuong Canh, Nam Tu Liem, Hanoi",HA NOI,+842437805022,제조업,https://www.google.com/maps/search/BAO+NGOC+AKITO+INVESTMENT+PRODUCTION+Corp+HA+NOI+Vietnam,4.6,,
"BAO SOLUTION Co.,Ltd","105 Hoa Binh, Nhi Chau, Hai Duong",HAI DUONG,+842203859118,제조업,"https://www.google.com/maps/search/BAO+SOLUTION+Co.,Ltd+HAI+DUONG+Vietnam",4.4,,
BAO SON HOSPITAL,"52 Nguyen Chi Thanh, Dong Da, Hanoi",HA NOI,+842437757099,"병원, 의약, 위생, 의료",https://www.google.com/maps/search/BAO+SON+HOSPITAL+HA+NOI+Vietnam,4.4,,
BAROM AIR CARGO,"Floor 1, Packexim 1 Building, No. 49, Alley 15, An Duong Vuong, Phu Thuong, Tay Ho, Hanoi",HA NOI,+842437824814,"물류, 운수, 여행업",https://www.google.com/maps/search/BAROM+AIR+CARGO+HA+NOI+Vietnam,4.8,,
BAROQUE VINA,"10 Floor, Ha Thang Tower, Lot A2A, TTCN and CNN IP, Dich Vong Hau, Cau Giay, Hanoi",HA NOI,+842435430525,건설 및 건설자재,https://www.google.com/maps/search/BAROQUE+VINA+HA+NOI+Vietnam,4.9,,
BAT Vietnam International Group Joint Stock Company,"Tầng 2, Tòa HH02, Eco Lakeview, 32 Đại Từ, P. Đại Kim, Q. Hoàng Mai, Hà Nội",HA NOI,+842485896999,부동산개발.임대,https://www.google.com/maps/search/BAT+Vietnam+International+Group+Joint+Stock+Company+HA+NOI+Vietnam,4.3,,
BBQ,,PHU THO,,"숙박, 요식, 급식",https://www.google.com/maps/search/BBQ+PHU+THO+Vietnam,4.9,,
BBQ VIETNAM,"10th floor, Ladeco building, 266 Doi Can, Lieu Giai, Ba Dinh, Hanoi",HA NOI,+842437875555,"숙박, 요식, 급식",https://www.google.com/maps/search/BBQ+VIETNAM+HA+NOI+Vietnam,4.4,,
BC SYSTEM,"Dong Tho I.P, Dong Tho, Yen Phong, Bac Ninh",BAC NINH,+842223883695,제조업,https://www.google.com/maps/search/BC+SYSTEM+BAC+NINH+Vietnam,,,
"BCT VINA Co.,Ltd","2501-07, 25th FL, Keangnam Hanoi Landmark Tower, Plot E6, Cau Giay, Me Tri, Tu Liem, Hanoi",HA NOI,+842462823045,"환경, 설비, 기계","https://www.google.com/maps/search/BCT+VINA+Co.,Ltd+HA+NOI+Vietnam",4.4,,
"BDO AUDIT SERVICES CO.,LTD","Floor 20 ICON 4 Bld, 243A De La Thanh, Dong Da, Hanoi",HA NOI,+842437833911,법무.회계.투자자문,"https://www.google.com/maps/search/BDO+AUDIT+SERVICES+CO.,LTD+HA+NOI+Vietnam",4.7,,
BELCAT VINA JSC,"Thon Phuc Thuong, Song Mai, Bac Giang",BAC GIANG,+84967002960,"전자, 전기 제조업",https://www.google.com/maps/search/BELCAT+VINA+JSC+BAC+GIANG+Vietnam,4.3,,
BELIEVE ZONE,"Phu Thai I.P, Kim Thanh, Hai Duong",HAI DUONG,+842203950014,제조업,https://www.google.com/maps/search/BELIEVE+ZONE+HAI+DUONG+Vietnam,4.4,,
"BENTEE CLOTHING,INC","The 5th Floor, B10 Area of Land Auction, Van Phuc, Ha Dong, Hanoi",HA NOI,+842433526443,"섬유, 의류, 봉제 제조","https://www.google.com/maps/search/BENTEE+CLOTHING,INC+HA+NOI+Vietnam",4.5,,
BEST BK(BBK),"D3 road, Lot D, Hoa Mac I.Z, Chau Giang, Duy Tien, Ha Nam",HA NAM,+842263552565,"전자, 전기 제조업",https://www.google.com/maps/search/BEST+BK(BBK)+HA+NAM+Vietnam,4.5,,
"BEST MANUFACTURING TECHNOLOGY CO.,LTD","Lot D8, Dinh Tram I.P, Viet Yen, Bac Giang",BAC GIANG,+842043661615,"전자, 전기 제조업","https://www.google.com/maps/search/BEST+MANUFACTURING+TECHNOLOGY+CO.,LTD+BAC+GIANG+Vietnam",4.3,,
BETECH E&C VINA COMPANY LIMITED,"No 15, Ly Than Tông, Vo Cuong, Bac Ninh",BAC NINH,+84975135058,건설 및 건설자재,https://www.google.com/maps/search/BETECH+E&C+VINA+COMPANY+LIMITED+BAC+NINH+Vietnam,4.2,,
BETHEL INTERNATIONAL COMPANY LIMITED,"KCN Hop Hai - Kinh Ke, Phung Nguyen, Lam Thao, Phu Tho",PHU THO,,"섬유, 의류, 봉제 제조",https://www.google.com/maps/search/BETHEL+INTERNATIONAL+COMPANY+LIMITED+PHU+THO+Vietnam,,,
BEXCO,부산광역시 해운대구 APCE로 55(우동),KOREA,+84517407483,"오락, 문화, 전시, 체육",https://www.google.com/maps/search/BEXCO+KOREA+Vietnam,,,
BGK GROUP,"Tang 5, so 148 Vu Pham Ham, Cau Giay, Hanoi",HA NOI,+842432007044,건설 및 건설자재,https://www.google.com/maps/search/BGK+GROUP+HA+NOI+Vietnam,4.0,,
"BH FLEX VINA Co.,Ltd","Khai Quang I.Z, Vinh Yen, VINH PHUC",VINH PHUC,+842113565600,제조업,"https://www.google.com/maps/search/BH+FLEX+VINA+Co.,Ltd+VINH+PHUC+Vietnam",4.5,,
BIDV,"BIDV Tower, 21F, 35 Hang Voi, Hoan Kiem, Ha Noi",HA NOI,+842422200588,"금융, 보험",https://www.google.com/maps/search/BIDV+HA+NOI+Vietnam,,,
BIDV HA NOI,"4B Le Thanh Tong, Phan Chu Trinh Ward, Hoan Kiem District, Ha Noi, Vietnam",HA NOI,+842439725577,"금융, 보험",https://www.google.com/maps/search/BIDV+HA+NOI+HA+NOI+Vietnam,4.0,,
BIG WAVE,"B4-18 Khu chức năng Thành phố Xanh Vinhomes Gardenia, P. Cầu Diễn, Q. Nam Từ Liêm, Hà Nội",HA NOI,+842463282891,법무.회계.투자자문,https://www.google.com/maps/search/BIG+WAVE+HA+NOI+Vietnam,4.5,,
BIM GROUP,"44 Yen Phu, Truc Bach, Hoan Kiem, Hanoi",HA NOI,+842473053555,부동산개발.임대,https://www.google.com/maps/search/BIM+GROUP+HA+NOI+Vietnam,4.6,,
Binh Minh Production Packaging & Trading Company Limited,"Ha Man Industrial zone, Tri Qua Ward, Thuan Thanh District, Bac Ninh Province",BAC NINH,+842223793686,제조업,https://www.google.com/maps/search/Binh+Minh+Production+Packaging+&+Trading+Company+Limited+BAC+NINH+Vietnam,3.9,,
"BION IMPORT-EXPORT ONE MEMBER CO.,LTD","No. 5 Da Man 14, Khue My, Ngu Hanh Son, Da Nang",DA NANG,+84916333608,"유통, 도소매, 무역","https://www.google.com/maps/search/BION+IMPORT-EXPORT+ONE+MEMBER+CO.,LTD+DA+NANG+Vietnam",4.5,,
"BIT E&M - HAI PHONG CO.,LTD","Xi nghiep Phu Tien, Cum 5, Dong Hoa, Kien An, Hai Phong",HAI PHONG,+842253544899,"유통, 도소매, 무역","https://www.google.com/maps/search/BIT+E&M+-+HAI+PHONG+CO.,LTD+HAI+PHONG+Vietnam",4.1,,
BIZENTRO COMPANY LIMITED,"Unit 12A, 8th floor, TNR Tower, 54A Nguyen Chi Thanh, Lang Thuong, Dong Da, Ha Noi",HA NOI,+842432010862,"통신, IT, SW",https://www.google.com/maps/search/BIZENTRO+COMPANY+LIMITED+HA+NOI+Vietnam,4.5,,
BIZLINK LAWYERS,"Unit 1502A, 15th Fl, Charm Vit Tower, 117 Tran Duy Hung, Cau Giay, Hanoi BRANCH: Unit 11.02, 11 Fl, Vietnam Business Center, 57-59 Ho Tung Mau, District No.1, HO CHI MINH",HA NOI,+842435148355,법무.회계.투자자문,https://www.google.com/maps/search/BIZLINK+LAWYERS+HA+NOI+Vietnam,3.9,,
BJ TECH VINA,"Lo D1-D2 (thue nha xuong cua Cong ty TNHH Xuan Thu), KCN Dinh Tram, Hoang Ninh, Viet Yen, Bac Giang",BAC GIANG,+84898285166,제조업,https://www.google.com/maps/search/BJ+TECH+VINA+BAC+GIANG+Vietnam,4.5,,
BJSTEEL VIETNAM,"Khu A, KCN Song Cong I.P, Mo Che, Song Cong, Thai Nguyen",THAI NGUYEN,+842083860600,건설 및 건설자재,https://www.google.com/maps/search/BJSTEEL+VIETNAM+THAI+NGUYEN+Vietnam,4.3,,
BKT Viet Nam,"26B floor, song Da Tower, pham Hung street, My Dinh 1 ward, Nam Tu Liem, Hanoi",HA NOI,+842432565185,"환경, 설비, 기계",https://www.google.com/maps/search/BKT+Viet+Nam+HA+NOI+Vietnam,4.5,,
"BKT VINA CO.,LTD","Plot 7, Khai Quang I.Z, Vinh Yen, VINH PHUC",VINH PHUC,+842113711071,제조업,"https://www.google.com/maps/search/BKT+VINA+CO.,LTD+VINH+PHUC+Vietnam",4.6,,
BLACKYAK,"6F, Star Tower, Duong Dinh Nghe, Cau Giay, Hanoi",HA NOI,+842466842513,"유통, 도소매, 무역",https://www.google.com/maps/search/BLACKYAK+HA+NOI+Vietnam,4.6,,
"BLISS TECH Co.,Ltd","662, CCN Khac Niem, Bac Ninh",BAC NINH,+842223896282,제조업,"https://www.google.com/maps/search/BLISS+TECH+Co.,Ltd+BAC+NINH+Vietnam",4.4,,
"BLUE TEC VINA CO.,LTD","C1, Lot 4, Phu Thai I.Z, Phu Thai, Kim Thanh, Hai Duong",HAI DUONG,+842203720091,제조업,"https://www.google.com/maps/search/BLUE+TEC+VINA+CO.,LTD+HAI+DUONG+Vietnam",,,
"BLUECOM VINA CO.,LTD","Lot C5-4, I.Z 1, Trang Due I.Z, An Duong, Dinh Vu Cat Hai, Hai Phong",HAI PHONG,+842258830681,"전자, 전기 제조업","https://www.google.com/maps/search/BLUECOM+VINA+CO.,LTD+HAI+PHONG+Vietnam",4.7,,
"BLUEMETALS CO.,LTD","11/254, Van Cao, Dang Giang, Ngo Quyen, Hai Phong",HAI PHONG,+842253528956,"유통, 도소매, 무역","https://www.google.com/maps/search/BLUEMETALS+CO.,LTD+HAI+PHONG+Vietnam",4.4,,
"BLUESPACE VIETNAM CO., LTD","Luu Phai, Ngu Hiep, Thanh Tri, Hanoi",HA NOI,+842462533689,건설 및 건설자재,"https://www.google.com/maps/search/BLUESPACE+VIETNAM+CO.,+LTD+HA+NOI+Vietnam",,,
BM VINA,"Pho Noi A industrial park Lac Hong commune, Van Lam District, Hung Yen Province",HUNG YEN,+842213967771,"환경, 설비, 기계",https://www.google.com/maps/search/BM+VINA+HUNG+YEN+Vietnam,4.4,,
BMK VINA COMPANY LIMITED,"Room 602, 6th floor, Honda Vinh Cat building, No 39 Ly Thai  To, Vo Cuong, Bac Ninh",BAC NINH,+84822401096,"환경, 설비, 기계",https://www.google.com/maps/search/BMK+VINA+COMPANY+LIMITED+BAC+NINH+Vietnam,4.3,,
"BMP TRADING CO., LTD","KCN Dong Van I, Dong Van, Duy Tien, Ha Nam",HA NAM,+84819738245,"전자, 전기 제조업","https://www.google.com/maps/search/BMP+TRADING+CO.,+LTD+HA+NAM+Vietnam",4.0,,
"BMS-THANH NAM Co.,Ltd","CCN Ngoc Liep, Ngoc Liep, Quoc Oai, Hanoi",HA NOI,+842433941289,건설 및 건설자재,"https://www.google.com/maps/search/BMS-THANH+NAM+Co.,Ltd+HA+NOI+Vietnam",3.9,,
BN KMH HITECH,"Lot (VI) VI-7.3- Que Vo II I.P, Ngoc Xa, Que Vo, Bac Ninh",BAC NINH,+842223903265,제조업,https://www.google.com/maps/search/BN+KMH+HITECH+BAC+NINH+Vietnam,4.6,,
BN TECH VINA,"Lo C2-1 Khe Cong Nghiep Ba Thien Ⅱ, Thien Ke Binh Xuyen, VINH PHUC",VINH PHUC,,"전자, 전기 제조업",https://www.google.com/maps/search/BN+TECH+VINA+VINH+PHUC+Vietnam,3.8,,
BNR GLOBAL,17F Charmvit Tower,HA NOI,+84944547734,"물류, 운수, 여행업",https://www.google.com/maps/search/BNR+GLOBAL+HA+NOI+Vietnam,4.5,,
"BO MINH CONSTRUCTION Co.,Ltd","6F, New Center, 27 to 41, Trung Hoa, Cau Giay, Hanoi BRANCH: (028) 6281 0013",HA NOI,+842463273232,건설 및 건설자재,"https://www.google.com/maps/search/BO+MINH+CONSTRUCTION+Co.,Ltd+HA+NOI+Vietnam",4.2,,
"BOE KOREA CO.,LTD","No 7, Villa D, The Manor, My Dinh, Tu Liem, Hanoi",HA NOI,+84963481938,"대표사무소, 지사","https://www.google.com/maps/search/BOE+KOREA+CO.,LTD+HA+NOI+Vietnam",4.1,,
"BOEUN CO.,LTD","Lot F, Tan Hong-Hoan Son IZ, Hoan Son, Tien Du, Bac Ninh",BAC NINH,+842223734224,"전자, 전기 제조업","https://www.google.com/maps/search/BOEUN+CO.,LTD+BAC+NINH+Vietnam",3.8,,
BOK EUM TARP VINA COMPANY LIMITED,"Lot 10, KCN Nam Thanh Ba , Do Son, Thanh Ba, Phu Tho",PHU THO,+84352103422,제조업,https://www.google.com/maps/search/BOK+EUM+TARP+VINA+COMPANY+LIMITED+PHU+THO+Vietnam,4.0,,
BOKUK VN,"No.3, Alley 23, 61 Tran Duy Hung, Cau Giay, Hanoi",HA NOI,+842439927379,"환경, 설비, 기계",https://www.google.com/maps/search/BOKUK+VN+HA+NOI+Vietnam,4.4,,
Boma Resort Nha Trang,"Pham Van Dong Street, Vinh Hoa Ward, Nha Trang city",KHANH HOA,+842583835555,"숙박, 요식, 급식",https://www.google.com/maps/search/Boma+Resort+Nha+Trang+KHANH+HOA+Vietnam,4.2,,
BON JUK BAC NINH COMPANY LIMITED,"No. 26, N5, Vo Cuong 4 Street, HUD Area, Vo Cuong Ward, Bac Ninh",BAC NINH,+84967328584,"숙박, 요식, 급식",https://www.google.com/maps/search/BON+JUK+BAC+NINH+COMPANY+LIMITED+BAC+NINH+Vietnam,4.2,,
BON SOLUTIONS VINA COMPANY LIMITED,"Ba Huyen, Khac Tiep, Bac Ninh",BAC NINH,+849634685760,"환경, 설비, 기계",https://www.google.com/maps/search/BON+SOLUTIONS+VINA+COMPANY+LIMITED+BAC+NINH+Vietnam,4.4,,
BONA APPAREL,"Khu Lang Dam, cum 7, 8, Phuc Tho, Hanoi",HA NOI,,"섬유, 의류, 봉제 제조",https://www.google.com/maps/search/BONA+APPAREL+HA+NOI+Vietnam,4.5,,
BONACON VINA,"QUANG MAINH, CHI DONG, ME LINH, HA NOI",HA NOI,+84349274404,제조업,https://www.google.com/maps/search/BONACON+VINA+HA+NOI+Vietnam,4.0,,
"BONG SAN P&T Co.,Ltd","No71,Ngo Quyen Rd, May Chai Ward , Hai Phong",HAI PHONG,+842258831179,제조업,"https://www.google.com/maps/search/BONG+SAN+P&T+Co.,Ltd+HAI+PHONG+Vietnam",,,
"BOO DEKO CO.,LTD","Lot 96, TT4, My Dinh Song Da Urban Zone, My Dinh 1 ward, Nam Tu Liem dist, HN BRANCH: 서울시 강남구 도산대로4길 16, Nbe 빌딩 5층",HA NOI,+842432005302,건설 및 건설자재,"https://www.google.com/maps/search/BOO+DEKO+CO.,LTD+HA+NOI+Vietnam",4.6,,
BOO YOUNG TOOL VINA,"Phong 605 So 39 Ly Thai To, Phuong Vo Cuong Thanh pho Bac Ninh",BAC NINH,,"전자, 전기 제조업",https://www.google.com/maps/search/BOO+YOUNG+TOOL+VINA+BAC+NINH+Vietnam,4.4,,
"BOO YOUNG VINA Co.,Ltd","1007, 10Fl, Charmvit Tower, 117 Tran Duy Hung, Trung Hoa, Cau Giay, Hanoi",HA NOI,+842435690953,건설 및 건설자재,"https://www.google.com/maps/search/BOO+YOUNG+VINA+Co.,Ltd+HA+NOI+Vietnam",4.6,,
Boogook Industries Vina,"Factory No. 9, compartment2, Lot CN10.1, D6 Street, Chau Son Ward, Phu Ly, Ha Nam",HA NAM,+842263966031,제조업,https://www.google.com/maps/search/Boogook+Industries+Vina+HA+NAM+Vietnam,,,
BO-ON GLOVES VIET NAM COMPANY LIMITED,"Nguyet Cu, Nong Trang, Viet Tri, Phu Tho",PHU THO,+842103789898,제조업,https://www.google.com/maps/search/BO-ON+GLOVES+VIET+NAM+COMPANY+LIMITED+PHU+THO+Vietnam,4.3,,
BORANET INC,"Villa04, Vinaconex7, 136 Ho Tung Mau, Bac Tu Liem, Hanoi",HA NOI,,"통신, IT, SW",https://www.google.com/maps/search/BORANET+INC+HA+NOI+Vietnam,3.9,,
BOSUNG ENG VIET NAM,"No.A22, 88 Lane, Trung Kinh, Yen Hoa, Cau Giay, Hanoi",HA NOI,,"유통, 도소매, 무역",https://www.google.com/maps/search/BOSUNG+ENG+VIET+NAM+HA+NOI+Vietnam,4.5,,
BOSUNG TECH VINA,"Lo U (thue nha xuong cong ty TNHH Samkwang), KCN Quang Chau, Viet Yen, Bac Giang",BAC GIANG,+84972194467,"전자, 전기 제조업",https://www.google.com/maps/search/BOSUNG+TECH+VINA+BAC+GIANG+Vietnam,4.6,,
BQ TECH VINA COMPANY LIMITED,"KCN Hap Linh, Khac Niem, Bac Ninh",BAC NINH,+842223903205,제조업,https://www.google.com/maps/search/BQ+TECH+VINA+COMPANY+LIMITED+BAC+NINH+Vietnam,4.6,,
"BRANCH OF CANA YOUNG CO.,LTD- DA NANG","Lot 2, Street 4, KCN Dien Nam - Dien Ngoc, Dien Ban, Quang Nam",QUANG NAM,+842353788778,"대표사무소, 지사","https://www.google.com/maps/search/BRANCH+OF+CANA+YOUNG+CO.,LTD-+DA+NANG+QUANG+NAM+Vietnam",4.3,,
BRANCH OF HANBIT VINA COMPANY LIMITED IN HAI PHONG,"Lot C5-3 KCN Trang Due, Hong Phong, An Duong, Hai Phong",HAI PHONG,+842226516266,"전자, 전기 제조업",https://www.google.com/maps/search/BRANCH+OF+HANBIT+VINA+COMPANY+LIMITED+IN+HAI+PHONG+HAI+PHONG+Vietnam,4.5,,
"BRANCH OF LOTTECINEMA VIETNAM CO., LTD. IN BAC NINH CITY","3rd floor, Vincom Trade Center Bac Ninh, intersection 6, Suoi Hoa, Bac Ninh",BAC NINH,+842223903536,"대표사무소, 지사","https://www.google.com/maps/search/BRANCH+OF+LOTTECINEMA+VIETNAM+CO.,+LTD.+IN+BAC+NINH+CITY+BAC+NINH+Vietnam",3.9,,
"BRANCH OF ZIIN ENGINEERING VIET NAM CO., LTD","Lot no 88, Le Hong Phong, Kinh Bac, Bac Ninh",BAC NINH,+84985655752,"대표사무소, 지사","https://www.google.com/maps/search/BRANCH+OF+ZIIN+ENGINEERING+VIET+NAM+CO.,+LTD+BAC+NINH+Vietnam",4.6,,
BridgePower,"Lo B9 Khu cong nghiep Thuy Van, Xa Thuy Van, Viet Tri, Phu Tho",PHU THO,+849832634020,"전자, 전기 제조업",https://www.google.com/maps/search/BridgePower+PHU+THO+Vietnam,4.1,,
BRITISH VIETNAMESE INTERNATIONAL SCHOOL HA NOI,"72A Nguyen Trai Street, Thanh Xuan District, Hanoi, 10000, Vietnam",HA NOI,+842462668800,"교육, 매체, 인쇄, 광고",https://www.google.com/maps/search/BRITISH+VIETNAMESE+INTERNATIONAL+SCHOOL+HA+NOI+HA+NOI+Vietnam,4.6,,
BROAD C&S,"5th Floor, Tower C, Central Field Building219, Trung Kinh, Cau Giay, Hanoi",HA NOI,,"통신, IT, SW",https://www.google.com/maps/search/BROAD+C&S+HA+NOI+Vietnam,4.8,,
BROADTEK VINA COMPANY LIMITED,"6th floor, MB Bac Ninh building, No. 24, Ly Thai To street, Bac Ninh",BAC NINH,+84978957883,"환경, 설비, 기계",https://www.google.com/maps/search/BROADTEK+VINA+COMPANY+LIMITED+BAC+NINH+Vietnam,4.4,,
"BROSS & PARTNERS,ADVOCATES & SOLICITORS","21st Floor, Charm Vit Tower 117 Tran Duy Hung, Cau Giay, Hanoi",HA NOI,+842435553466,법무.회계.투자자문,"https://www.google.com/maps/search/BROSS+&+PARTNERS,ADVOCATES+&+SOLICITORS+HA+NOI+Vietnam",4.5,,
"BRS VINA CO.,LTD","Room 405, 406 4th Floor V-Tower Building, No. 39 Ly Thai To, Vo Cuong, Bac Ninh",BAC NINH,,"환경, 설비, 기계","https://www.google.com/maps/search/BRS+VINA+CO.,LTD+BAC+NINH+Vietnam",4.6,,
BRTECH VINA COMPANY LIMITED,"6th floor, Hoai Nam building, No 6 Hai Ba Trung, hung Vương, phuc Yen, VINH PHUC",VINH PHUC,+849886516990,"환경, 설비, 기계",https://www.google.com/maps/search/BRTECH+VINA+COMPANY+LIMITED+VINH+PHUC+Vietnam,4.7,,
"BS TECH VINA CO.,LTD","Dong Tho I.p, Yen Phong, Bac Ninh",BAC NINH,+842223883811,"전자, 전기 제조업","https://www.google.com/maps/search/BS+TECH+VINA+CO.,LTD+BAC+NINH+Vietnam",4.4,,
"BSE VIETNAM CO.,LTD","Ba Hang I.C, Ai Quoc, Hai Duong",HAI DUONG,+842203574567,"전자, 전기 제조업","https://www.google.com/maps/search/BSE+VIETNAM+CO.,LTD+HAI+DUONG+Vietnam",,,
BSL NETWORKS,"14 Ben Lang, Dang Lam, Hai An, Hai phong",HAI PHONG,+842253614495,"물류, 운수, 여행업",https://www.google.com/maps/search/BSL+NETWORKS+HAI+PHONG+Vietnam,4.1,,
BSR VIETNAM,"6 floors THANH HANG PLAZA, No. 180A Tran Duy Hung, Trung Hoa, Cau Giay, Hanoi BRANCH: 19 Bach Dang, P 2, Tan Binh Dist, HO CHI MINH",HA NOI,+842432123961,법무.회계.투자자문,https://www.google.com/maps/search/BSR+VIETNAM+HA+NOI+Vietnam,3.8,,
BTB INTERNATIONAL COMPANY LIMITED,"So 2 Phuoc Truong 9, P.Phuoc My, Son Tra, Da Nang",DA NANG,,제조업,https://www.google.com/maps/search/BTB+INTERNATIONAL+COMPANY+LIMITED+DA+NANG+Vietnam,4.3,,
"BU GWANG VINA CO.,LTD","No. 160 Nguyen Van Cu, Thi Tran Gia Binh, Gia Binh, Bac Ninh",BAC NINH,+842226545588,"전자, 전기 제조업","https://www.google.com/maps/search/BU+GWANG+VINA+CO.,LTD+BAC+NINH+Vietnam",4.6,,
BU IL VINA LIMITED COMPANY,"Factory X2 – Hai Thanh factory for rent, Hai Thanh, Duong Kinh, Hai Phong",HAI PHONG,+842258830270,제조업,https://www.google.com/maps/search/BU+IL+VINA+LIMITED+COMPANY+HAI+PHONG+Vietnam,4.6,,
"BU KWANG VINA CO., LTD","Tu Da Village, Phu Ninh District, Phu Tho",PHU THO,+842103770227,"섬유, 의류, 봉제 제조","https://www.google.com/maps/search/BU+KWANG+VINA+CO.,+LTD+PHU+THO+Vietnam",4.3,,
BUIL,"B19 Khu Dabaco Bo Son, Vo Cuong, Bac Ninh",BAC NINH,+842227306880,"유통, 도소매, 무역",https://www.google.com/maps/search/BUIL+BAC+NINH+Vietnam,,,
BUJEON VIETNAM ELECTRONICS,"Widen Que Vo I.Z, Bac Ninh",BAC NINH,+842223617842,"전자, 전기 제조업",https://www.google.com/maps/search/BUJEON+VIETNAM+ELECTRONICS+BAC+NINH+Vietnam,5.0,,
BUMHAN CABLE & SYSTEM,"Lot E2, Road No. 3 and No. 7, Hoa Khanh I.Z, Da Nang",DA NANG,+842363787993,"전자, 전기 제조업",https://www.google.com/maps/search/BUMHAN+CABLE+&+SYSTEM+DA+NANG+Vietnam,4.6,,
BUMIL ENG COMPANY LIMITED,"Residential Group No. 13, Tran Thanh Ngo, Kien An, Hai Phong",HAI PHONG,+84356839444,건설 및 건설자재,https://www.google.com/maps/search/BUMIL+ENG+COMPANY+LIMITED+HAI+PHONG+Vietnam,4.3,,
BUMIL ENGINEERING & GENERAL CONSTRUCTION,"19th Floor, Block B Song Da Building, Pham Hung, My Dinh 1, Nam Tu Liem, Hanoi",HA NOI,+842432272341,건설 및 건설자재,https://www.google.com/maps/search/BUMIL+ENGINEERING+&+GENERAL+CONSTRUCTION+HA+NOI+Vietnam,3.9,,
BUMJIN ELECTRONICS VINA COMPANY LIMITED,"Lot CN-04, KCN Dong Mai, Dong Mai, Quang Yen, Quang Ninh",QUANG NINH,+84862492260,"전자, 전기 제조업",https://www.google.com/maps/search/BUMJIN+ELECTRONICS+VINA+COMPANY+LIMITED+QUANG+NINH+Vietnam,4.5,,
BUMMI VIETNAM,"No.69/335 Nguyen Trai, Thanh Xuan Trung, Thanh Xuan, Hanoi",HA NOI,+842437878952,건설 및 건설자재,https://www.google.com/maps/search/BUMMI+VIETNAM+HA+NOI+Vietnam,4.4,,
"BUMYANG INNO AIR CONDITIONING VIETNAM CO.,LTD","B House, Lot B, X3 project, Cau Dien, Nam Tu Liem, Hanoi",HA NOI,,건설 및 건설자재,"https://www.google.com/maps/search/BUMYANG+INNO+AIR+CONDITIONING+VIETNAM+CO.,LTD+HA+NOI+Vietnam",4.1,,
BURIM CHEMICAL VINA,"3D center, 3 Duy Tan, Dich Vong, Cau Giay, Hanoi",HA NOI,,"유통, 도소매, 무역",https://www.google.com/maps/search/BURIM+CHEMICAL+VINA+HA+NOI+Vietnam,4.5,,
"BURIM VINA CO.,LTD","Nho Trang, Vinh Khuc, Van Giang, Hung Yen",HUNG YEN,+842213980265,"유통, 도소매, 무역","https://www.google.com/maps/search/BURIM+VINA+CO.,LTD+HUNG+YEN+Vietnam",4.4,,
BUSAN BANK HA NOI REPRESENTATIVE OFFICE,"No.3109, 31F, East Tower, Lotte Center Hanoi, 54 Lieu Giai, Ba Dinh, Ha Noi",HA NOI,+842432321736,"금융, 보험",https://www.google.com/maps/search/BUSAN+BANK+HA+NOI+REPRESENTATIVE+OFFICE+HA+NOI+Vietnam,4.3,,
BUSINESS COST MANAGEMENT,"11th Fl., no 6, Ton That Thuyet, Cau Giay, Hanoi",HA NOI,+849624011880,법무.회계.투자자문,https://www.google.com/maps/search/BUSINESS+COST+MANAGEMENT+HA+NOI+Vietnam,3.9,,
"BUY ALL FOOD CO.,LTD","Lo T318, T3 TT mua sam Aeonmall Long Bien, Co Linh, Long Bien, Hanoi",HA NOI,+842466547711,"숙박, 요식, 급식","https://www.google.com/maps/search/BUY+ALL+FOOD+CO.,LTD+HA+NOI+Vietnam",4.5,,
BW INDUSTRIAL DEVELOPMENT JSC,"Add 1 : Floor 9, Vinaconex Bld, 34 Lang Ha, Lang Ha, Dong Da, Hanoi Add 2 : F8, Pearl Plaza Tower 561A Dien Bien Phu, Binh Thanh, HO CHI MINH Add 3 : Floor 17, Becamex Tower, 230 Binh Duong Boulevard, Phu Hoa, Thu Dau Mot, Binh Duong Add 4 : VSIP Bac Ninh, 1 Huu Nghi, Phu Chan, Tu Son, Bac Ninh",HA NOI,,부동산개발.임대,https://www.google.com/maps/search/BW+INDUSTRIAL+DEVELOPMENT+JSC+HA+NOI+Vietnam,4.5,,
BYEOK JIN VINA COMPANY LIMITED,"Lot 76-85 Zone A, KCN Dinh Huong - Tay Bac Ga, Dong Linh, Thanh Hoa",THANH HOA,,"섬유, 의류, 봉제 제조",https://www.google.com/maps/search/BYEOK+JIN+VINA+COMPANY+LIMITED+THANH+HOA+Vietnam,4.5,,
"C&J TRADING CO.,LTD","No 02-D, Lane A10 Nam Trung Yen, Yen Hoa, Cau Giay, Hanoi",HA NOI,+842485820266,"섬유, 의류, 봉제 제조","https://www.google.com/maps/search/C&J+TRADING+CO.,LTD+HA+NOI+Vietnam",4.5,,
"C&N VINA TAM ANH - KOREA CO.,LTD","Chu Lai Open Economic Zone, Tam Anh Bac, Nui Thanh, Quang Nam",QUANG NAM,+842836202724,건설 및 건설자재,"https://www.google.com/maps/search/C&N+VINA+TAM+ANH+-+KOREA+CO.,LTD+QUANG+NAM+Vietnam",4.6,,
"C&Y VINA CO.,LTD","G14, QUE VO, PHUONG LIEU, QUE VO, BAC NINH",BAC NINH,+842223952159,제조업,"https://www.google.com/maps/search/C&Y+VINA+CO.,LTD+BAC+NINH+Vietnam",4.4,,
"CA DESIGN CO.,LTD","D5, Fivestar Mỹ ĐÌnh(ngõ 176 Đình Thôn), Nam Tu Liem, Hanoi",HA NOI,+842462591088,"교육, 매체, 인쇄, 광고","https://www.google.com/maps/search/CA+DESIGN+CO.,LTD+HA+NOI+Vietnam",4.4,,
"CAIS VINA ELECTRONICS CO.,LTD","CAISVINA, Lo CN 11, Khu cong nghiep Nam Cau Kien, Hai Phong",HAI PHONG,+842253645738,"전자, 전기 제조업","https://www.google.com/maps/search/CAIS+VINA+ELECTRONICS+CO.,LTD+HAI+PHONG+Vietnam",4.4,,
"CAMMSYS VIETNAM CO.,LTD.","KCN Bá Thiện, Thị trấn Bá Hiến, Huyện Bình Xuyên, Tỉnh Vĩnh Phúc BRANCH: KCN Bá Thiện, Thị trấn Bá Hiến, Huyện Bình Xuyên, Tỉnh Vĩnh Phúc",VINH PHUC,+842113888001,"전자, 전기 제조업","https://www.google.com/maps/search/CAMMSYS+VIETNAM+CO.,LTD.+VINH+PHUC+Vietnam",4.3,,
Campus-K,"15F, Toa Nha Song Da, Thap B, My Dinh, Hanoi",HA NOI,,기타,https://www.google.com/maps/search/Campus-K+HA+NOI+Vietnam,,,
"CANA ASAHI VINA Co.,Ltd","Tang 6, so nha 127, to 3, Dong Anh, Hanoi",HA NOI,+842433997799,제조업,"https://www.google.com/maps/search/CANA+ASAHI+VINA+Co.,Ltd+HA+NOI+Vietnam",4.4,,
"CANAYOUNG CO.,LTD","203 Hung Vuong, Hai Chau, Da Nang",DA NANG,+842367307302,"유통, 도소매, 무역","https://www.google.com/maps/search/CANAYOUNG+CO.,LTD+DA+NANG+Vietnam",3.8,,
"CAP GLOBAL CO., LTD","Luong Som I.P, Hoa Son, Luong Son, Hoa Binh",HOA BINH,+842183906079,제조업,"https://www.google.com/maps/search/CAP+GLOBAL+CO.,+LTD+HOA+BINH+Vietnam",4.2,,
CAPELLA LAND JSC,"Add : 26F, Vinaconex 9, Lot HH2-2, Pham Hung, Hanoi",HA NOI,,부동산개발.임대,https://www.google.com/maps/search/CAPELLA+LAND+JSC+HA+NOI+Vietnam,4.4,,
"CAPICHI VIETNAM CO., LTD","6F, 80 Trần Thái Tông, Dịch Vọng Hậu, Cầu Giấy",HA NOI,+84982414024,"통신, IT, SW","https://www.google.com/maps/search/CAPICHI+VIETNAM+CO.,+LTD+HA+NOI+Vietnam",4.2,,
"CAPITALAND HOANG THANH CO.,LTD","CT08, Co Ngua Area, Mo Lao, Ha Dong, Hanoi",HA NOI,+842439393232,부동산개발.임대,"https://www.google.com/maps/search/CAPITALAND+HOANG+THANH+CO.,LTD+HA+NOI+Vietnam",4.6,,
"CARGO ROAD VIETNAM CO.,LTD","4F, 15A Nguyen Khang, Cau Giay, Hanoi",HA NOI,+842437835877,"물류, 운수, 여행업","https://www.google.com/maps/search/CARGO+ROAD+VIETNAM+CO.,LTD+HA+NOI+Vietnam",4.0,,
CARGO RUSH INTERNATIONAL,"77 Nguyen Trong Loi, Phuong 4, Quan Tan Binh, TP HO CHI MINH",HA NOI,+842839480931,"물류, 운수, 여행업",https://www.google.com/maps/search/CARGO+RUSH+INTERNATIONAL+HA+NOI+Vietnam,4.1,,
CARGOROWORLD NETWORKS VIETNAM,"1305, Charmvit Tower, 117 Tran Duy Hung, Cau Giay, Hanoi",HA NOI,+842435551883,"물류, 운수, 여행업",https://www.google.com/maps/search/CARGOROWORLD+NETWORKS+VIETNAM+HA+NOI+Vietnam,4.7,,
CARGOSTAR LOGIS VIETNAM,"12F, No.169, Nguyen Ngoc Vu, Cau Giay, Hanoi",HA NOI,+842432216431,"물류, 운수, 여행업",https://www.google.com/maps/search/CARGOSTAR+LOGIS+VIETNAM+HA+NOI+Vietnam,4.3,,
"CARPOST CO.,LTD","HOME CITY, Nguyen Chanh, Cau Giay, Hanoi",HA NOI,+842466640351,"유통, 도소매, 무역","https://www.google.com/maps/search/CARPOST+CO.,LTD+HA+NOI+Vietnam",4.6,,
CAS,"No.1 BT2 Trung Van house area, Trung Van, Nam Tu Liem, Hanoi",HA NOI,+842435771048,제조업,https://www.google.com/maps/search/CAS+HA+NOI+Vietnam,4.0,,
CASTIS,"TASCO Tower (Vinaconex 9), Pham Hung Nam Tu Liem Ha Noi",HA NOI,+84378926107,"통신, IT, SW",https://www.google.com/maps/search/CASTIS+HA+NOI+Vietnam,4.4,,
CBRE VIETNAM,"6th Floor, BIDV Tower, No. 194 Tran Quang Khai, Ly Thai To, Hanoi",HA NOI,+842422200220,부동산개발.임대,https://www.google.com/maps/search/CBRE+VIETNAM+HA+NOI+Vietnam,4.1,,
"CELL BIO HUMAN TECH VINA CO.,LTD","Lot B2, Tam Thang I.P, Tam Thang, Tam Ky, Quang Nam",QUANG NAM,,"섬유, 의류, 봉제 제조","https://www.google.com/maps/search/CELL+BIO+HUMAN+TECH+VINA+CO.,LTD+QUANG+NAM+Vietnam",4.6,,
"CENTURY GLOBAL VINA CO.,LTD","15F, Nam Cuong B/D, Km4, To Huu, La Khe, Ha Dong, Hanoi",HA NOI,+842462693368,"유통, 도소매, 무역","https://www.google.com/maps/search/CENTURY+GLOBAL+VINA+CO.,LTD+HA+NOI+Vietnam",4.0,,
"CENTURY SANUP VINA CO.,LTD","No 47-49, N1 Street, Phu Huu, Thu Duc, HO CHI MINH",HO CHI MINH,+842822537870,"전자, 전기 제조업","https://www.google.com/maps/search/CENTURY+SANUP+VINA+CO.,LTD+HO+CHI+MINH+Vietnam",5.0,,
CEO SUITE VIETNAM,"29th Floor East Tower, Hanoi Lotte Center, 54 Lieu Giai, Cong Vi, Ba Dinh, Hanoi",HA NOI,+842432673999,"대표사무소, 지사",https://www.google.com/maps/search/CEO+SUITE+VIETNAM+HA+NOI+Vietnam,4.4,,
"CES HOLDINGS VINA CO.,LTD","BT8, VINECO 2, PHUONG TRUNG HOA, QUAN CAU GIAY, TP HAANOI, VIETNAM",HA NOI,+84857340008,"환경, 설비, 기계","https://www.google.com/maps/search/CES+HOLDINGS+VINA+CO.,LTD+HA+NOI+Vietnam",4.3,,
"CESCO VIETNAM CO.,LTD – HA NOI BRANCH","2 Floor, OCT 1 B/D, KDT Co Nhue, Xuan Dinh, Bac Tu Liem DISTRICT, Ha Noi city, Vietnam",HA NOI,+842438371199,"환경, 설비, 기계","https://www.google.com/maps/search/CESCO+VIETNAM+CO.,LTD+–+HA+NOI+BRANCH+HA+NOI+Vietnam",4.6,,
CHADIOSTECH VINA,"Binh Xuyen II I.Z, Binh Xuyen, VINH PHUC",VINH PHUC,+842113592730,제조업,https://www.google.com/maps/search/CHADIOSTECH+VINA+VINH+PHUC+Vietnam,3.8,,
CHAM VK COMPANY LIMITED,"24 Phan Boi Chau, Thach Thang, Hai Chau, Da Nang",DA NANG,+84915086570,"유통, 도소매, 무역",https://www.google.com/maps/search/CHAM+VK+COMPANY+LIMITED+DA+NANG+Vietnam,,,
CHANG AN VINA,"Lot T77 Diem Thuy I.Z A Hong Tien, Pho Yen, Thai Nguyen",THAI NGUYEN,+842083931822,제조업,https://www.google.com/maps/search/CHANG+AN+VINA+THAI+NGUYEN+Vietnam,4.4,,
"CHANG SUNG ONE MEMBER CO,. LTD","299 Hoang Van Thu Street, Hoang Van Thu Ward, Bac Giang City, Bac Giang Province",BAC GIANG,+842043528599,"환경, 설비, 기계","https://www.google.com/maps/search/CHANG+SUNG+ONE+MEMBER+CO,.+LTD+BAC+GIANG+Vietnam",4.3,,
CHANG SUNG VINA,"Dong Yen, Dong Phong, Yen Phong, Bac Ninh",BAC NINH,+842223893579,건설 및 건설자재,https://www.google.com/maps/search/CHANG+SUNG+VINA+BAC+NINH+Vietnam,4.2,,
"CHANGIL VINA CO.,LTD","Khac Niem I.C, Khac Niem, Bac Ninh, Bac Ninh",BAC NINH,+84988625065,"전자, 전기 제조업","https://www.google.com/maps/search/CHANGIL+VINA+CO.,LTD+BAC+NINH+Vietnam",4.2,,
CHANGWOO VINA ELECTRONICS,"Room 621, CIC Tower, No 2, 219 Lane, Trung Kinh, Yen Hoa, Cau Giay. Hanoi",HA NOI,,"유통, 도소매, 무역",https://www.google.com/maps/search/CHANGWOO+VINA+ELECTRONICS+HA+NOI+Vietnam,4.7,,
CHAO HOI AN COMPANY LIMITED,"570 Cua Dai, Son Phong, Hoi An, Quang Nam",QUANG NAM,+84938334319,"숙박, 요식, 급식",https://www.google.com/maps/search/CHAO+HOI+AN+COMPANY+LIMITED+QUANG+NAM+Vietnam,4.4,,
CHD VINA COMPANY LIMITED,"Lot 32N19, land plot number 59, map sheet number 81, Vo Cuong, Bac Nin",BAC NINH,+84965324198,"환경, 설비, 기계",https://www.google.com/maps/search/CHD+VINA+COMPANY+LIMITED+BAC+NINH+Vietnam,,,
"CHEIL INDUSTRIES INC. VIETNAM Co.,Ltd","3F, Yen Phong I.Z Operating Center, Long Chau, Yen Phong, Bac Ninh",BAC NINH,+842223699331,건설 및 건설자재,"https://www.google.com/maps/search/CHEIL+INDUSTRIES+INC.+VIETNAM+Co.,Ltd+BAC+NINH+Vietnam",4.6,,
CHEMILENS VIETNAM JSC,"Land lot XN42-1, Dai An I.P, Tu Minh, Hai Duong",HAI DUONG,+842203559260,제조업,https://www.google.com/maps/search/CHEMILENS+VIETNAM+JSC+HAI+DUONG+Vietnam,4.8,,
"CHEMTECH SOLUTION VINA CO.,LTD","Tien Son I.P (expanded area), Dong Nguyen, Tu Son, Tien Du, Bac Ninh",BAC NINH,+842223906244,제조업,"https://www.google.com/maps/search/CHEMTECH+SOLUTION+VINA+CO.,LTD+BAC+NINH+Vietnam",4.4,,
CHEONG SAN VINA,"Lot B4, Song Khe Noi Hoang IZ, Song Khe, Bac Giang",BAC GIANG,+842043855554,제조업,https://www.google.com/maps/search/CHEONG+SAN+VINA+BAC+GIANG+Vietnam,4.4,,
Cheong Song E&C,"Tien Son Industrial Park(Expanded Area), Dong Nguyen, Tu Son, Bac Ninh",BAC NINH,+842223906212,"환경, 설비, 기계",https://www.google.com/maps/search/Cheong+Song+E&C+BAC+NINH+Vietnam,4.1,,
CHEONGDAM RESTAURANT (TAESUNG GHTEC TRADING COMPANY LIMITED),"1st floor, Hop Phu Land building, new urban area Le Thai To street, Vo Cuong, Bac Ninh",BAC NINH,+84984610689,"숙박, 요식, 급식",https://www.google.com/maps/search/CHEONGDAM+RESTAURANT+(TAESUNG+GHTEC+TRADING+COMPANY+LIMITED)+BAC+NINH+Vietnam,4.0,,
"CHEONGHAK GLOVES VINA CO.,LTD","C1 Street, D4 Hoa Xa Industry Zone, Nam Dinh",NAM DINH,+84332140501,"섬유, 의류, 봉제 제조","https://www.google.com/maps/search/CHEONGHAK+GLOVES+VINA+CO.,LTD+NAM+DINH+Vietnam",4.3,,
CHEONIL LOGISTICS VIETNAM,"54 nguyen thi dinh, hanoi",HA NOI,+842437824941,"물류, 운수, 여행업",https://www.google.com/maps/search/CHEONIL+LOGISTICS+VIETNAM+HA+NOI+Vietnam,4.7,,
"CHI HOSPITALITY INTERNATIONAL CO., LTD","89 Yên Lãng, Thịnh Quang, Đống Đa, Hà Nội",HA NOI,+842435765770,"숙박, 요식, 급식","https://www.google.com/maps/search/CHI+HOSPITALITY+INTERNATIONAL+CO.,+LTD+HA+NOI+Vietnam",4.0,,
CHIA BAKERY & COFFEE,"Chia 271 Nguyễn Hoàng Tôn, Bắc Từ Liêm, Hà Nội Chia 117 Trần Duy Hưng, Cầu Giấy, Hà Nội Chia 104-A49 Thái Thịnh, Đống Đa, Hà Nội",HA NOI,+84917502426,"숙박, 요식, 급식",https://www.google.com/maps/search/CHIA+BAKERY+&+COFFEE+HA+NOI+Vietnam,4.6,,
Chicilon media,"F30, Lotte Center, No. 54 Lieu Giai Street, Cong Vi Ward, Ba Dinh District, Hanoi",HA NOI,+842435625666,기타,https://www.google.com/maps/search/Chicilon+media+HA+NOI+Vietnam,4.5,,
"CHONG RO HA NOI CO., LTD","No.52, The Shop House Area of Gamuda Gardens, Phap Van, Yen So, Hoang Mai, Hanoi City, Vietnam",HA NOI,+842473020304,"유통, 도소매, 무역","https://www.google.com/maps/search/CHONG+RO+HA+NOI+CO.,+LTD+HA+NOI+Vietnam",4.3,,
"CHOYANG TECH VINA CO.,LTD","LK1-N03 Splendora, An Khanh, Hoai Duc, Hanoi",HA NOI,+84901604687,제조업,"https://www.google.com/maps/search/CHOYANG+TECH+VINA+CO.,LTD+HA+NOI+Vietnam",4.4,,
"CHUN WOO CLEANING AND ENGINEERING Co.,Ltd","Lo 41C2, KCN Quang Minh, Thi tran Quang Minh, Me Linh, Hanoi",HA NOI,+842438182132,제조업,"https://www.google.com/maps/search/CHUN+WOO+CLEANING+AND+ENGINEERING+Co.,Ltd+HA+NOI+Vietnam",4.5,,
CHUNG AM VINA,"No.3, Hamlet 67, Nguyen Khai Trac , Mai Dich, Cau Giay, Hanoi",HA NOI,+842437921406,"환경, 설비, 기계",https://www.google.com/maps/search/CHUNG+AM+VINA+HA+NOI+Vietnam,4.0,,
CHUNG YEON KOREAN MEDICINE CENTER IN HA NOI,"No. B4, Five Star Urban Area, My Dinh 1, Nam Tu Liem, Hanoi",HA NOI,+84386875119,"병원, 의약, 위생, 의료",https://www.google.com/maps/search/CHUNG+YEON+KOREAN+MEDICINE+CENTER+IN+HA+NOI+HA+NOI+Vietnam,4.0,,
CHUNGCHEONGNAM-DO ECONOMIC PROMOTION AGENCY IN HA NOI CITY(CEPA),"15th Floor, No. 19 Le Van Luong, Nhan Chinh, Thanh Xuan, Hanoi",HA NOI,,"대표사무소, 지사",https://www.google.com/maps/search/CHUNGCHEONGNAM-DO+ECONOMIC+PROMOTION+AGENCY+IN+HA+NOI+CITY(CEPA)+HA+NOI+Vietnam,4.2,,
"CHUNGDANG VINA CO, LTD","Lot CN 5, Hop Thinh industrial cluster, Hop Thinh, Hiep Hoa, Bac Giang",BAC GIANG,+842042484868,제조업,"https://www.google.com/maps/search/CHUNGDANG+VINA+CO,+LTD+BAC+GIANG+Vietnam",,,
CHUNGHO VINA,"No.11, N04A Lot, Dich Vong Hau new urban area, Dich Vong ward, Cau Giay district, Hanoi",HA NOI,+84977405198,"유통, 도소매, 무역",https://www.google.com/maps/search/CHUNGHO+VINA+HA+NOI+Vietnam,3.8,,
CHUNGSOL COSCHEM VINA,"Lot CN8-3-4, Diem Thuy Iz., Phu Binh, Thai Nguyen",THAI NGUYEN,+842083931562,제조업,https://www.google.com/maps/search/CHUNGSOL+COSCHEM+VINA+THAI+NGUYEN+Vietnam,4.4,,
"CHUNGWOO VINA CO.,LTD","Lot G11, Que Vo Industrial Zone, Phuong Lieu Commune, Que Vo district, Bac Ninh Province",BAC NINH,+842223903729,"전자, 전기 제조업","https://www.google.com/maps/search/CHUNGWOO+VINA+CO.,LTD+BAC+NINH+Vietnam",3.8,,
"ChungYang Foods Vietnam Co., Ltd","LO DAT 1/2 L3.5A KHU CN DO SON, TAN THANH, DUONG KINH, HAI PHONG. VIETNAM",HAI PHONG,+84799902569,제조업,"https://www.google.com/maps/search/ChungYang+Foods+Vietnam+Co.,+Ltd+HAI+PHONG+Vietnam",,,
"CJ KOREA EXPRESS FREIGHT VIETNAM CO.,LTD","3F, Trung Yen Plaza, No1 Trung Hoa, Cau Giay, Hanoi",HA NOI,+842435122560,"물류, 운수, 여행업","https://www.google.com/maps/search/CJ+KOREA+EXPRESS+FREIGHT+VIETNAM+CO.,LTD+HA+NOI+Vietnam",3.8,,
CJ SG SAFETY,"13th floor, ICON4 Building, 243A De La Thanh, Lang Thuong, Dong Da, Ha Noi",HA NOI,+84906908620,"물류, 운수, 여행업",https://www.google.com/maps/search/CJ+SG+SAFETY+HA+NOI+Vietnam,4.3,,
CJ VIETNAM,"Unit 1502, 15th Fl., CJ Building, 2Bis-4-6 Le Thanh Ton St., Dist. 1, HO CHI MINH",HO CHI MINH,+842838272302,"대표사무소, 지사",https://www.google.com/maps/search/CJ+VIETNAM+HO+CHI+MINH+Vietnam,4.7,,
CJ VINA AGRI,"Lot I, Dong Van 2 I.Z, Bach Thuong, Duy Tien, Ha Nam BRANCH: D2 Street, Zone D, Pho Noi A I.Z, Lac Hong, Van Lam, Hung Yen",HA NAM,+842263555222,제조업,https://www.google.com/maps/search/CJ+VINA+AGRI+HA+NAM+Vietnam,4.4,,
CKD BIO CORP,"122 Doi Can, Ba Dinh, Ha Noi",HA NOI,,"섬유, 의류, 봉제 제조",https://www.google.com/maps/search/CKD+BIO+CORP+HA+NOI+Vietnam,4.3,,
"CKJ VINA CO.,LTD","La Giang, Van To, Tu Ky, Hai Duong",HAI DUONG,,"섬유, 의류, 봉제 제조","https://www.google.com/maps/search/CKJ+VINA+CO.,LTD+HAI+DUONG+Vietnam",3.9,,
"CKS ELECTRONICS CO.,LTD","Khac Niem I.P, Khac Niem, Bac Ninh",BAC NINH,+842223737819,제조업,"https://www.google.com/maps/search/CKS+ELECTRONICS+CO.,LTD+BAC+NINH+Vietnam",4.3,,
CLARK MATERIAL HANDLING VIET NAM,"Km 38 Quốc Lộ 5, X. Cẩm phúc, H. Cẩm Giàng,Hải Dương",HAI DUONG,+842203556855,제조업,https://www.google.com/maps/search/CLARK+MATERIAL+HANDLING+VIET+NAM+HAI+DUONG+Vietnam,4.6,,
CLASSONE VINA,"SO 15, Lo 11B, Trung Yen 10, KDT Trung Yen, Trung Hoa, Cau Giay, Hanoi",HA NOI,+842436858899,건설 및 건설자재,https://www.google.com/maps/search/CLASSONE+VINA+HA+NOI+Vietnam,4.4,,
CLEAN TECHNOLOGY SYSTEM,"Binh Thuan 2, Thuan Giao, Thuan An, Binh Duong",BINH DUONG,+842743788253,제조업,https://www.google.com/maps/search/CLEAN+TECHNOLOGY+SYSTEM+BINH+DUONG+Vietnam,4.7,,
"CLOVER FILTER VINA CO.,LTD","Dai Dong Hoan Son I.P, Hoan Son, Tien Du, Bac Ninh",BAC NINH,+842223848610,"환경, 설비, 기계","https://www.google.com/maps/search/CLOVER+FILTER+VINA+CO.,LTD+BAC+NINH+Vietnam",,,
C-MAT,"Km6, 5/2 Str., Hung Vuong, Hong Bang, Hai Phong",HAI PHONG,+842253668643,"전자, 전기 제조업",https://www.google.com/maps/search/C-MAT+HAI+PHONG+Vietnam,,,
"CMC GLOBAL Ltd.,","8th 9th Floor, CMC Tower, 11 Duy Tan, Dich Vong Hau, Cau Giay, Hanoi",HA NOI,+842471096686,"통신, IT, SW","https://www.google.com/maps/search/CMC+GLOBAL+Ltd.,+HA+NOI+Vietnam",4.6,,
CMES INC,"""서울특별시 강남구 도산대로 318, 7층 1,2호 8층 1,2호(논현동, SB타워) 7F, 8F, 318, Dosan-daero, Gangnam-gu, Seoul, Republic of Korea  TM01-37, Tầng 1, Toà W2 Vinhome Westpoint, lô HH, đường Phạm Hùng, phường Mễ Trì, quận NamTừ Liêm, thành phố Hà Nội""",HA NOI,+842432022900,제조업,https://www.google.com/maps/search/CMES+INC+HA+NOI+Vietnam,4.0,,
"CMH Co.,Ltd","Doi 1, Phu Tai 1. Kim Dinh, KIm Thanh, Hai Duong",HAI DUONG,+84377745775,건설 및 건설자재,"https://www.google.com/maps/search/CMH+Co.,Ltd+HAI+DUONG+Vietnam",4.4,,
"CMS VINA CO.,LTD","Lo 10A, Quang Minh I.Z, Me Linh, Hanoi",HA NOI,+842435251861,제조업,"https://www.google.com/maps/search/CMS+VINA+CO.,LTD+HA+NOI+Vietnam",4.7,,
CN PLUS VINA,"Luong Son IZ, Km36, 6 Highway, Hoa Son, Luong Hoa, Hoa Binh",HOA BINH,+842183826970,"전자, 전기 제조업",https://www.google.com/maps/search/CN+PLUS+VINA+HOA+BINH+Vietnam,4.8,,
CNCTech Group Joint Stock company,"Lot F1-2-3 Thang Long VINH PHUC Industrial Park, Tam Hop ward, Binh Xuyen District, VINH PHUC province, Vietnam",VINH PHUC,+84866505509,부동산개발.임대,https://www.google.com/maps/search/CNCTech+Group+Joint+Stock+company+VINH+PHUC+Vietnam,4.1,,
CNI VINA,"KCN Que Vo(khu vuc mo rong), X. Phuong Lieu, Que Vo, Bac Ninh",BAC NINH,+8422239523,"전자, 전기 제조업",https://www.google.com/maps/search/CNI+VINA+BAC+NINH+Vietnam,3.9,,
"CNM KH VIET NAM Co.,Ltd","Lot A1, Dai Dong-Hoan Son I.Z, Hoan Son, Tien Du, Bac Ninh",BAC NINH,+842226507000,제조업,"https://www.google.com/maps/search/CNM+KH+VIET+NAM+Co.,Ltd+BAC+NINH+Vietnam",4.4,,
"CNT SOLUTION VINA CO., LTD","Lot 15 -17, Noi Hoang Industrial Complex, Noi Hoang, Yen Dung, Bac Giang",BAC GIANG,+842223903160,제조업,"https://www.google.com/maps/search/CNT+SOLUTION+VINA+CO.,+LTD+BAC+GIANG+Vietnam",4.1,,
CO CUNG,"2F, Landmark A Keangnam, Nam Tu Liem, Hanoi",HA NOI,+842437624331,"숙박, 요식, 급식",https://www.google.com/maps/search/CO+CUNG+HA+NOI+Vietnam,4.5,,
"CO TECH VINA CO.,LTD","Luong Son Industiral Zone, Km36 National Road6, Hoa Son Commune, Luong Son District,Hoa Binh Province, Vietnam.",HOA BINH,+842183826698,"전자, 전기 제조업","https://www.google.com/maps/search/CO+TECH+VINA+CO.,LTD+HOA+BINH+Vietnam",4.0,,
"COACH TRAVEL Co.,Ltd","Ngo 70 B34, Nguyen Thi Dinh, Trung Hoa Nhan Chinh, Hanoi",HA NOI,+842462921466,"물류, 운수, 여행업","https://www.google.com/maps/search/COACH+TRAVEL+Co.,Ltd+HA+NOI+Vietnam",3.9,,
"COANMY CO.,LTD","8th Floor, Lotus Building, 2 Duy Tan, Cau Giay, Hanoi",HA NOI,+842432262800,"유통, 도소매, 무역","https://www.google.com/maps/search/COANMY+CO.,LTD+HA+NOI+Vietnam",4.6,,
"Coasia Semi Vietnam Co., Ltd","Floor 14, Block A, Song Da Building, Pham Hung street, My Dinh 1 Commune, Nam Tu Liem District, Hanoi",HA NOI,+84242053008,"전자, 전기 제조업","https://www.google.com/maps/search/Coasia+Semi+Vietnam+Co.,+Ltd+HA+NOI+Vietnam",4.2,,
"COCONUT AND PEOPLE CO.,LTD","Floor 2, Lot 01-02-03, Pham Van Dong, An Hai Bac, Son Tra, Da Nang",DA NANG,,"숙박, 요식, 급식","https://www.google.com/maps/search/COCONUT+AND+PEOPLE+CO.,LTD+DA+NANG+Vietnam",4.1,,
COGNEX VIET NAM,"CEO Tower, Level 7, HH2-1 Me Tri Ha, Pham Hung Str, Nam Tu Liem Dist, Hanoi",HA NOI,+842444581747,"대표사무소, 지사",https://www.google.com/maps/search/COGNEX+VIET+NAM+HA+NOI+Vietnam,4.1,,
COGO TRADING SERVICES JSC,"Tang 3-4 toa nha VIET TOWER, So 01 Thai Ha, Trung Liet, Dong Da, Hanoi",HA NOI,+8419001160,부동산개발.임대,https://www.google.com/maps/search/COGO+TRADING+SERVICES+JSC+HA+NOI+Vietnam,4.5,,
"CO-LOVE Co.,Ltd","3616, G2 Vinhomes Greenbay, Me Tri, Nam Tu Liem, Hanoi",HA NOI,+84327256253,제조업,"https://www.google.com/maps/search/CO-LOVE+Co.,Ltd+HA+NOI+Vietnam",3.9,,
COMET VINA,"Lot K5, Trang Due I.Z, Dinh Vu Economy Zone, Hong Phong, An Duong, Hai Phong",HAI PHONG,+842256522225,"전자, 전기 제조업",https://www.google.com/maps/search/COMET+VINA+HAI+PHONG+Vietnam,4.0,,
"COMMO VINA Co.,Ltd","So 18, Me Tri, Nam Tu Liem, Hanoi",HA NOI,+842437851555,"유통, 도소매, 무역","https://www.google.com/maps/search/COMMO+VINA+Co.,Ltd+HA+NOI+Vietnam",4.3,,
COMPKOREA VINA,"Khu lien ke KCN Que Vo, thon Do Nha, Phuong Lieu, Que Vo, Bac Ninh",BAC NINH,+842223825229,제조업,https://www.google.com/maps/search/COMPKOREA+VINA+BAC+NINH+Vietnam,4.4,,
COMS VINA,"Que Vo Industrial Zone, Nam Son, Bac Ninh",BAC NINH,+842223621816,제조업,https://www.google.com/maps/search/COMS+VINA+BAC+NINH+Vietnam,3.9,,
COMS VINA,"Que Vo Industrial Zone, Nam Son Commune, Bac Ninh",BAC NINH,+842223621816,제조업,https://www.google.com/maps/search/COMS+VINA+BAC+NINH+Vietnam,3.9,,
C-ONE,"Dong Van I.Z, Duy Tien, Ha Nam",HA NAM,+842263582079,제조업,https://www.google.com/maps/search/C-ONE+HA+NAM+Vietnam,4.6,,
Công ty TNHH DASAN Việt Nam,"8th and 9th floor, RICHY Building, Group 44, Yen Hoa, Cau Giay District, Hanoi City, Viet Nam",HA NOI,+842437689330,"통신, IT, SW",https://www.google.com/maps/search/Công+ty+TNHH+DASAN+Việt+Nam+HA+NOI+Vietnam,,,
CONG TY TNHH ELENTEC VIET NAM,"Lot 44F-44J Quang Minh Industrial Zone, Chi Dong Town, Me Linh District, Ha Noi, Viet nam",HA NOI,+842435251300,"전자, 전기 제조업",https://www.google.com/maps/search/CONG+TY+TNHH+ELENTEC+VIET+NAM+HA+NOI+Vietnam,4.1,,
Công ty TNHH Kyocera AVX Components (Bắc Ninh),"Lot K-05, Que Vo IZ (extended area), Nam Son Ward, Bac Ninh City, Bac Ninh Province",BAC NINH,+842223621363,"전자, 전기 제조업",https://www.google.com/maps/search/Công+ty+TNHH+Kyocera+AVX+Components+(Bắc+Ninh)+BAC+NINH+Vietnam,,,
CONG TY TNHH UBIS VIET NAM,"R.502, D’Office, Group 28, Dich Vong Ward, Cau Giay District, Ha Noi City, Viet Nam",HA NOI,+84369998536,건설 및 건설자재,https://www.google.com/maps/search/CONG+TY+TNHH+UBIS+VIET+NAM+HA+NOI+Vietnam,3.8,,
"CONKAISER VINA CO.,LTD","Factory No.3, Do Kha company, Song Khe I.P, Bac Giang",BAC GIANG,+842439901061,"전자, 전기 제조업","https://www.google.com/maps/search/CONKAISER+VINA+CO.,LTD+BAC+GIANG+Vietnam",3.8,,
COOLTECAN,"#407, 4F, V-Tower bldg, 39 Ly Thai To, Vo Cuong, Bac Ninh",BAC NINH,,건설 및 건설자재,https://www.google.com/maps/search/COOLTECAN+BAC+NINH+Vietnam,4.3,,
CORE - I VINA,"Floor 2, Detech Building, No. 8 Ton That Thuyet, My Dinh 2, Nam Tu Liem, Hanoi",HA NOI,+84326181724,건설 및 건설자재,https://www.google.com/maps/search/CORE+-+I+VINA+HA+NOI+Vietnam,4.3,,
CORE M-TECH VINA,"Que Vo extend area IZ (Renthouse: My A Joint Stock company), Phuong Lieu commune, Que Vo District, Bac Ninh province",BAC NINH,,제조업,https://www.google.com/maps/search/CORE+M-TECH+VINA+BAC+NINH+Vietnam,4.0,,
COREMSYS E&C VINA,"3rd floor, New Center building ,No.27, Group 41, Trung Hoa, Cau Giay, Hanoi",HA NOI,+842435560600,건설 및 건설자재,https://www.google.com/maps/search/COREMSYS+E&C+VINA+HA+NOI+Vietnam,4.5,,
CORESEARCH VIETNAM,"A20, Ngo 91, Tran Duy Hung, Trung Hoa Nhan Chinh, Cau Giay, Hanoi",HA NOI,+843551267710,법무.회계.투자자문,https://www.google.com/maps/search/CORESEARCH+VIETNAM+HA+NOI+Vietnam,4.5,,
CORTECH VINA,"2nd Floor, Trung Yen 1 Tower, Trung Hoa Ward, Cau Giay Dist, Hanoi",HA NOI,+842432272230,건설 및 건설자재,https://www.google.com/maps/search/CORTECH+VINA+HA+NOI+Vietnam,4.5,,
"COSME-V CO.,LTD","286 Ton Duc Thang, Hoa Minh, Lien Chieu, Da Nang",DA NANG,+84766699914,"유통, 도소매, 무역","https://www.google.com/maps/search/COSME-V+CO.,LTD+DA+NANG+Vietnam",4.3,,
COSMO D&C,"Cẩm Khê District, Phu Tho Province",PHU THO,+842438580435,건설 및 건설자재,https://www.google.com/maps/search/COSMO+D&C+PHU+THO+Vietnam,4.0,,
COSMO DEVELOPMENT COMPANY LIMITED,"KCN Cam Khe, Yen Tap, Cam Khe, Phu Tho",PHU THO,+842438580435,제조업,https://www.google.com/maps/search/COSMO+DEVELOPMENT+COMPANY+LIMITED+PHU+THO+Vietnam,,,
COVATEC VIETNAM,"Tien Son IZ, Tan Hong, Tu Son, Bac Ninh BRANCH: So 20 duong 5 moi, Nam Son, An Duong, Hai Phong",BAC NINH,+842223734397,"전자, 전기 제조업",https://www.google.com/maps/search/COVATEC+VIETNAM+BAC+NINH+Vietnam,,,
Coway Vietnam,"5th Fl., 142 Doi Can Bldg., Ba Dinh Dist., Ha Noi",HA NOI,+842462552288,"유통, 도소매, 무역",https://www.google.com/maps/search/Coway+Vietnam+HA+NOI+Vietnam,4.3,,
COWAY VINA,"Floor 9, Peakview Tower, 36 Hoang Cau, Cho Dua, Dong Da, Hanoi",HA NOI,+842437590888,"유통, 도소매, 무역",https://www.google.com/maps/search/COWAY+VINA+HA+NOI+Vietnam,4.5,,
"COWIN VINA CO.,LTD","M3, CT1, My Dinh Song Da, Nam Tu Liem, Hanoi",HA NOI,+84766082828,"유통, 도소매, 무역","https://www.google.com/maps/search/COWIN+VINA+CO.,LTD+HA+NOI+Vietnam",4.6,,
CPRO VIETNAM COMPANY LIMITED,"KCN Dong Tho, Dong Tho, Yen Phong, Bac Ninh",BAC NINH,+842223883906,제조업,https://www.google.com/maps/search/CPRO+VIETNAM+COMPANY+LIMITED+BAC+NINH+Vietnam,3.9,,
CR INTERNATIONAL ANH QUANG,"Phung Chi Kien, My Hao, Hung Yen",HUNG YEN,+842213947208,제조업,https://www.google.com/maps/search/CR+INTERNATIONAL+ANH+QUANG+HUNG+YEN+Vietnam,4.3,,
CRESYN HA NOI COMPANY LIMITED,"KCN Dong Tho, Dong Tho, Yen Phong, Bac Ninh",BAC NINH,+842223883333,"전자, 전기 제조업",https://www.google.com/maps/search/CRESYN+HA+NOI+COMPANY+LIMITED+BAC+NINH+Vietnam,4.4,,
"CROWE VIETNAM Co.,Ltd","R.1205, 12th Floor, IPH Office Tower, 241 Xuan Thuy, Cau Giay, Hanoi",HA NOI,+842473006386,법무.회계.투자자문,"https://www.google.com/maps/search/CROWE+VIETNAM+Co.,Ltd+HA+NOI+Vietnam",4.6,,
CROWNE PLAZA WEST HA NOI,"36 Le Duc Tho, My Dinh, Nam Tu Liem, Hanoi",HA NOI,+842462706688,"숙박, 요식, 급식",https://www.google.com/maps/search/CROWNE+PLAZA+WEST+HA+NOI+HA+NOI+Vietnam,4.6,,
CRUCIAL TEC VINA,"KCN Yen Phong, Long Chau, yen Phong, Bac Ninh",BAC NINH,+842223699989,"전자, 전기 제조업",https://www.google.com/maps/search/CRUCIAL+TEC+VINA+BAC+NINH+Vietnam,4.5,,
CRYSTAL DESIGN,"210 Nguyen Van Giap(K2), Cau Dien, Nam Tu Liem, Hanoi BRANCH: 231A Dương Đình Hội, Khu phố 3, Phường Tăng Nhơn Phú B, Thành phố Thủ Đức, TP. Hồ Chí Minh",HA NOI,+842837281920,기타,https://www.google.com/maps/search/CRYSTAL+DESIGN+HA+NOI+Vietnam,3.9,,
"CTAC EJ (VIETNAM) ADVISORY CO., LTD","7th floor, Saigon Paragon Building, 03 Nguyen Luong Bang, Tan Phu Ward, District 7, HO CHI MINH. City",HO CHI MINH,+84971000938,법무.회계.투자자문,"https://www.google.com/maps/search/CTAC+EJ+(VIETNAM)+ADVISORY+CO.,+LTD+HO+CHI+MINH+Vietnam",4.7,,
C-TECH,"Lot 4, Tien Son Industrial Park (Expansion area ) , Tan Hong Ward , Tu Son Commune, Bac Ninh Province",BAC NINH,+842223734838,제조업,https://www.google.com/maps/search/C-TECH+BAC+NINH+Vietnam,3.9,,
"CTR VINA CO.,LTD","Tam Thang I.P, Tam Thang, Tam Ky City, Quang Nam",QUANG NAM,+842353822000,제조업,"https://www.google.com/maps/search/CTR+VINA+CO.,LTD+QUANG+NAM+Vietnam",4.2,,
"CUBE E&C VINA Co.,Ltd","301, Song Hong Hotel, X6, Gio Nha, Tan Tien, An Duong, Hai Phong",HAI PHONG,+842253821515,건설 및 건설자재,"https://www.google.com/maps/search/CUBE+E&C+VINA+Co.,Ltd+HAI+PHONG+Vietnam",4.8,,
Cube Tag Vina,"Lo CN-09, KCN Hoa Phu, Hiep Hoa, Bac Giang",BAC GIANG,+842043565551,제조업,https://www.google.com/maps/search/Cube+Tag+Vina+BAC+GIANG+Vietnam,4.6,,
CU-TECH VIETNAM,"D3 Road, Section G, Hoa Mac Induistrial Parks, Duy Tien district, Ha Nam, Vietnam",HA NAM,+842263550100,"전자, 전기 제조업",https://www.google.com/maps/search/CU-TECH+VIETNAM+HA+NAM+Vietnam,,,
"CUUBAN., JSC","So 21A, Ngo 110 Trung Kinh, Yen Hoa, Cau Giay, Hanoi",HA NOI,+842473078080,"유통, 도소매, 무역","https://www.google.com/maps/search/CUUBAN.,+JSC+HA+NOI+Vietnam",4.4,,
CYBER TECH,"2nd Floor, The Sun Tower, Lot HH1 Me Tri Ha, Nam Tu Liem, Hanoi",HA NOI,+842437648882,"유통, 도소매, 무역",https://www.google.com/maps/search/CYBER+TECH+HA+NOI+Vietnam,3.8,,
D ANN-T (Able-Bamboo),"1st Floor, Cat Tuong Apartment, Le Thai To Street, Vo Cuong Award, Bac Ninh City, Bac Ninh Province.",BAC NINH,+82319769487,"통신, IT, SW",https://www.google.com/maps/search/D+ANN-T+(Able-Bamboo)+BAC+NINH+Vietnam,4.1,,
D&D VINA,"BT5, 180 Thanh Binh, Mo Lao, Ha Dong, Hanoi",HA NOI,+84973873903,건설 및 건설자재,https://www.google.com/maps/search/D&D+VINA+HA+NOI+Vietnam,,,
D&W PARTNERS,"6th Fl., Keangnam Landmark Tower, Nam Tu Liem, HaNoi",HA NOI,+84985657260,"유통, 도소매, 무역",https://www.google.com/maps/search/D&W+PARTNERS+HA+NOI+Vietnam,4.5,,
D.F ZIN,"Lo D2 Khu Hoa Xa I.Z, Nam Dinh",NAM DINH,,"섬유, 의류, 봉제 제조",https://www.google.com/maps/search/D.F+ZIN+NAM+DINH+Vietnam,3.9,,
D.R VINA COMPANY LIMITED,"Lot NM05-3, KCN Tam Thang 2, Tam Thang, Tam Ky, Quang Nam",QUANG NAM,+84935653270,제조업,https://www.google.com/maps/search/D.R+VINA+COMPANY+LIMITED+QUANG+NAM+Vietnam,4.4,,
"DA GROUP URBAN & ARCHITECTURE CO.,LTD","7F, CMC tower, 11 Duy Tan, Dich Vong Hau, Cau Giay, Hanoi",HA NOI,+842439363456,건설 및 건설자재,"https://www.google.com/maps/search/DA+GROUP+URBAN+&+ARCHITECTURE+CO.,LTD+HA+NOI+Vietnam",4.5,,
DA NANG POCHA,"Lot G35 Pham Van Dong, An Hai Bac, Son Tra, Da Nang",DA NANG,+84935572606,"숙박, 요식, 급식",https://www.google.com/maps/search/DA+NANG+POCHA+DA+NANG+Vietnam,,,
"DA YOUNG VINA CO.,LTD","Lo CN-16 KCN Van Trung, Van Trung, Viet Yen, Bac Giang",BAC GIANG,+84839167210,"전자, 전기 제조업","https://www.google.com/maps/search/DA+YOUNG+VINA+CO.,LTD+BAC+GIANG+Vietnam",4.1,,
DACVN,"VI HA VILLAGE, TRUNG LUONG COMMUNE, BINH LUC DISCTRICT, HA NAM",DA NANG,+84223866999,제조업,https://www.google.com/maps/search/DACVN+DA+NANG+Vietnam,4.1,,
DADA E&C,"#305, Block A, Nghia Do, Hanoi",HA NOI,+842262975409,건설 및 건설자재,https://www.google.com/maps/search/DADA+E&C+HA+NOI+Vietnam,4.2,,
DAE HWA VINA,"Yen Khe, Song Khe, Bac Giang",BAC GIANG,+842043528658,"전자, 전기 제조업",https://www.google.com/maps/search/DAE+HWA+VINA+BAC+GIANG+Vietnam,4.2,,
DAE HYUN CHEM VINA COMPANY LIMITED,"KCN Hap Linh, Khac Niem, Bac Ninh",BAC NINH,+842226538555,"유통, 도소매, 무역",https://www.google.com/maps/search/DAE+HYUN+CHEM+VINA+COMPANY+LIMITED+BAC+NINH+Vietnam,4.2,,
Dae Lyuk Parker Russell Accounting Company,"24th Floor, Song Da A building, Pham Hung, My Dinh 1, Nam Tu Liem, Hanoi",HA NOI,+842471078282,법무.회계.투자자문,https://www.google.com/maps/search/Dae+Lyuk+Parker+Russell+Accounting+Company+HA+NOI+Vietnam,4.2,,
DAE MYOUNG GEC VIETNAM,"Room 1305, 13th Floor, TTC Tower, No.19 Duy Tan, Dich Vong Hau, Cau Giay, Hanoi",HA NOI,+842466847573,건설 및 건설자재,https://www.google.com/maps/search/DAE+MYOUNG+GEC+VIETNAM+HA+NOI+Vietnam,4.4,,
"DAE MYUNG VIETNAM CO.,LTD","Yen Phong I.Z, Long Chau, Yen Phong, Bac Ninh",BAC NINH,+842223699660,"전자, 전기 제조업","https://www.google.com/maps/search/DAE+MYUNG+VIETNAM+CO.,LTD+BAC+NINH+Vietnam",4.4,,
"DAE RYANG VINA INDUSTRY Co.,Ltd","Road #5, Hoa Khanh IZ expansion, Hoa Khanh Bac Wd.,  LIEN CHIEU DISTRICT, DANANG CITY, VIETNAM.",DA NANG,+842363733100,제조업,"https://www.google.com/maps/search/DAE+RYANG+VINA+INDUSTRY+Co.,Ltd+DA+NANG+Vietnam",4.3,,
"DAE RYONG VINA CO., LTD","Lo CN09, KCN Thuy Van, Viet Tri, Phu Tho",PHU THO,+842103911199,"전자, 전기 제조업","https://www.google.com/maps/search/DAE+RYONG+VINA+CO.,+LTD+PHU+THO+Vietnam",4.2,,
DAE SANG TECH VINA,"Lot G14, Road G1C, Que Vo I.Z, (Area Expansion), Phuong Lieu, Que Vo, Bac Ninh",BAC NINH,+842226251898,제조업,https://www.google.com/maps/search/DAE+SANG+TECH+VINA+BAC+NINH+Vietnam,4.7,,
"DAE SHIN TRANSPORTATION CO.,LTD","110, Me Tri Ha, Me Tri, Tu Liem, Hanoi",HA NOI,+842439410121,"물류, 운수, 여행업","https://www.google.com/maps/search/DAE+SHIN+TRANSPORTATION+CO.,LTD+HA+NOI+Vietnam",4.5,,
DAE SUN VINA CONS,"Lo CN08-2,KCN Yen Phong(khu mo rong),Yen Trung,Yen Phong,Bac ninh,Viet nam",BAC NINH,+842223903214,"환경, 설비, 기계",https://www.google.com/maps/search/DAE+SUN+VINA+CONS+BAC+NINH+Vietnam,4.4,,
"DAE YANG NGHIA HUNG GARMENT CO.,LTD","Nghia Lac, Nghia Hung, Nam Dinh",NAM DINH,,"섬유, 의류, 봉제 제조","https://www.google.com/maps/search/DAE+YANG+NGHIA+HUNG+GARMENT+CO.,LTD+NAM+DINH+Vietnam",4.5,,
"DAE YANG VINA Co.,Ltd","Lot 4, Thuy Van I.Z, Viet Tri, Phu Tho",PHU THO,+842103991818,제조업,"https://www.google.com/maps/search/DAE+YANG+VINA+Co.,Ltd+PHU+THO+Vietnam",4.7,,
Dae Yeon K.C,"Đồng Hải, An Hưng, An Dương, Hải Phòng",HUNG YEN,,제조업,https://www.google.com/maps/search/Dae+Yeon+K.C+HUNG+YEN+Vietnam,4.0,,
"DAE YOUNG CHEMICAL VINA CO.,LTD","Vinh Cat Building, No.39, Ly Thai To, Vo Cuong, Bac Ninh",BAC NINH,,"유통, 도소매, 무역","https://www.google.com/maps/search/DAE+YOUNG+CHEMICAL+VINA+CO.,LTD+BAC+NINH+Vietnam",4.5,,
DAEDONG VIETNAM TOTAL TRADING,"So 9, ngo 267, Hoang Hoa Tham, Lieu Giai, Ba Dinh, Hanoi BRANCH: Phuong Lieu, Que Vo, Bac Ninh",HA NOI,+84934640930,"유통, 도소매, 무역",https://www.google.com/maps/search/DAEDONG+VIETNAM+TOTAL+TRADING+HA+NOI+Vietnam,,,
DAEDONG VINA,"Road N3, Chau Son I.Z, Phu Ly, Ha Nam",HA NAM,+842263889700,제조업,https://www.google.com/maps/search/DAEDONG+VINA+HA+NAM+Vietnam,4.6,,
"DAEDUCK VIETNAM Co.,Ltd","Ba Thien I.Z, Ba Hien, Binh Xuyen, VINH PHUC",VINH PHUC,+842112481996,"전자, 전기 제조업","https://www.google.com/maps/search/DAEDUCK+VIETNAM+Co.,Ltd+VINH+PHUC+Vietnam",,,
DAEHAN ELECTRICS,"Thôn Mộc Ty, Xã Trưng Trắc, Huyện Văn Lâm, Hưng Yên",HUNG YEN,+842213997556,제조업,https://www.google.com/maps/search/DAEHAN+ELECTRICS+HUNG+YEN+Vietnam,4.0,,
DAEHAN VINA ENGINEERING LIMITED COMPANY,"No. 38/193 Van Cao, Dang Lam, Hai An, Hai Phong",HAI PHONG,+84935505650,"환경, 설비, 기계",https://www.google.com/maps/search/DAEHAN+VINA+ENGINEERING+LIMITED+COMPANY+HAI+PHONG+Vietnam,4.0,,
"DAEHEUNG CO.,LTD","Hap Linh I.Z, Bac Ninh",BAC NINH,+842223737812,제조업,"https://www.google.com/maps/search/DAEHEUNG+CO.,LTD+BAC+NINH+Vietnam",4.2,,
DAEHEUNG VIETNAM COMPANY LIMITED,"Chi Ho, Tan chi, Tien Du, Bac Ninh",BAC NINH,+843495585130,제조업,https://www.google.com/maps/search/DAEHEUNG+VIETNAM+COMPANY+LIMITED+BAC+NINH+Vietnam,4.4,,
DAEHO SPECIAL STEEL VINA,"Dai An I.Z, Tu Minh, Hai Duong",HAI DUONG,+842203570445,건설 및 건설자재,https://www.google.com/maps/search/DAEHO+SPECIAL+STEEL+VINA+HAI+DUONG+Vietnam,4.3,,
DAEHYUNSTJB VINA,"KCN Quế võ mở rộng, Xã Phương Liễu, Huyện Quế Võ, Tỉnh Bắc Ninh",BAC NINH,+842223903078,제조업,https://www.google.com/maps/search/DAEHYUNSTJB+VINA+BAC+NINH+Vietnam,4.2,,
DAEHYUP ST,"Lot C6-1-1, Que Vo l.P, Nam Son, Bac Ninh",BAC NINH,+842223621806,제조업,https://www.google.com/maps/search/DAEHYUP+ST+BAC+NINH+Vietnam,4.2,,
"DAEIL TECH VINA CO.,LTD","Lot F4-1, Que Vo I.P, Nam Son, Bac Ninh",BAC NINH,+842223621017,"전자, 전기 제조업","https://www.google.com/maps/search/DAEIL+TECH+VINA+CO.,LTD+BAC+NINH+Vietnam",4.9,,
DAEJIN SANUP VIETNAM,"Lot A2 CN1, Small and Medium I.C, Tu Liem, Hanoi",HA NOI,+842422175656,제조업,https://www.google.com/maps/search/DAEJIN+SANUP+VIETNAM+HA+NOI+Vietnam,3.8,,
DAEJIN TECH,"A1505, 15F, Tower B, Song Da Building, Pham Hung, My Dinh, Hanoi",HA NOI,+842471091868,"전자, 전기 제조업",https://www.google.com/maps/search/DAEJIN+TECH+HA+NOI+Vietnam,4.5,,
DAEJINSUN VINA,"Lo CN10, CCN Gia Phu, Xa Gia Phu, Huyen Gia Vien, Ninh Binh",NINH BINH,+842293833123,제조업,https://www.google.com/maps/search/DAEJINSUN+VINA+NINH+BINH+Vietnam,4.3,,
Daekhon Vina,"CÔNG TY TNHH DAEKHON VINA Thôn Yên Lãng, Xã Yên Trung, Huyện Yên Phong, Tỉnh Bắc Ninh, Việt Nam",BAC NINH,+842223906009,"유통, 도소매, 무역",https://www.google.com/maps/search/Daekhon+Vina+BAC+NINH+Vietnam,,,
"DAELIM ENC CO.,LTD","No 112-TT3, My Dinh, Me Tri, Nam Tu Liem, Hanoi",HA NOI,+842437932506,건설 및 건설자재,"https://www.google.com/maps/search/DAELIM+ENC+CO.,LTD+HA+NOI+Vietnam",4.7,,
"DAELIM INDUSTRIAL CO.,LTD","Unit 1911, 19th floor, Keangnam Landmark 72 Tower, Pham Hung, Cau Giay, Me Tri, Tu Liem, Hanoi",HA NOI,+842438378330,건설 및 건설자재,"https://www.google.com/maps/search/DAELIM+INDUSTRIAL+CO.,LTD+HA+NOI+Vietnam",3.9,,
"DAEMYUNG CONSTRUCTION CO.,LTD","15th floor, Block B Song Da Building, Pham Hung Street, My Dinh 1 Ward, Nam Tu Liem District, Ha Noi city",HA NOI,+842462814240,건설 및 건설자재,"https://www.google.com/maps/search/DAEMYUNG+CONSTRUCTION+CO.,LTD+HA+NOI+Vietnam",3.8,,
DAERIM TECH VINA,"Khu B, KCN Song Cong I.P, Bach Quang, Song Cong, Thai Nguyen",THAI NGUYEN,+842083762589,제조업,https://www.google.com/maps/search/DAERIM+TECH+VINA+THAI+NGUYEN+Vietnam,4.6,,
DAESANG DUC VIET JSC,"Tầng 12, tòa nhà IC, số 82 phố Duy Tân, phường Dịch Vọng Hậu, quận Cầu Giấy, Tp. Hà Nội BRANCH: Lieu ha, Tan Lap, Yen My, Hung Yen",HA NOI,+842437764322,제조업,https://www.google.com/maps/search/DAESANG+DUC+VIET+JSC+HA+NOI+Vietnam,4.6,,
DAESIN,"KCN Điềm thuỵ, xã Điềm Thuỵ, Phú bình, Thái Nguyên",THAI NGUYEN,+84327474648,"전자, 전기 제조업",https://www.google.com/maps/search/DAESIN+THAI+NGUYEN+Vietnam,4.5,,
DAESIN GLOBAL,"Kiot 12-13, 17T2 Trung Van, Nam Tu Liem, Hanoi",HA NOI,+842437878796,"물류, 운수, 여행업",https://www.google.com/maps/search/DAESIN+GLOBAL+HA+NOI+Vietnam,4.0,,
DAESIN IMPORT EXPORT EXCHANGE SERVICE COMPANY LIMITED,"Kiot 12+13, CT17-T2, Trung Van Vinaconex 3, ha Noi",HA NOI,+842437878796,"물류, 운수, 여행업",https://www.google.com/maps/search/DAESIN+IMPORT+EXPORT+EXCHANGE+SERVICE+COMPANY+LIMITED+HA+NOI+Vietnam,4.3,,
"DAESUN VINA CO.,LTD","Lot CN5,1B, Dinh VU I.Z, Dong Hai 2, Hai An, Hai Phong",HAI PHONG,+842462860808,제조업,"https://www.google.com/maps/search/DAESUN+VINA+CO.,LTD+HAI+PHONG+Vietnam",4.6,,
DAESUNG DNC VINA,"Floor 25, Block B Song Da Building, Pham Hung, My Dinh 1, Nam Tu Liem, Hanoi",HA NOI,+84964696840,법무.회계.투자자문,https://www.google.com/maps/search/DAESUNG+DNC+VINA+HA+NOI+Vietnam,4.4,,
DAESUNG HI-TECH VINA CO.LTD,"Duong TS9, KCN Tien Son, Thong Giang, Tu Son, Bac Ninh",BAC NINH,+842223734412,제조업,https://www.google.com/maps/search/DAESUNG+HI-TECH+VINA+CO.LTD+BAC+NINH+Vietnam,4.8,,
"DAEWON ADVISORY Co.,Ltd","1907-4, 19Fl, Keangnam Landmark72, Pham Hung, Nam Tu Liem, Hanoi",HA NOI,+842462823088,법무.회계.투자자문,"https://www.google.com/maps/search/DAEWON+ADVISORY+Co.,Ltd+HA+NOI+Vietnam",4.6,,
"DAEWON E&C CO.,LTD","28th Floor, Handico Tower, Pham hung, Me tri , Nam Tu Liem , Hanoi",HA NOI,+842437404006,건설 및 건설자재,"https://www.google.com/maps/search/DAEWON+E&C+CO.,LTD+HA+NOI+Vietnam",4.4,,
DAEWOO E&C REPRESENTATIVE OFFICE,"Lô H3-CCV1, Khu trung tâm Khu đô thị Tây Hồ Tây, phường Xuân Tảo, quận Bắc Từ Liêm, Hà Nội",HA NOI,+842438315200,"대표사무소, 지사",https://www.google.com/maps/search/DAEWOO+E&C+REPRESENTATIVE+OFFICE+HA+NOI+Vietnam,,,
DAEWOO ENGINEERING&CONSTRUCTION VIETNAM (DECV),"The Central Area of Tay Ho Tay New, Xuan Tao, Bac Tu Liem, Hanoi",HA NOI,+842432444671,건설 및 건설자재,https://www.google.com/maps/search/DAEWOO+ENGINEERING&CONSTRUCTION+VIETNAM+(DECV)+HA+NOI+Vietnam,4.1,,
DAEWOO INVESTMENT & DEVELOPMENT,"Room 1509A, 15th floor, CharmVit tower – 117 Tran Duy Hung Str., Cau Giay Dist., Ha Noi",HA NOI,+842438315219,법무.회계.투자자문,https://www.google.com/maps/search/DAEWOO+INVESTMENT+&+DEVELOPMENT+HA+NOI+Vietnam,4.6,,
"DAEYANG BG CO.,LTD","Lo CN -17 (Thue nha xuong cua cong ty TNHH S CONNECT BG VINA), KCN Van Trung, Van Trung, Viet Yen, Bac Giang",BAC GIANG,+842046268068,"전자, 전기 제조업","https://www.google.com/maps/search/DAEYANG+BG+CO.,LTD+BAC+GIANG+Vietnam",3.8,,
DAEYANG E&A,"8F Ttc Tower, 19 Duy Tan, Cau Giay, Hanoi",HA NOI,+84849231111,건설 및 건설자재,https://www.google.com/maps/search/DAEYANG+E&A+HA+NOI+Vietnam,4.7,,
DAEYANG HA NOI,"No.2, Alley 2, Trung Kinh, Cau Giay, Hanoi BRANCH: Dong Dinh IZ, Tan Yen dist, Bac Giang",HA NOI,+842462596292,"전자, 전기 제조업",https://www.google.com/maps/search/DAEYANG+HA+NOI+HA+NOI+Vietnam,4.3,,
Daeyu Vina,"Le Chan Road, Thi Son Commune, Kim Bang District,400000 Ha Nam Province, Viet Nam.",HA NAM,+842263533266,"전자, 전기 제조업",https://www.google.com/maps/search/Daeyu+Vina+HA+NAM+Vietnam,4.5,,
DAHAM,"KCN Điềm thuỵ, xã Điềm Thuỵ, Phú bình, Thái Nguyên",THAI NGUYEN,+842082490180,제조업,https://www.google.com/maps/search/DAHAM+THAI+NGUYEN+Vietnam,3.9,,
"DAHAM VINA CO.,LTD","Lot CN 3, KCN Diem Thuy, Diem Thuy, Phu Binh, Thai Nguyen",THAI NGUYEN,+842082490180,"전자, 전기 제조업","https://www.google.com/maps/search/DAHAM+VINA+CO.,LTD+THAI+NGUYEN+Vietnam",4.2,,
DAHAN HOIAN,"Thon Vong Nhi, Xa Cam Thanh, Hoi An, Quang Nam",QUANG NAM,+84777486561,"숙박, 요식, 급식",https://www.google.com/maps/search/DAHAN+HOIAN+QUANG+NAM+Vietnam,,,
DAI AN JSC,"Dai An Lz, Km51, Highway no.5, Tu Ninh , Hai Duong",HAI DUONG,+842203555888,부동산개발.임대,https://www.google.com/maps/search/DAI+AN+JSC+HAI+DUONG+Vietnam,4.3,,
DAI HA LAW FIRM,"So 44, ngo 282, Lac Long Quan, Buoi, Tay Ho, Hanoi BRANCH: Room 202, Building 184, Hoang Quoc Viet, Bac Tu Liem, Hanoi",HA NOI,+842437534022,법무.회계.투자자문,https://www.google.com/maps/search/DAI+HA+LAW+FIRM+HA+NOI+Vietnam,4.2,,
Dai Minh Trading Service & Tourism Company Limitted,"Lô 118, TT3, KĐt Mỹ Đình, phường Mỹ Đình 1, Q. Nam Từ Liêm, Hà Nội",HA NOI,+842435623777,"물류, 운수, 여행업",https://www.google.com/maps/search/Dai+Minh+Trading+Service+&+Tourism+Company+Limitted+HA+NOI+Vietnam,4.5,,
"DAI NAM Environment Co.,Ltd","Ha Noi, Nam Tu Liem, Trung Van, Trung Van urban Area, BT4-2,18",BAC NINH,+84967263350,"환경, 설비, 기계","https://www.google.com/maps/search/DAI+NAM+Environment+Co.,Ltd+BAC+NINH+Vietnam",4.6,,
DAI SON TRADING& FORWARDING,"Lo11 Bt1 Me Tri Ha, Tu Liem, Hanoi",HA NOI,+842437878904,"물류, 운수, 여행업",https://www.google.com/maps/search/DAI+SON+TRADING&+FORWARDING+HA+NOI+Vietnam,4.6,,
"DAI THANH E&M TECHNOLOGY CO.,LTD","No.110 Me Tri Ha, Me Tri, Nam Tu Liem, Hanoi",HA NOI,+842432321184,"전자, 전기 제조업","https://www.google.com/maps/search/DAI+THANH+E&M+TECHNOLOGY+CO.,LTD+HA+NOI+Vietnam",4.4,,
DAIHA CONSULTING,"VP 6-3, 6th floor, Comatce tower, 61 Nguy Nhu Kon Tum, Nhan Chinh, Thanh Xuan, Hanoi",HA NOI,+842462534958,법무.회계.투자자문,https://www.google.com/maps/search/DAIHA+CONSULTING+HA+NOI+Vietnam,4.6,,
DAIJIN EXPRESS VIETNAM,"Room 701, TTC Bld., 19 Duy Tan, Dich Vong Hau, Cau Giay, Ha Noi",HA NOI,+842432242571,"물류, 운수, 여행업",https://www.google.com/maps/search/DAIJIN+EXPRESS+VIETNAM+HA+NOI+Vietnam,3.8,,
"DAIJIN VINA CO.,LTD","Lot U1-U3, 10B and Road Side DT 602, Expanded Hoa Khanh I.Z, Hoa Khanh Bac, Lien Chieu, Da Nang",DA NANG,+842363641788,"유통, 도소매, 무역","https://www.google.com/maps/search/DAIJIN+VINA+CO.,LTD+DA+NANG+Vietnam",4.0,,
"DAIN TOYS VINA CO.,LTD","Lot 1 Hoang Dieu I.G, Hoang Dieu, Gia Loc, Hai Duong",HAI DUONG,+842203711688,"섬유, 의류, 봉제 제조","https://www.google.com/maps/search/DAIN+TOYS+VINA+CO.,LTD+HAI+DUONG+Vietnam",4.6,,
"DAISIN VINA CO., LTD","So Dong Village, Long Hung Commune, Van Giang District, Hung Yen Province, Vietnam",HUNG YEN,,제조업,"https://www.google.com/maps/search/DAISIN+VINA+CO.,+LTD+HUNG+YEN+Vietnam",3.9,,
DAL TECH,"Lô KT1-A-1, KCN Quế Võ (khu vực mở rộng), xã Nam Sơn, Thành phố Bắc Ninh",BAC NINH,,제조업,https://www.google.com/maps/search/DAL+TECH+BAC+NINH+Vietnam,3.8,,
DAMO VINA,"Keu Zone, Dao Duc, Binh Xuyen, VINH PHUC (leasing factory of Dong Khanh Construction and Trading Company Limited)",VINH PHUC,+842113512111,"전자, 전기 제조업",https://www.google.com/maps/search/DAMO+VINA+VINH+PHUC+Vietnam,,,
Dang Khoa Vietnam Co Ltd,"510 Truong Chinh Street, Nam Dinh",NAM DINH,,"섬유, 의류, 봉제 제조",https://www.google.com/maps/search/Dang+Khoa+Vietnam+Co+Ltd+NAM+DINH+Vietnam,4.4,,
DAO SEN GOLF,"No.125 Nguyen Son street, Gia Thuy ward, Long Bien district, Hanoi",HA NOI,+84936023322,"오락, 문화, 전시, 체육",https://www.google.com/maps/search/DAO+SEN+GOLF+HA+NOI+Vietnam,,,
DAON ENG VINA LIMITED COMPANY,"No 9, Hoang Hoa Tham street, Bac Ninh",BAC NINH,+842223908655,"유통, 도소매, 무역",https://www.google.com/maps/search/DAON+ENG+VINA+LIMITED+COMPANY+BAC+NINH+Vietnam,4.3,,
"DAON VIETNAM CO., LTD","KCN Dong Lang, Phu Ninh, Phu Ninh, Phu Tho",PHU THO,+842103860227,제조업,"https://www.google.com/maps/search/DAON+VIETNAM+CO.,+LTD+PHU+THO+Vietnam",4.4,,
DARAM,"LK02-02, Hai Phat Plaza Commercial Complex and Service Apt., Dai Mo, Nam Tu Liem, Hanoi",HA NOI,+842466603638,"유통, 도소매, 무역",https://www.google.com/maps/search/DARAM+HA+NOI+Vietnam,4.3,,
"DASA ENGINEERING Co.,ltd","P.0914, 9F, CT1 Bld., HD MON Nguyen Co Thanh, My Dinh, Hanoi",HA NOI,+842462690439,건설 및 건설자재,"https://www.google.com/maps/search/DASA+ENGINEERING+Co.,ltd+HA+NOI+Vietnam",4.4,,
DASAN,"Chau Son IZ, Phu Ly city, Ha Nam",HA NAM,+842263883141,제조업,https://www.google.com/maps/search/DASAN+HA+NAM+Vietnam,4.4,,
"DASUKA LOGISTICS CO.,LTD","Cau Nga Str.- Van Duong – Bac Ninh City – Bac Ninh BRANCH: #1907, 19th floor Charmvit Tower, 117 Tran Duy Hung, Ha Noi",BAC NINH,+842432216227,"물류, 운수, 여행업","https://www.google.com/maps/search/DASUKA+LOGISTICS+CO.,LTD+BAC+NINH+Vietnam",4.1,,
DAUM & JUNG AN,"Km5, My Hung, My Loc, Nam Dinh",NAM DINH,+842283814222,"섬유, 의류, 봉제 제조",https://www.google.com/maps/search/DAUM+&+JUNG+AN+NAM+DINH+Vietnam,4.8,,
DAVIMODE,"#110-210, DN3, CT5, My Dinh Song Da, My Dinh 1, Tu Liem, Hanoi",HA NOI,+842437878962,"금융, 보험",https://www.google.com/maps/search/DAVIMODE+HA+NOI+Vietnam,4.0,,
DAVO VINA,"Phu Ha IP, Ha Thach commune, Phu Tho Town, Phu Tho province",PHU THO,+842103822588,제조업,https://www.google.com/maps/search/DAVO+VINA+PHU+THO+Vietnam,4.4,,
DAWON ELECTRONIC VINA,"Lot FJ-08, Song Khe Industrial Park- Noi Hoang Southern, Tien Phong, Yen Dung, Bac Giang",BAC GIANG,+842043559788,"전자, 전기 제조업",https://www.google.com/maps/search/DAWON+ELECTRONIC+VINA+BAC+GIANG+Vietnam,4.5,,
DAWON VINA,"Lot D6, Dinh Tram Iz, Viet Yen Dist, Bac Giang",BAC GIANG,+842043661908,"전자, 전기 제조업",https://www.google.com/maps/search/DAWON+VINA+BAC+GIANG+Vietnam,4.3,,
DAYEON BIJOU VIETNAM,"Dong Van I.Z, Duy Tien dist., Ha Nam",HA NAM,+842263587555,제조업,https://www.google.com/maps/search/DAYEON+BIJOU+VIETNAM+HA+NAM+Vietnam,4.2,,
DAYOU AP VINA COMPANY LIMITED,"Lot CN-05, South Zone A, KCN Bim Son, Bac Son, Bim Son, Thanh Hoa",THANH HOA,+842373766188,제조업,https://www.google.com/maps/search/DAYOU+AP+VINA+COMPANY+LIMITED+THANH+HOA+Vietnam,4.3,,
"DAYUN VINA CO.,LTD","KCN Binh Xuyen II, Thi tran Ba Hien, Binh Xuyen, VINH PHUC",VINH PHUC,+84949777825,"전자, 전기 제조업","https://www.google.com/maps/search/DAYUN+VINA+CO.,LTD+VINH+PHUC+Vietnam",,,
DB INSURANCE,"95 TRAN THAI TONG, DICH VONG, CAU GIAY, HA NOI",HA NOI,+842437724460,"금융, 보험",https://www.google.com/maps/search/DB+INSURANCE+HA+NOI+Vietnam,3.8,,
DBSR VINA LIMITED COMPANY,"Lot CN10, KCN Thanh Minh, Thanh Minh, Phu Tho",PHU THO,+842106575628,제조업,https://www.google.com/maps/search/DBSR+VINA+LIMITED+COMPANY+PHU+THO+Vietnam,4.2,,
DEEP C INDUSTRIAL ZONES,"5F, Harbour View office building, 12 Tran Phu, Hai Phong",HAI PHONG,+842253836169,부동산개발.임대,https://www.google.com/maps/search/DEEP+C+INDUSTRIAL+ZONES+HAI+PHONG+Vietnam,4.3,,
"DEER'S INNOVATION VINA CO.,LTD","Lot Cn-01, Van Trung I.Z, Viet Yen, Bac Giang",BAC GIANG,+84705305376,제조업,"https://www.google.com/maps/search/DEER'S+INNOVATION+VINA+CO.,LTD+BAC+GIANG+Vietnam",4.7,,
DELCO CONSTRUCTION AND INVESTMENT JOINT STOCK COMPANY,"10th Floor, Viwaseen Tower – No. 48, To Huu Str., Nam Tu Liem Dist., Hanoi, Vietnam / 베트남, 하노이시, 남뜨리엠군, 쭝반동, 토흐우거리 48 BRANCH: DELCO High-tech Farm, Nguyet Duc Commune, Thuan Thanh District, Bac Ninh Province / 베트남, 박닌, 투안타잉, 응우엣득, DELCO 첨단기술 농장",HA NOI,+84936781080,건설 및 건설자재,https://www.google.com/maps/search/DELCO+CONSTRUCTION+AND+INVESTMENT+JOINT+STOCK+COMPANY+HA+NOI+Vietnam,4.4,,
"DELIVERY K CO.,LTD","3F, 685 Ngo Quyen, An Hai Bac, Son Tra, Da Nang",DA NANG,+84934860001,"유통, 도소매, 무역","https://www.google.com/maps/search/DELIVERY+K+CO.,LTD+DA+NANG+Vietnam",4.4,,
Deloitte Vietnam,"Hanoi: 15th Floor, Vinaconex Tower, 34 Lang Ha Street, Dong Da District, Hanoi, Vietnam BRANCH: HO CHI MINH: 18th Floor, Times Square Building, 57-69F Dong Khoi Street, District 1, Ho Chi Minh City, Vietnam",HA NOI,+842462883568,법무.회계.투자자문,https://www.google.com/maps/search/Deloitte+Vietnam+HA+NOI+Vietnam,4.8,,
"DEOKBU INTERNATIONAL CO.,LTD.","Bach Sam, My Hao, Hung Yen",HUNG YEN,+842213949814,제조업,"https://www.google.com/maps/search/DEOKBU+INTERNATIONAL+CO.,LTD.+HUNG+YEN+Vietnam",,,
"DEOKWON VINA Co.,Ltd","Lot H3-3, Que Vo I.P, Van Duong, Bac Ninh",BAC NINH,+842223634111,"환경, 설비, 기계","https://www.google.com/maps/search/DEOKWON+VINA+Co.,Ltd+BAC+NINH+Vietnam",4.5,,
DESCENTE KOREA,"#A306, The Manor Bldg., Me Tri, My Dinh 1, Nam Tu Liem, Hanoi",HA NOI,+842437946125,"섬유, 의류, 봉제 제조",https://www.google.com/maps/search/DESCENTE+KOREA+HA+NOI+Vietnam,4.4,,
DESIGN 2.1,"Room 15E, 1st Floor HL Tower Building, No. 6/82 Duy Tan Street, Dich Vong Hau, Cau Giay, Hanoi",HA NOI,+842435562907,건설 및 건설자재,https://www.google.com/maps/search/DESIGN+2.1+HA+NOI+Vietnam,4.1,,
DESIGN COUNCIL BUSAN,"#307, 57 Centumdong-ro, Haeundae-gu, Busan, Korea",KOREA,+82517901000,"섬유, 의류, 봉제 제조",https://www.google.com/maps/search/DESIGN+COUNCIL+BUSAN+KOREA+Vietnam,4.7,,
DESIGN METAL VINA COMPANY LIMITED,"KCN Diem Thuy, Diem Thuy, Phu Binh, Thai Nguyen",THAI NGUYEN,+842083931559,제조업,https://www.google.com/maps/search/DESIGN+METAL+VINA+COMPANY+LIMITED+THAI+NGUYEN+Vietnam,,,
"DFK VIETNAM AUDITING & CONSULTING CO.,LTD","Level 22, Hapulico Center Building, No. 1, Nguyen Huy Tuong, Thanh Xuan, Hanoi",HA NOI,+842435592222,법무.회계.투자자문,"https://www.google.com/maps/search/DFK+VIETNAM+AUDITING+&+CONSULTING+CO.,LTD+HA+NOI+Vietnam",4.3,,
DGMV,"Lo Cn13, Cum cong nghiep Gia Van , xa Gia Van, huyen Gia Vien, tinh Ninh, Viet Nam",NINH BINH,+842293658558,제조업,https://www.google.com/maps/search/DGMV+NINH+BINH+Vietnam,4.4,,
DH Innorex Vina Company Limited,"Lô đất CN4.3A, KCN Đình Vũ, phường Đông Hải 2, Quận Hải An, TP Hải Phòng",HAI PHONG,+842258831180,"전자, 전기 제조업",https://www.google.com/maps/search/DH+Innorex+Vina+Company+Limited+HAI+PHONG+Vietnam,4.4,,
DH TEXTILE COMPANY LIMITED,"Lot D4, KCN Tam Thanh, Tam Thanh, Tam Ky, Quang Nam",QUANG NAM,+842353525757,"섬유, 의류, 봉제 제조",https://www.google.com/maps/search/DH+TEXTILE+COMPANY+LIMITED+QUANG+NAM+Vietnam,4.7,,
"DHA INTERNATIONAL CO.,LTD","1504, 125 Hoang Ngan plaza, Apartment & Condo Building, Hanoi",HA NOI,+842462512245,"섬유, 의류, 봉제 제조","https://www.google.com/maps/search/DHA+INTERNATIONAL+CO.,LTD+HA+NOI+Vietnam",4.1,,
DHL GLOBAL FORWARDING VIETNAM,"Unit 1801, Charmvit Tower, 117 Tran Duy Hung, Trung Hoa, Cau Giay, Hanoi",HA NOI,+842437737898,"물류, 운수, 여행업",https://www.google.com/maps/search/DHL+GLOBAL+FORWARDING+VIETNAM+HA+NOI+Vietnam,4.5,,
"DIABELL VINA CO.,LTD","Lot CN-02, KCN Van Trung, Van Trung, Viet Yen, Bac Giang",BAC GIANG,+842043875015,제조업,"https://www.google.com/maps/search/DIABELL+VINA+CO.,LTD+BAC+GIANG+Vietnam",4.5,,
DIC VINA,"Lot CN07-4,Yen Phong Extended Industrial Park,Yen Trung Commune, Bac Ninh Province, Vietnam",BAC NINH,+842223714292,"전자, 전기 제조업",https://www.google.com/maps/search/DIC+VINA+BAC+NINH+Vietnam,4.5,,
DIDIMDOL LOGISTICS HA NOI,"No.3 Le Quang Dao, Nam Tu Liem, Hanoi",HA NOI,+842838991756,"물류, 운수, 여행업",https://www.google.com/maps/search/DIDIMDOL+LOGISTICS+HA+NOI+HA+NOI+Vietnam,4.4,,
"DIOS INVESTMENT VINA CO.,LTD","4th floor, 27 Tran Duy Hung, Trung Hoa, Cau Giay, Hanoi",HA NOI,+842438454888,법무.회계.투자자문,"https://www.google.com/maps/search/DIOS+INVESTMENT+VINA+CO.,LTD+HA+NOI+Vietnam",4.4,,
DIOSTECH VINA,"Binh Xuyen II I.Z, Ba Hien, Binh Xuyen, VINH PHUC",VINH PHUC,+842113592730,"전자, 전기 제조업",https://www.google.com/maps/search/DIOSTECH+VINA+VINH+PHUC+Vietnam,,,
"DITECH CO.,LTD","Thôn Nho Tràng, Vĩnh Khúc, Văn Giang,  HưngYên",HUNG YEN,+842213997056,"환경, 설비, 기계","https://www.google.com/maps/search/DITECH+CO.,LTD+HUNG+YEN+Vietnam",4.5,,
"DIVIDE GROUP Co.,Ltd","26 An Cu 5, An Hai Bac, Son Tra, Da Nang",DA NANG,+842363848299,"유통, 도소매, 무역","https://www.google.com/maps/search/DIVIDE+GROUP+Co.,Ltd+DA+NANG+Vietnam",4.5,,
DK Consulting Vietnam,"TANG3, CD3 (Villa ju) Yen Hoa, Cau Giay, Hanoi",HA NOI,+84868219061,법무.회계.투자자문,https://www.google.com/maps/search/DK+Consulting+Vietnam+HA+NOI+Vietnam,4.4,,
"DK INTERNATIONAL Co.,Ltd","Lot CN 11, Tu Da - An Dao I.C, Binh Phu, Phu Ninh, Phu Tho",PHU THO,,제조업,"https://www.google.com/maps/search/DK+INTERNATIONAL+Co.,Ltd+PHU+THO+Vietnam",4.1,,
DK VIET NAM COMPANY LIMITED,"D3, Lot G, KCN Hoa Mac, Hoa Mac, Duy Tien, Ha Nam",HA NAM,+842263589575,제조업,https://www.google.com/maps/search/DK+VIET+NAM+COMPANY+LIMITED+HA+NAM+Vietnam,4.8,,
DKSH VIETNAM,"10th Floor, CEO Tower, Lot HH 2-1, Me Tri Ha, Pham Hung, Hanoi",HA NOI,+842437877979,"유통, 도소매, 무역",https://www.google.com/maps/search/DKSH+VIETNAM+HA+NOI+Vietnam,4.4,,
D-MAX HA NOI,"Dai Dong-Hoan Son I.P, Hoan Son, Tien Du, Bac Ninh",BAC NINH,+842223848520,"전자, 전기 제조업",https://www.google.com/maps/search/D-MAX+HA+NOI+BAC+NINH+Vietnam,4.9,,
"DMK GLOBAL VINA CO., LTD.","KCN Dong Van I, Bach Thuong, Duy Tien, Ha Nam",HA NAM,+84375888626,제조업,"https://www.google.com/maps/search/DMK+GLOBAL+VINA+CO.,+LTD.+HA+NAM+Vietnam",4.6,,
DMK HOLDINGS COMPANY LIMITED,"1st floor, lot138, mapsheet no 66, Vo Cuong, Bac Ninh",BAC NINH,,"유통, 도소매, 무역",https://www.google.com/maps/search/DMK+HOLDINGS+COMPANY+LIMITED+BAC+NINH+Vietnam,4.2,,
DMR VINA,"Road D1, Section e, Hoa Mac Industrial Park, Trac Van Commune, Duy Tien, Ha Nam, Viet Nam",HA NAM,+842263584235,제조업,https://www.google.com/maps/search/DMR+VINA+HA+NAM+Vietnam,4.4,,
DND TECHH VINA COMPANY LIMITED,"KCN Hap Linh, Hap Linh, Bac Ninh",BAC NINH,+84353101290,제조업,https://www.google.com/maps/search/DND+TECHH+VINA+COMPANY+LIMITED+BAC+NINH+Vietnam,4.3,,
"DNS VINA CO.,LTD","LB29 Nguyen Thi Dinh, Nhan Chinh, Thanh Xuan, Hanoi",HA NOI,+842477739888,건설 및 건설자재,"https://www.google.com/maps/search/DNS+VINA+CO.,LTD+HA+NOI+Vietnam",3.8,,
"DOALLTECH VIETNAM CO., LTD","P.318 & 318A, T3, Thap C, Toa Udic Complex Hoang Dao Thuy, Trung Hoa, Cau Giay, Ha Noi.",HA NOI,+842473001668,건설 및 건설자재,"https://www.google.com/maps/search/DOALLTECH+VIETNAM+CO.,+LTD+HA+NOI+Vietnam",4.4,,
"DOHWA ENGINEERING Co.,Ltd","Room 185, 18th floor, Hoa Binh International Towers - 106 Hoang Quoc Viet, Cau Giay, Hanoi",HA NOI,+842437557164,건설 및 건설자재,"https://www.google.com/maps/search/DOHWA+ENGINEERING+Co.,Ltd+HA+NOI+Vietnam",4.5,,
DOLCE BY WYNDHAM HA NOI GOLDEN LAKE,"B7 GIẢNG VÕ STREET, BA ĐÌNH DISTRICT, HA NOI",HA NOI,+842433659999,"숙박, 요식, 급식",https://www.google.com/maps/search/DOLCE+BY+WYNDHAM+HA+NOI+GOLDEN+LAKE+HA+NOI+Vietnam,4.5,,
DOLPHIN SEA AIR SERVICES,"7th Floor, Hai Au Bld, 39B Truong Son, Ward 4, Tan Binh, HO CHI MINH",HO CHI MINH,+842862647222,"물류, 운수, 여행업",https://www.google.com/maps/search/DOLPHIN+SEA+AIR+SERVICES+HO+CHI+MINH+Vietnam,4.2,,
DOLPHIN SEA AIR SERVICES CORPORATION,"18th Floor, Epic Tower, 19 Duy Tan Street, Cau Giay District, Hanoi, Vietnam",HA NOI,+841900986813,"물류, 운수, 여행업",https://www.google.com/maps/search/DOLPHIN+SEA+AIR+SERVICES+CORPORATION+HA+NOI+Vietnam,,,
DONG DO FIRE FIGHTING INVESTMENT CONSTRUCTION JOINT STOCK COMPANY,"Số 70, đường Dịch Vọng Hậu, phường Dịch Vọng Hậu, quận Cầu Giấy, thành phố Hà Nội, Việt Nam",HO CHI MINH,+84915155787,기타,https://www.google.com/maps/search/DONG+DO+FIRE+FIGHTING+INVESTMENT+CONSTRUCTION+JOINT+STOCK+COMPANY+HO+CHI+MINH+Vietnam,4.2,,
"Dong Hanh C&T Co., Ltd","An Binh City, Pham Van Dong str., Co Nhue 1, Bac Tu Liem Dist., Hanoi",HA NOI,+84908382077,"유통, 도소매, 무역","https://www.google.com/maps/search/Dong+Hanh+C&T+Co.,+Ltd+HA+NOI+Vietnam",4.8,,
DONG HWA Hanoi COMPANY LIMITED,"4F, 164 Tran Vy, Mai Dich, Cau Giay, Hanoi Vietnam",HA NOI,+842432000076,법무.회계.투자자문,https://www.google.com/maps/search/DONG+HWA+Hanoi+COMPANY+LIMITED+HA+NOI+Vietnam,4.1,,
"DONG LANG TASCO INFRASTRUCTURE DEVELOPMENT CO.,LTD","Dong Lan IZ, Phu Ninh, Phu Tho",PHU THO,+842103970957,부동산개발.임대,"https://www.google.com/maps/search/DONG+LANG+TASCO+INFRASTRUCTURE+DEVELOPMENT+CO.,LTD+PHU+THO+Vietnam",4.0,,
"DONG MYUNG CONSTRUCTION Co.,Ltd","No.09.09 St. Song Than 1 I.P, Di An, Binh Duong",BINH DUONG,+842743793190,건설 및 건설자재,"https://www.google.com/maps/search/DONG+MYUNG+CONSTRUCTION+Co.,Ltd+BINH+DUONG+Vietnam",4.5,,
DONG NAM VINA,"16th floor, Vinaconex 9 building - Pham Hung, Tu Liem, Hanoi",HA NOI,+842437878703,건설 및 건설자재,https://www.google.com/maps/search/DONG+NAM+VINA+HA+NOI+Vietnam,4.3,,
DONG SAN VINA PRECISION,"Lot B11, Ba Thien II I.P, Thien Ke, Binh Xuyen, VINH PHUC",VINH PHUC,+842113816555,"전자, 전기 제조업",https://www.google.com/maps/search/DONG+SAN+VINA+PRECISION+VINH+PHUC+Vietnam,3.8,,
"Dong Shin Coil Co.,Ltd.","Hoang Ly 3, Hoang Dong, Duy Tien, Ha Nam",HA NAM,+842263580586,"전자, 전기 제조업","https://www.google.com/maps/search/Dong+Shin+Coil+Co.,Ltd.+HA+NAM+Vietnam",3.9,,
DONG SUNG VINA,"Lot CN 3-3(2), DIEM THUY INDUSTRIAL ZONE, DIEM THUY COMMUNE, PHU BINH DISTRICT, THAI NGUYEN PROVINCE, VIETNAM",THAI NGUYEN,+842083931700,"전자, 전기 제조업",https://www.google.com/maps/search/DONG+SUNG+VINA+THAI+NGUYEN+Vietnam,,,
"DONG YANG E&P VIETNAM CO.,LTD","Nhan Hoa, My Hao, Hung Yen",HUNG YEN,+842213742511,"전자, 전기 제조업","https://www.google.com/maps/search/DONG+YANG+E&P+VIETNAM+CO.,LTD+HUNG+YEN+Vietnam",,,
Dong Yang Electronics Hai Phong,"Lô C5-3, khu công nghiệp Tràng Duệ, thuộc Khu kinh tế Đình Vũ - Cát Hải, Xã Hồng Phong, Huyện An Dương, Thành phố Hải Phòng, Việt Nam",HAI PHONG,,제조업,https://www.google.com/maps/search/Dong+Yang+Electronics+Hai+Phong+HAI+PHONG+Vietnam,4.4,,
DONG YANG ST VINA,"M12 Area, Hoa Xa I.Z, Nam Dinh",NAM DINH,+842283676955,"섬유, 의류, 봉제 제조",https://www.google.com/maps/search/DONG+YANG+ST+VINA+NAM+DINH+Vietnam,4.5,,
DONG YANG VINA INDUSTRY COMPANY LIMITED,"Land lot CN1D, KCN DEEP C 2A , Dinh Vu - Cat Hai economic zone, Dong Hai 2, Hai An, Hai Phong",HAI PHONG,+84337437883,제조업,https://www.google.com/maps/search/DONG+YANG+VINA+INDUSTRY+COMPANY+LIMITED+HAI+PHONG+Vietnam,4.4,,
"DONG-A AUDIT & ADVISORY CO., LTD.","5th Floor, SUDICO(HH3) Building, My Dinh Song Da, Nam Tu Liem, Hanoi, Vietnam",HA NOI,+842432008421,법무.회계.투자자문,"https://www.google.com/maps/search/DONG-A+AUDIT+&+ADVISORY+CO.,+LTD.+HA+NOI+Vietnam",3.8,,
DONG-A E&C,"본사(빈푹): So 606 Pho Dinh Am P, Khai Quang, Vinh Yen, VINH PHUC 하노이사무실: 4th Connecting N02T1 Building, Diplomatic Corps Area, Do Nhuan, Xuan Tao, Bac Tu Liem, Hanoi 호치민사무실: 79/3 Duong Hoang Van Thai, Tan Phu, District 7, Ho Chi Minh City 인도사무실: Unit No. 1003, 10th floor, Tower A-1, Corporate park, sector 142 Noida, U.P, India",VINH PHUC,+84386116565,건설 및 건설자재,https://www.google.com/maps/search/DONG-A+E&C+VINH+PHUC+Vietnam,,,
"DONG-A HWASUNG VINA CO.,LTD","Lot K4, Trang Due I.P, Le Loi, An Duong, Hai Phong",HAI PHONG,+842252299301,제조업,"https://www.google.com/maps/search/DONG-A+HWASUNG+VINA+CO.,LTD+HAI+PHONG+Vietnam",4.7,,
DONGAH ELECOMM VIETNAM,"LuongSon I.Z, Luong Son, Hoa Binh",HOA BINH,+842183826781,"전자, 전기 제조업",https://www.google.com/maps/search/DONGAH+ELECOMM+VIETNAM+HOA+BINH+Vietnam,4.6,,
"DONGAH ELECTRIC COMPONENTS VINA CO., LTD","Factory No. 4, Lot D10, D6 and N4 Streets, KCN Chau Son, Chau Son, Phu Ly, Ha Nam",HA NAM,+84915261928,제조업,"https://www.google.com/maps/search/DONGAH+ELECTRIC+COMPONENTS+VINA+CO.,+LTD+HA+NAM+Vietnam",4.1,,
DONGBANG LOGISTICS VINA,"Km92, New 5th, Hung Vuong, Hang Bang, Hai Phong",HAI PHONG,+842253291997,"물류, 운수, 여행업",https://www.google.com/maps/search/DONGBANG+LOGISTICS+VINA+HAI+PHONG+Vietnam,,,
DONGDAEMUN YUPDDUK,"A006, The Manor, Me Tri, My Dinh 1, Nam Tu Liem, Hanoi",HA NOI,+84856851234,"숙박, 요식, 급식",https://www.google.com/maps/search/DONGDAEMUN+YUPDDUK+HA+NOI+Vietnam,3.9,,
DONGDO ELECTRONICS HAI PHONG,"Lot C6-2, CN1 Block,. Trang Due I.P, within Dinh Vu Cat Hai E.Z, Le Loi, An Duong, Hai Phong",HAI PHONG,+842258830801,"전자, 전기 제조업",https://www.google.com/maps/search/DONGDO+ELECTRONICS+HAI+PHONG+HAI+PHONG+Vietnam,,,
DONG-EUI MEDICAL CENTER,부산광역시 부산진구 양정로 62(양정역 4번 출구),KOREA,+820518675101,"병원, 의약, 위생, 의료",https://www.google.com/maps/search/DONG-EUI+MEDICAL+CENTER+KOREA+Vietnam,4.1,,
"DONGEUN ENGINEERING VINA CO.,LTD","Unit 1902, 19F, Charm Vit Tower, 117 Tran Duy Hung, Trung Hoa, Cau Giay, Hanoi",HA NOI,+842435560851,건설 및 건설자재,"https://www.google.com/maps/search/DONGEUN+ENGINEERING+VINA+CO.,LTD+HA+NOI+Vietnam",4.4,,
"DONGGUK VINA Co.,Ltd","6th Floor, Bao Nong Thon Tower, Yen Hoa, Cau Giay, Hanoi",HA NOI,+842432272778,건설 및 건설자재,"https://www.google.com/maps/search/DONGGUK+VINA+Co.,Ltd+HA+NOI+Vietnam",4.5,,
DONGHO E&C,"12-H2, Yen Hoa, Yen Hoa, Cau Giay, Hanoi",HA NOI,,"유통, 도소매, 무역",https://www.google.com/maps/search/DONGHO+E&C+HA+NOI+Vietnam,4.9,,
"DONGIL RUBBER BELT VIETNAM CO.,LTD","No.17, 172/1 Nguyen Tuan, Nhan Chinh, Thanh Xuan, Hanoi BRANCH: Plot F1-CN, F7-CN, My PhuocⅡ, I.P Ben Cat, Binh Duong",HA NOI,+842435577362,제조업,"https://www.google.com/maps/search/DONGIL+RUBBER+BELT+VIETNAM+CO.,LTD+HA+NOI+Vietnam",4.3,,
"DONGJIN INTERNATIONAL VINA CO.,LTD","Tang 8, toa HH3, My Dinh, Me Tri, My Dinh 1, Nam Tu Liem, Hanoi",HA NOI,+842432038777,"물류, 운수, 여행업","https://www.google.com/maps/search/DONGJIN+INTERNATIONAL+VINA+CO.,LTD+HA+NOI+Vietnam",4.8,,
DongJin Techwin,"Nhà xưởng E1, E2 ( thuộc lô E), khu CN7, Khu công nghiệp Tràng Duệ, Xã Hồng Phong, Huyện An Dương, Thành phố Hải Phòng, Việt Nam",HAI PHONG,,제조업,https://www.google.com/maps/search/DongJin+Techwin+HAI+PHONG+Vietnam,4.3,,
DONGJIN VIETNAM,"Lot B9, B11, Dinh Tram I.P, Viet Yen, Bac Giang",BAC GIANG,+842043661435,"전자, 전기 제조업",https://www.google.com/maps/search/DONGJIN+VIETNAM+BAC+GIANG+Vietnam,4.6,,
DONGJOO E&C,"Lo 0205, Toa nha 27a3, Chung cu Greenstar, 234 Pham Van Dong, Bac Tu Liem, Hanoi",HA NOI,+842437835476,건설 및 건설자재,https://www.google.com/maps/search/DONGJOO+E&C+HA+NOI+Vietnam,4.0,,
DONGKANG TECH VIETNAM,"Land Plot CN2C, DEEP C 2B Industrial Zone, Dinh Vu - Cat Hai Economic Zone, Dong Hai 2 Ward, Hai An District, Haiphong, Vietnam",HAI PHONG,,제조업,https://www.google.com/maps/search/DONGKANG+TECH+VIETNAM+HAI+PHONG+Vietnam,4.0,,
DONGKUK VIET NAM,"No,10, Thuy Van Industrial Zone Viet Tri City, Phu Tho Pro., Vietnam",PHU THO,+842103953901,제조업,https://www.google.com/maps/search/DONGKUK+VIET+NAM+PHU+THO+Vietnam,4.5,,
DONGNAM PETRO VINA,"CN5.2N, Dinh Vu Industrial Zone, Dong Hai 2 Ward, Hai An District, Hai Phong",HAI PHONG,+842258830633,제조업,https://www.google.com/maps/search/DONGNAM+PETRO+VINA+HAI+PHONG+Vietnam,4.3,,
"DONGSIN VINA HA NOI CO.,LTD","TS 8/10, Tien Son IDZ, Tien Du, Bac Ninh",BAC NINH,+842227302011,"유통, 도소매, 무역","https://www.google.com/maps/search/DONGSIN+VINA+HA+NOI+CO.,LTD+BAC+NINH+Vietnam",4.5,,
"DONGSUELOGISTICS CO.,LTD","Room 1601, Thanh Cong Bld, 57 Lang Ha, Ba Dinh, Hanoi BRANCH: Add2: Room 201& Room 204, TASACO Bld, KM 104+200 Nguyen Binh Khiem, Hai An, Hai Phong Add3: 서울시 서초구 강남대로 315, 클리포드빌딩 9층",HA NOI,+842253979356,"물류, 운수, 여행업","https://www.google.com/maps/search/DONGSUELOGISTICS+CO.,LTD+HA+NOI+Vietnam",,,
DONGWHA VIETNAM,"Lot CN1~CN4, SongCong 2 Industrial Park, Tan Quang Commune, SongCong City, Thai Nguyen Province, Vietnam (Lô CN1. CN2, CN3 CN4 Khu Công Nghiệp Sông Công II, Xã Tân Quang, Thành Phố Sông Công, Tỉnh Thái Nguyên, Việt Nam)",THAI NGUYEN,,제조업,https://www.google.com/maps/search/DONGWHA+VIETNAM+THAI+NGUYEN+Vietnam,4.5,,
DONGWON GLOVE VINA,"Hoang Xa Craft Village I.Z, Hoang Xa, Thanh Thuy, Phu Tho",PHU THO,+842106268000,"섬유, 의류, 봉제 제조",https://www.google.com/maps/search/DONGWON+GLOVE+VINA+PHU+THO+Vietnam,4.0,,
DONGYANG E&C,"Tang 8, so 20 Dong Bat, My Dinh 2, Nam Tu Liem, Hanoi",HA NOI,,건설 및 건설자재,https://www.google.com/maps/search/DONGYANG+E&C+HA+NOI+Vietnam,4.5,,
"DONGYANG ELECTRONICS VIETNAM CO.,LTD","Lot CN4, Ba Thien IZ, VINH PHUC",VINH PHUC,+842112481007,"전자, 전기 제조업","https://www.google.com/maps/search/DONGYANG+ELECTRONICS+VIETNAM+CO.,LTD+VINH+PHUC+Vietnam",3.8,,
"DONGYANGNONGSAN INVESTMENT TRADING CO.,LTD","Lo 13, khu cong nghiep Lai Yen, Hoai Duc, Lai Yen, Hoai Duc, Hanoi",HA NOI,+842435202339,"유통, 도소매, 무역","https://www.google.com/maps/search/DONGYANGNONGSAN+INVESTMENT+TRADING+CO.,LTD+HA+NOI+Vietnam",4.3,,
"DOOJI VINA CO.,LTD","Lot D1, Tam Thang I.P, Tam Thang, Tam Ky, Quang Nam",QUANG NAM,+842353818137,"섬유, 의류, 봉제 제조","https://www.google.com/maps/search/DOOJI+VINA+CO.,LTD+QUANG+NAM+Vietnam",4.2,,
DOORA LOGISTICS,"No1, Lo 2C, Trung Yen 11, Trung Hoa, Cau Giay, Hanoi",HA NOI,+842435561916,"물류, 운수, 여행업",https://www.google.com/maps/search/DOORA+LOGISTICS+HA+NOI+Vietnam,4.5,,
DOORIEN VINA,"Diem Thuy IZ, Phu Binh, Thai Nguyen",THAI NGUYEN,+844601162884,제조업,https://www.google.com/maps/search/DOORIEN+VINA+THAI+NGUYEN+Vietnam,4.8,,
DOOSAN HEAVY INDUSTRIES VIETNAM,"Dung Quat E.Z, Binh Thuan, Binh Son, Quang Ngai",QUANG NGAI,+842553618900,제조업,https://www.google.com/maps/search/DOOSAN+HEAVY+INDUSTRIES+VIETNAM+QUANG+NGAI+Vietnam,4.5,,
DOOSAN VINA HAI PHONG,"Km 92 Highway No. 5, So Dau, Hong bang district, Hai phong City, Vietnam",HAI PHONG,+842253712705,제조업,https://www.google.com/maps/search/DOOSAN+VINA+HAI+PHONG+HAI+PHONG+Vietnam,,,
"DOOSAN WOOD Co.,Ltd","Dong Lang I.P, Phu Ninh, Phu Tho",PHU THO,+842103860229,제조업,"https://www.google.com/maps/search/DOOSAN+WOOD+Co.,Ltd+PHU+THO+Vietnam",4.3,,
DOOSUN VIET NAM,"Nguyen Gon Industrial Zone, Cai Dan Ward, Song Cong City, Thai Nguyen province, Viet Nam",THAI NGUYEN,+842083662582,제조업,https://www.google.com/maps/search/DOOSUN+VIET+NAM+THAI+NGUYEN+Vietnam,,,
DOOSUNG TECH,"Lot J3, Que Vo IP, Nam Son, Bac Ninh BRANCH: Luong Son I.P, Km 36th, National Road 6, Hoa Son, Hoa Binh",BAC NINH,+842223952382,"전자, 전기 제조업",https://www.google.com/maps/search/DOOSUNG+TECH+BAC+NINH+Vietnam,4.6,,
DOOSUNG VINA MOTOR COMPANY LIMITED,"TS 27 Street, KCN Tien Son, Tan Hong, Tu Son, Bac Ninh",BAC NINH,+842223907979,제조업,https://www.google.com/maps/search/DOOSUNG+VINA+MOTOR+COMPANY+LIMITED+BAC+NINH+Vietnam,4.4,,
"DOOWON TECH VINA CO., LTD","Provincial Road 398, Ham Xuyen, Song Khe, Bac Giang",BAC GIANG,+842403992925,"전자, 전기 제조업","https://www.google.com/maps/search/DOOWON+TECH+VINA+CO.,+LTD+BAC+GIANG+Vietnam",4.5,,
"DORCO VINA CO., LTD(HA NAM)","Road D3, Section G, Hoa Mac IP, Duy Tien District, Ha Nam",HA NAM,+842213587556,제조업,"https://www.google.com/maps/search/DORCO+VINA+CO.,+LTD(HA+NAM)+HA+NAM+Vietnam",4.3,,
DORCO VINA HUNG YEN,"Road B3, Section B, Pho Noi A I.P, Minh Hai, Van Lan, Hung Yen",HUNG YEN,+842213587556,제조업,https://www.google.com/maps/search/DORCO+VINA+HUNG+YEN+HUNG+YEN+Vietnam,4.6,,
"DOREMI VIETNAM CO., LTD","Lot CN8-4-2, KCN Diem Thuy, Diem Thuy, Phu Binh,Thai Nguyen.",THAI NGUYEN,+842083931696,"전자, 전기 제조업","https://www.google.com/maps/search/DOREMI+VIETNAM+CO.,+LTD+THAI+NGUYEN+Vietnam",3.9,,
DOUL ASIA ARCHITECH AND PARTNERS,"B3-18 Vinhomes Gardenia, Ham Nghi, Cau Dien, Nam Tu Liem",HA NOI,+842432535132,건설 및 건설자재,https://www.google.com/maps/search/DOUL+ASIA+ARCHITECH+AND+PARTNERS+HA+NOI+Vietnam,4.4,,
DOUL INTERNATIONAL VIET NAM,"8Floor. 219 Trung Kinh street, Yen Hoa ward, Cau Giay district, Hanoi",HA NOI,+842435191311,건설 및 건설자재,https://www.google.com/maps/search/DOUL+INTERNATIONAL+VIET+NAM+HA+NOI+Vietnam,4.8,,
DOUM E&C,"Room 502, 5th floor, 15 Pham Hung, My Dinh, Tu Liem, Hanoi",HA NOI,+842437854424,건설 및 건설자재,https://www.google.com/maps/search/DOUM+E&C+HA+NOI+Vietnam,4.3,,
DOVLE VINA,"LK1-D06, Khu do thi Bac An Khanh, An Khanh, Hoai Duc, Hanoi",HA NOI,,"유통, 도소매, 무역",https://www.google.com/maps/search/DOVLE+VINA+HA+NOI+Vietnam,4.7,,
Dow Chemical Vietnam LLC,"8Th Floor, Licogi 13, 164 Khuat Duy Tien, Thanh Xuan, Hanoi",HA NOI,+84911421002,제조업,https://www.google.com/maps/search/Dow+Chemical+Vietnam+LLC+HA+NOI+Vietnam,4.5,,
"DOWON Co.,Ltd","TS5/TS19 Road, Tien Son I.Z, Hoan Son, Tien Du, Bac Ninh",BAC NINH,+842223734875,제조업,"https://www.google.com/maps/search/DOWON+Co.,Ltd+BAC+NINH+Vietnam",4.2,,
"DOWOO VIETNAM CO.,LTD","4th floor, 123To Hieu, Nguyen Trai, Ha Dong, Hanoi, Vietnam",HA NOI,,"병원, 의약, 위생, 의료","https://www.google.com/maps/search/DOWOO+VIETNAM+CO.,LTD+HA+NOI+Vietnam",4.7,,
DR TECH VINA COMPANY LIMITED,"Ba Huyen Street, National Highway 38, Bac Ninh",BAC NINH,+842226556592,제조업,https://www.google.com/maps/search/DR+TECH+VINA+COMPANY+LIMITED+BAC+NINH+Vietnam,4.2,,
DREAM PLASTIC,"Lot C, Chau Son L.Z, Phu Ly city, Ha Nam",HA NAM,+842266252200,제조업,https://www.google.com/maps/search/DREAM+PLASTIC+HA+NAM+Vietnam,4.1,,
"DREAMTECH VIETNAM CO.,LTD","o 100, Duong Huu Nghi, VSIP Bac Ninh, Thi xa Tu Son, Bac Ninh",BAC NINH,+842223906206,"전자, 전기 제조업","https://www.google.com/maps/search/DREAMTECH+VIETNAM+CO.,LTD+BAC+NINH+Vietnam",4.6,,
"DS GLOBAL CO.,LTD.","Lot XN 3-1E, Dai An Expandsion Iz, Lai Cach Town, Cam Giang Dist, Hai Duong Prov.",HAI DUONG,+842203867288,제조업,"https://www.google.com/maps/search/DS+GLOBAL+CO.,LTD.+HAI+DUONG+Vietnam",4.3,,
DS HI-TECH VINA COMPANY LIMITED,"Lot CN-05, South Zone A, KCN Bim Son, Bac Son, Bim Son, Thanh Hoa",THANH HOA,+842376609933,제조업,https://www.google.com/maps/search/DS+HI-TECH+VINA+COMPANY+LIMITED+THANH+HOA+Vietnam,4.2,,
"DS INTECH VINA Co.,ltd","Ba Huyen, Road 18, Khac Niem, Bac Ninh",BAC NINH,+842223908858,제조업,"https://www.google.com/maps/search/DS+INTECH+VINA+Co.,ltd+BAC+NINH+Vietnam",4.1,,
DS INV,"LAND LOT D 1, DAI AN EXPANSION IDZ, LAI CACH TOWN, CAM GIANG DISTRICT, HAI DUONG PROVINCE TEL / +84 220 3555659 BRANCH: LAND LOT D 1, DAI AN EXPANSION IDZ, LAI CACH TOWN, CAM GIANG DISTRICT, HAI DUONG PROVINCE TEL / +84 220 3555659",HAI DUONG,+84902256693,"환경, 설비, 기계",https://www.google.com/maps/search/DS+INV+HAI+DUONG+Vietnam,3.8,,
"DSM VIETNAM CO.,LTD","Road B2, section B, Pho Noi A I.Z, Lac hong, Van Lam, Hung Yen",HUNG YEN,+842213967920,"전자, 전기 제조업","https://www.google.com/maps/search/DSM+VIETNAM+CO.,LTD+HUNG+YEN+Vietnam",4.4,,
"DSNOMURA VINA Co.,Ltd","Lot CN3-7 , Yen Phong II-C IZ, Cho Town, Yen Phong District, Bac ninh",BAC NINH,+84972749065,"환경, 설비, 기계","https://www.google.com/maps/search/DSNOMURA+VINA+Co.,Ltd+BAC+NINH+Vietnam",4.6,,
"DSP VINA CO.,LTD","So.5, Villa D, The Manor, My Dinh Song Da, Hanoi",HA NOI,+842435550909,"유통, 도소매, 무역","https://www.google.com/maps/search/DSP+VINA+CO.,LTD+HA+NOI+Vietnam",4.2,,
"DST VINA CO.,LTD","Ba Thien II Industrial Park, Ba Hien Town, Binh Xuyen Dist., VINH PHUC Province",VINH PHUC,+842113866008,제조업,"https://www.google.com/maps/search/DST+VINA+CO.,LTD+VINH+PHUC+Vietnam",4.3,,
"D-Steel Vina Korea Co.,Ltd","Biệt thự 12, ngõ 1 Phạm Văn Bạch, Yên Hòa, Cầu Giấy, Hà Nội",HA NAM,+84833693012,제조업,"https://www.google.com/maps/search/D-Steel+Vina+Korea+Co.,Ltd+HA+NAM+Vietnam",4.8,,
DUALI INC,"Toa nha Ford Thang Long, Tang 10, Phong 1001, Q. Dong Da, Hanoi",HA NOI,+842435641185,"전자, 전기 제조업",https://www.google.com/maps/search/DUALI+INC+HA+NOI+Vietnam,4.4,,
"DUCKSAN VINA CO.,LTD","KCN Tam Thang, Quang Nam",QUANG NAM,+842352460003,"섬유, 의류, 봉제 제조","https://www.google.com/maps/search/DUCKSAN+VINA+CO.,LTD+QUANG+NAM+Vietnam",3.8,,
DUCKSHIN HOUSING VIETNAM,"No.146, Road No.10, VSIP Hai Phong Township,I.P and Service, Thuy Nguyen, Dinh Vu Cat Hai E.Z, Hai Phong",HAI PHONG,+842258832600,건설 및 건설자재,https://www.google.com/maps/search/DUCKSHIN+HOUSING+VIETNAM+HAI+PHONG+Vietnam,4.6,,
DUNAM CHEMISTRY VINA,"Factory J2, Lot Q2, Trang Due I.P, An Hoa, An Duong, Hai Phong",HAI PHONG,+842252201668,제조업,https://www.google.com/maps/search/DUNAM+CHEMISTRY+VINA+HAI+PHONG+Vietnam,4.7,,
"DUO VINA CO.,LTD","An Long, Yen My, Lang Giang, Bac Giang",BAC GIANG,,"섬유, 의류, 봉제 제조","https://www.google.com/maps/search/DUO+VINA+CO.,LTD+BAC+GIANG+Vietnam",4.4,,
"DURING VIETNAM CO.,LTD","plot xn 1-1, dai an industrial zone, hai duong city, hai duong province",HAI DUONG,+842203555123,제조업,"https://www.google.com/maps/search/DURING+VIETNAM+CO.,LTD+HAI+DUONG+Vietnam",4.3,,
"DUSCO VINA STEEL WIRE CO.,LTD","Lot15, Nam Sach I.Z, Ai Quoc, Hai Duong",HAI DUONG,+842203751001,제조업,"https://www.google.com/maps/search/DUSCO+VINA+STEEL+WIRE+CO.,LTD+HAI+DUONG+Vietnam",4.5,,
DUY ANH FASHION AND COSMETICS JOINT STOCK COMPANY,"3rd floor, Center Tower, 72-74 Nguyen Thi Minh Khai street, Vo Thi Sau Ward, District 3, Ho Chi Minh city, Vietnam.",HO CHI MINH,+842838257537,기타,https://www.google.com/maps/search/DUY+ANH+FASHION+AND+COSMETICS+JOINT+STOCK+COMPANY+HO+CHI+MINH+Vietnam,3.8,,
Dwight School Hanoi (Kleos Education Management Liability Limited Company),"The Manor Central Park, Hoang Mai, Hanoi",HA NOI,+842473006300,"교육, 매체, 인쇄, 광고",https://www.google.com/maps/search/Dwight+School+Hanoi+(Kleos+Education+Management+Liability+Limited+Company)+HA+NOI+Vietnam,4.1,,
"DY FOOD CO.,LTD","thon Huu Bang, Binh Xuyen, VINH PHUC",VINH PHUC,+842113535009,"숙박, 요식, 급식","https://www.google.com/maps/search/DY+FOOD+CO.,LTD+VINH+PHUC+Vietnam",,,
DYT VINA,"CN-10, Van Trung I.Z, Viet Yen , Bac Giang",BAC GIANG,+842043818335,제조업,https://www.google.com/maps/search/DYT+VINA+BAC+GIANG+Vietnam,4.1,,
E1 Terminal Vietnam,"17th Floor, Gelex Tower 52 Le Dai Hanh, Hai Ba Trung, Hanoi",QUANG NINH,+842473010468,"유통, 도소매, 무역",https://www.google.com/maps/search/E1+Terminal+Vietnam+QUANG+NINH+Vietnam,4.4,,
Eager Kenner Hitech,"Nhà xưởng A2, Lô đất IN3-11*A, Khu đô thị, Công nghiệp và Dịch vụ VSIP Hải Phòng, thuộc Khu kinh tế Đình Vũ – Cát Hải, Xã Lập Lễ, Huyện Thuỷ Nguyên, Thành phố Hải Phòng, Việt Nam",HAI PHONG,,제조업,https://www.google.com/maps/search/Eager+Kenner+Hitech+HAI+PHONG+Vietnam,,,
EASTIN HOTEL & RESIDENCES HA NOI,"21 Duy Tan street, Dich Vong Hau ward, Cau Giay district, Hanoi, Vietnam",HA NOI,+842438255255,"숙박, 요식, 급식",https://www.google.com/maps/search/EASTIN+HOTEL+&+RESIDENCES+HA+NOI+HA+NOI+Vietnam,3.9,,
E-CARGOWAY LOGISTICS VIET NAM,"Tang 7, Toan nha LILAMA 10, To Huu, Trung Van, Nam Tu Liem, Hanoi BRANCH: 2F, TTA Office Bld, 81-83 Nguyen Huu Cau, District 1, HO CHI MINH",HA NOI,+842439413494,"물류, 운수, 여행업",https://www.google.com/maps/search/E-CARGOWAY+LOGISTICS+VIET+NAM+HA+NOI+Vietnam,4.3,,
"E-CHEM CO.,LTD","23rd floor 06, KeangNam Landmark 72, Pham Hung Street, Me Tri Ward, nam Tu Liem, Ha Noi, Vietnam",HA NOI,+842437960036,"유통, 도소매, 무역","https://www.google.com/maps/search/E-CHEM+CO.,LTD+HA+NOI+Vietnam",4.4,,
ECO KOREA,"Song Cong IP., Mo Che, Song Cong, Thai Nguyen",THAI NGUYEN,+842083862123,제조업,https://www.google.com/maps/search/ECO+KOREA+THAI+NGUYEN+Vietnam,4.4,,
Eco logipack,"5th floor, IRIS office building, Xuan Dinh Ward, Bac Tu Liem District, Hanoi",HA NOI,+842433997799,제조업,https://www.google.com/maps/search/Eco+logipack+HA+NOI+Vietnam,4.5,,
Ecolab,"Unit 8.2B, 8FL, Etwon 2 Building, 364 Cong Hoa Street, Tan Binh District",HO CHI MINH,+842835000000,제조업,https://www.google.com/maps/search/Ecolab+HO+CHI+MINH+Vietnam,4.6,,
"ECOS ELECTRONIC Co.,Ltd VIETNAM","Dai Dong - Hoan Son I.P, Hoan Son, Tien Du, Bac Ninh",BAC NINH,+842223848101,제조업,"https://www.google.com/maps/search/ECOS+ELECTRONIC+Co.,Ltd+VIETNAM+BAC+NINH+Vietnam",4.4,,
E-DAM TECH VIETNAM COMPANY LIMITED,"No. 78 To Vu, Dang Lam, Hai An, Hai Phong",HAI PHONG,+84971961402,건설 및 건설자재,https://www.google.com/maps/search/E-DAM+TECH+VIETNAM+COMPANY+LIMITED+HAI+PHONG+Vietnam,4.3,,
EDIOS,"Lot CN07-4, Yen Phong Extension I.Z, Yen Trung, Yen Phong, Bac Ninh",BAC NINH,+842223699788,제조업,https://www.google.com/maps/search/EDIOS+BAC+NINH+Vietnam,4.6,,
"EDU PUZZLE CO.,LTD","kho A9 Tong kho Nong nghiep 1, Km 9 , An Hong, An Duong, Hai Phong",HAI PHONG,+842253534475,제조업,"https://www.google.com/maps/search/EDU+PUZZLE+CO.,LTD+HAI+PHONG+Vietnam",4.4,,
"EG TECH VIETNAM CO.,LTD","Lo FJ-08 Khu cong nghiep Song Khe-Noi Hoang phia Nam, Tien Phong, Yen Dung, Bac Giang",BAC GIANG,+842043559788,"전자, 전기 제조업","https://www.google.com/maps/search/EG+TECH+VIETNAM+CO.,LTD+BAC+GIANG+Vietnam",4.7,,
EHWA GLOBAL,"Lot IN8.1, Road no. 4, Cam Dien- Luong Dien Industrial park, Cam Dien commune, Cam Giang district, Hai Duong",HAI DUONG,+842203771626,제조업,https://www.google.com/maps/search/EHWA+GLOBAL+HAI+DUONG+Vietnam,4.6,,
"EHWA TECH CO.,LTD","No.21, Road 9, VSIP Bac Ninh Integrated Township and Industrial Park, Dai Dong Commune, Tien Du District, Bac Ninh Province, Vietnam",BAC NINH,,"전자, 전기 제조업","https://www.google.com/maps/search/EHWA+TECH+CO.,LTD+BAC+NINH+Vietnam",4.5,,
Eirene Properties & Advertising,"So 20, Ngo Nguyen Thi Dinh, Trung Hoa Nhan Chinh, Cau Giay, Ha Noi",HA NOI,+842462820028,부동산개발.임대,https://www.google.com/maps/search/Eirene+Properties+&+Advertising+HA+NOI+Vietnam,4.4,,
"EJ Thien Ha Co., Ltd.","305 Nguyen Khang, Yen Hoa, Cau Giay, Hanoi, Vietnam",HA NOI,+842466608446,"교육, 매체, 인쇄, 광고","https://www.google.com/maps/search/EJ+Thien+Ha+Co.,+Ltd.+HA+NOI+Vietnam",4.3,,
E-JUNG AUDITING COMPANY HA NOI,"35F, Keangnam Hanoi Landmark 72 Tower, Me Tri ward, Nam Tu Liem dist, Hanoi",HA NOI,+842435560470,법무.회계.투자자문,https://www.google.com/maps/search/E-JUNG+AUDITING+COMPANY+HA+NOI+HA+NOI+Vietnam,4.3,,
"EL TECH VINA CO.,LTD","Lot CN03-3, Binh Xuyen II IZ, Ba Hien, Binh Xuyen, VINH PHUC",VINH PHUC,+842223952172,"전자, 전기 제조업","https://www.google.com/maps/search/EL+TECH+VINA+CO.,LTD+VINH+PHUC+Vietnam",,,
Electro M Vina,"Lot CN 06, Phu Ha I.P, Ha Thach, Phu Tho, Phu Tho",PHU THO,+842103822886,"전자, 전기 제조업",https://www.google.com/maps/search/Electro+M+Vina+PHU+THO+Vietnam,3.9,,
ELENSYS VIETNAM VINA,"Road TS9,Tien Son I.Z, Tuong Giang, Tu Son, Bac Ninh",BAC NINH,+842223748736,"전자, 전기 제조업",https://www.google.com/maps/search/ELENSYS+VIETNAM+VINA+BAC+NINH+Vietnam,4.4,,
ELENTEC VIET NAM,"Lot 44F & 44J, Quang Minh Industrial Zone, Me Linh, Ha Noi",HA NOI,+842435251300,"전자, 전기 제조업",https://www.google.com/maps/search/ELENTEC+VIET+NAM+HA+NOI+Vietnam,4.5,,
ELI INTER VN,"So241, Ngo2, Tran Van Lai, My Dinh 1, Nam Tu Liem, Hanoi",HA NOI,,"유통, 도소매, 무역",https://www.google.com/maps/search/ELI+INTER+VN+HA+NOI+Vietnam,4.0,,
ELIM VIET LIMITED COMPANY,"Lot CN22, KCN Tu Da - An Dao, Binh Phu, Phu Ninh, Phu Tho",PHU THO,+842103688113,제조업,https://www.google.com/maps/search/ELIM+VIET+LIMITED+COMPANY+PHU+THO+Vietnam,4.2,,
"ELIMTECH VINA CO.,LTD","Khac Niem I.C, Khac Niem, Bac Ninh",BAC NINH,+842223908170,"전자, 전기 제조업","https://www.google.com/maps/search/ELIMTECH+VINA+CO.,LTD+BAC+NINH+Vietnam",4.1,,
ELITE GROUP HA NOI,"Khu D, Duong N2, KCN Hoa Mac, Duy Tien, Ha Nam",HA NAM,+842263550053,제조업,https://www.google.com/maps/search/ELITE+GROUP+HA+NOI+HA+NAM+Vietnam,4.1,,
ELK DUMO VINA,"Binh Xuyen II I.Z, Ba Hien, Binh Xuyen, VINH PHUC",VINH PHUC,+84982877575,"전자, 전기 제조업",https://www.google.com/maps/search/ELK+DUMO+VINA+VINH+PHUC+Vietnam,4.6,,
"ELPO VINA CO.,LTD","Phu Ha I.P, Ha Loc, Phu Tho",PHU THO,+84968043168,"전자, 전기 제조업","https://www.google.com/maps/search/ELPO+VINA+CO.,LTD+PHU+THO+Vietnam",4.4,,
EMBOSSA,"K52, 5A National Road, Cam Thuong, Hai Duong",HAI DUONG,+842203843876,"섬유, 의류, 봉제 제조",https://www.google.com/maps/search/EMBOSSA+HAI+DUONG+Vietnam,4.4,,
E-MIT VINA,"Tầng 4, nhà số 06-F, Khu nhà ở thấp tầng tại ô đất A10 Khu đô thị Nam Trung Yên, Phường Yên Hoà, Quận Cầu Giấy, Thành phố Hà Nội, Việt Nam",HA NOI,+842433221000,법무.회계.투자자문,https://www.google.com/maps/search/E-MIT+VINA+HA+NOI+Vietnam,4.1,,
EMK VINA COMPANY LIMITED,"Factory No. 6, Block 1, Lot D10, D6 and N4 Streets, KCN Chau Son, Chau Son, Phu Ly, Ha Nam",HA NAM,+848231371430,제조업,https://www.google.com/maps/search/EMK+VINA+COMPANY+LIMITED+HA+NAM+Vietnam,3.9,,
"EMTEC VINA THAI NGUYEN CO.,LTD","Lot CN5-2, KCN Diem Thuy, Hong Tien, Pho Yen, Thai Nguyen",THAI NGUYEN,+842083931514,"전자, 전기 제조업","https://www.google.com/maps/search/EMTEC+VINA+THAI+NGUYEN+CO.,LTD+THAI+NGUYEN+Vietnam",,,
"EM-TECH VIETNAM Co.,Ltd","Yen Phong I.Z, Long Chau, Yen Phong, Bac Ninh",BAC NINH,+842223699366,"전자, 전기 제조업","https://www.google.com/maps/search/EM-TECH+VIETNAM+Co.,Ltd+BAC+NINH+Vietnam",4.1,,
"EMW VIETNAM CO.,LTD","Nha xuong E10-E11, lo CN-03, KCN Van Trung, Viet Yen, Bac Giang",BAC GIANG,+842043818288,"전자, 전기 제조업","https://www.google.com/maps/search/EMW+VIETNAM+CO.,LTD+BAC+GIANG+Vietnam",4.5,,
ENC TECH VINA LIMITED COMPANY,"No. 38, Vo Cuong 11 street, Vo Cuong, Bac Ninh",BAC NINH,+842043605555,"환경, 설비, 기계",https://www.google.com/maps/search/ENC+TECH+VINA+LIMITED+COMPANY+BAC+NINH+Vietnam,4.2,,
"ENCORE HA NOI Co.,Ltd","o so 10, 11 Lo 3B, Trung Yen 6, Trung Hoa, Cau Giay, Hanoi",HA NOI,+842432011711,건설 및 건설자재,"https://www.google.com/maps/search/ENCORE+HA+NOI+Co.,Ltd+HA+NOI+Vietnam",4.6,,
ENEX VINA,"Booth 312, 3rd Floor, Melinh Plaza, To Hieu Street, Ha Cau Ward, Ha Dong District, Hanoi BRANCH: Chau Son I.Z, Chau Son, Phu Ly, Ha Nam",HA NOI,+842466545692,제조업,https://www.google.com/maps/search/ENEX+VINA+HA+NOI+Vietnam,4.4,,
ENTER.B NAM DINH,"Thuong Dong Village, Hien Khanh, Vu Ban, Nam Dinh",NAM DINH,,"섬유, 의류, 봉제 제조",https://www.google.com/maps/search/ENTER.B+NAM+DINH+NAM+DINH+Vietnam,4.4,,
EO TECHNICS VIETNAM,"BT22, HUD Urban Area, Le Thai To, Vo Cuong, Bac Ninh",BAC NINH,+842223825774,제조업,https://www.google.com/maps/search/EO+TECHNICS+VIETNAM+BAC+NINH+Vietnam,4.0,,
"EO VINA CO.,LTD","Lot1, Khai Quang IZ, Vinh Yen, VINH PHUC",VINH PHUC,+842113847294,"섬유, 의류, 봉제 제조","https://www.google.com/maps/search/EO+VINA+CO.,LTD+VINH+PHUC+Vietnam",4.1,,
"E-PARKS CO.,LTD","Lot CN5, Hop Thinh IZ, Hiep Hoa, Bac Giang",BAC GIANG,+84913215335,"전자, 전기 제조업","https://www.google.com/maps/search/E-PARKS+CO.,LTD+BAC+GIANG+Vietnam",4.6,,
ERANG VINA COMPANY LIMITED,"Lot CN4, KCN Diem Thuy, Diem Thuy, Phu Binh, Thai Nguyen",THAI NGUYEN,+841246013555,제조업,https://www.google.com/maps/search/ERANG+VINA+COMPANY+LIMITED+THAI+NGUYEN+Vietnam,4.2,,
ERNST & YOUNG VIETNAM LIMITED,"8th Floor, No 16 Phan Chu Trinh, Cornertone Bldg, Hoan Kiem",HA NOI,+84932296865,법무.회계.투자자문,https://www.google.com/maps/search/ERNST+&+YOUNG+VIETNAM+LIMITED+HA+NOI+Vietnam,4.2,,
"ESD KOREA VINA CO.,LTD","Que Vo I.P (expanded area), Nam Son, Bac Ninh",BAC NINH,+842223793500,제조업,"https://www.google.com/maps/search/ESD+KOREA+VINA+CO.,LTD+BAC+NINH+Vietnam",4.3,,
ESEL VINA COMPANY LIMITED,"No. 32 LK5, Ngoc Han Cong Chua, Vo Cuong, Bac Ninh",BAC NINH,,"유통, 도소매, 무역",https://www.google.com/maps/search/ESEL+VINA+COMPANY+LIMITED+BAC+NINH+Vietnam,4.0,,
ESSA,"Lot N2-1, Dong Van II IZ, Duy Minh Ward, Duy Tien Town, Ha Nam",HA NAM,+84868589224,"전자, 전기 제조업",https://www.google.com/maps/search/ESSA+HA+NAM+Vietnam,4.2,,
"ESTEC PHU THO Co.,Ltd","Lot CN6 & a part of Lot CN2 Tu DA - Phu Ninh, Phu Tho, Vietnam",PHU THO,+842103991081,"전자, 전기 제조업","https://www.google.com/maps/search/ESTEC+PHU+THO+Co.,Ltd+PHU+THO+Vietnam",4.2,,
ETECH VIETNAM COMPANY LIMITED,"Lot VI, Dong Vang, KCN Dinh Tram, Nenh Town, Viet Yen, Bac Giang",BAC GIANG,+842043666188,제조업,https://www.google.com/maps/search/ETECH+VIETNAM+COMPANY+LIMITED+BAC+GIANG+Vietnam,4.5,,
"ETF Co.,Ltd","Cong ty CP truong Phat Kinh Bac, Cum CN Hap Linh, Bac Ninh",BAC NINH,+842223737229,제조업,"https://www.google.com/maps/search/ETF+Co.,Ltd+BAC+NINH+Vietnam",4.3,,
Etoile de Seoul Company,"137 Nguyen Van Troi, Ha Dong, Ha Noi",HA NOI,+849666636920,"병원, 의약, 위생, 의료",https://www.google.com/maps/search/Etoile+de+Seoul+Company+HA+NOI+Vietnam,3.8,,
"E-TOPS HIGH TECH CO.,LTD","Tan Quang I.Z, Van Lam, Hung Yen",HUNG YEN,+842213791688,제조업,"https://www.google.com/maps/search/E-TOPS+HIGH+TECH+CO.,LTD+HUNG+YEN+Vietnam",4.5,,
"ETS VINA CO.,LTD","Que Vo I.Z (Expanded Area), Phuong Lieu, Que Vo, Bac Ninh",BAC NINH,+842223903111,"전자, 전기 제조업","https://www.google.com/maps/search/ETS+VINA+CO.,LTD+BAC+NINH+Vietnam",4.3,,
"EUNMIN S&D VIETNAM CO.,LTD","Villa 34. N07A, Dich Vong new urban area, Dich Vong ward, Cau Giay dist.,. Hanoi.",HA NOI,+842462820236,건설 및 건설자재,"https://www.google.com/maps/search/EUNMIN+S&D+VIETNAM+CO.,LTD+HA+NOI+Vietnam",4.5,,
"EUNSEONG ELECTRONICS VINA CO.,LTD","No. 169 Street 208, An Dong, An Duong, Hai Phong",HAI PHONG,,"유통, 도소매, 무역","https://www.google.com/maps/search/EUNSEONG+ELECTRONICS+VINA+CO.,LTD+HAI+PHONG+Vietnam",4.4,,
EUNSUN VINA,"Lot 6, Khai Quang I.Z, Vinh Yen, VINH PHUC",VINH PHUC,+842113728131,"섬유, 의류, 봉제 제조",https://www.google.com/maps/search/EUNSUN+VINA+VINH+PHUC+Vietnam,4.6,,
EUSU LOGISTICS,"10th Floor, CIC Tower, Alley 219, Trung Kinh St., Yen Hoa Ward, Cau Giay Dist., Hanoi",HA NOI,+842462869898,"물류, 운수, 여행업",https://www.google.com/maps/search/EUSU+LOGISTICS+HA+NOI+Vietnam,4.1,,
EVERPIA JSC.,"KCN TAN QUANG, TAN QUANG, VAN LAM, HUNG YEN, VIET NAM BRANCH: Cụm dân cư Nội Thương, Xã Dương Xá, Huyện Gia Lâm, Thành phố Hà Nội, Việt Nam",HUNG YEN,+84438276490,"섬유, 의류, 봉제 제조",https://www.google.com/maps/search/EVERPIA+JSC.+HUNG+YEN+Vietnam,4.2,,
"EXA VIETNAM CO., LTD","7th floor, Zone B21/ D21 Dịch Vong Hau ward, Cau Giay District, Hanoi City, Viet Nam",HA NOI,+842432006091,건설 및 건설자재,"https://www.google.com/maps/search/EXA+VIETNAM+CO.,+LTD+HA+NOI+Vietnam",4.4,,
EXAX VINA,"Xuong 4, KCN Hap Linh, Hap Linh, Bac Ninh",BAC NINH,+842223699278,"전자, 전기 제조업",https://www.google.com/maps/search/EXAX+VINA+BAC+NINH+Vietnam,4.3,,
EXSO,"So 22, Lien Ke 14A, KDT Van Phu, Ha Dong, Hanoi",HA NOI,+842466828363,"유통, 도소매, 무역",https://www.google.com/maps/search/EXSO+HA+NOI+Vietnam,4.8,,
EXTRANS VIETNAM,"Room 1603, 16th floor, Discovery Building , 302 Cau Giay Str., DichVong Ward, CauGiay Dist, Hanoi",HA NOI,+842435530986,"물류, 운수, 여행업",https://www.google.com/maps/search/EXTRANS+VIETNAM+HA+NOI+Vietnam,4.3,,
"EYE CAP VINA CO., LTD.","Lo CN4.6, khu cong nghiep sach, Xa Xuan Truc, Huyen An Thi, Tinh Hung Yen, Viet Nam",HUNG YEN,+8423338307,제조업,"https://www.google.com/maps/search/EYE+CAP+VINA+CO.,+LTD.+HUNG+YEN+Vietnam",4.6,,
EZ CONSULTING AND INVESTMENT COMPANY LIMITED,"5th floor, 51 Kim Ma, Ba Dinh, Ha Noi",HA NOI,+84565577206,법무.회계.투자자문,https://www.google.com/maps/search/EZ+CONSULTING+AND+INVESTMENT+COMPANY+LIMITED+HA+NOI+Vietnam,4.4,,
"EZ TECH CO.,LTD","No 217, Nguyen Trai, Vo Cuong, Bac Ninh",BAC NINH,+84936165158,"유통, 도소매, 무역","https://www.google.com/maps/search/EZ+TECH+CO.,LTD+BAC+NINH+Vietnam",,,
FA SYSTEMS,"Factory CN-08-18, Van Trung Industrial Park, Van Trung Commune, Viet Yen District, Bac Giang Province, Vietnam",BAC GIANG,+842042484882,제조업,https://www.google.com/maps/search/FA+SYSTEMS+BAC+GIANG+Vietnam,3.8,,
"FABCHEM VINA CO., LTD","Nam Thanh Ba IC, Thanh Ba district, Phu Tho",PHU THO,+842103722186,제조업,"https://www.google.com/maps/search/FABCHEM+VINA+CO.,+LTD+PHU+THO+Vietnam",,,
FABINNO VINA,"No 4, South Thanh Ba Village I.P, Do Son, Thanh Ba, Phu Tho",PHU THO,+842103722118,"섬유, 의류, 봉제 제조",https://www.google.com/maps/search/FABINNO+VINA+PHU+THO+Vietnam,4.3,,
FAMILY MEDICAL PRACTICE,"Van Phuc Compound, 298 I Kim Ma, Ba Dinh, Hanoi",HA NOI,+842438430748,"병원, 의약, 위생, 의료",https://www.google.com/maps/search/FAMILY+MEDICAL+PRACTICE+HA+NOI+Vietnam,4.6,,
"FARRO SERVICE Co.,Ltd","No. 6A, Lane 22/28, Xuan La, Tay Ho, Hanoi",HA NOI,+842463265518,법무.회계.투자자문,"https://www.google.com/maps/search/FARRO+SERVICE+Co.,Ltd+HA+NOI+Vietnam",4.4,,
"FASHION PIN UP VINA Co.,Ltd","Lot XN 1-5, Dai An expansion I.Z, Lai Cach, Cam Giang, Hai Duong",HAI DUONG,+842203785388,제조업,"https://www.google.com/maps/search/FASHION+PIN+UP+VINA+Co.,Ltd+HAI+DUONG+Vietnam",3.9,,
"FC LOGISTICS (VIETNAM) CO., LTD","23th floor, Block A, Song Da Building, Pham Hung Street, My Dinh 1 Ward, Nam Tu Liem District, Hanoi, Vietnam",HA NOI,+842432071002,"물류, 운수, 여행업","https://www.google.com/maps/search/FC+LOGISTICS+(VIETNAM)+CO.,+LTD+HA+NOI+Vietnam",4.4,,
FDS JUNGDO Vina,"Khu Xuân Ổ A, Phường Võ Cường , Thành Phố Bắc Ninh",BAC NINH,+842226539333,"환경, 설비, 기계",https://www.google.com/maps/search/FDS+JUNGDO+Vina+BAC+NINH+Vietnam,4.1,,
FEDEX EXPRESS,서울시 마포구 양화로 19 합정오피스빌딩 6층 04027,KOREA,,"유통, 도소매, 무역",https://www.google.com/maps/search/FEDEX+EXPRESS+KOREA+Vietnam,4.6,,
"FELIX METAL TECH CO., LTD","HAI PHONG Bac Hamlet, Luu Kiem commune, Thuy Nguyen District, Hai Phong",HAI PHONG,+842253692194,제조업,"https://www.google.com/maps/search/FELIX+METAL+TECH+CO.,+LTD+HAI+PHONG+Vietnam",4.4,,
FIDUS CUSTOMS VIETNAM,"Tầng 8, Tháp CEO, Lô HH2-1, KĐT Mễ Trì Hạ, Đường Phạm Hùng, Phường Mễ Trì, Quận Nam Từ Liêm, Thành phố Hà Nội, Việt Nam",HA NOI,+842422123450,법무.회계.투자자문,https://www.google.com/maps/search/FIDUS+CUSTOMS+VIETNAM+HA+NOI+Vietnam,4.1,,
"FINAL VINA CO.,LTD","Binh Xuyen II I.P, Ba Hien, Binh Xuyen, VINH PHUC",VINH PHUC,+842112481470,"전자, 전기 제조업","https://www.google.com/maps/search/FINAL+VINA+CO.,LTD+VINH+PHUC+Vietnam",,,
FIND MOLD,충북 청주시 청원구 오창읍 모정 2길 19-26,KOREA,+848243218606,"환경, 설비, 기계",https://www.google.com/maps/search/FIND+MOLD+KOREA+Vietnam,4.3,,
FINE ELECCOM VINA,"Lot 14-15-16 South Song Khe - Noi Hoang I.Z, Yen Dung , Bac Giang",BAC GIANG,+842043661631,"전자, 전기 제조업",https://www.google.com/maps/search/FINE+ELECCOM+VINA+BAC+GIANG+Vietnam,3.8,,
FINE LAND APPAREL VIETNAM,"Lo C4, C5 KCN Dinh Tram, Hoang Ninh, Viet Yen, Bac Giang",BAC GIANG,,"섬유, 의류, 봉제 제조",https://www.google.com/maps/search/FINE+LAND+APPAREL+VIETNAM+BAC+GIANG+Vietnam,4.8,,
FINETECH VINA TECHNOLOGY,"Yen Phong Industrial Park,Dong Phong Commune, Yen Phong Dist.,Bac Ninh Province, Vietnam",BAC NINH,+842223699348,제조업,https://www.google.com/maps/search/FINETECH+VINA+TECHNOLOGY+BAC+NINH+Vietnam,3.9,,
FINETEK VIETNAM,"Lot No. A1-3 Road N2, A area, Hoa Mac Industrial Zone, Duy Tien district, Ha Nam",HA NAM,+842263555595,"전자, 전기 제조업",https://www.google.com/maps/search/FINETEK+VIETNAM+HA+NAM+Vietnam,4.7,,
FIVE AVENUE.COM,"서울 금천구 가산동 219. 벽산 디지털밸리 6차, 602호",KOREA,+8228695555,"섬유, 의류, 봉제 제조",https://www.google.com/maps/search/FIVE+AVENUE.COM+KOREA+Vietnam,4.5,,
FLAMINGO HOSPITALITY MANAGEMENT JSC,"No. 127, Lo Duc, Dong Mac, Hai Ba Trung, Hanoi",HA NOI,+842437100809,"숙박, 요식, 급식",https://www.google.com/maps/search/FLAMINGO+HOSPITALITY+MANAGEMENT+JSC+HA+NOI+Vietnam,3.9,,
FLC BISCOM CRUISE AND GOLFCOURSE INVESTMENT JSC,"2nd FLC Landmark Tower, Le Duc Tho, Hanoi",HA NOI,+842436463999,"오락, 문화, 전시, 체육",https://www.google.com/maps/search/FLC+BISCOM+CRUISE+AND+GOLFCOURSE+INVESTMENT+JSC+HA+NOI+Vietnam,4.6,,
FLC Hotel & Resort Management One Member Company Limited,"27th Floor, Bamboo Airways Building, 265 Cau Giay, Hanoi",HA NOI,+842436573999,"숙박, 요식, 급식",https://www.google.com/maps/search/FLC+Hotel+&+Resort+Management+One+Member+Company+Limited+HA+NOI+Vietnam,4.0,,
"FLECON VIET NAM Co.,Ltd","Lot No. B6, Thuy Van I.P, Viet Tri, Phu Tho",PHU THO,+842106250446,제조업,"https://www.google.com/maps/search/FLECON+VIET+NAM+Co.,Ltd+PHU+THO+Vietnam",4.2,,
FLEX GOLF,"69 Trần Quốc Hoàn, Cầu Giấy",HA NOI,,"유통, 도소매, 무역",https://www.google.com/maps/search/FLEX+GOLF+HA+NOI+Vietnam,4.4,,
FLOSVINA,"No 20, 91 hamlet, Tran Duy Hung, Cau Giay, Hanoi",HA NOI,+842462816126,건설 및 건설자재,https://www.google.com/maps/search/FLOSVINA+HA+NOI+Vietnam,4.5,,
FNC Food service,"No. 10, Nguyen Quy Tan, Lien Bao Ward, Vinh Yen City, VINH PHUC Province, Viet Nam",VINH PHUC,+842113712866,"숙박, 요식, 급식",https://www.google.com/maps/search/FNC+Food+service+VINH+PHUC+Vietnam,,,
"F-ONE GLOBAL FOODS CO., LTD","DUC CHINH WARD , DONG TRIEU TOWN , QUANG NINH PROVINCE, VIETNAM",QUANG NINH,+84866939295,제조업,"https://www.google.com/maps/search/F-ONE+GLOBAL+FOODS+CO.,+LTD+QUANG+NINH+Vietnam",3.9,,
F-ONE GLOBAL FOODS COMPANY LIMITED,"Duc Chinh, Dong Trieu, Quang Ninh",QUANG NINH,+842033595131,"유통, 도소매, 무역",https://www.google.com/maps/search/F-ONE+GLOBAL+FOODS+COMPANY+LIMITED+QUANG+NINH+Vietnam,3.8,,
FOREMART VIETNAM,"Bui Thi Cuc, An Thi, Hung Yen",HUNG YEN,+842213831866,"섬유, 의류, 봉제 제조",https://www.google.com/maps/search/FOREMART+VIETNAM+HUNG+YEN+Vietnam,4.4,,
"FOSECA VIETNAM Co.,Ltd","Lot G6-1, Que Vo I.Z, Phuong Lieu, Que Vo, Bac Ninh",BAC NINH,+842223952953,"숙박, 요식, 급식","https://www.google.com/maps/search/FOSECA+VIETNAM+Co.,Ltd+BAC+NINH+Vietnam",4.0,,
Fraser Residence Hanoi,"C5 Do Nhuan, Xuan Dinh Ward, Bac Tu Liem District, Hanoi",HA NOI,+842432750888,"숙박, 요식, 급식",https://www.google.com/maps/search/Fraser+Residence+Hanoi+HA+NOI+Vietnam,3.9,,
Fraser Suites Hanoi,"51 Xuan Dieu Street, Quang An Ward, Tay Ho District, Hanoi",HA NOI,+842437198877,"숙박, 요식, 급식",https://www.google.com/maps/search/Fraser+Suites+Hanoi+HA+NOI+Vietnam,4.5,,
"FREELANCE SERVICE  CO.,LTD","272 Nguyen Cong Tru, Phuoc My, Son Tra, Da Nang",DA NANG,,"숙박, 요식, 급식","https://www.google.com/maps/search/FREELANCE+SERVICE++CO.,LTD+DA+NANG+Vietnam",4.5,,
FRIENDS GOLF HOLDINGS VN,"Grand Plaza Shopping Center, 117 Tran Duy Hung Str., Cau Giay District, Hanoi, Vietnam",HA NOI,+842488898899,"오락, 문화, 전시, 체육",https://www.google.com/maps/search/FRIENDS+GOLF+HOLDINGS+VN+HA+NOI+Vietnam,4.5,,
FSK L&S VIETNAM,"Room No 15, 11st Floor, Charm Vit Tower, No 117 Tran Duy Hung Road, Trung Hoa Ward, Cau Giay District, Ha Noi City, Viet Nam.",HA NOI,+842473002205,"물류, 운수, 여행업",https://www.google.com/maps/search/FSK+L&S+VIETNAM+HA+NOI+Vietnam,4.3,,
FTE Ba Dinh Hotel,"No.268 Buoi Street, VINH PHUC Ward, Ba Dinh District, Hanoi, Vietnam",HA NOI,+842432282828,"숙박, 요식, 급식",https://www.google.com/maps/search/FTE+Ba+Dinh+Hotel+HA+NOI+Vietnam,3.8,,
FUJIFILM BUSINESS INNOVATION VIETNAM,"14F, VCCI Tower, No.9 dao Duy Anh Str, Phuong Mai Ward, Dong Da Dist, Ha Noi",HA NOI,+842438241063,기타,https://www.google.com/maps/search/FUJIFILM+BUSINESS+INNOVATION+VIETNAM+HA+NOI+Vietnam,4.1,,
"FUNIK ULTRAHARD TOOLS CO.,LTD","4Fl., Bao Nong Thon Ngay Nay Tower, 68 Duong Dinh nghe, Cau Giay, Hanoi",HA NOI,+842432010196,제조업,"https://www.google.com/maps/search/FUNIK+ULTRAHARD+TOOLS+CO.,LTD+HA+NOI+Vietnam",4.1,,
FUTURE WATERTREAMENT,"Pho Phao Dai Lang, Lang Thuong, Dong Da, Hanoi",HA NOI,+84909698007,"환경, 설비, 기계",https://www.google.com/maps/search/FUTURE+WATERTREAMENT+HA+NOI+Vietnam,4.9,,
"FUTURECORE VINA CO.,LTD","Lot C9, Ba Thien II I.P, Thien Ke, Binh Xuyen, VINH PHUC",VINH PHUC,+842113888400,제조업,"https://www.google.com/maps/search/FUTURECORE+VINA+CO.,LTD+VINH+PHUC+Vietnam",4.7,,
G&G KOREA COMPANY LIMITED,"3rd floor, No 10, Vo Van Cuong Street 4, Vo Van Cuong, Bac Ninh.",BAC NINH,+84325458211,"유통, 도소매, 무역",https://www.google.com/maps/search/G&G+KOREA+COMPANY+LIMITED+BAC+NINH+Vietnam,,,
G.S Electronics,"Lot k, block a, diem thuy industrial zone, phu binh district, thai nguyen",THAI NGUYEN,+842083507566,"전자, 전기 제조업",https://www.google.com/maps/search/G.S+Electronics+THAI+NGUYEN+Vietnam,4.6,,
G.S VIETNAM,"Ql2, Phuc Thang, Phuc Yen, VINH PHUC",VINH PHUC,+842113870885,"전자, 전기 제조업",https://www.google.com/maps/search/G.S+VIETNAM+VINH+PHUC+Vietnam,4.1,,
"G2G VINA CO.,LTD","Lot CN07-4, Yen Phong Entension I.Z, Yen Trung, Yen Phong, Bac Ninh",BAC NINH,+842223699086,제조업,"https://www.google.com/maps/search/G2G+VINA+CO.,LTD+BAC+NINH+Vietnam",4.4,,
GAJU VINA,"TS 11, Tien Son I.Z, Tu Son Bac Ninh",BAC NINH,+842223734454,제조업,https://www.google.com/maps/search/GAJU+VINA+BAC+NINH+Vietnam,4.4,,
GALTEX INTERNATIONAL LTD (구 I-MAR VIETNAM INTERNATIONAL LTD),"3F, 81 Tran Thai Tong, Dich Vong Hau, Cau Giay, Ha Noi",HA NOI,+842437690058,"섬유, 의류, 봉제 제조",https://www.google.com/maps/search/GALTEX+INTERNATIONAL+LTD+(구+I-MAR+VIETNAM+INTERNATIONAL+LTD)+HA+NOI+Vietnam,,,
GANSAM ARCHITECTS & PARTNERS,"P.1501, VINACONEX-9 Tower, Pham Hung, Tu Liem, Hanoi",HA NOI,+842437878000,건설 및 건설자재,https://www.google.com/maps/search/GANSAM+ARCHITECTS+&+PARTNERS+HA+NOI+Vietnam,,,
GAPADENT VIET NAM COMPANY LIMITED,"Lot B-B4 KCN Ha Lam - Cho Duoc, Binh Phuc, Thang Binh, Quang Nam",QUANG NAM,+842353665567,제조업,https://www.google.com/maps/search/GAPADENT+VIET+NAM+COMPANY+LIMITED+QUANG+NAM+Vietnam,4.4,,
GARAM SPORTS,"Lo S8 KCN Hoa Xa, Thanh Pho, Nam Dinh",NAM DINH,+842283671956,제조업,https://www.google.com/maps/search/GARAM+SPORTS+NAM+DINH+Vietnam,4.0,,
GARNET NAM DINH,"Lot C6-5, Hoa Xa I.Z, Nam Dinh",NAM DINH,+842283844663,"섬유, 의류, 봉제 제조",https://www.google.com/maps/search/GARNET+NAM+DINH+NAM+DINH+Vietnam,3.9,,
GAW NP INDUSTRIAL,"Riverbank Place Office Building, 8th Floor, 3C Ton Duc Thang Street, District 1, HO CHI MINH",HO CHI MINH,+84789757788,부동산개발.임대,https://www.google.com/maps/search/GAW+NP+INDUSTRIAL+HO+CHI+MINH+Vietnam,4.1,,
GBS,"C5 D-Capital, 119 Tran Duy Hung, Trung Hoa Ward, Cau Giay District, Ha Noi Viet Nam",HA NOI,+84886409171,"유통, 도소매, 무역",https://www.google.com/maps/search/GBS+HA+NOI+Vietnam,4.3,,
"GCL HA NOI CO., LTD.","Lot CN09, Phu Nghia Industrial Park, Chuong My District, Hanoi City",HA NOI,+842473099929,기타,"https://www.google.com/maps/search/GCL+HA+NOI+CO.,+LTD.+HA+NOI+Vietnam",4.1,,
GCOOP VietNam,"Tang 16. Daeha Business Center, 360 Kim Ma, Phuong Ngoc Khanh, Quan Ba Dinh, Hanoi",HA NOI,+842432011549,"유통, 도소매, 무역",https://www.google.com/maps/search/GCOOP+VietNam+HA+NOI+Vietnam,4.8,,
GE VIET NAM SERVICES AND TRADING JOINT STOCK COMPANY,"51 Ngo Si Lien, Kinh Bac, Bac Ninh",BAC NINH,+842226513760,"통신, IT, SW",https://www.google.com/maps/search/GE+VIET+NAM+SERVICES+AND+TRADING+JOINT+STOCK+COMPANY+BAC+NINH+Vietnam,3.9,,
"GEMOPIA VINA CO.,LTD",": Phu Thuy Villages, Phu Thi, Gia Lam, Hanoi",HA NOI,+842436740799,제조업,"https://www.google.com/maps/search/GEMOPIA+VINA+CO.,LTD+HA+NOI+Vietnam",4.6,,
"GENERAL MOTORS VIETNAM Co.,Ltd","889 Ngoc Hoi, Tu Hiep, Thanh Tri, Hanoi",HA NOI,+841800105802,제조업,"https://www.google.com/maps/search/GENERAL+MOTORS+VIETNAM+Co.,Ltd+HA+NOI+Vietnam",4.6,,
GENESIS VIET NAM,"987 Tam Trinh, Yen So Ward, Hoang Mai, Hanoi",HA NOI,,"유통, 도소매, 무역",https://www.google.com/maps/search/GENESIS+VIET+NAM+HA+NOI+Vietnam,3.9,,
"GEO NATION VIETNAM CO.,LTD","Lot CN07-7 Yen Phong IZ, Yen Phong, Bac Ninh",BAC NINH,+842223699375,"전자, 전기 제조업","https://www.google.com/maps/search/GEO+NATION+VIETNAM+CO.,LTD+BAC+NINH+Vietnam",4.2,,
"GEORIM TECH VINA CO.,LTD","Lo A1, Dai Dong-Hoan Son Industrial Park, Hoan Son Commune, Tien Du District, Bac Ninh",BAC NINH,+842222221800,"전자, 전기 제조업","https://www.google.com/maps/search/GEORIM+TECH+VINA+CO.,LTD+BAC+NINH+Vietnam",4.5,,
GET SYSTEM VINA COMPANY LIMITED,"HA1.79, Vinhomes Marina, Cau Rao 2, Vo Nguyen Giap, Vinh Niem, Le Chan, Hai Phong",HAI PHONG,+84934424488,"환경, 설비, 기계",https://www.google.com/maps/search/GET+SYSTEM+VINA+COMPANY+LIMITED+HAI+PHONG+Vietnam,4.4,,
"GEUNEUL-JIP CO.,LTD","Thon 2, xa Thach Ha, huyen Thach That, Hanoi",HA NOI,+84977010940,"숙박, 요식, 급식","https://www.google.com/maps/search/GEUNEUL-JIP+CO.,LTD+HA+NOI+Vietnam",4.2,,
GEYANG VINA,"Room 505, 5th Floor, 39 Ly Thai To, Vo Cuong, Bac Ninh",BAC NINH,+84989886714,"유통, 도소매, 무역",https://www.google.com/maps/search/GEYANG+VINA+BAC+NINH+Vietnam,4.6,,
GG HAI DUONG CO.LTD,"Tieu Lam, Ngu Hung, Thanh Mien, Hai Duong",HAI DUONG,+842203651188,"섬유, 의류, 봉제 제조",https://www.google.com/maps/search/GG+HAI+DUONG+CO.LTD+HAI+DUONG+Vietnam,4.4,,
"GG VIETNAM CO.,LTD","Minh Duc I.Z, Bach Sam Ward, My Hao Town, Hung Yen.",HUNG YEN,+84369804920,"섬유, 의류, 봉제 제조","https://www.google.com/maps/search/GG+VIETNAM+CO.,LTD+HUNG+YEN+Vietnam",4.4,,
"GIAVU MEDICAL CO.,LTD","7F, 15 Yen Lang, Dong Da, Hanoi",HA NOI,+842466594060,"유통, 도소매, 무역","https://www.google.com/maps/search/GIAVU+MEDICAL+CO.,LTD+HA+NOI+Vietnam",4.7,,
GIE VIET NAM COMPANY LIMITED,"Unit 2, Lot I-1, KCN Trang Due, Dinh Vu - Cat Hai Economic Zone, Hong Phong , An Duong, Hai Phong",HAI PHONG,+842258830710,"유통, 도소매, 무역",https://www.google.com/maps/search/GIE+VIET+NAM+COMPANY+LIMITED+HAI+PHONG+Vietnam,4.1,,
"GIGALANE Co.,Ltd","Lot C1-2, Que Vo Extension I,P, Phuong Lieu, Que Vo, Bac Ninh",BAC NINH,+842223952900,제조업,"https://www.google.com/maps/search/GIGALANE+Co.,Ltd+BAC+NINH+Vietnam",4.6,,
Gigalane Vina,"A Part of Lot CN-09, Van Trung IP, Van Trung Commune, Viet Yen District, Bac Giang Province",BAC GIANG,+842043668933,제조업,https://www.google.com/maps/search/Gigalane+Vina+BAC+GIANG+Vietnam,4.6,,
"GIZA E&C .,JSC","M Floor, Viglacera Bld., 671 Hoang Hoa Tham, Ba Dinh, Ha Noi",HA NOI,+842432474683,건설 및 건설자재,"https://www.google.com/maps/search/GIZA+E&C+.,JSC+HA+NOI+Vietnam",,,
"GK FINECHEM VIETNAM CO.,LTD","Unit 702, 7th Fl, MD Complex Tower, 68 Nguyen Co Thach, Cau Dien, Nam Tu Liem, Hanoi BRANCH: 115 Pham Viet Chanh, Ward. 19, Binh Thanh, HO CHI MINH",HA NOI,+842462652550,제조업,"https://www.google.com/maps/search/GK+FINECHEM+VIETNAM+CO.,LTD+HA+NOI+Vietnam",4.4,,
GK INTERNATIONAL,"P104, toa nha Phuong Nga, s0 15, ngo 2, Pho Yho Thap, Phuong Dich Vong, Quan Cau Giay, Hanoi",HA NOI,+842466838009,"환경, 설비, 기계",https://www.google.com/maps/search/GK+INTERNATIONAL+HA+NOI+Vietnam,4.3,,
GK TRADING COMPANY LIMITED,"No 25, Mac Dinh Chi, Khu do thi Dai Duong, Dai Phuc, Bac Ninh",BAC NINH,+84989430106,"유통, 도소매, 무역",https://www.google.com/maps/search/GK+TRADING+COMPANY+LIMITED+BAC+NINH+Vietnam,4.6,,
"GLASS TECH VINA Co.,Ltd","Lot 3, Dinh Tram I.Z, Viet yen, Bac Giang",BAC GIANG,+842043661495,제조업,"https://www.google.com/maps/search/GLASS+TECH+VINA+Co.,Ltd+BAC+GIANG+Vietnam",4.2,,
GLCC COMPANY LIMITED,"Warehouse No. W4, No. 151 East-West Avenue, VSIP Urban, Industrial and Service Area, Thuy Trieu, Thuy Nguyen, Hai Phong",HAI PHONG,+84865808640,"숙박, 요식, 급식",https://www.google.com/maps/search/GLCC+COMPANY+LIMITED+HAI+PHONG+Vietnam,4.3,,
GLINE,"Lot B7-B8, Dinh Tram I.P, Hoang Ninh, Bac Giang",BAC GIANG,+842043662868,제조업,https://www.google.com/maps/search/GLINE+BAC+GIANG+Vietnam,4.9,,
"GLK VINA CO., LTD​","TT04.12 Mon City Urban Area, Lane 4, Ham Nghi Street, My Dinh 2 Ward, Nam Tu Liem District, Ha Noi city, Viet Nam",HA NOI,,"유통, 도소매, 무역","https://www.google.com/maps/search/GLK+VINA+CO.,+LTD​+HA+NOI+Vietnam",,,
"GLOBAL AL TEC VINA CO., LTD","KCN Dong Van I, Bach Thuong , Duy Tien, Ha Nam",HA NAM,+842263582488,"전자, 전기 제조업","https://www.google.com/maps/search/GLOBAL+AL+TEC+VINA+CO.,+LTD+HA+NAM+Vietnam",4.5,,
GLOBAL DEVELOPMENT JSC (GDVN),"11F, Sudico Bld, My Dinh, Nam Tu Leim, Hanoi",HA NOI,,건설 및 건설자재,https://www.google.com/maps/search/GLOBAL+DEVELOPMENT+JSC+(GDVN)+HA+NOI+Vietnam,4.1,,
GLOBAL ENG VIETNAM LIMITED COMPANY,"3rd floor, Htower II Building, No. 195 Van Cao, Dang Giang, Ngo Quyen, Hai Phong",HAI PHONG,+842253511199,"환경, 설비, 기계",https://www.google.com/maps/search/GLOBAL+ENG+VIETNAM+LIMITED+COMPANY+HAI+PHONG+Vietnam,4.6,,
GLOBAL HITECH SOLUTION,"Ngoc Da, Tan Quang, Van Lam, Hung Yen",HUNG YEN,+842213791966,"전자, 전기 제조업",https://www.google.com/maps/search/GLOBAL+HITECH+SOLUTION+HUNG+YEN+Vietnam,4.5,,
GLOBAL JPC VINA COMPANY LIMITED,"KCN Khac Niem, Khac Niem, Bac Ninh",BAC NINH,,"유통, 도소매, 무역",https://www.google.com/maps/search/GLOBAL+JPC+VINA+COMPANY+LIMITED+BAC+NINH+Vietnam,4.5,,
"GLOBAL PLANNING PARTNERS Co.,Ltd","100 Nguyen Lu, Khue My, Ngu Hanh Son, Da Nang",DA NANG,+84971127298,법무.회계.투자자문,"https://www.google.com/maps/search/GLOBAL+PLANNING+PARTNERS+Co.,Ltd+DA+NANG+Vietnam",4.6,,
"GLOBAL PLANNING PARTNERS CO.,LTD","100 Nguyen Lu, Khue My, Ngu Hanh Son, Da Nang",DA NANG,+84971127298,부동산개발.임대,"https://www.google.com/maps/search/GLOBAL+PLANNING+PARTNERS+CO.,LTD+DA+NANG+Vietnam",,,
GLOBAL SOURCENET LTD,"Minh Khai, Nhu Quynh, Van Lam, Hung Yen",HUNG YEN,+842213986500,"섬유, 의류, 봉제 제조",https://www.google.com/maps/search/GLOBAL+SOURCENET+LTD+HUNG+YEN+Vietnam,,,
GLOBAL SOURCING INTERNATIONAL,"CCN Nghi Phu, TP Vinh",NGHE AN,+84383830117,"유통, 도소매, 무역",https://www.google.com/maps/search/GLOBAL+SOURCING+INTERNATIONAL+NGHE+AN+Vietnam,3.8,,
GLOBAL SOURCING INTERNATIONAL ( HÀN QUỐC ),"CCN Nghi Phú, TP Vinh",NGHE AN,+842383830117,"섬유, 의류, 봉제 제조",https://www.google.com/maps/search/GLOBAL+SOURCING+INTERNATIONAL+(+HÀN+QUỐC+)+NGHE+AN+Vietnam,,,
"GLOBAL TRADE NETWORKS VIETNAM CO.,LTD","So nha 22, BT1A khu DTM My Dinh2, My Dinh 2, Nam Tu Liem, Hanoi",HA NOI,+842437878845,건설 및 건설자재,"https://www.google.com/maps/search/GLOBAL+TRADE+NETWORKS+VIETNAM+CO.,LTD+HA+NOI+Vietnam",4.4,,
GLONICS VIETNAM,"So 903 duong 3-2 Phu Xa, Thai Nguyen",THAI NGUYEN,+842086269879,"전자, 전기 제조업",https://www.google.com/maps/search/GLONICS+VIETNAM+THAI+NGUYEN+Vietnam,4.2,,
GLORY LABEL VINA,"Phan Boi, Di Su, My Hao, Hung Yen",HUNG YEN,+842213766006,"섬유, 의류, 봉제 제조",https://www.google.com/maps/search/GLORY+LABEL+VINA+HUNG+YEN+Vietnam,4.2,,
GLOVELAND VINA,"Lo 01, cum cong nghiep Viet Tien, Viet Tien, Viet Yen, Bac Giang",BAC GIANG,+842043661531,"섬유, 의류, 봉제 제조",https://www.google.com/maps/search/GLOVELAND+VINA+BAC+GIANG+Vietnam,4.2,,
GLT VINA COMPANY LIMITED,"KCN Que Vo, Phuong Lieu, Que Vo, Bac Ninh",BAC NINH,+84968224219,제조업,https://www.google.com/maps/search/GLT+VINA+COMPANY+LIMITED+BAC+NINH+Vietnam,4.3,,
GM CLEAN TECH VINA,"Dai Dong - Hoan Son I.Z, Tien Du, Bac Ninh",BAC NINH,+842223848163,제조업,https://www.google.com/maps/search/GM+CLEAN+TECH+VINA+BAC+NINH+Vietnam,4.4,,
GM GROUP,"Lo158, TT3, Tran Van Lai, My Dinh, Nam Tu Liem, Ha Noi",HA NOI,+84986345500,부동산개발.임대,https://www.google.com/maps/search/GM+GROUP+HA+NOI+Vietnam,,,
G-MAX VINA,"Que Vo I.Z, Phuong Lieu, Que Vo, Bac Ninh",BAC NINH,+842223952177,제조업,https://www.google.com/maps/search/G-MAX+VINA+BAC+NINH+Vietnam,4.4,,
"GMB JL VN Co.,ltd","Add 1 : Lo 58-TT4, My Dinh Song Da, Me Tri, Tu Liem, Hanoi Add 2 : Thon Nam Trai, Xa Sai Son, Huyen Quoc Oai, Hanoi",HA NOI,,건설 및 건설자재,"https://www.google.com/maps/search/GMB+JL+VN+Co.,ltd+HA+NOI+Vietnam",4.8,,
"GMS VINA CO.,LTD","Chau Son I.Z, Le Hong Phong, Phu Ly, Ha Nam",HA NAM,+842263828699,"전자, 전기 제조업","https://www.google.com/maps/search/GMS+VINA+CO.,LTD+HA+NAM+Vietnam",4.5,,
"GNCENERGY VINA.,JSC","Lot 20-TT4, My Dinh, Me Tri, Nam Tu Liem, Hanoi",HA NOI,+842432565006,"전자, 전기 제조업","https://www.google.com/maps/search/GNCENERGY+VINA.,JSC+HA+NOI+Vietnam",4.3,,
GNK INC,서울 강남구 자곡로 174-10 강남에이스타워 905호,KOREA,,"유통, 도소매, 무역",https://www.google.com/maps/search/GNK+INC+KOREA+Vietnam,4.3,,
GNP VINA TRADING COMPANY LIMITED,"9th floor VNPT Bac Ninh building, No. 33 Ly Thai To , Ninh Xa, Bac Ninh",BAC NINH,+84966061108,기타,https://www.google.com/maps/search/GNP+VINA+TRADING+COMPANY+LIMITED+BAC+NINH+Vietnam,4.5,,
GNS VINA,"No. 2A So, So Dau, Hong Bang, Hai Phong",HAI PHONG,+842253828582,건설 및 건설자재,https://www.google.com/maps/search/GNS+VINA+HAI+PHONG+Vietnam,3.9,,
GOC VINA,"Khac Niem IZ, Khac Niem Ward, Bac Ninh Province",BAC NINH,+842226511888,"전자, 전기 제조업",https://www.google.com/maps/search/GOC+VINA+BAC+NINH+Vietnam,4.0,,
"GOGURYEO CO.,LTD","105-107 Duong Dinh Nghe, An Hai Bac, Son Tra, Da Nang",DA NANG,+84905226111,"숙박, 요식, 급식","https://www.google.com/maps/search/GOGURYEO+CO.,LTD+DA+NANG+Vietnam",4.1,,
GOJUMONG VIETNAM,"1.P802, Keangnam Hanoi Landmark Tower, E6 Area, Cau Giay, Hanoi  ; 2 : Tầng 6 TTTM LOTTE Center 54 Liễu Giai Ba Đình Hà Nội",HA NOI,+842433332641,"숙박, 요식, 급식",https://www.google.com/maps/search/GOJUMONG+VIETNAM+HA+NOI+Vietnam,,,
GOLD IDEA DEVELOPMENT INVESTMENT JOINT STOCK COMPANY,"Viet Duc Complex 39 Le Van Luong Street, Nhan Chinh, Thanh Xuan, Ha noi BRANCH: Thach That,  Ha Noi",HA NOI,+84977665612,건설 및 건설자재,https://www.google.com/maps/search/GOLD+IDEA+DEVELOPMENT+INVESTMENT+JOINT+STOCK+COMPANY+HA+NOI+Vietnam,4.3,,
GOLD-SENGSU,"So nha 13, Ngo 87, to 3, Phu Do, Nam Tu Liem, Hanoi",HA NOI,+842422010215,"유통, 도소매, 무역",https://www.google.com/maps/search/GOLD-SENGSU+HA+NOI+Vietnam,4.4,,
"GOLFZON VINA CO.,LTD","B1 Floor, Grand Plaza hotel, 117 Tran Duy Hung, Cau Giay, Hanoi",HA NOI,+84967696148,"오락, 문화, 전시, 체육","https://www.google.com/maps/search/GOLFZON+VINA+CO.,LTD+HA+NOI+Vietnam",4.6,,
Good Neighbors International in Vietnam,"Good Neighbors International, 17 floor, Block A, Song Da Building, My Dinh 1 Ward, Nam Tu Liem District, Ha Noi, Vietnam",HA NOI,+842432063999,기타,https://www.google.com/maps/search/Good+Neighbors+International+in+Vietnam+HA+NOI+Vietnam,3.9,,
GORYO VIET NAM,"Gia Van I.Z, Gia Vien, Ninh Binh",NINH BINH,+842293658111,제조업,https://www.google.com/maps/search/GORYO+VIET+NAM+NINH+BINH+Vietnam,4.5,,
GORYO VIETNAM,"Gia Van I.Z, Gia Vien, Ninh Binh",NINH BINH,,"전자, 전기 제조업",https://www.google.com/maps/search/GORYO+VIETNAM+NINH+BINH+Vietnam,,,
GOSHEN VINA,"No. H2, Lot L2, Trang Due I.P, An Duong, Hai Phong",HAI PHONG,+842253266359,"전자, 전기 제조업",https://www.google.com/maps/search/GOSHEN+VINA+HAI+PHONG+Vietnam,4.0,,
GRACE HOTEL,"Nam Tien, Pho Yen, Thai Nguyen",THAI NGUYEN,+842083701000,"숙박, 요식, 급식",https://www.google.com/maps/search/GRACE+HOTEL+THAI+NGUYEN+Vietnam,4.4,,
GRADICO,"So 40, Ngo 100 Dich Vong Hau, Cau Giay, Hanoi",HA NOI,+849110088770,"유통, 도소매, 무역",https://www.google.com/maps/search/GRADICO+HA+NOI+Vietnam,,,
Grand K Hotel Suites Hanoi,"No. 2 Pham Van Bach Street, Yen Hoa Ward, Cau Giay District, Hanoi, Vietnam",HA NOI,+842432052299,"숙박, 요식, 급식",https://www.google.com/maps/search/Grand+K+Hotel+Suites+Hanoi+HA+NOI+Vietnam,,,
GRAND MERCURE HA NOI,"9 Cat Linh, Quoc Tu Giam, Dong Da 10000 HA NOI",HA NOI,+842432115757,"숙박, 요식, 급식",https://www.google.com/maps/search/GRAND+MERCURE+HA+NOI+HA+NOI+Vietnam,4.1,,
GRAND PLAZA HA NOI HOTEL,"No.117 Tran Duy Hung Street, Trung Hoa Ward , Cau Giay Distric, Hanoi, Vietnam.",HA NOI,+842435551000,"숙박, 요식, 급식",https://www.google.com/maps/search/GRAND+PLAZA+HA+NOI+HOTEL+HA+NOI+Vietnam,4.4,,
"GREEN FOOD INVESTMENT & DEVELOPMENT CO.,LTD","B27 Nguyen Thi Dinh, Nhan Chinh, Thanh Xuan, Hanoi",HA NOI,+842462941497,"유통, 도소매, 무역","https://www.google.com/maps/search/GREEN+FOOD+INVESTMENT+&+DEVELOPMENT+CO.,LTD+HA+NOI+Vietnam",4.6,,
GREEN PARK NBX DEVELOPMENT Co.,"Nam Binh Xuyen Industrial Zone, Huong Canh, Binh Xuyen, VINH PHUC",VINH PHUC,+84981187066,부동산개발.임대,https://www.google.com/maps/search/GREEN+PARK+NBX+DEVELOPMENT+Co.+VINH+PHUC+Vietnam,4.4,,
GREENSUM VIETNAM,"6F, KEANGNAM LANDMARK 72, PHAM HUNG, ME TRI, NAU TU LIEM",HA NOI,+84778473793,"교육, 매체, 인쇄, 광고",https://www.google.com/maps/search/GREENSUM+VIETNAM+HA+NOI+Vietnam,4.1,,
GS ENGINEERING & CONSTRUCTION,"Unit 1701, 17the Floor, AFRM Building, 115 Tran Duy Hung St., Trung Hoa, Cau Giay, Hanoi",HA NOI,+842439345100,건설 및 건설자재,https://www.google.com/maps/search/GS+ENGINEERING+&+CONSTRUCTION+HA+NOI+Vietnam,4.3,,
GS TECH VINA COMPANY LIMITED,"Room 606 V-Tower, No. 39 Ly Thai To, Vo Cuong, Bac Ninh",BAC NINH,+842226509068,"환경, 설비, 기계",https://www.google.com/maps/search/GS+TECH+VINA+COMPANY+LIMITED+BAC+NINH+Vietnam,4.5,,
GSD VINA,"Huyen Quang 2, Apartment 14, LK-2, 3-Storey Bld, Vo Cuong, Bac Ninh",BAC NINH,,"통신, IT, SW",https://www.google.com/maps/search/GSD+VINA+BAC+NINH+Vietnam,4.3,,
GSF VINA,"3rd floor, N01-T2 building, Diplomatic Corps Area, Xuan Tao Ward, Bac Tu Liem District",HA NOI,+84968563845,건설 및 건설자재,https://www.google.com/maps/search/GSF+VINA+HA+NOI+Vietnam,4.4,,
GSI VINA COMPANY LIMITED,"KCN Khac Niem, Khac Niem, Bac Ninh",BAC NINH,+842223908212,제조업,https://www.google.com/maps/search/GSI+VINA+COMPANY+LIMITED+BAC+NINH+Vietnam,4.5,,
GSR VINA,"CN12, Khai Quang I.Z, Khai Quang, Vinh Yen, VINH PHUC",VINH PHUC,+842113656564,"전자, 전기 제조업",https://www.google.com/maps/search/GSR+VINA+VINH+PHUC+Vietnam,4.1,,
GST CALIBRATION CENTER,"No.30 Lot L2 Namsong Lach Tray House area, Anh Dung, Duong Kinh, Hai Phong",HAI PHONG,+842258830651,"환경, 설비, 기계",https://www.google.com/maps/search/GST+CALIBRATION+CENTER+HAI+PHONG+Vietnam,3.9,,
GT WILL VINA,"Lot CN 9 KCN Gia Van, Gia Van, Gia Vien, Ninh Binh",NINH BINH,+842293651333,"전자, 전기 제조업",https://www.google.com/maps/search/GT+WILL+VINA+NINH+BINH+Vietnam,4.4,,
GU VINA,"Lot C1, Dinh Tram I.Z, Viet Yen, Bac Giang",BAC GIANG,+842043661975,"전자, 전기 제조업",https://www.google.com/maps/search/GU+VINA+BAC+GIANG+Vietnam,4.3,,
GU&I VINA,"Khu B, KCN Song Cong 1, Bac Quang, Song Cong, Thai Nguyen",THAI NGUYEN,+84981254377,"전자, 전기 제조업",https://www.google.com/maps/search/GU&I+VINA+THAI+NGUYEN+Vietnam,4.2,,
GUNHO ELECTRONICS VIETNAM,"Lot C6 1-1. Que Vo, Nam Son, Bac Ninh",BAC NINH,+842223818695,"전자, 전기 제조업",https://www.google.com/maps/search/GUNHO+ELECTRONICS+VIETNAM+BAC+NINH+Vietnam,4.4,,
GUNNGARD VINA SAFE,"Hamlet 3, Binh My Commune, Cu Chi District, Ho Chi Minh city",HA NOI,+842435130165,제조업,https://www.google.com/maps/search/GUNNGARD+VINA+SAFE+HA+NOI+Vietnam,4.3,,
GV ENTERTAIMENT,"32 Do Duc Duc, Me Tri, Tu Liem, Hanoi",HA NOI,,"오락, 문화, 전시, 체육",https://www.google.com/maps/search/GV+ENTERTAIMENT+HA+NOI+Vietnam,4.8,,
GWANGJIN VINA,"Lot G11 Que Vo industrial Park - Phuong Lieu Commune Que Vo Dist - Bac Ninh province, Viet Nam Telephone",BAC NINH,+842223952398,제조업,https://www.google.com/maps/search/GWANGJIN+VINA+BAC+NINH+Vietnam,4.4,,
"GWANGSHIN VINA CO.,LTD","Lot VI, Dong Vang, KCN Dinh Tram, Nenh Town, Viet Yen, Bac Giang",BAC GIANG,+842043666689,"전자, 전기 제조업","https://www.google.com/maps/search/GWANGSHIN+VINA+CO.,LTD+BAC+GIANG+Vietnam",4.0,,
H & P HYDROTECH LTD COMPANY,"R.4321, C2 Building Vinhomes D'Capitale, 119 Tran Duy Hung, Trung Hoa, Cau Giay, Hanoi BRANCH: Lot CN2, Nam Cau Kien IP, Kien Bai, Thuy Nguyen Dist, Hai Phong city",HA NOI,+842432043022,"환경, 설비, 기계",https://www.google.com/maps/search/H+&+P+HYDROTECH+LTD+COMPANY+HA+NOI+Vietnam,3.9,,
H Tower Hotel  Apartment,"H TOWER 195, Van Cao str., Ngo Quyen dist., Haiphong city, Vietnam",HAI PHONG,+842252811118,"숙박, 요식, 급식",https://www.google.com/maps/search/H+Tower+Hotel++Apartment+HAI+PHONG+Vietnam,4.6,,
H&CARE(구.Foss Vietnam),"số 164 Trần Vỹ, Mai Dịch, Cầu Giấy Hà Nội",HA NOI,+84334999991,"병원, 의약, 위생, 의료",https://www.google.com/maps/search/H&CARE(구.Foss+Vietnam)+HA+NOI+Vietnam,,,
H&F DB.LOD INNO VIET COMPANY LIMITED,"1st floor, No. 406-HK10, Lach Tray, Vinh Niem, Le Chan, Hai Phong",HAI PHONG,+842253979113,"환경, 설비, 기계",https://www.google.com/maps/search/H&F+DB.LOD+INNO+VIET+COMPANY+LIMITED+HAI+PHONG+Vietnam,4.3,,
H&S TECH.LTD,"Que vo Industrial,Van Duong Ward,Bac Ninh City,Bac Ninh Province",BAC NINH,+842222220799,"전자, 전기 제조업",https://www.google.com/maps/search/H&S+TECH.LTD+BAC+NINH+Vietnam,4.3,,
HA ANH TECH,"116 Hau Ai, Xa Van Canh, Hoai Duc, Hanoi",HA NOI,+84845385624,"환경, 설비, 기계",https://www.google.com/maps/search/HA+ANH+TECH+HA+NOI+Vietnam,3.9,,
"HA DONG CO.,LTD","Tan Hoi Village, Dan Phuong, Hanoi",HA NOI,+842433632707,"유통, 도소매, 무역","https://www.google.com/maps/search/HA+DONG+CO.,LTD+HA+NOI+Vietnam",4.3,,
HA NAM ELECTRICITY VINA,"Lot H2-02, Que Vo I.Z, Phuong Mao, Que Vo, Bac Ninh",BAC NINH,+842223617885,"전자, 전기 제조업",https://www.google.com/maps/search/HA+NAM+ELECTRICITY+VINA+BAC+NINH+Vietnam,4.1,,
HA NAMICRON VINA,"CÔNG TY TNHH HANA MICRON VINA, Một phần Lô CNSG-02, KCN Vân Trung, Xã, Vân Trung, Việt Yên, Bắc Giang",BAC GIANG,+842043868002,"전자, 전기 제조업",https://www.google.com/maps/search/HA+NAMICRON+VINA+BAC+GIANG+Vietnam,4.8,,
HA NOI BDS114,"A11 Ngo 178, Dinh Thon, Nam Tu Liem, Hanoi",HA NOI,+842436440888,부동산개발.임대,https://www.google.com/maps/search/HA+NOI+BDS114+HA+NOI+Vietnam,4.3,,
HA NOI DAEWOO HOTEL,"360 Kim Ma, Ngoc Khanh, Ba Dinh, Hanoi",HA NOI,+842438315000,"숙박, 요식, 급식",https://www.google.com/maps/search/HA+NOI+DAEWOO+HOTEL+HA+NOI+Vietnam,4.5,,
"HA NOI GLOBAL DESIGN Co.,Ltd","28F, Handico Tower, Pham Hung, Me Tri Ha, Nam Tu Liem, Hanoi",HA NOI,+842473022234,건설 및 건설자재,"https://www.google.com/maps/search/HA+NOI+GLOBAL+DESIGN+Co.,Ltd+HA+NOI+Vietnam",4.4,,
HA NOI GOLF CLUB JSC,"Golf Course Minh Tri, Soc Son, Hanoi",HA NOI,+842435991365,"오락, 문화, 전시, 체육",https://www.google.com/maps/search/HA+NOI+GOLF+CLUB+JSC+HA+NOI+Vietnam,4.1,,
HA NOI ONLINE REAL ESTATE,"Lo 49-TT4, My Dinh Song Da, Nam Tu Liem, Hanoi",HA NOI,+842437875437,부동산개발.임대,https://www.google.com/maps/search/HA+NOI+ONLINE+REAL+ESTATE+HA+NOI+Vietnam,4.4,,
HA NOI OUTLET,"13 Tran Van Lai, My Dinh Song Da, Hanoi",HA NOI,+842435553886,"유통, 도소매, 무역",https://www.google.com/maps/search/HA+NOI+OUTLET+HA+NOI+Vietnam,4.5,,
HA NOI SEOUL TRADITIONAL MEDICINE CLINIC,"So 30- TT1, KDT My Dinh, Me Tri My Dinh 1, Nam Tu Liem, Hanoi.",HA NOI,+84369657606,"병원, 의약, 위생, 의료",https://www.google.com/maps/search/HA+NOI+SEOUL+TRADITIONAL+MEDICINE+CLINIC+HA+NOI+Vietnam,4.6,,
"HA NOI SUNGHO ELECTRONICS CO., LTD","Part of lot CN7, Hop Thinh industrial cluster, Hop Thinh, Hiep Hoa, Bac Giang",BAC GIANG,+842043569996,"전자, 전기 제조업","https://www.google.com/maps/search/HA+NOI+SUNGHO+ELECTRONICS+CO.,+LTD+BAC+GIANG+Vietnam",4.5,,
HA VAN MEDICAL AND EDUCATION SERVICES JSC,"No. 221, Vong Str., Dong Tam, Hai Ba Trung, Hanoi",HA NOI,+842438692819,"병원, 의약, 위생, 의료",https://www.google.com/maps/search/HA+VAN+MEDICAL+AND+EDUCATION+SERVICES+JSC+HA+NOI+Vietnam,4.2,,
"HABOK CO., LTD","Dong Dinh industrial cluster, Cao Thuong commune, Tan Yen district, Bac Giang province",BAC GIANG,+842406548468,제조업,"https://www.google.com/maps/search/HABOK+CO.,+LTD+BAC+GIANG+Vietnam",4.3,,
HADANBI VINA,"Diem Thuy IZ, Phu Binh, Thai Nguyen",THAI NGUYEN,+842083931540,"전자, 전기 제조업",https://www.google.com/maps/search/HADANBI+VINA+THAI+NGUYEN+Vietnam,4.7,,
"HAEHWA VINA CO., LTD","Phu Ha Industrial Park, Ha Thach, Phu Tho",PHU THO,+842103822522,"전자, 전기 제조업","https://www.google.com/maps/search/HAEHWA+VINA+CO.,+LTD+PHU+THO+Vietnam",4.5,,
"HAEIN VIETNAM CO.,LTD","No. 309 Minh Khai, Dong Nguyen, Tu Son, Bac Ninh",BAC NINH,+842223734220,"전자, 전기 제조업","https://www.google.com/maps/search/HAEIN+VIETNAM+CO.,LTD+BAC+NINH+Vietnam",4.5,,
"HAEINCNS VINA CO.,LTD","Lot C14-1, Ba Thien II I.P, Thien Ke, Binh Xuyen, VINH PHUC",VINH PHUC,+842113389901,제조업,"https://www.google.com/maps/search/HAEINCNS+VINA+CO.,LTD+VINH+PHUC+Vietnam",4.0,,
"HAENGSUNG ELECTRONICS VIETNAM CO.,LTD","Lot K1, Trang Due I.P, Dinh Vu Cat Hai E.Z, Le Loi, An Duong, Hai Phong",HAI PHONG,+842253507933,"전자, 전기 제조업","https://www.google.com/maps/search/HAENGSUNG+ELECTRONICS+VIETNAM+CO.,LTD+HAI+PHONG+Vietnam",4.7,,
HAEOREUM & CONSTRUCTION,"Tang 12, So 24 Hoang Quoc Viet, Nghia Do, Cau Giay, Hanoi",HA NOI,+842463275965,건설 및 건설자재,https://www.google.com/maps/search/HAEOREUM+&+CONSTRUCTION+HA+NOI+Vietnam,4.5,,
HAESUNG IN VINA,"QUE VO INDUSTRIAL PARK EXPANDED PHUONG LIEU CONMUNE, QUE VO DISTRICT, BAC NINH PROVINCE, VIET NAM",BAC NINH,+842223903235,제조업,https://www.google.com/maps/search/HAESUNG+IN+VINA+BAC+NINH+Vietnam,3.8,,
Haesung VINA,"Lot CN7 Khai Quang industrial Zone, Vinh Yen City, VINH PHUC Provinece, Viet Nam",VINH PHUC,+842113696990,"전자, 전기 제조업",https://www.google.com/maps/search/Haesung+VINA+VINH+PHUC+Vietnam,4.2,,
HAEWON,"17/397 Pham Van Dong, Xuan Dinh, Bac Tu Liem, Hanoi",HA NOI,+842432000984,"환경, 설비, 기계",https://www.google.com/maps/search/HAEWON+HA+NOI+Vietnam,4.8,,
"HAEWON VINA Co.,Ltd",Deep C 2B Industrial Zone,HAI PHONG,,제조업,"https://www.google.com/maps/search/HAEWON+VINA+Co.,Ltd+HAI+PHONG+Vietnam",4.7,,
HAHAE VIETNAM CORP,"Km50+460 highway no.5, Cam Thuong, Hai Duong city, Hai Duong",HAI DUONG,+842203846906,"섬유, 의류, 봉제 제조",https://www.google.com/maps/search/HAHAE+VIETNAM+CORP+HAI+DUONG+Vietnam,4.4,,
HAI PHONG ELECTRIAL INDUSTRIAL JSC (HEIJCO),"No.3, Km92 New Road 5, Hung Vuong, Hong Bang, Hai Phong",HAI PHONG,+842253538597,"전자, 전기 제조업",https://www.google.com/maps/search/HAI+PHONG+ELECTRIAL+INDUSTRIAL+JSC+(HEIJCO)+HAI+PHONG+Vietnam,4.7,,
HAI PHONG STEEL FLOWER CO. LTD,"Lô L3, Khu công nghiệp Tràng Duệ, thuộc Khu kinh tế Đình Vũ - Cát Hải, Xã Lê Lợi, Huyện An Dương, Thành phố Hải Phòng, Việt Nam",HAI PHONG,+842252299299,제조업,https://www.google.com/maps/search/HAI+PHONG+STEEL+FLOWER+CO.+LTD+HAI+PHONG+Vietnam,,,
HAILY SME LOGISTICS,"35 Le Thanh, Phu Ly, Ha Nam",HA NAM,+842422206123,"물류, 운수, 여행업",https://www.google.com/maps/search/HAILY+SME+LOGISTICS+HA+NAM+Vietnam,,,
"HAIM CO.,LTD","986 Ngo Quyen, An Hai Tay, Son Tra, Da Nang",DA NANG,+84903034531,"오락, 문화, 전시, 체육","https://www.google.com/maps/search/HAIM+CO.,LTD+DA+NANG+Vietnam",,,
HAISUNG VINA,"5F, Golden Field, 24 Nguyen Co Thach, My Dinh 1, Cau Dien, Nam Tu Liem, Hanoi",HA NOI,+842462600110,건설 및 건설자재,https://www.google.com/maps/search/HAISUNG+VINA+HA+NOI+Vietnam,4.9,,
"HAIVINA  Co.,Ltd","Nam Giang Industrial Zone, Nam Giang Commune, Nam Dan District Nghe An Privince",NGHE AN,+842383826417,"섬유, 의류, 봉제 제조","https://www.google.com/maps/search/HAIVINA++Co.,Ltd+NGHE+AN+Vietnam",4.4,,
"HAIVINA CO.,LTD.","Lang Xuyen, Gia Tan, Gia Loc, Hai Duong",HAI DUONG,+842203717500,"섬유, 의류, 봉제 제조","https://www.google.com/maps/search/HAIVINA+CO.,LTD.+HAI+DUONG+Vietnam",4.5,,
"HAIVINA HONG LINH Co.,Ltd","Nam Hong Industrial Zone, Dau Lieu Ward, Hong Linh Town Ha Tinh Privince",HA TINH,+842364765604,"섬유, 의류, 봉제 제조","https://www.google.com/maps/search/HAIVINA+HONG+LINH+Co.,Ltd+HA+TINH+Vietnam",4.2,,
"HALLA ELECTRONICS VINA CO.,LTD","Lot L4, Trang Due I.P, Hong Phong, An Duong, Hai Phong",HAI PHONG,+842252299798,"전자, 전기 제조업","https://www.google.com/maps/search/HALLA+ELECTRONICS+VINA+CO.,LTD+HAI+PHONG+Vietnam",4.1,,
HAN - VIET MOLD VINA COMPANY LIMITED,"Lot CN4, KCN Diem Thuy, Diem Thuy, Phu Binh, Thai Nguyen",THAI NGUYEN,+842086549909,제조업,https://www.google.com/maps/search/HAN+-+VIET+MOLD+VINA+COMPANY+LIMITED+THAI+NGUYEN+Vietnam,4.6,,
HAN BIT NANO MEDICAL,"202 Thuong Dinh, Thanh Xuan, Hanoi",HA NOI,+842473056288,"유통, 도소매, 무역",https://www.google.com/maps/search/HAN+BIT+NANO+MEDICAL+HA+NOI+Vietnam,4.1,,
HAN CHANG E&C,"3F, Lotus Bld, Duy Tan, Cau Giay, Hanoi",HA NOI,+842437957673,건설 및 건설자재,https://www.google.com/maps/search/HAN+CHANG+E&C+HA+NOI+Vietnam,4.2,,
"HAN SHIN CO.,LTD","Nhà D5-8 cụm làng nghề Triều Khúc, Tân Triều, Thanh Trì, Hà Nội",HA NOI,+842435528480,"환경, 설비, 기계","https://www.google.com/maps/search/HAN+SHIN+CO.,LTD+HA+NOI+Vietnam",4.5,,
"HAN SUNG HA RAM CO.,LTD","Pho Noi Textile IZ Nghia Hiep, Yen My, Hung Yen",HUNG YEN,+842213589111,"섬유, 의류, 봉제 제조","https://www.google.com/maps/search/HAN+SUNG+HA+RAM+CO.,LTD+HUNG+YEN+Vietnam",4.4,,
HAN TECHNOLOGY INNOVATION VIỆT NAM,"8th floor, HL Tower, 6/82, Duy Tan Street, Dich Vong Hau, Cau Giay District, Ha Noi",HA NOI,+84964629088,건설 및 건설자재,https://www.google.com/maps/search/HAN+TECHNOLOGY+INNOVATION+VIỆT+NAM+HA+NOI+Vietnam,,,
"HAN VIET COLORCOM CO.,LTD","Lô Số 4, Khu Công nghiệp Thụy Vân, Xã Thụy Vân, Thành phố Việt Trì, Tỉnh Phú Thọ, Việt Nam",PHU THO,,제조업,"https://www.google.com/maps/search/HAN+VIET+COLORCOM+CO.,LTD+PHU+THO+Vietnam",4.0,,
"HAN VIET RUBBER ROLL CO.,LTD","Lot 2, Thuy Van I.P, Thuy Van, Viet Tri, Phu Tho",PHU THO,+842103859341,제조업,"https://www.google.com/maps/search/HAN+VIET+RUBBER+ROLL+CO.,LTD+PHU+THO+Vietnam",,,
HANA E&C,"4th floor, Tower C, Golden Palace Building, Me Tri, Nam Tu Liem, Hanoi",HA NOI,+842466866060,건설 및 건설자재,https://www.google.com/maps/search/HANA+E&C+HA+NOI+Vietnam,4.7,,
"HANA ENG CO., LTD","So 104, ngo 54 Le Quang Dao, Phuong Phu Do Quan Nam Tu Liem, Ha Noi",HA NOI,+84888570180,기타,"https://www.google.com/maps/search/HANA+ENG+CO.,+LTD+HA+NOI+Vietnam",4.8,,
"HANA ENG VINA CO.,LTD","Lot III.8, Thuan Thanh 3 I.Z, Thanh Khuong, Thuan Thanh, Bac Ninh",BAC NINH,+842223798472,제조업,"https://www.google.com/maps/search/HANA+ENG+VINA+CO.,LTD+BAC+NINH+Vietnam",4.2,,
HANA KOVI INC,"Dong Dinh IZ, Cao Thuong Commune, Tan Yen Dist, Bac Giang",BAC GIANG,+842046278933,"섬유, 의류, 봉제 제조",https://www.google.com/maps/search/HANA+KOVI+INC+BAC+GIANG+Vietnam,4.3,,
"HANA MICRON VIETNAM CO., LTD","HANA MICRON VIETNAM, Yen Phong Industrial Zone , Long Chau, Yen Phong District",BAC NINH,+842223699391,제조업,"https://www.google.com/maps/search/HANA+MICRON+VIETNAM+CO.,+LTD+BAC+NINH+Vietnam",4.2,,
HANA MOTORS,"Plot XN 35, Dai An I.Z, Hai Duong",HAI DUONG,+842203555188,제조업,https://www.google.com/maps/search/HANA+MOTORS+HAI+DUONG+Vietnam,3.8,,
HANBO ENC VINA,"Lot C5-2, Ba Thien 2 I.Z, Thien Ke, Binh Xuyen, VINH PHUC",VINH PHUC,+842113588568,"전자, 전기 제조업",https://www.google.com/maps/search/HANBO+ENC+VINA+VINH+PHUC+Vietnam,4.1,,
HANCCO VINA LIMITED COMPANY,"2nd Floor, Tower A Golden Palace Building, Me Tri Road, Me Tri Ward, Nam Tu Liem District, Ha Noi",HA NOI,+84961682382,건설 및 건설자재,https://www.google.com/maps/search/HANCCO+VINA+LIMITED+COMPANY+HA+NOI+Vietnam,4.6,,
"HANCHANGENPLA VINA Co.,Ltd","Khac Niem I.C, Khac Niem, Bac Ninh",BAC NINH,+842223908692,제조업,"https://www.google.com/maps/search/HANCHANGENPLA+VINA+Co.,Ltd+BAC+NINH+Vietnam",4.1,,
HANCOOK,"316-318 Hai Phong, Tan Chinh, Thanh Khe, Da Nang",DA NANG,,"숙박, 요식, 급식",https://www.google.com/maps/search/HANCOOK+DA+NANG+Vietnam,,,
HANDS HANDS,"Lot L2, Dong Dinh I.Z, Cao Thuong, Tan Yen, Bac Giang",BAC GIANG,+842043579701,"섬유, 의류, 봉제 제조",https://www.google.com/maps/search/HANDS+HANDS+BAC+GIANG+Vietnam,4.7,,
"Hangang Mechatronics Vina Co., ltd","23rd Fl, B Building, Song Da Coporation Tower, My Dinh 1 ward, Nam Tu Liem District, Hanoi",HA NOI,+842432636231,"전자, 전기 제조업","https://www.google.com/maps/search/Hangang+Mechatronics+Vina+Co.,+ltd+HA+NOI+Vietnam",4.8,,
"HANGANG VINA Co.,Ltd","Chau Son Industrial, Phu Ly, Ha Nam",HA NAM,+842263840266,제조업,"https://www.google.com/maps/search/HANGANG+VINA+Co.,Ltd+HA+NAM+Vietnam",4.1,,
"HANGUKGONGGI VINA Co.,Ltd","Le Thai To, Vo Cuong, Bac Ninh",BAC NINH,,"환경, 설비, 기계","https://www.google.com/maps/search/HANGUKGONGGI+VINA+Co.,Ltd+BAC+NINH+Vietnam",,,
"HANIL CONSTRUCTION & INVESTMENT Co.,Ltd","Tang 1, C2, Dcapitale, Trung Hoa, Hanoi",HA NOI,+842437835022,건설 및 건설자재,"https://www.google.com/maps/search/HANIL+CONSTRUCTION+&+INVESTMENT+Co.,Ltd+HA+NOI+Vietnam",4.3,,
HANJIN GLOBAL LOGISTICS VIETNAM,"18 Fl Green Power Bldg, 35 Ton Duc Thang, Ben Nghe, Dist.1, HO CHI MINH",HO CHI MINH,,"물류, 운수, 여행업",https://www.google.com/maps/search/HANJIN+GLOBAL+LOGISTICS+VIETNAM+HO+CHI+MINH+Vietnam,4.8,,
HANJIN VIETNAM CHEMICAL,"Yen Phong I.Z, Dong Phong, Yen Phong, Bac Ninh",BAC NINH,+842223699380,제조업,https://www.google.com/maps/search/HANJIN+VIETNAM+CHEMICAL+BAC+NINH+Vietnam,4.2,,
HANJUNG COMPANY LIMITED,"Thua 63, to bann do so 8, duong Van Mieu, P.Dai Phuc, Bac Ninh city, Bac Ninh",BAC NINH,,"숙박, 요식, 급식",https://www.google.com/maps/search/HANJUNG+COMPANY+LIMITED+BAC+NINH+Vietnam,4.7,,
HANJUTECH VINA,"Khu công nghiệp Quế Võ ( Khu vực mở rộng ) , Xã Phương Liễu , Huyện Quế Võ , Tỉnh Bắc Ninh , Việt Nam",BAC NINH,+842223952956,"전자, 전기 제조업",https://www.google.com/maps/search/HANJUTECH+VINA+BAC+NINH+Vietnam,,,
"HANKO ABRASIVES Co.,Ltd","Khu sản xuất kinh doanh Bãi Dầm, Xã Kim Nỗ, Huyện Đông Anh, Thành phố Hà Nội, Việt Nam",HA NOI,+842432055289,"유통, 도소매, 무역","https://www.google.com/maps/search/HANKO+ABRASIVES+Co.,Ltd+HA+NOI+Vietnam",,,
HANKOOK AL TEC VINA,"Dong Van 1 IZ, Dong Van, Duy Tien, Ha Nam",HA NAM,+843513555885,"전자, 전기 제조업",https://www.google.com/maps/search/HANKOOK+AL+TEC+VINA+HA+NAM+Vietnam,4.1,,
"HANKOOK TOWER CRANE CO.,LTD","3rd Floor, Plot 112-TT3, My Dinh Song Da, Tu Liem, Hanoi",HA NOI,,"환경, 설비, 기계","https://www.google.com/maps/search/HANKOOK+TOWER+CRANE+CO.,LTD+HA+NOI+Vietnam",4.3,,
HANKYONG CNT,"Dai Dong - Hoan Son I.Z, Hoan Son, Tien Du, Bac Ninh",BAC NINH,+849989520885,제조업,https://www.google.com/maps/search/HANKYONG+CNT+BAC+NINH+Vietnam,4.1,,
HANLA,"7F, No.8, Duong Dinh Nghe, Yen Hoa, Cau Giay, Hanoi",HA NOI,+842432010650,건설 및 건설자재,https://www.google.com/maps/search/HANLA+HA+NOI+Vietnam,4.1,,
"HANLIM CO., LTD","Cụm Công nghiệp Khắc Niệm,  TP Bắc Ninh, Tỉnh Bắc Ninh",BAC NINH,+842223737268,제조업,"https://www.google.com/maps/search/HANLIM+CO.,+LTD+BAC+NINH+Vietnam",3.9,,
HANMI,"Nha xuong E4 (thuoc lo E), khu CN 7, KCN Trang D, Hong Phong, An Duong, Hai Phong",HAI PHONG,+842253597308,제조업,https://www.google.com/maps/search/HANMI+HAI+PHONG+Vietnam,,,
"HANMIFLEXIBLE VINA CO.,LTD","Nhà xưởng E4 ( thuộc lô E ), khu CN7, Khu công nghiệp Tràng Duệ, Xã Hồng Phong, Huyện An Dương, Thành phố Hải Phòng, Việt Nam",HAI PHONG,+842253597308,제조업,"https://www.google.com/maps/search/HANMIFLEXIBLE+VINA+CO.,LTD+HAI+PHONG+Vietnam",4.3,,
HANNAM INC,"Binh Xuyen I.Z, Binh Xuyen, VINH PHUC",VINH PHUC,+842113593035,"섬유, 의류, 봉제 제조",https://www.google.com/maps/search/HANNAM+INC+VINH+PHUC+Vietnam,4.7,,
Hanoi Reinsurance Joint Stock Corporation (Hanoi Re),"25th Floor, No.1 Pham Van Bach street, Cau Giay district, Hanoi, Vietnam",HA NOI,+842437342828,"금융, 보험",https://www.google.com/maps/search/Hanoi+Reinsurance+Joint+Stock+Corporation+(Hanoi+Re)+HA+NOI+Vietnam,4.0,,
Hanoi seowonintech,"Yen Phong I.Z, Yen Phong, Bac Ninh",BAC NINH,+842223692125,"전자, 전기 제조업",https://www.google.com/maps/search/Hanoi+seowonintech+BAC+NINH+Vietnam,4.4,,
"Hanoi You steel Co., Ltd","Que Vo industrial zone, Phuong Lieu Commune, Que Vo District, Bac Ninh Province",BAC NINH,+842223952684,제조업,"https://www.google.com/maps/search/Hanoi+You+steel+Co.,+Ltd+BAC+NINH+Vietnam",3.8,,
HANS FASHION,"Lot C3.3, Gian Khau I.Z, Gia Tan, Gia Vien, Ninh Binh",NINH BINH,+842293868226,"유통, 도소매, 무역",https://www.google.com/maps/search/HANS+FASHION+NINH+BINH+Vietnam,4.7,,
"Hansae Hanoi Co., Ltd.","Room 3809810, 38F, Keangnam Landmark 72 Tower, Me Tri, Tu Liem District, Ha Noi City",HA NOI,+842438378538,"섬유, 의류, 봉제 제조","https://www.google.com/maps/search/Hansae+Hanoi+Co.,+Ltd.+HA+NOI+Vietnam",4.0,,
"HANSEO VINA Co.,Ltd","Plot B2 Dai Dang-Hoan Son I.Z, Hoan Son, Tien Du, Bac Ninh",BAC NINH,+842223848826,제조업,"https://www.google.com/maps/search/HANSEO+VINA+Co.,Ltd+BAC+NINH+Vietnam",4.1,,
HANSHIN COMPANY LIMITED,"Trieu Khuc, Tan Trieu, Thanh Tri, Hanoi",HA NOI,+842435528480,제조업,https://www.google.com/maps/search/HANSHIN+COMPANY+LIMITED+HA+NOI+Vietnam,4.7,,
HANSHIN ENGINEERING & CONSTRUCTION,"9th Fl., Charmvit Tower, 117 Tran Duy Hung, Cau Giay, Hanoi",HA NOI,+842437262321,건설 및 건설자재,https://www.google.com/maps/search/HANSHIN+ENGINEERING+&+CONSTRUCTION+HA+NOI+Vietnam,4.3,,
HANSHIN POLYMER,"Lot 4, Tan Hong, Hoan Son I.Z, Tan Hong, Bac Ninh",BAC NINH,+842223764360,제조업,https://www.google.com/maps/search/HANSHIN+POLYMER+BAC+NINH+Vietnam,4.5,,
HANSHIN VIETNAM E&C,"Que Vo Extension I.Z, Phuong Lieu, Que Vo, Bac Ninh",BAC NINH,+842223952029,제조업,https://www.google.com/maps/search/HANSHIN+VIETNAM+E&C+BAC+NINH+Vietnam,4.4,,
"HANSHIN VINA CO., LTD","Lot CN15.3, N1 road, KCN Chau Son, Le Hong Phong, Phu Ly, Ha Nam",HA NAM,+842263967168,제조업,"https://www.google.com/maps/search/HANSHIN+VINA+CO.,+LTD+HA+NAM+Vietnam",4.1,,
"HANSOL ELECTRONICS VIETNAM CO., LTD","KCN Yen Binh, Dong Tien, Pho Yen, Thai Nguyen",THAI NGUYEN,+842083664178,"전자, 전기 제조업","https://www.google.com/maps/search/HANSOL+ELECTRONICS+VIETNAM+CO.,+LTD+THAI+NGUYEN+Vietnam",4.6,,
HANSOL HARNESS VINA COMPANY LIMITED,"Lot CN4.2 KCN Song Cong II, Tan Quang, Song Cong, Thai Nguyen",THAI NGUYEN,+84355649637,제조업,https://www.google.com/maps/search/HANSOL+HARNESS+VINA+COMPANY+LIMITED+THAI+NGUYEN+Vietnam,4.6,,
"HANSOL VINA CO.,LTD","No.13, Song Khe I.P, Noi Hoang, Yen Dung, Bac Giang",BAC GIANG,,"섬유, 의류, 봉제 제조","https://www.google.com/maps/search/HANSOL+VINA+CO.,LTD+BAC+GIANG+Vietnam",4.0,,
HANSUNG CONSTRUCTION VINA,"17th, A Tower, Song Da Bld., Pham Hung, My Dinh 1, Nam Tu Liem, Hanoi",HA NOI,+842462659689,건설 및 건설자재,https://www.google.com/maps/search/HANSUNG+CONSTRUCTION+VINA+HA+NOI+Vietnam,3.8,,
HANSUNG P.T.C VINA LIMITED LIABILITY COMPANY,"Lot E, CN7, Trang Due I.P, Hong Phong, An Duong, Hai Phong",HAI PHONG,+842258832841,제조업,https://www.google.com/maps/search/HANSUNG+P.T.C+VINA+LIMITED+LIABILITY+COMPANY+HAI+PHONG+Vietnam,4.3,,
HANTEC VINA COMPANY LIMITED,"Factory No. 6, KCN Khac Niem, Khac Niem, Bac Ninh",BAC NINH,+842223907020,제조업,https://www.google.com/maps/search/HANTEC+VINA+COMPANY+LIMITED+BAC+NINH+Vietnam,4.9,,
"HANVI VINA CO.,LTD","Duong so 9A, KCN Hoa Khanh, Phuong Hoa Khanh Bac, Quan Lien Chieu, Da Nang",DA NANG,+842363640157,제조업,"https://www.google.com/maps/search/HANVI+VINA+CO.,LTD+DA+NANG+Vietnam",4.7,,
"HANVIET INTERNATIONAL TRADING CO.,LTD","Dong But, Ngoc Liep, Quoc Oai, Hanoi",HA NOI,+842433844586,"유통, 도소매, 무역","https://www.google.com/maps/search/HANVIET+INTERNATIONAL+TRADING+CO.,LTD+HA+NOI+Vietnam",,,
HANWHA AERO ENGINES,"Lot CN1-02B-4-B, Hi-Tech I. Z. No.1 Hoa Lac Hi-Tech Park, Ha Bang, Thach That, Hanoi",HA NOI,+842433668854,제조업,https://www.google.com/maps/search/HANWHA+AERO+ENGINES+HA+NOI+Vietnam,,,
Hanwha Energy Corporation Vietnam,"7F tower 1, Capital Place, No. 29 Lieu Giai street, Ngoc Khanh Ward, Ba Dinh District, Hanoi",HA NOI,+842432040517,기타,https://www.google.com/maps/search/Hanwha+Energy+Corporation+Vietnam+HA+NOI+Vietnam,,,
HANWHA POWER SYSTEMS VIETNAM,"6F, Star Tower, Duong Dinh Nghe Street, Yen Hoa Ward, Cau Giay District, Hanoi, Vietnam",HA NOI,+842432012450,"환경, 설비, 기계",https://www.google.com/maps/search/HANWHA+POWER+SYSTEMS+VIETNAM+HA+NOI+Vietnam,4.4,,
HANWHA TECHWIN AUTOMATION VIETNAM COMPANY LIMITED,"Lot O-2, Que Vo Industrial Zone extended area. Nam Son, Bac Ninh",BAC NINH,+842222221050,"환경, 설비, 기계",https://www.google.com/maps/search/HANWHA+TECHWIN+AUTOMATION+VIETNAM+COMPANY+LIMITED+BAC+NINH+Vietnam,4.5,,
"HANWHA VISION VIETNAM Co., Ltd","Lot O-2, Que Vo Industrial Zone extended area. Nam Son commune, Bac Ninh city, Bac Ninh province, Vietnam",BAC NINH,+842222220860,"전자, 전기 제조업","https://www.google.com/maps/search/HANWHA+VISION+VIETNAM+Co.,+Ltd+BAC+NINH+Vietnam",4.3,,
HANYANG DIGITECH VINA,"Lô CN-06, KCN Phú Hà, Xã Hà Thạch, Thị xã Phú Thọ, Tỉnh Phú Thọ",PHU THO,+842103822825,"전자, 전기 제조업",https://www.google.com/maps/search/HANYANG+DIGITECH+VINA+PHU+THO+Vietnam,,,
HANYOUNG NUX,"6F, SACOM Building, 152/11B Dien Bien Phu Phuong 25, Binh Thanh, HO CHI MINH",HO CHI MINH,+84859889488,"유통, 도소매, 무역",https://www.google.com/maps/search/HANYOUNG+NUX+HO+CHI+MINH+Vietnam,4.5,,
Hanyoung Worldwrap,"Lô H, khu công nghiệp Đồng Văn II, Phường Duy Minh, Thị xã Duy Tiên, Tỉnh Hà Nam, Việt Nam",HA NAM,+842263582010,제조업,https://www.google.com/maps/search/Hanyoung+Worldwrap+HA+NAM+Vietnam,4.8,,
HAPPY COOK,"12D, Lo A10, KDT Nam Trung Yen, Yen Hoa, Cau Giay, Hanoi BRANCH: Cao oc An Khanh, 52 Song Hanh, An Phu, Quan 2, HO CHI MINH",HA NOI,+842462816900,"유통, 도소매, 무역",https://www.google.com/maps/search/HAPPY+COOK+HA+NOI+Vietnam,3.8,,
HAPPY L&B VIET NAM,"Lô A17, Khu Liên Cơ, Phường Cầu Diễn, Quận Nam Từ Liêm – Hà Nội",HA NOI,+842473009985,"유통, 도소매, 무역",https://www.google.com/maps/search/HAPPY+L&B+VIET+NAM+HA+NOI+Vietnam,4.3,,
"HAPPY PEACE ONE MEMBER CO.,LTD","Tan Tien, Minh Tan, Phu Cu, Hung Yen",HUNG YEN,+842213551440,"섬유, 의류, 봉제 제조","https://www.google.com/maps/search/HAPPY+PEACE+ONE+MEMBER+CO.,LTD+HUNG+YEN+Vietnam",4.4,,
HASECA,"• 2F, CT4 Building, The Pride, La Khe Ward, Ha Dong District, Ha Noi city • No.69, 37 Street, Van Phu Urban Area, Hiep Binh Phuoc Ward, Thu Duc Dist, Ho Chi Minh City",HA NOI,+849637508010,"숙박, 요식, 급식",https://www.google.com/maps/search/HASECA+HA+NOI+Vietnam,4.2,,
HAVY KOVI COMPANY LIMITED,"Lot 78 + 79 + 80 planned road 10.5m, An Hai Bac, Son Tra, Da Nang",DA NANG,+84931979162,기타,https://www.google.com/maps/search/HAVY+KOVI+COMPANY+LIMITED+DA+NANG+Vietnam,4.1,,
"HB TECH Co.,Ltd","Lot K-1-3 Dai Dong, Hoan Son I.Z, Tan Hong, Tu Son, Bac Ninh",BAC NINH,+842222220415,제조업,"https://www.google.com/maps/search/HB+TECH+Co.,Ltd+BAC+NINH+Vietnam",4.2,,
"HBS TECH VINA Co.,Ltd","Factory H3, Lot L2, Trang Due I.P, a part of Dinh Vu - Cat Hai E.Z, Hong Phong, An Duong, Hai Phong",HAI PHONG,+84989907165,제조업,"https://www.google.com/maps/search/HBS+TECH+VINA+Co.,Ltd+HAI+PHONG+Vietnam",4.4,,
H-DIAMOND VINA,"Que Vo extend area IZ (Renthouse: My A Joint Stock company), Phuong Lieu commune, Que Vo District, Bac Ninh province",BAC NINH,,제조업,https://www.google.com/maps/search/H-DIAMOND+VINA+BAC+NINH+Vietnam,3.8,,
"HEATCO., JSC","Thon Van Khe, Nghia Huong, Quoc Oai, Hanoi",HA NOI,+84988593158,"환경, 설비, 기계","https://www.google.com/maps/search/HEATCO.,+JSC+HA+NOI+Vietnam",4.4,,
"HEERAE VINA CO.,LTD","5F, Sudico Building, Me Tri, My Dinh 1, Nam Tu Liem, Hanoi",HA NOI,+842432011335,"유통, 도소매, 무역","https://www.google.com/maps/search/HEERAE+VINA+CO.,LTD+HA+NOI+Vietnam",4.5,,
HEESUNG ELECTRONICS VIETNAM,"Trang Due IP, Le Loo Commune, An Duong District, Hai Phong",HAI PHONG,+842252299170,"전자, 전기 제조업",https://www.google.com/maps/search/HEESUNG+ELECTRONICS+VIETNAM+HAI+PHONG+Vietnam,4.1,,
HEKAMI VIETNAM,"No.7, Area C My Dinh's Residence Project, Residential Group 10, Nhan My, My Dinh 1 Ward, South Tu Liem District, Ha Noi city, Viet Nam.",HA NOI,,"유통, 도소매, 무역",https://www.google.com/maps/search/HEKAMI+VIETNAM+HA+NOI+Vietnam,4.2,,
"HELLO BACNINH CO.,LTD","CC03-B6 Building, Ly Thai To, Ninh Xa, Bac Ninh",BAC NINH,,"숙박, 요식, 급식","https://www.google.com/maps/search/HELLO+BACNINH+CO.,LTD+BAC+NINH+Vietnam",4.1,,
"Henkel Adhesive Technologies Vietnam Co., Ltd","4th floor, Halla Building, Yen Phong IP, Yen Phong District, Bac Ninh Province, Vietnam",BAC NINH,+84988881867,"대표사무소, 지사","https://www.google.com/maps/search/Henkel+Adhesive+Technologies+Vietnam+Co.,+Ltd+BAC+NINH+Vietnam",4.5,,
HEXAGON,"B5-16Villa, Vinhomes Gardenia, Cau Dien, Nam Tu Liem, Hanoi",HA NOI,+84966868400,"전자, 전기 제조업",https://www.google.com/maps/search/HEXAGON+HA+NOI+Vietnam,4.3,,
HEYUM VINA,"Lot Ⅵ 2, KCC Thuan Thanh 3, Thuan Thanh, Bac Ninh",BAC NINH,+842223798518,"전자, 전기 제조업",https://www.google.com/maps/search/HEYUM+VINA+BAC+NINH+Vietnam,4.4,,
"HHJ VINA Co.,Ltd","No.2 new urban area, Dinh Ke ward, Bac Giang",BAC GIANG,+84974693947,건설 및 건설자재,"https://www.google.com/maps/search/HHJ+VINA+Co.,Ltd+BAC+GIANG+Vietnam",4.5,,
"HI BRAND CO.,LTD","Phu La, Van Phu, Ha Dong, Hanoi",HA NOI,+842437876257,건설 및 건설자재,"https://www.google.com/maps/search/HI+BRAND+CO.,LTD+HA+NOI+Vietnam",4.1,,
"HI VINA CO.,LTD","So 4, duong so 10, Khu pho 2, Hiep Binh Phuoc, Thu Duc, HO CHI MINH",HO CHI MINH,+842862843025,"유통, 도소매, 무역","https://www.google.com/maps/search/HI+VINA+CO.,LTD+HO+CHI+MINH+Vietnam",4.4,,
"HIAB KANGLIM VINA CO.,LTD","p102. K12, Viet Hung, Viet Hung, Long Bien, Hanoi",HA NOI,+842436503222,"유통, 도소매, 무역","https://www.google.com/maps/search/HIAB+KANGLIM+VINA+CO.,LTD+HA+NOI+Vietnam",4.5,,
HICO VIET NAM,"LOT NO CN-3, 4 DONG VAN INDUSTRY ZONE, DAI CUONG COMMUNE, KIM BANG DISTRICT, HA NAM PROVINCE, VIET NAM",HA NAM,+842263523336,제조업,https://www.google.com/maps/search/HICO+VIET+NAM+HA+NAM+Vietnam,4.2,,
HIGH DIGITAL TECH VINA,"Lot 11-N11, Vo Cuong 3, Vo Cuong, Bac Ninh",BAC NINH,+842226520666,"환경, 설비, 기계",https://www.google.com/maps/search/HIGH+DIGITAL+TECH+VINA+BAC+NINH+Vietnam,4.2,,
"HILIM-BLS VINA Co.,Ltd","Yen Phong I.P, Long Chau, Yen Phong, Bac Ninh",BAC NINH,+842222246777,제조업,"https://www.google.com/maps/search/HILIM-BLS+VINA+Co.,Ltd+BAC+NINH+Vietnam",4.0,,
HIQ VINA,"Một phần lô O, KCN Quang Châu, Xã Quang Châu, Huyện Việt Yên, Tỉnh Bắc Giang, Việt Nam",HA NOI,+842042484499,제조업,https://www.google.com/maps/search/HIQ+VINA+HA+NOI+Vietnam,4.2,,
"HITECH Co.,Ltd","B4, CN4, Sai Dong B I.Z, Long Bien, Hanoi",HA NOI,+842438753332,제조업,"https://www.google.com/maps/search/HITECH+Co.,Ltd+HA+NOI+Vietnam",4.1,,
"HITEJINRO VIETNAM Co.,Ltd","Tầng 31, tòa nhà Handico, khu đô thị mới Mễ Trì Hạ, đường Phạm Hùng, Phường Mễ Trì, Quận Nam Từ Liêm, Thành Phố Hà Nội, Việt Nam.",HA NOI,+842462822958,"유통, 도소매, 무역","https://www.google.com/maps/search/HITEJINRO+VIETNAM+Co.,Ltd+HA+NOI+Vietnam",4.8,,
HI-TEX,"Xa Nghia My I.C, Thai Hoa, Nghe An",NGHE AN,,"섬유, 의류, 봉제 제조",https://www.google.com/maps/search/HI-TEX+NGHE+AN+Vietnam,4.2,,
HITEX.ONE VINA COMPANY LIMITED,"Lot A/A1 KCN Ha Lam - Cho Duoc, Binh Phuc, Thang Binh, Quang Nam",QUANG NAM,+848210930324,"섬유, 의류, 봉제 제조",https://www.google.com/maps/search/HITEX.ONE+VINA+COMPANY+LIMITED+QUANG+NAM+Vietnam,3.9,,
HIVE VINA LIMITED COMPANY,"No 68 Ly Thai To, Vo Cuong, Bac Ninh",BAC NINH,+84976494878,"유통, 도소매, 무역",https://www.google.com/maps/search/HIVE+VINA+LIMITED+COMPANY+BAC+NINH+Vietnam,4.6,,
HJ CORP VINA,"Tien Son I.Z, Tan Hong, Tu Son, Bac Ninh",BAC NINH,+842223764624,제조업,https://www.google.com/maps/search/HJ+CORP+VINA+BAC+NINH+Vietnam,4.2,,
HJ TECH COMPANY LIMITED,"Room 08-C4, Cat Tuong new building, Ly Thai To, Ninh Xa, Bac Ninh.",BAC NINH,+84395876667,제조업,https://www.google.com/maps/search/HJ+TECH+COMPANY+LIMITED+BAC+NINH+Vietnam,4.8,,
"HJC VIETNAM CO., LTD","Lot 14, Khai Quang I.Z, Vinh Yen, VINH PHUC",VINH PHUC,+842113723396,제조업,"https://www.google.com/maps/search/HJC+VIETNAM+CO.,+LTD+VINH+PHUC+Vietnam",4.4,,
"HJCV CO.,LTD","Khai Quang I.P, Khai Quang, Vinh Yen, VINH PHUC",VINH PHUC,+842113726913,제조업,"https://www.google.com/maps/search/HJCV+CO.,LTD+VINH+PHUC+Vietnam",4.4,,
HK CHEM,"Xuan Lam I.Z, Xuan Lam, Thuan Thanh, Bac Ninh",BAC NINH,+84762079191,"전자, 전기 제조업",https://www.google.com/maps/search/HK+CHEM+BAC+NINH+Vietnam,4.8,,
HK DONG-A VINA,"lot CN5-2 diem Thuy industrial Zone , hong Tien Ward , Pho Yen City, Thai Nguyen Viet Nam",THAI NGUYEN,+842083931514,"전자, 전기 제조업",https://www.google.com/maps/search/HK+DONG-A+VINA+THAI+NGUYEN+Vietnam,4.6,,
HK DR.FLOOR VIETNAM,"Nha A toa 32T Khu do thi moi Nam An Khanh, Xa An Khanh, Hanoi",HA NOI,+84823447198,건설 및 건설자재,https://www.google.com/maps/search/HK+DR.FLOOR+VIETNAM+HA+NOI+Vietnam,4.4,,
"HK ENG VINA Co.,Ltd","Room 1206, 12F, W1 Vinhomes West Point, Pham Hung, Me Tri, Nam Tu Liem, Hanoi",HA NOI,+842435563284,건설 및 건설자재,"https://www.google.com/maps/search/HK+ENG+VINA+Co.,Ltd+HA+NOI+Vietnam",4.1,,
"HK VINA CO.,LTD","Tieu Lam, Ngu Hung, Thanh Mien, Hai Duong",HAI DUONG,,"섬유, 의류, 봉제 제조","https://www.google.com/maps/search/HK+VINA+CO.,LTD+HAI+DUONG+Vietnam",4.7,,
"HKB VN CO.,LTD","Km 43, Highway 5, Le Xa, Cam Phuc, Cam Giang, Hai Duong",HAI DUONG,+842203626002,"전자, 전기 제조업","https://www.google.com/maps/search/HKB+VN+CO.,LTD+HAI+DUONG+Vietnam",4.0,,
HKT ELECTRONICS VIETNAM,"Lo L2, khu cong nghiep Trang Due, Hong Phong, An Duong, Hai Phong",HAI PHONG,+842252299655,"전자, 전기 제조업",https://www.google.com/maps/search/HKT+ELECTRONICS+VIETNAM+HAI+PHONG+Vietnam,4.2,,
"HKTM VINA Co.,Ltd","1F, P2, LOT LG AND M, Trang Due I.P, Le Loi, An Duong, Hai Phong",HAI PHONG,+842258820700,제조업,"https://www.google.com/maps/search/HKTM+VINA+Co.,Ltd+HAI+PHONG+Vietnam",4.3,,
"HM ALTECH VINA CO.,LTD","Lot G2, Que Vo I.Z (expanded area), Nam Son, Bac Ninh",BAC NINH,+842226507979,"전자, 전기 제조업","https://www.google.com/maps/search/HM+ALTECH+VINA+CO.,LTD+BAC+NINH+Vietnam",4.1,,
"HMC TECH VINA Co.,Ltd","Gamuda Gardens Hoang Mai, Hanoi",HA NOI,+84966089622,건설 및 건설자재,"https://www.google.com/maps/search/HMC+TECH+VINA+Co.,Ltd+HA+NOI+Vietnam",4.3,,
"HNJ-VINA CO.,LTD","Lot 2, Dong Tu I.C, Hung Ha, Thai Binh",THAI BINH,+842273971010,"섬유, 의류, 봉제 제조","https://www.google.com/maps/search/HNJ-VINA+CO.,LTD+THAI+BINH+Vietnam",4.5,,
Hoa Binh Limited Company,"84 Đoi Can, Ba Dinh, Hanoi",HA NOI,+842438233449,제조업,https://www.google.com/maps/search/Hoa+Binh+Limited+Company+HA+NOI+Vietnam,4.6,,
HOA GAIN,"No 3, Lane 1800, Đình Thôn street, My dinh 1 Nam Tu Liem, Hanoi",HA NOI,+842437836100,"유통, 도소매, 무역",https://www.google.com/maps/search/HOA+GAIN+HA+NOI+Vietnam,4.8,,
HOANG HUY H&G REAL ESTATE,"Villa D15-The Manor Villa, My Dinh Song Da, Nam Tu Liem, Hanoi",HA NOI,+842437876124,부동산개발.임대,https://www.google.com/maps/search/HOANG+HUY+H&G+REAL+ESTATE+HA+NOI+Vietnam,4.6,,
Hoiana Hotels (HOI AN SOUTH DEVELOPMENT LTD),"Duy Xuyen District, Quang Nam Province, Vietnam",QUANG NAM,+842356263333,"숙박, 요식, 급식",https://www.google.com/maps/search/Hoiana+Hotels+(HOI+AN+SOUTH+DEVELOPMENT+LTD)+QUANG+NAM+Vietnam,4.6,,
"HOJEONG CO.,LTD","Lot C6-1-2 and Lot C6-1-3B, KCN Dai Dong - Hoan Son, Hoan Son, Tien Du, Bac Ninh",BAC NINH,+842223907002,제조업,"https://www.google.com/maps/search/HOJEONG+CO.,LTD+BAC+NINH+Vietnam",4.4,,
HONG DANG VINA,"Lot 38 I, I.Z, Quang Minh, Hanoi",HA NOI,+842432665959,제조업,https://www.google.com/maps/search/HONG+DANG+VINA+HA+NOI+Vietnam,3.9,,
"HONG JIN GLOBAL CO.,LTD","경기도 안양시 동안구 흥안대로 415, 서관 712호",KOREA,+82313837572,"유통, 도소매, 무역","https://www.google.com/maps/search/HONG+JIN+GLOBAL+CO.,LTD+KOREA+Vietnam",4.4,,
HONG NGOC HOSPITAL,1. 옌닌 지점/ BỆNH VIỆN ĐA KHOA HỒNG NGỌC Chi nhánh Yên Ninh 2. 경남 지점/ PHÒNG KHÁM ĐA KHOA HỒNG NGỌC KEANGNAM Chi nhánh Keangnam 3. 롱비엔 지점/ PHÒNG KHÁM HỒNG NGỌC SAVICO Chi nhánh Long Biên 4. 미딩 지점/ HONG NGOC GENERAL HOSPITAL – MY DINH,HA NOI,+842473008866,"병원, 의약, 위생, 의료",https://www.google.com/maps/search/HONG+NGOC+HOSPITAL+HA+NOI+Vietnam,,,
"HOON LAB CO.,LTD","B122-ho, 10, Baekseokgongdan 1-ro, Seobuk-gu, Cheonan-si, Chungcheongnam-do 31094, Republic or Korea",KOREA,+84419065090,"환경, 설비, 기계","https://www.google.com/maps/search/HOON+LAB+CO.,LTD+KOREA+Vietnam",,,
HOTEL DU PARC HA NOI,"84 P. Trần Nhân Tông, Nguyễn Du, Hai Bà Trưng, Hà Nội 100000",HA NOI,+84967498543,"숙박, 요식, 급식",https://www.google.com/maps/search/HOTEL+DU+PARC+HA+NOI+HA+NOI+Vietnam,4.3,,
Hotel Nikko Hai Phong,"Số 1, Đường 1, Khu đô thị Waterfront City, Phường Vĩnh Niệm , Quận Lê Chân, Thành phố Hải Phòng, Việt Nam.",HAI PHONG,+842253265666,"숙박, 요식, 급식",https://www.google.com/maps/search/Hotel+Nikko+Hai+Phong+HAI+PHONG+Vietnam,4.6,,
"HOTEL PERLE D'ORIENT, MGALLERY","Cat Co 3 Beach, Cat Ba Island, Cat Hai, Hai Phong",HAI PHONG,+842253887360,"숙박, 요식, 급식","https://www.google.com/maps/search/HOTEL+PERLE+D'ORIENT,+MGALLERY+HAI+PHONG+Vietnam",4.6,,
HOTEL SONG CONG LIMITED LIABILITY COMPANY,"TDP Nguyen Bay, Cai Dan, Song Cong, Thai Nguyen",THAI NGUYEN,+84203662567,"숙박, 요식, 급식",https://www.google.com/maps/search/HOTEL+SONG+CONG+LIMITED+LIABILITY+COMPANY+THAI+NGUYEN+Vietnam,4.5,,
HOYEON VINA COMPANY LIMITED,"National Highway 38, Ba Huyen, Khac Niem, Bac Ninh",BAC NINH,+842223508940,제조업,https://www.google.com/maps/search/HOYEON+VINA+COMPANY+LIMITED+BAC+NINH+Vietnam,4.0,,
"HP TECH VINA CO.,LTD","S0 33 Ly Thai To, Bac Ninh",BAC NINH,+84398595833,"전자, 전기 제조업","https://www.google.com/maps/search/HP+TECH+VINA+CO.,LTD+BAC+NINH+Vietnam",4.1,,
HPK VIET NAM COMPANY LIMITED,"3rd floor, Unit 2, Lot I-1, KCN Trang Due, Dinh Vu - Cat Hai Economic Zone, Hong Phong, An Duong, Hai Phong",HAI PHONG,+84353677825,"환경, 설비, 기계",https://www.google.com/maps/search/HPK+VIET+NAM+COMPANY+LIMITED+HAI+PHONG+Vietnam,,,
"HQ PAPER CO.,LTD","Lot 6, Tan Hong Hoang Son I.Z, Bac Ninh",BAC NINH,+842432020260,제조업,"https://www.google.com/maps/search/HQ+PAPER+CO.,LTD+BAC+NINH+Vietnam",4.8,,
"HS CHEMICAL VIETNAM CO., LTD","Lot CN2-1,Que Vo Industrial Zone 3, Que Vo District, Bac Ninh Province, Vietnam",BAC NINH,+842223952003,제조업,"https://www.google.com/maps/search/HS+CHEMICAL+VIETNAM+CO.,+LTD+BAC+NINH+Vietnam",,,
"HS HA NOI CO.,LTD","Lot 6, Tan Hong, Hoan Son, Tien Son Extension I.Z, Bac Ninh",BAC NINH,+842223764581,제조업,"https://www.google.com/maps/search/HS+HA+NOI+CO.,LTD+BAC+NINH+Vietnam",4.7,,
"HS TECH VINA Co.,Ltd","Thuan Thanh 3 I.Z, Thanh Khuong, Thuan Thanh, Bac Ninh",BAC NINH,+842223798398,제조업,"https://www.google.com/maps/search/HS+TECH+VINA+Co.,Ltd+BAC+NINH+Vietnam",4.3,,
"HS VINA CO.,LTD","Vinh Yen 2 I.Z, Vinh Yen, VINH PHUC.",VINH PHUC,+84364190845,"전자, 전기 제조업","https://www.google.com/maps/search/HS+VINA+CO.,LTD+VINH+PHUC+Vietnam",4.6,,
HSC TECH VINA,"Lot CN 8-4-2, KCN Diem Thuy, Diem Thuy, Phu Binh, Thai Nguyen",THAI NGUYEN,+84813376232,"전자, 전기 제조업",https://www.google.com/maps/search/HSC+TECH+VINA+THAI+NGUYEN+Vietnam,4.3,,
HSCOLOR LIMITED COMPANY,"Lot K3, Trang Due I.P, Hong Phong, An Duong, Hai Phong",HAI PHONG,+842256250001,제조업,https://www.google.com/maps/search/HSCOLOR+LIMITED+COMPANY+HAI+PHONG+Vietnam,4.5,,
HSDC,"29th Floor, East Tower, Hanoi Lotte center, 54 Lieu Giai, Ba Dinh, Hanoi",HA NOI,,부동산개발.임대,https://www.google.com/maps/search/HSDC+HA+NOI+Vietnam,,,
"HTCTECH CO.,LTD","Dong Van 1 I.Z, Bach Thuong, Duy Tien, Ha Nam",HA NAM,+842263583316,제조업,"https://www.google.com/maps/search/HTCTECH+CO.,LTD+HA+NAM+Vietnam",4.4,,
HUCORD,"No 5, Plot 15E, Trung Yen 5, Trung Hoa, Cau Giay, Hanoi",HA NOI,+842437761743,"병원, 의약, 위생, 의료",https://www.google.com/maps/search/HUCORD+HA+NOI+Vietnam,,,
HUMAN TECHNOLOGY INNOVATION,"8th floor, HL Tower, 6/82, Duy Tan Street, Dich Vong Hau, Cau Giay District, Ha Noi",HA NOI,+84343117171,건설 및 건설자재,https://www.google.com/maps/search/HUMAN+TECHNOLOGY+INNOVATION+HA+NOI+Vietnam,4.2,,
HUMANCEL VIN,"5F, Ladeco Bld, 266 Doi Can, Lieu Giai, Ba Dinh, Hanoi",HA NOI,+842432323735,"유통, 도소매, 무역",https://www.google.com/maps/search/HUMANCEL+VIN+HA+NOI+Vietnam,4.4,,
HUMINTECH VINA COMPANY LIMITED,"9th floor, room 904, No. 3, Le Thai To, Vo Cuong, Bac Ninh",BAC NINH,+842223682866,"환경, 설비, 기계",https://www.google.com/maps/search/HUMINTECH+VINA+COMPANY+LIMITED+BAC+NINH+Vietnam,4.2,,
HWA SUNG VINA COMPANY LIMITED,"Lot CN07, KCN Cam Khe, Cam Khe, Phu Tho",PHU THO,+843429575550,"전자, 전기 제조업",https://www.google.com/maps/search/HWA+SUNG+VINA+COMPANY+LIMITED+PHU+THO+Vietnam,4.7,,
"HWACHEON GLOBAL SERVICE Co.,Ltd","BT1 - C55, Lo BT 105, Bac An Khanh, An Khanh, Hoai Duc, Hanoi",HA NOI,+84387888881,"환경, 설비, 기계","https://www.google.com/maps/search/HWACHEON+GLOBAL+SERVICE+Co.,Ltd+HA+NOI+Vietnam",3.9,,
"HWASEUNG TECH VINA CO.,LTD","Lot a7 Ba Thien II I.P, Thien Ke, Binh Xuyen, VINH PHUC",VINH PHUC,+842113588886,"전자, 전기 제조업","https://www.google.com/maps/search/HWASEUNG+TECH+VINA+CO.,LTD+VINH+PHUC+Vietnam",3.9,,
HWASEUNG VIETNAM HAIPHONG AUTOMOTIVE COMPANY LIMITED,"Room 506, 5th floor, TD Business Center Building, Lot 20A Le Hong Phong, Dong Khe , Ngo Quyen, Hai Phong",HAI PHONG,+842256583818,"유통, 도소매, 무역",https://www.google.com/maps/search/HWASEUNG+VIETNAM+HAIPHONG+AUTOMOTIVE+COMPANY+LIMITED+HAI+PHONG+Vietnam,4.2,,
HWICO,"21 Duy Tan, Dich Vong Hau, Cau Giay, Hanoi",HA NOI,+84388587655,건설 및 건설자재,https://www.google.com/maps/search/HWICO+HA+NOI+Vietnam,4.8,,
HYB INVESTMENT PROMOTION GROUP JOINT STOCK COMPANY,"Saphire Building, 7th Floor, 163 Ba Trieu, Le Dai Hanh Ward, Hai Ba Trung District, Hanoi City",HA NOI,+84978969889,건설 및 건설자재,https://www.google.com/maps/search/HYB+INVESTMENT+PROMOTION+GROUP+JOINT+STOCK+COMPANY+HA+NOI+Vietnam,,,
"HYONJIN VIET NAM Co.,Ltd","Phu Thai I.Z, Kim Thanh, Hai Duong",HAI DUONG,+842203867683,제조업,"https://www.google.com/maps/search/HYONJIN+VIET+NAM+Co.,Ltd+HAI+DUONG+Vietnam",4.1,,
HYOSUNG QUANG NAM COMPANY LIMITED,"Lot D6, KCN Tam Thang, Binh Nam, Thang Binh, Quang Nam",QUANG NAM,+842353691555,"섬유, 의류, 봉제 제조",https://www.google.com/maps/search/HYOSUNG+QUANG+NAM+COMPANY+LIMITED+QUANG+NAM+Vietnam,5.0,,
HYOSUNG TNS,"Lô CN08-1 KCN Yên Phong 2C, Xã Trung Nghĩa, Xã Tam Giang, Thị Trấn Chờ, Huyện Yên Phong, Tỉnh Bắc Ninh.",BAC NINH,+84365153688,"전자, 전기 제조업",https://www.google.com/maps/search/HYOSUNG+TNS+BAC+NINH+Vietnam,3.8,,
"HYOWON M&E CO.,LTD","52 Nam Phap II, Dang Giang, Ngo Quyen, Hai Phong",HAI PHONG,+842253837379,"전자, 전기 제조업","https://www.google.com/maps/search/HYOWON+M&E+CO.,LTD+HAI+PHONG+Vietnam",4.3,,
"HYUN BO VINA.,LTD","Dong vang, KCN Dinh Tram, huyen Viet Yen, Tinh Bac Giang",BAC GIANG,+842043661860,제조업,"https://www.google.com/maps/search/HYUN+BO+VINA.,LTD+BAC+GIANG+Vietnam",4.1,,
"HYUN JUNG VINA CO.,LTD","Hap Linh I.P, Hap Linh, Bac Ninh",BAC NINH,+842223737821,"전자, 전기 제조업","https://www.google.com/maps/search/HYUN+JUNG+VINA+CO.,LTD+BAC+NINH+Vietnam",,,
HYUN.BCS COMPANY LIMITED,"Lot 334 & 335, mapsheet no 27, Dai Phuc, Bac Ninh",BAC NINH,+84906115504,법무.회계.투자자문,https://www.google.com/maps/search/HYUN.BCS+COMPANY+LIMITED+BAC+NINH+Vietnam,4.6,,
HYUNDAE CONSULTING AND TRADING COMPANY LIMITED,"No. 01 An Nhon 2, An Hai Bac, Son Tra, Da Nang",DA NANG,,부동산개발.임대,https://www.google.com/maps/search/HYUNDAE+CONSULTING+AND+TRADING+COMPANY+LIMITED+DA+NANG+Vietnam,4.3,,
"HYUNDAE SHEET CO., LTD",경기도 용인시 수지구 신수로 767 분당수지U타워 지식산업센터 1101호,KOREA,+84312992025,"유통, 도소매, 무역","https://www.google.com/maps/search/HYUNDAE+SHEET+CO.,+LTD+KOREA+Vietnam",,,
HYUNDAI CONSTRUCTION EQUIPMENT,"1908-02, 19F, Keangnam Hanoi Landmark 72, Plot E6, Me Tri, Nam Tu Liem, Hanoi",HA NOI,+842432123915,건설 및 건설자재,https://www.google.com/maps/search/HYUNDAI+CONSTRUCTION+EQUIPMENT+HA+NOI+Vietnam,4.6,,
HYUNDAI DEVELOPMENT,"#902, 9F, Charmvit tower, 117 Tran Duy Hung, Hanoi",HA NOI,+842435553132,건설 및 건설자재,https://www.google.com/maps/search/HYUNDAI+DEVELOPMENT+HA+NOI+Vietnam,4.0,,
HYUNDAI E&C VINA,"8F, Viglacera Building, No. 1 Thang Long Boulevard, Me Tri, Nam Tu Liem, Hanoi",HA NOI,+842435537123,건설 및 건설자재,https://www.google.com/maps/search/HYUNDAI+E&C+VINA+HA+NOI+Vietnam,4.6,,
"HYUNDAI KEFICO VIETNAM CO.,LTD","LOT XN#01,DAI AN INDUSTRIAL ZONE, TU MINH WARD, HAIDUONG CITY",HAI DUONG,+842203555990,"전자, 전기 제조업","https://www.google.com/maps/search/HYUNDAI+KEFICO+VIETNAM+CO.,LTD+HAI+DUONG+Vietnam",4.2,,
"HYUNDAI THANH CONG ELEVATOR VIETNAM Co.,Ltd","36th Floor, Keangnam Landmark 72 Bld, Me Tri, Nam Tu Liem, Hanoi",HA NOI,+842462822975,제조업,"https://www.google.com/maps/search/HYUNDAI+THANH+CONG+ELEVATOR+VIETNAM+Co.,Ltd+HA+NOI+Vietnam",4.0,,
HYUNDAI THANH CONG VIETNAM AUTO MANUFACTURING CORPORATION,"3F, Thanh Cong Bld., Dich Vong Hau Str., Cau Giay, Ha Noi",HA NOI,+842437951116,제조업,https://www.google.com/maps/search/HYUNDAI+THANH+CONG+VIETNAM+AUTO+MANUFACTURING+CORPORATION+HA+NOI+Vietnam,3.8,,
"HYUNDAI TNR CO., LTD","Lot CN 08, KCN Dong Van IV, Nhat Tan, Nhat Tuu, Dai Cuong, Kim Bang, Ha Nam",HA NAM,+84383387203,"전자, 전기 제조업","https://www.google.com/maps/search/HYUNDAI+TNR+CO.,+LTD+HA+NAM+Vietnam",4.3,,
HYUNG JOO VINA,"Doi 6, Thon Dong Khuc, Xa Vinh Khuc, Huyen Van Giang, Tinh Hung Yen, Viet Nam",HUNG YEN,+842213900033,제조업,https://www.google.com/maps/search/HYUNG+JOO+VINA+HUNG+YEN+Vietnam,4.2,,
"HYUNWOO VINA Co.,Ltd","Lo C7, Ba Thien II I.P, Thien Ke, Binh Xuyen, VINH PHUC",VINH PHUC,+84982877575,"전자, 전기 제조업","https://www.google.com/maps/search/HYUNWOO+VINA+Co.,Ltd+VINH+PHUC+Vietnam",4.1,,
HYVISION VINA,"Que Vo Industry Park(Inside MY A company), Phuong Lieu Hamlet, Que Vo Dist, Bac Ninh",BAC NINH,+842223903046,제조업,https://www.google.com/maps/search/HYVISION+VINA+BAC+NINH+Vietnam,4.6,,
I AM CHRIS COMPANY LIMITED,"449 Hoang Dieu, Binh Thuan, Hai Chau, Da Nang",DA NANG,+84979333743,"숙박, 요식, 급식",https://www.google.com/maps/search/I+AM+CHRIS+COMPANY+LIMITED+DA+NANG+Vietnam,4.8,,
IAN PRECISION VINA,"Lo B2,KCN Dai Dong-Hoan son, Hoan Son, Tien Du, Bac Ninh",BAC NINH,+842223848484,"전자, 전기 제조업",https://www.google.com/maps/search/IAN+PRECISION+VINA+BAC+NINH+Vietnam,4.8,,
IAN VINA,"15 Floor, Tower B, Song Da Building, Pham Hung Street, My Dinh 1 Ward, Nam Tu Liem District, Hanoi",HA NOI,,"유통, 도소매, 무역",https://www.google.com/maps/search/IAN+VINA+HA+NOI+Vietnam,,,
"IBISS PC CAFE CO.,LTD","305A Tran Hung Dao, An Hai Bac, Son Tra, Da Nang",DA NANG,,"오락, 문화, 전시, 체육","https://www.google.com/maps/search/IBISS+PC+CAFE+CO.,LTD+DA+NANG+Vietnam",4.1,,
"I-BLE FNC VINA CO., LTD","KCN Chau Son, Le Hong Phong, Phu Ly, Ha Nam",HA NAM,+842263593688,"섬유, 의류, 봉제 제조","https://www.google.com/maps/search/I-BLE+FNC+VINA+CO.,+LTD+HA+NAM+Vietnam",4.2,,
IC FOOD SON LA,"Suoi Lin, Van Ho, Van Ho, Son La",SON LA,,"숙박, 요식, 급식",https://www.google.com/maps/search/IC+FOOD+SON+LA+SON+LA+Vietnam,3.8,,
"ICH CUBE  VIET NAM CO.,LTD","Lot D13, D14 Dinh Tram Industrial Zone, Nenh Town, Viet Yen District, Bac Giang Province, Vietnam",BAC GIANG,+842403875368,"전자, 전기 제조업","https://www.google.com/maps/search/ICH+CUBE++VIET+NAM+CO.,LTD+BAC+GIANG+Vietnam",4.7,,
ICO JOB,"Toa nha ICO, so 34 Tran Quoc Hoan, Cau Giay, Hanoi",HA NOI,,기타,https://www.google.com/maps/search/ICO+JOB+HA+NOI+Vietnam,4.5,,
"ICON INTERNATIONAL CO.,LTD","Tầng 1,Căn 11-D, Khu nhà ở thấp tầng tại ô đất A10, KĐT Nam Trung Yên, Yên Hòa, Cầu Giấy, Hà Nội",HA NOI,+84973217844,"유통, 도소매, 무역","https://www.google.com/maps/search/ICON+INTERNATIONAL+CO.,LTD+HA+NOI+Vietnam",4.3,,
ID TECH VINA,"Lim Town, Tien Du District, Bac Ninh",BAC NINH,+842223833388,"전자, 전기 제조업",https://www.google.com/maps/search/ID+TECH+VINA+BAC+NINH+Vietnam,4.6,,
IDEC Group Vietnam,"TMG Building 11F, 157 Pasteur st, Ward 6, District3, HO CHI MINH BRANCH: Yen Phong 2C",HO CHI MINH,+84703535816,부동산개발.임대,https://www.google.com/maps/search/IDEC+Group+Vietnam+HO+CHI+MINH+Vietnam,4.3,,
IDG CAPITAL VIET NAM JOIN STOCK COMPANY,"8th floor, 28-30-32-34 Pasteur, Nguyen Thai Binh Ward, District 1, HO CHI MINH",HO CHI MINH,+842873009818,기타,https://www.google.com/maps/search/IDG+CAPITAL+VIET+NAM+JOIN+STOCK+COMPANY+HO+CHI+MINH+Vietnam,4.7,,
"IDT-VINA INDUSTRIAL Co.,Ltd","Road N1, Lot C, Dai Dong, Hoan Son I.P, Dai Dong, Tien Du, Bac Ninh",BAC NINH,+842223714210,제조업,"https://www.google.com/maps/search/IDT-VINA+INDUSTRIAL+Co.,Ltd+BAC+NINH+Vietnam",4.1,,
IJ TECH,"Khu cong nghiep Dong Van 2, Phuong Bach Thuong, Thi Xa Duy Tien, Tinh Ha Nam",HA NAM,+84226650001,제조업,https://www.google.com/maps/search/IJ+TECH+HA+NAM+Vietnam,4.5,,
IKP Il Kwang Polymer – Viet Nam,"A310a Toa Nha The Manor Duong Me Tri P.My Dinh !.Q.Nam Tu Liem,T.P Ha Noi",HA NOI,+842473079998,"유통, 도소매, 무역",https://www.google.com/maps/search/IKP+Il+Kwang+Polymer+–+Viet+Nam+HA+NOI+Vietnam,4.5,,
"ILDONG VINA Co.,Ltd","Lai Cach I.Z, Cam Giang, Hai Duong",HAI DUONG,+842203555331,제조업,"https://www.google.com/maps/search/ILDONG+VINA+Co.,Ltd+HAI+DUONG+Vietnam",4.7,,
ILJIN DIAMOND VINA COMPANY LIMITED,"Lô CN03, Khu công nghiệp Đồng Văn IV, Xã Đại Cương, Huyện Kim Bảng, Tỉnh Hà Nam, Việt Nam",HA NAM,,제조업,https://www.google.com/maps/search/ILJIN+DIAMOND+VINA+COMPANY+LIMITED+HA+NAM+Vietnam,4.8,,
ILJIN DISPLAY,"Lot A1-3, Road N2, Zone A, KCN Hoa Mac , Hoa Mac, Duy Tien, Ha Nam",HA NAM,+842263966055,"전자, 전기 제조업",https://www.google.com/maps/search/ILJIN+DISPLAY+HA+NAM+Vietnam,3.8,,
ILKWANG VINA,"TS3, Tien Son I.Z, Tan Hong, Tu Son, Bac Ninh",BAC NINH,+842223734110,"전자, 전기 제조업",https://www.google.com/maps/search/ILKWANG+VINA+BAC+NINH+Vietnam,,,
ILLJIN COM VINA,"Lot F1, Road N4&N6, Chau Son I.P, Chau Son, Phu Ly, Ha Nam",HA NAM,+849619171590,"전자, 전기 제조업",https://www.google.com/maps/search/ILLJIN+COM+VINA+HA+NAM+Vietnam,3.9,,
"ILSHIN VINA CO.,LTD","No.5.6, Lot NG, Dai An I.Z, Km 51, Tu Minh, Hai Duong",HAI DUONG,+842203555552,"전자, 전기 제조업","https://www.google.com/maps/search/ILSHIN+VINA+CO.,LTD+HAI+DUONG+Vietnam",4.5,,
ILSHINTECH VINA,"Lot L5, KCN Trang Due, Hong Phong, An Duong, Hai Phong",HAI PHONG,+842253556660,"전자, 전기 제조업",https://www.google.com/maps/search/ILSHINTECH+VINA+HAI+PHONG+Vietnam,4.2,,
"ILSUNG VINA CO.,LTD","Lo B7-B8, Dinh Tram I.Z, Hoang Ninh, Viet Yen, Bac Giang",BAC GIANG,,"전자, 전기 제조업","https://www.google.com/maps/search/ILSUNG+VINA+CO.,LTD+BAC+GIANG+Vietnam",4.1,,
IM VINA,"Lot A8-2, Ba Thien 2 Industrial Zone, Thien Ke, Binh Xuyen, VINH PHUC Province",VINH PHUC,+84978696560,"전자, 전기 제조업",https://www.google.com/maps/search/IM+VINA+VINH+PHUC+Vietnam,4.3,,
IMARKET VIETNAM,"12F, Charmvit Tower, 117 Tran Duy Hung, Cau Giay, Ha Noi",HA NOI,+842473018700,"유통, 도소매, 무역",https://www.google.com/maps/search/IMARKET+VIETNAM+HA+NOI+Vietnam,,,
I-MEDICARE GENERAL CLINIC,"1F, The Garden, Me Tri, Nam Tu Liem, Hanoi",HA NOI,+848134001010,"병원, 의약, 위생, 의료",https://www.google.com/maps/search/I-MEDICARE+GENERAL+CLINIC+HA+NOI+Vietnam,4.6,,
"IMMANUEL AUDITING CO.,LTD","22nd Floor, Tower B, Song Da Building, Pham Hung, My Dinh, Nam Tu Liem, Hanoi",HA NOI,+842473001977,법무.회계.투자자문,"https://www.google.com/maps/search/IMMANUEL+AUDITING+CO.,LTD+HA+NOI+Vietnam",4.4,,
IMTECH VINA COMPANY LIMITED,"Orchid Building, No. 156 - 158 Cho Lung, Dang Hai, Hai An , Hai Phong",HAI PHONG,+842252604888,"환경, 설비, 기계",https://www.google.com/maps/search/IMTECH+VINA+COMPANY+LIMITED+HAI+PHONG+Vietnam,,,
"Ina Vina Co., Ltd","Road D, Part D, Pho Noi A Industrial Park, Giai Pham commune, Yen My district, Hung Yen province, Viet Nam",HA NOI,+842213967499,제조업,"https://www.google.com/maps/search/Ina+Vina+Co.,+Ltd+HA+NOI+Vietnam",4.4,,
"INABATA VIETNAM Co.,Ltd","Unit 902B, Floor 6th, Sun Red River Building, 23 Phan Chu Trinh, Hoan Kiem, Hanoi BRANCH: Saigon Centre, Floor 07, unit 05, 65 Le Loi Boulevard, Dist 1, HO CHI MINH",HA NOI,+842437725119,"유통, 도소매, 무역","https://www.google.com/maps/search/INABATA+VIETNAM+Co.,Ltd+HA+NOI+Vietnam",4.0,,
"Indochina Kajima Development Co., Ltd","Suite 901, 9th Floor, Indochina Plaza Hanoi, Xuan Thuy, Cau Giay, Hanoi BRANCH: CN2A, DeepC Haiphong 2 Industrial Park, Haiphong City",HA NOI,+84826868660,부동산개발.임대,"https://www.google.com/maps/search/Indochina+Kajima+Development+Co.,+Ltd+HA+NOI+Vietnam",4.1,,
"INKEL VIETNAM Co.,Ltd","Block 26, Quang Minh I.Z, Quang Minh, Me Linh, Hanoi",HA NOI,+842435251710,"전자, 전기 제조업","https://www.google.com/maps/search/INKEL+VIETNAM+Co.,Ltd+HA+NOI+Vietnam",4.5,,
"INNO FLEX VINA Co.,Ltd","Binh Xuyen I.Z, VINH PHUC",VINH PHUC,+842113888010,제조업,"https://www.google.com/maps/search/INNO+FLEX+VINA+Co.,Ltd+VINH+PHUC+Vietnam",4.6,,
INNO TECH COMPANY LIMITED,"2A, Bui Xuan Phai Street, Kinh Bac, Bac Ninh",BAC NINH,+842223828011,"환경, 설비, 기계",https://www.google.com/maps/search/INNO+TECH+COMPANY+LIMITED+BAC+NINH+Vietnam,4.0,,
"INNO TECHNOLOGY VINA CO., LTD.","Lo C8-C9, Khu cong nghiep Dinh Tram, Thi Tran Nenh, huyen Viet Yen, Tinh Bac Giang, Viet Nam BRANCH: Lo C8-C9, Khu cong nghiep Dinh Tram, Thi Tran Nenh, huyen Viet Yen, Tinh Bac Giang, Viet Nam",BAC GIANG,+84966042290,제조업,"https://www.google.com/maps/search/INNO+TECHNOLOGY+VINA+CO.,+LTD.+BAC+GIANG+Vietnam",4.5,,
"INNOCHIPS VINA CO., LTD","Lot CN07A, KCN Phu Ha, Ha Thach, Phu Tho",PHU THO,+842103822006,"전자, 전기 제조업","https://www.google.com/maps/search/INNOCHIPS+VINA+CO.,+LTD+PHU+THO+Vietnam",4.3,,
INNOCOM VINA COMPANY LIMITED,"KCN Hap Linh, Khac Niem, Bac Ninh",BAC NINH,+842223908384,"전자, 전기 제조업",https://www.google.com/maps/search/INNOCOM+VINA+COMPANY+LIMITED+BAC+NINH+Vietnam,4.2,,
INNOVATION HUB,"10F. Vit Tower 519 Kim Ma, Ba Dinh, Hanoi",HA NOI,+842437620199,법무.회계.투자자문,https://www.google.com/maps/search/INNOVATION+HUB+HA+NOI+Vietnam,4.3,,
INO INTECH,"Lot G11, Que Vo I.Z, Phuong Lieu, Que Vo, Bac Ninh",BAC NINH,+842223952336,제조업,https://www.google.com/maps/search/INO+INTECH+BAC+NINH+Vietnam,4.4,,
"INOX FACTORY CO.,LTD.","Lot 42C, Quang Minh Industrial Park, Quang Minh Town, Me Linh District, Ha Noi City, Vietnam",HA NOI,+842432006923,"유통, 도소매, 무역","https://www.google.com/maps/search/INOX+FACTORY+CO.,LTD.+HA+NOI+Vietnam",4.4,,
"INSOL VINA Co.,Ltd","Que Vo Extension I.Z, Phuong Lieu, Que Vo, Bac Ninh",BAC NINH,+842223952333,제조업,"https://www.google.com/maps/search/INSOL+VINA+Co.,Ltd+BAC+NINH+Vietnam",,,
"INSUNG HIVINA Co.,Ltd","Lot A5, Trang Due I.P, Le Loi, An Duong, Hai Phong",HAI PHONG,+842258830936,제조업,"https://www.google.com/maps/search/INSUNG+HIVINA+Co.,Ltd+HAI+PHONG+Vietnam",4.3,,
"INTECH KOREA CO.,LTD","2nd Fl., A58, Nam Long Residential Area, Quarter 2, Phu Thuan, Dis.7, HO CHI MINH",HO CHI MINH,+842866500993,"전자, 전기 제조업","https://www.google.com/maps/search/INTECH+KOREA+CO.,LTD+HO+CHI+MINH+Vietnam",4.3,,
INTER LOGO,"Minh Hai, Van Lam, Hung Yen",HUNG YEN,,"섬유, 의류, 봉제 제조",https://www.google.com/maps/search/INTER+LOGO+HUNG+YEN+Vietnam,4.2,,
InterContinental Danang Sun Peninsula Resort,"Khu Du Lich Sinh Thai Bien Bai Bac, Tho Quang Ward, Son Tra District, Danang",DA NANG,+842363938888,"숙박, 요식, 급식",https://www.google.com/maps/search/InterContinental+Danang+Sun+Peninsula+Resort+DA+NANG+Vietnam,4.1,,
"INTERFLEX VINA Co.,Ltd","Lot CN5, Ba Thien I.Z, Thien Ke, Binh Xuyen, VINH PHUC",VINH PHUC,+842113565965,"전자, 전기 제조업","https://www.google.com/maps/search/INTERFLEX+VINA+Co.,Ltd+VINH+PHUC+Vietnam",4.6,,
"INTERMAX VIETNAM CO., LTD","Sai village, Ngoc Van commune, Tan Yen district, Bac Giang province",BAC GIANG,+842043833836,"섬유, 의류, 봉제 제조","https://www.google.com/maps/search/INTERMAX+VIETNAM+CO.,+LTD+BAC+GIANG+Vietnam",4.6,,
INTERNATIONAL DRIVINGRANGE,"Xuan O Overpass, Vo Cuong, Bac Ninh",BAC NINH,+842223896378,"오락, 문화, 전시, 체육",https://www.google.com/maps/search/INTERNATIONAL+DRIVINGRANGE+BAC+NINH+Vietnam,4.6,,
International School Partnership (ISP),"Land Plot TH3, Southern East Tran Duy Hung Urban Area, Hoang Minh Giam, Trung Hoa, Cau Giay, Hanoi",HA NOI,+84869111800,"교육, 매체, 인쇄, 광고",https://www.google.com/maps/search/International+School+Partnership+(ISP)+HA+NOI+Vietnam,4.3,,
"INTERNATIONAL SOS VIETNAM CO.,LTD","51 Xuan Dieu, Tay Ho, Hanoi",HA NOI,+842439340666,"병원, 의약, 위생, 의료","https://www.google.com/maps/search/INTERNATIONAL+SOS+VIETNAM+CO.,LTD+HA+NOI+Vietnam",,,
INTERSACK VIETNAM,"Tay Nam I.Z, Phu Ly, Ha Nam",HA NAM,+842263846407,제조업,https://www.google.com/maps/search/INTERSACK+VIETNAM+HA+NAM+Vietnam,4.4,,
"INTOPS VIETNAM CO.,LTD","Intops Xưởng 1 KCN Yên Phong, Xã Long Châu, Huyện Yên Phong, Tỉnh Bắc Ninh, Việt Nam",BAC NINH,+842223699800,제조업,"https://www.google.com/maps/search/INTOPS+VIETNAM+CO.,LTD+BAC+NINH+Vietnam",4.2,,
"INTRADING HA NOI LOGISTICS Co., Ltd","2nd Floor, AC Building, 78 Duy Tan, Dich Vong Hau, Cau Giay, Hanoi",HA NOI,+842437957952,"물류, 운수, 여행업","https://www.google.com/maps/search/INTRADING+HA+NOI+LOGISTICS+Co.,+Ltd+HA+NOI+Vietnam",4.5,,
INTRO RESIDENCE HOTEL,"No. 16/76/193 Van Cao, Dang Lam, Hai An, Hai Phong",HAI PHONG,+842252618686,"숙박, 요식, 급식",https://www.google.com/maps/search/INTRO+RESIDENCE+HOTEL+HAI+PHONG+Vietnam,,,
INTROTOP COMPANY LIMITED,"CN7, CN8, CN9, KCN Yen Lap town, Yen Lap, Phu Tho",PHU THO,+84962760129,제조업,https://www.google.com/maps/search/INTROTOP+COMPANY+LIMITED+PHU+THO+Vietnam,5.0,,
IPN VINA,"Lot F10, N5 Street, Chau Son Industrial Zone, Chau Son District, Phu Ly, Ha Nam",HA NAM,+842262211389,제조업,https://www.google.com/maps/search/IPN+VINA+HA+NAM+Vietnam,3.8,,
IRE DS VINA,"Khu liền kề Khu công nghiệp Quế Võ (thuộc Khu công nghiệp Quế Võ khu mở rộng), Xã Phương Liễu, Huyện Quế Võ, Tỉnh Bắc Ninh",BAC NINH,+842222221225,제조업,https://www.google.com/maps/search/IRE+DS+VINA+BAC+NINH+Vietnam,4.3,,
IS LOGO,"Trung Trac, Van Lam, Hung Yen",HUNG YEN,+842213997155,"섬유, 의류, 봉제 제조",https://www.google.com/maps/search/IS+LOGO+HUNG+YEN+Vietnam,4.7,,
"IS TECH CO.,LTD","Que Vo Industrial Zone, Nam Son, Bac Ninh",BAC NINH,+842223621511,"전자, 전기 제조업","https://www.google.com/maps/search/IS+TECH+CO.,LTD+BAC+NINH+Vietnam",4.5,,
ISCVINA MANUFACTURING COMPANY LIMITED,"Lo A12-2, KCN Ba thien II, Thien Ke, Binh Xuyen, VINH PHUC, Vietnam",VINH PHUC,+842113888700,제조업,https://www.google.com/maps/search/ISCVINA+MANUFACTURING+COMPANY+LIMITED+VINH+PHUC+Vietnam,4.6,,
ISIRIUS VINA,"Phong 301, Lau 4, toa nha so 1B, Duong 30, Binh An, Q.2, TP. HO CHI MINH BRANCH: LK1-L14-Lot LK-78 Splendora, North An Khanh Urban, Hoai Duc, Hanoi",HO CHI MINH,+842836369150,기타,https://www.google.com/maps/search/ISIRIUS+VINA+HO+CHI+MINH+Vietnam,4.2,,
ISSAC SECURITY,"So 2, ngach 9/2 ngo 9, Tran Quoc Hoan, Dich Vong Hau, Cau Giay, Hanoi",HA NOI,+842432262983,기타,https://www.google.com/maps/search/ISSAC+SECURITY+HA+NOI+Vietnam,4.7,,
"ITM SEMICONDUCTOR VN CO.,LTD","Số 06, đường 11, VSIP Bắc Ninh, Phường Phù Chẩn, Thành Phố Từ Sơn, Tỉnh Bắc Ninh, Việt Nam",BAC NINH,+842462822960,"전자, 전기 제조업","https://www.google.com/maps/search/ITM+SEMICONDUCTOR+VN+CO.,LTD+BAC+NINH+Vietnam",4.8,,
J CUBE VINA COMPANY LIMITED,"Factory no 7, KCN Khac Niem, Khac Niem, Bac Ninh",BAC NINH,+84969968805,제조업,https://www.google.com/maps/search/J+CUBE+VINA+COMPANY+LIMITED+BAC+NINH+Vietnam,4.3,,
J SQUARE KOREA,"N4-4, Song Hoang, 13 Alley Linh Nam, Mai Dong, Hoang Mai, Hanoi",HA NOI,+842436339263,"유통, 도소매, 무역",https://www.google.com/maps/search/J+SQUARE+KOREA+HA+NOI+Vietnam,4.8,,
J&B DRIVE VINA LIMITED COMPANY,"Lot CN2, KCN Nam Cau Kien, Kien Bai, Thuy Nguyen, Hai Phong",HAI PHONG,+84936822928,제조업,https://www.google.com/maps/search/J&B+DRIVE+VINA+LIMITED+COMPANY+HAI+PHONG+Vietnam,4.3,,
"J&K VINA CO.,LTD","West I.Z, Ngo Quyen, Hai Duong",HAI DUONG,+842203898218,"전자, 전기 제조업","https://www.google.com/maps/search/J&K+VINA+CO.,LTD+HAI+DUONG+Vietnam",4.5,,
"J&L TECH VINA Co.,Ltd","TS 10/8 Tien Son I.Z, Noi Due, Tien Du, Bac Ninh",BAC NINH,+842223734082,"환경, 설비, 기계","https://www.google.com/maps/search/J&L+TECH+VINA+Co.,Ltd+BAC+NINH+Vietnam",4.3,,
J&P,"Lot CN 13, KCN Tu Da - An Dao, Binh Phu, Phu Ninh, Phu Tho",PHU THO,+842103770855,제조업,https://www.google.com/maps/search/J&P+PHU+THO+Vietnam,5.0,,
"J.I VINA CO.,LTD","Lot TT07, No119, K2 Str, Cau Dien, Nam Tu Liem, Hanoi",HA NOI,+842432006105,"물류, 운수, 여행업","https://www.google.com/maps/search/J.I+VINA+CO.,LTD+HA+NOI+Vietnam",4.3,,
"J.PLUS CO.,LTD","Van Tu I.C, Tu Ky, Hai Duong",HAI DUONG,+842203740990,"섬유, 의류, 봉제 제조","https://www.google.com/maps/search/J.PLUS+CO.,LTD+HAI+DUONG+Vietnam",3.9,,
"JA VINA CO.,LTD","Tang 2-4, lo 110 (kieu nha 2B-TT3) , khu do thi moi My Dinh, Me Tri, My Dinh 1, Nam Tu Liem, Hanoi",HA NOI,,"유통, 도소매, 무역","https://www.google.com/maps/search/JA+VINA+CO.,LTD+HA+NOI+Vietnam",4.4,,
"JAANH VINA CO.,LTD","Yen Phong IZ, Yen Trung, Yen Phong, Bac Ninh",BAC NINH,+842223699078,제조업,"https://www.google.com/maps/search/JAANH+VINA+CO.,LTD+BAC+NINH+Vietnam",4.7,,
JABEZ VINA COMPANY LIMITED,"KCN Hoang Xa, Hoang Xa, Thanh Thuy, Phu Tho",PHU THO,+842102220000,"전자, 전기 제조업",https://www.google.com/maps/search/JABEZ+VINA+COMPANY+LIMITED+PHU+THO+Vietnam,,,
JAE EUN TECH VINA,"Lot 8,4,2, KCN Diem Thuy, Diem Thuy , Phu Binh, Thai Nguyen",THAI NGUYEN,+842083931123,"전자, 전기 제조업",https://www.google.com/maps/search/JAE+EUN+TECH+VINA+THAI+NGUYEN+Vietnam,4.3,,
JAEHYUN VINA,"K1 Lot, Dong Van II Industrial Zone, Dong Van, Duy Tien, Ha Nam",HA NAM,+842263583305,"전자, 전기 제조업",https://www.google.com/maps/search/JAEHYUN+VINA+HA+NAM+Vietnam,4.4,,
JAEWOO VINA COMPANY LIMITED,"Lot B8, KCN Thuy Van, Thuy Van, Viet Tri, Phu Tho",PHU THO,+842103828858,제조업,https://www.google.com/maps/search/JAEWOO+VINA+COMPANY+LIMITED+PHU+THO+Vietnam,4.6,,
"JAEYOUNG VINA CO.,LTD","Lot C2-1, Que Vo I.Z, (Expansion Area), Phuong Lieu, Que Vo, Bac Ninh",BAC NINH,+842222220101,"전자, 전기 제조업","https://www.google.com/maps/search/JAEYOUNG+VINA+CO.,LTD+BAC+NINH+Vietnam",4.4,,
JAHON INTERNATIONAL,"A6, Five star, ngo 176 Dinh Thon, My Dinh, Hanoi",HA NOI,+842473042699,"병원, 의약, 위생, 의료",https://www.google.com/maps/search/JAHON+INTERNATIONAL+HA+NOI+Vietnam,4.3,,
"JAHWA VINA CO.,LTD.","Jahwa Vina Co. Plot 10, Khai Quang Industry Park, Vinh Yen City, VINH PHUC Province, Vietnam",VINH PHUC,+842113716201,"전자, 전기 제조업","https://www.google.com/maps/search/JAHWA+VINA+CO.,LTD.+VINH+PHUC+Vietnam",4.5,,
"JANG JUNG VINA Co.,Ltd","Street D4, Park D, Pho Noi A I.P, Yen My. Hung Yen",HUNG YEN,+842213587441,제조업,"https://www.google.com/maps/search/JANG+JUNG+VINA+Co.,Ltd+HUNG+YEN+Vietnam",4.4,,
JANGWONTECH VINA,"Lot G1, Que Vo Extension I.Z, Phuong Lieu, Que Vo, Bac Ninh",BAC NINH,+842223617990,"전자, 전기 제조업",https://www.google.com/maps/search/JANGWONTECH+VINA+BAC+NINH+Vietnam,4.3,,
"JAO VI COMPANY., LIMITED.","Lot CN 15, KCN Tu Da - An Dao, Binh Phu, Phu Ninh, Phu Tho",PHU THO,+842103770899,제조업,"https://www.google.com/maps/search/JAO+VI+COMPANY.,+LIMITED.+PHU+THO+Vietnam",4.3,,
JAPAN KOREA 2,"Hop Thinh IZ, Hop Thinh, Tam Duong,  VINH PHUC",VINH PHUC,+842112475555,"섬유, 의류, 봉제 제조",https://www.google.com/maps/search/JAPAN+KOREA+2+VINH+PHUC+Vietnam,4.6,,
"JASTECH VIETNAM MANUFACTURING CO., LTD",Land plot number 62/Lot A3/Ap Don service residential area,BAC NINH,+842223906905,"환경, 설비, 기계","https://www.google.com/maps/search/JASTECH+VIETNAM+MANUFACTURING+CO.,+LTD+BAC+NINH+Vietnam",,,
JASUNG VINA,"KCN Dong Van I, Bach Thuong Ward,Duy Tien Town,Ha Nam Province",HA NAM,+842263583225,"전자, 전기 제조업",https://www.google.com/maps/search/JASUNG+VINA+HA+NAM+Vietnam,4.3,,
"JAUD (Design Associates) Co., LTD","(Hanoi Office) Lotte Building, West 30th Floor, Room 3011, 54 Lieu Gia Street, Ba Dinh District, Hanoi, Vietnam",HA NOI,+842433958999,"대표사무소, 지사","https://www.google.com/maps/search/JAUD+(Design+Associates)+Co.,+LTD+HA+NOI+Vietnam",4.1,,
"JAY JAY VINA CO.,LTD","Lot C5, Tam Thang I.P, Tam Thang, Tam Ky, Quang Nam",QUANG NAM,+842353815088,"섬유, 의류, 봉제 제조","https://www.google.com/maps/search/JAY+JAY+VINA+CO.,LTD+QUANG+NAM+Vietnam",4.3,,
JCA VINA,"No.2 89 Alley Nguyen Phong Sac, Cau Giay, Ha Noi",HA NOI,+84388050153,"유통, 도소매, 무역",https://www.google.com/maps/search/JCA+VINA+HA+NOI+Vietnam,4.7,,
"JCV CORP CO., LTD","Lot P-4, Trang Due Industrial Park, a part of Dinh Vu - Cat Hai Economic Zone, An Hoa Commune, An Duong District, Hai Phong City, Vietnam",HAI PHONG,+842257109555,제조업,"https://www.google.com/maps/search/JCV+CORP+CO.,+LTD+HAI+PHONG+Vietnam",4.1,,
"JD CUBE CO.,LTD","(Rent factory: Co Khi Kinh Bac company) Que Vo Industrial, Nam Son, Bac Ninh",BAC NINH,+842223621513,"전자, 전기 제조업","https://www.google.com/maps/search/JD+CUBE+CO.,LTD+BAC+NINH+Vietnam",4.3,,
"JD TECHWIN VINA Co.,Ltd","Lot CN2, Nam Cau Kien I.P, Kien Bai, Thuy Nguyen, Hai Phong",HAI PHONG,+84936990366,제조업,"https://www.google.com/maps/search/JD+TECHWIN+VINA+Co.,Ltd+HAI+PHONG+Vietnam",4.3,,
JD VINA,"Area B-Song Cong 1 I.P, Bach Quang, Song Cong, Thai Nguyen",THAI NGUYEN,,"전자, 전기 제조업",https://www.google.com/maps/search/JD+VINA+THAI+NGUYEN+Vietnam,4.9,,
JDI TELECOM VINA,"No. 620, Me Linh, Khai Quang, Vinh Yen, VINH PHUC",VINH PHUC,+842113861700,"전자, 전기 제조업",https://www.google.com/maps/search/JDI+TELECOM+VINA+VINH+PHUC+Vietnam,4.6,,
JDL VN,"Tang 26, Handico Tower, Pham Hung, Me Tri, Tu Liem, Hanoi",HA NOI,+842432013636,"물류, 운수, 여행업",https://www.google.com/maps/search/JDL+VN+HA+NOI+Vietnam,4.4,,
JEBSEN & JESSEN PACKAGING VIETNAM,"Lot K1, Que Vo I.P, Van Duong, Bac Ninh",BAC NINH,+842223634321,제조업,https://www.google.com/maps/search/JEBSEN+&+JESSEN+PACKAGING+VIETNAM+BAC+NINH+Vietnam,4.9,,
JEHIL VINA,"Hap Linh I.P, Bac Ninh",BAC NINH,+842223720218,제조업,https://www.google.com/maps/search/JEHIL+VINA+BAC+NINH+Vietnam,3.8,,
JEIL C&C COMPANY LIMITED,"KCN Nguyen Gon, Cai Dan, Song Cong, Thai Nguyen",THAI NGUYEN,+849857731040,제조업,https://www.google.com/maps/search/JEIL+C&C+COMPANY+LIMITED+THAI+NGUYEN+Vietnam,4.3,,
"JEIL FILTER VINA CO.,LTD","Ba huyen, Khac Niem, Bac Ninh",BAC NINH,+842223737455,제조업,"https://www.google.com/maps/search/JEIL+FILTER+VINA+CO.,LTD+BAC+NINH+Vietnam",4.8,,
JEIL JERSEY VINA,Land lot area 32.504m2 Vu Hoi Industrials cluster. Vu Hoi Commune. Vu Thu district. Thai Binh province,THAI BINH,+842273606636,"섬유, 의류, 봉제 제조",https://www.google.com/maps/search/JEIL+JERSEY+VINA+THAI+BINH+Vietnam,4.7,,
"JEIL PANEL VINA CO.,LTDJEIL ENGINEERING VINA CO.,LTD","5 floor, Phuong Dong Golf Driving Range, Tan My, Cau Dien, Nam Tu Liem, Hanoi BRANCH: Trai Trang, Yen My, Ten My, Hung Yen (EPS Panel)",HA NOI,+842435558182,제조업,"https://www.google.com/maps/search/JEIL+PANEL+VINA+CO.,LTDJEIL+ENGINEERING+VINA+CO.,LTD+HA+NOI+Vietnam",4.1,,
JEIL PETRO,"No.155, Pho Noi, Yen My, Hung Yen",HUNG YEN,+842213941477,제조업,https://www.google.com/maps/search/JEIL+PETRO+HUNG+YEN+Vietnam,4.3,,
"JEIL PHU THO CO.,LTD","Lot 4, Thuy Van I.Z, Viet Tri, Phu Tho",PHU THO,+842103955815,제조업,"https://www.google.com/maps/search/JEIL+PHU+THO+CO.,LTD+PHU+THO+Vietnam",4.5,,
"JEIL SAFETY Co.,Ltd","183 Khuat Duy Tien, Thanh Xuan, Hanoi",HA NOI,+842435537916,제조업,"https://www.google.com/maps/search/JEIL+SAFETY+Co.,Ltd+HA+NOI+Vietnam",4.9,,
JEIO VINA,"Hoang Ly 3, Hoang Dong, Duy Tien, Ha Nam",HA NAM,+842263580228,제조업,https://www.google.com/maps/search/JEIO+VINA+HA+NAM+Vietnam,4.5,,
JEJU AIR,"[Sales office] #402 DAEHA Bld, 360 Kim Ma, Ba Dinh, Hanoi [Airport office] 4-W06C1, T2, Noi Bai International Airport",BAC NINH,+842433997070,"물류, 운수, 여행업",https://www.google.com/maps/search/JEJU+AIR+BAC+NINH+Vietnam,4.7,,
"JEONGKWAN VINA CO.,LTD","Lot CN01, Van Trung I.Z, Viet Yen, Bac Giang",BAC GIANG,+842043662268,"전자, 전기 제조업","https://www.google.com/maps/search/JEONGKWAN+VINA+CO.,LTD+BAC+GIANG+Vietnam",4.4,,
JEXPRESS,"South Pacific Building(4th floor), No73, Ly Nam De, Hoan Kiem, Hanoi BRANCH: B3,1,2 Hoang Anh Gold House, Le Van Luong, Hamlet 3, Phuoc Kien, Nha Be, HO CHI MINH",HA NOI,+84249332424,"물류, 운수, 여행업",https://www.google.com/maps/search/JEXPRESS+HA+NOI+Vietnam,4.6,,
"JF GLOBAL CO.,LTD","3F, 121 Dong A, Hoa Vuong, Loc Vuong, Nam Dinh",NAM DINH,+84985099207,"섬유, 의류, 봉제 제조","https://www.google.com/maps/search/JF+GLOBAL+CO.,LTD+NAM+DINH+Vietnam",4.6,,
"JF TECH VINA Co.,Ltd","6 Floor, 417 Nguyen Khang Building, Yen Hoa, Cau Giay, Hanoi",HA NOI,+842432007010,"전자, 전기 제조업","https://www.google.com/maps/search/JF+TECH+VINA+Co.,Ltd+HA+NOI+Vietnam",3.8,,
JG VIETNAM,"Duong D2-1 KCN Dai Dong- Hoan Son, Hoan Son, Tien Du, Bac Ninh",BAC NINH,+842223846089,"전자, 전기 제조업",https://www.google.com/maps/search/JG+VIETNAM+BAC+NINH+Vietnam,3.9,,
JH LIGHTING VINA,"So 19A Ngo Quyen, To dan pho Trung Dung, Thi tran An Lao, Huyen An Lao, Hai Phong",HAI PHONG,+84973910081,"유통, 도소매, 무역",https://www.google.com/maps/search/JH+LIGHTING+VINA+HAI+PHONG+Vietnam,4.4,,
JH VINA,"Lot CN-07B, KCN Phu Ha, Ha Loc, Phu Tho",PHU THO,+842103865001,"전자, 전기 제조업",https://www.google.com/maps/search/JH+VINA+PHU+THO+Vietnam,4.6,,
JHBBT - VINA,"Hop Thinh, Tam Duong, VINH PHUC",VINH PHUC,+84973864543,제조업,https://www.google.com/maps/search/JHBBT+-+VINA+VINH+PHUC+Vietnam,4.5,,
"JHC F&B Co.,Ltd","Lot T110, at First Floor, AEONMALL Hai Phong Shopping Center, Ho Sen - Cau Rao 2, Vinh Niem, Le Chan, Hai Phong",HAI PHONG,+84866042923,"숙박, 요식, 급식","https://www.google.com/maps/search/JHC+F&B+Co.,Ltd+HAI+PHONG+Vietnam",4.1,,
JHCOS VINA,"Hap Linh Industrial Area, Khac Niem, Bac Ninh",BAC NINH,+842223720230,"전자, 전기 제조업",https://www.google.com/maps/search/JHCOS+VINA+BAC+NINH+Vietnam,3.9,,
"JIGTECH VINA Co.,Ltd","Khac Niem I.C, Khac Niem, Bac Ninh",BAC NINH,+842223906476,제조업,"https://www.google.com/maps/search/JIGTECH+VINA+Co.,Ltd+BAC+NINH+Vietnam",4.4,,
"JIGUCHON INVESTMENT CO.,LTD","No.82 Tran Nhan Tong, Son Tra, Da Nang",DA NANG,+842363519033,법무.회계.투자자문,"https://www.google.com/maps/search/JIGUCHON+INVESTMENT+CO.,LTD+DA+NANG+Vietnam",4.9,,
JIN AIR,"Room# 509 JINAIR, The Spaces, 28A Trần Hưng Đạo, Phan Chu Trinh, Hoàn Kiếm, Hà Nội",HA NOI,+847640521,"물류, 운수, 여행업",https://www.google.com/maps/search/JIN+AIR+HA+NOI+Vietnam,4.6,,
JIN CHEMICAL,"No 47, DP5, Lot 10, Dai Phuc, Bac Ninh",BAC NINH,+84967003826,"유통, 도소매, 무역",https://www.google.com/maps/search/JIN+CHEMICAL+BAC+NINH+Vietnam,4.3,,
JIN HEALTHY LIFE,"2nd floor, AC building, Alley 78 Duy Tân street, Dich Vong Hau ward, Cau Giay district, Hanoi",HA NOI,+84961482878,"유통, 도소매, 무역",https://www.google.com/maps/search/JIN+HEALTHY+LIFE+HA+NOI+Vietnam,4.4,,
JIN LOGIS,"98 To Ngoc van, tay ho hanoi",HA NOI,+84839329573,"물류, 운수, 여행업",https://www.google.com/maps/search/JIN+LOGIS+HA+NOI+Vietnam,4.5,,
"JINMYUNG HITECH Co.,Ltd","Dai Dong, Hoan Son I.Z, Hoan Son, Tien Du, Bac Ninh",BAC NINH,+842223848808,제조업,"https://www.google.com/maps/search/JINMYUNG+HITECH+Co.,Ltd+BAC+NINH+Vietnam",4.3,,
JINSUNG HITEC VINA COMPANY LIMITED,"Lot CN-05 KCN Dong Mai, Dong Mai, Quang Yen, Quang Ninh",QUANG NINH,+84355999108,제조업,https://www.google.com/maps/search/JINSUNG+HITEC+VINA+COMPANY+LIMITED+QUANG+NINH+Vietnam,3.8,,
"JINSUNG VINA CO.,LTD","Dong Lang I.C, Phu Ninh, Phu Ninh, Phu Tho",PHU THO,+842103860234,제조업,"https://www.google.com/maps/search/JINSUNG+VINA+CO.,LTD+PHU+THO+Vietnam",4.5,,
JINYANG VINA,"Chau Son IZ, Phu Ly City, Ha Nam",HA NAM,+842263889068,제조업,https://www.google.com/maps/search/JINYANG+VINA+HA+NAM+Vietnam,4.4,,
JINYOUNG G&T,"Dong Van 1 I.P, Duy Tien, Ha Nam",HA NAM,+842263582030,"전자, 전기 제조업",https://www.google.com/maps/search/JINYOUNG+G&T+HA+NAM+Vietnam,4.8,,
JIPYONG VIETNAM – HA NOI BRANCH,"Suite 3505, 35th floor, Keangnam Hanoi Landmark Tower, Plot E6, Cau Giay, Me Tri, Nam Tu Liem, Hanoi",HA NOI,+842462661901,법무.회계.투자자문,https://www.google.com/maps/search/JIPYONG+VIETNAM+–+HA+NOI+BRANCH+HA+NOI+Vietnam,4.5,,
"JK HA NAM CO., LTD","Pho Ca, Thanh Nguyen Commune, Thanh Liem District, Ha Nam",HA NAM,+842263530911,"섬유, 의류, 봉제 제조","https://www.google.com/maps/search/JK+HA+NAM+CO.,+LTD+HA+NAM+Vietnam",4.5,,
JK PARTNERS,"13th Floor, East Lotte Center Hanoi, 54 Lieu Giai, Ba Dinh, Hanoi",HA NOI,+842432321069,법무.회계.투자자문,https://www.google.com/maps/search/JK+PARTNERS+HA+NOI+Vietnam,3.8,,
"JKTECH VINA CO.,LTD","TDP Phu My 2, Dinh Ke ward, Bac Giang city, Bac Giang province",BAC GIANG,+849616084510,"전자, 전기 제조업","https://www.google.com/maps/search/JKTECH+VINA+CO.,LTD+BAC+GIANG+Vietnam",4.2,,
"J-Land Korea Co.,LTD","Flr7, Lilama 10 Building 56 To Huu str. Trung Van Nam Tu Lien, Hanoi Vietnam",BAC GIANG,+842437676652,"섬유, 의류, 봉제 제조","https://www.google.com/maps/search/J-Land+Korea+Co.,LTD+BAC+GIANG+Vietnam",4.9,,
"JM BEA TRICE VIAN CO.,LTD","KM 42, 18A Highway, Hoang Tan, Chi Linh, Hai Duong",HAI DUONG,+842203590500,"섬유, 의류, 봉제 제조","https://www.google.com/maps/search/JM+BEA+TRICE+VIAN+CO.,LTD+HAI+DUONG+Vietnam",4.3,,
JM INTERNATIONAL VINA,"17th Floor, A Tower, Song Da Bld, Pham Hung, My Dinh 1, Nam Tu Liem, Hanoi",HA NOI,+842432272354,"물류, 운수, 여행업",https://www.google.com/maps/search/JM+INTERNATIONAL+VINA+HA+NOI+Vietnam,4.3,,
"JMC VIETNAM CO.,LTD","Add 1: Moi Street, Hong Thai, Viet Yen, Bac Giang Add 2: Nghia Phuong, Luc Nam, Bac Giang",BAC GIANG,,"섬유, 의류, 봉제 제조","https://www.google.com/maps/search/JMC+VIETNAM+CO.,LTD+BAC+GIANG+Vietnam",4.4,,
JMT VN,"Lot VI-4.1, Road D3, Que Vo 2 I.Z, Ngoc Xa, Que Vo, Bac Ninh",BAC NINH,+842223623836,"전자, 전기 제조업",https://www.google.com/maps/search/JMT+VN+BAC+NINH+Vietnam,4.5,,
JNB LOGISTIC,"R1401 Thang Long Tower, 98 Nguy Nhu Kon Tum, Nhan Chinh, Thanh Xuan, Hanoi",HA NOI,+842473001886,"물류, 운수, 여행업",https://www.google.com/maps/search/JNB+LOGISTIC+HA+NOI+Vietnam,4.3,,
"JNC VIETNAM Co.,Ltd","Thanh Tri, Minh Phu, Soc Son, Hanoi",HA NOI,+842438134372,제조업,"https://www.google.com/maps/search/JNC+VIETNAM+Co.,Ltd+HA+NOI+Vietnam",4.2,,
JND Human Resource,"3rd Floor, Machino 1 building, No.10 Tran Phu, Ha Dong, Hanoi",HA NOI,+84964247258,기타,https://www.google.com/maps/search/JND+Human+Resource+HA+NOI+Vietnam,3.8,,
JNTC VINA,"PLOT B8 Thuy Van Industrial Zone,Thuy Van Commune,Viet Tri City,Phu Tho Province",PHU THO,,"전자, 전기 제조업",https://www.google.com/maps/search/JNTC+VINA+PHU+THO+Vietnam,4.6,,
"JOBPRO CO.,LTD","So 24, ngo 2, Tran Van Lai, My Dinh 1, Nam Tu Liem, Hanoi",HA NOI,+842438688282,기타,"https://www.google.com/maps/search/JOBPRO+CO.,LTD+HA+NOI+Vietnam",4.3,,
"JOCHU TECHNOLOGY (VIETNAM) CO., LTD.","KCN Dong Van IV, Dai Cuong, Kim Bang, Ha Nam",HA NAM,+842263966655,제조업,"https://www.google.com/maps/search/JOCHU+TECHNOLOGY+(VIETNAM)+CO.,+LTD.+HA+NAM+Vietnam",,,
"Join Logix Vietnam Co.,Ltd","9th floor , So 8 Ton That Thuyet Detech building, Nam Tu Liem, Hanoi",HA NOI,+842432323543,"물류, 운수, 여행업","https://www.google.com/maps/search/Join+Logix+Vietnam+Co.,Ltd+HA+NOI+Vietnam",4.2,,
"J-ONE Co.,Ltd","Hoang Mai, Hoang Ninh, Viet Yen, Bac Giang",BAC GIANG,+842043661878,제조업,"https://www.google.com/maps/search/J-ONE+Co.,Ltd+BAC+GIANG+Vietnam",,,
"JONGRO BBQ CO.,LTD","Lot 23 Pham Van Dong, An Hai Bac, Son Tra, Da Nang",DA NANG,+84896869292,"숙박, 요식, 급식","https://www.google.com/maps/search/JONGRO+BBQ+CO.,LTD+DA+NANG+Vietnam",4.7,,
JOOYON TNS VINA COMPANY LIMITED,"A11-TT1, Five Star, KĐT mới Mỹ Đình - Mễ Trì, phường Mỹ Đình 1, quận Nam Từ Liêm, Thành phố Hà Nội , Việt Nam",HA NOI,+842473019090,"전자, 전기 제조업",https://www.google.com/maps/search/JOOYON+TNS+VINA+COMPANY+LIMITED+HA+NOI+Vietnam,3.8,,
JOSUNG VINA,"Số 33, đường 11, KCN, Đô thị và dịch vụ VSIP Bắc Ninh, Xã Đại Đồng, Huyện Tiên Du, Bắc Ninh",BAC NINH,+842223906218,"전자, 전기 제조업",https://www.google.com/maps/search/JOSUNG+VINA+BAC+NINH+Vietnam,3.9,,
JP LawGroup,"본사주소 : 서울시 서초구 서초대로78길5 대각빌딩 16층 Hanoi: East-3101,31Floor, Lotte Center Hanoi, 54 Lieu Giai, Ba Dinh District, Hanoi. BRANCH: HO CHI MINH: Unit 2, 34th, Bitexco Financial Tower, 2 Hai Trieu St., Dist 1. HO CHI MINH",HA NOI,+842437245202,법무.회계.투자자문,https://www.google.com/maps/search/JP+LawGroup+HA+NOI+Vietnam,4.4,,
"J-PACK TRADING Co.,Ltd– HA NOI OFFICE -","Room 1205, 12F, 17T5 Bld, Trung Hoa Nhan Chinh, Thanh Xuan, Hanoi",HA NOI,+842462815370,"섬유, 의류, 봉제 제조","https://www.google.com/maps/search/J-PACK+TRADING+Co.,Ltd–+HA+NOI+OFFICE+-+HA+NOI+Vietnam",4.0,,
JPC VINA,"R.504, Akashi Building, Lot 2A, No.10, Le Hong Phong, Hai Phong",HAI PHONG,+849343092460,"환경, 설비, 기계",https://www.google.com/maps/search/JPC+VINA+HAI+PHONG+Vietnam,4.2,,
JS Automotive Vina,"CN-07, Cam Khe Industrial Park, Cam Khe town, Cam Khe district, Phu Tho province",PHU THO,+842103632505,"전자, 전기 제조업",https://www.google.com/maps/search/JS+Automotive+Vina+PHU+THO+Vietnam,4.7,,
JS HITECH VINA COMPANY LIMITED,"Ba Huyen, Highway 38, Khac Niem, Bac Ninh",BAC NINH,+842226277333,제조업,https://www.google.com/maps/search/JS+HITECH+VINA+COMPANY+LIMITED+BAC+NINH+Vietnam,3.8,,
JSF VINA,"Lot CN07, KCN Cam Khe, Cam Khe, Phu Tho",PHU THO,+842103885080,제조업,https://www.google.com/maps/search/JSF+VINA+PHU+THO+Vietnam,4.3,,
JSJ VINA,"Lo B, Song Cong1, TP Song Cong, Tinh Thai Nguyen, Viet Nam",THAI NGUYEN,+842083935558,제조업,https://www.google.com/maps/search/JSJ+VINA+THAI+NGUYEN+Vietnam,4.5,,
JSK VINA,"NX04, Que Vo IP (Expanded area) (Factory rent of my a JSC) Phuong Lieu, Que Vo, Bac Ninh",BAC NINH,+842223621858,"전자, 전기 제조업",https://www.google.com/maps/search/JSK+VINA+BAC+NINH+Vietnam,4.4,,
JT SENSOR,"Dong Van 4 I.P, Dai Cuong, Kim Bang, Ha Nam",HA NAM,+842263523020,"전자, 전기 제조업",https://www.google.com/maps/search/JT+SENSOR+HA+NAM+Vietnam,4.7,,
"J-TEC SOLUTION VINA Co.,Ltd","Lot 16, Que Vo I.Z, Phuong Lieu, Que Vo, Bac Ninh",BAC NINH,+842223903345,"환경, 설비, 기계","https://www.google.com/maps/search/J-TEC+SOLUTION+VINA+Co.,Ltd+BAC+NINH+Vietnam",4.4,,
"J-TECH VINA CO., LTD","CN13, Khai Quang Iz, Vinh Yen, VINH PHUC",VINH PHUC,+842113717331,제조업,"https://www.google.com/maps/search/J-TECH+VINA+CO.,+LTD+VINH+PHUC+Vietnam",4.1,,
JTS VINA COMPANY LIMITED,"Lot CN1-3, Non-tariff zone and KCN Nam Dinh Vu (Zone 1), Dinh Vu-Cat Hai economic zone, Dong Hai 2, Hai An, Hai Phong",HAI PHONG,+842253515525,제조업,https://www.google.com/maps/search/JTS+VINA+COMPANY+LIMITED+HAI+PHONG+Vietnam,4.4,,
JUKWANG PRECISION VINA,"Plot CN8-1, Diem Thuy I.Z, Diem Thuy, Phu Binh, Thai Nguyen",THAI NGUYEN,+842083931732,제조업,https://www.google.com/maps/search/JUKWANG+PRECISION+VINA+THAI+NGUYEN+Vietnam,4.1,,
JUMAK,"24 Ngo Tat To, Vo Cuong, Bac Ninh",BAC NINH,+84935115686,"숙박, 요식, 급식",https://www.google.com/maps/search/JUMAK+BAC+NINH+Vietnam,4.3,,
"JUN TECH VINA CO.,LTD","Lot 4, Tan Hong, Hoan Son I.Z, Tan Hong, Tu Son, Bac Ninh",BAC NINH,+842223906225,"전자, 전기 제조업","https://www.google.com/maps/search/JUN+TECH+VINA+CO.,LTD+BAC+NINH+Vietnam",4.7,,
"JUNA Co.,Ltd","101 Dong Van I.Z, Ha Nam",HA NAM,+842263583278,제조업,"https://www.google.com/maps/search/JUNA+Co.,Ltd+HA+NAM+Vietnam",4.3,,
Jungho Vietnam,"Jungho Vietnam, Road N2-4, Dai Dong Hoan Son Industrial Zone, Hoan Son Commune, Tien Du District, Bac Ninh Province",BAC NINH,+84358942883,"전자, 전기 제조업",https://www.google.com/maps/search/Jungho+Vietnam+BAC+NINH+Vietnam,,,
Jung-il Accounting Corporation,"22F, PVI Bld., No.1 Pham Van Bach Str., Yen Hoa, Cau Giay, Ha Noi",HA NOI,+842435810682,법무.회계.투자자문,https://www.google.com/maps/search/Jung-il+Accounting+Corporation+HA+NOI+Vietnam,4.0,,
JUNGJIN VINA,"Lo CN 8-2, Diem Thuy I.Z, Phu Binh Thai Nguyen",THAI NGUYEN,+842083931470,제조업,https://www.google.com/maps/search/JUNGJIN+VINA+THAI+NGUYEN+Vietnam,4.4,,
"JUNGWON ELECTRONICS VIETNAM CO., LTD.","Lot CN10.1, Road D6, KCN Chau Son, Chau Son, Phu Ly, Ha Nam",HA NAM,+84706702986,제조업,"https://www.google.com/maps/search/JUNGWON+ELECTRONICS+VIETNAM+CO.,+LTD.+HA+NAM+Vietnam",4.5,,
JUNNY VINA,"2F, No 107, Tran Duy Hung, Trung Hoa, Cau Giay, Hanoi",HA NOI,+842435765560,"섬유, 의류, 봉제 제조",https://www.google.com/maps/search/JUNNY+VINA+HA+NOI+Vietnam,4.4,,
JW AGENCY,"Tan My IZ, Tan My, Bac Giang",BAC GIANG,+842043599686,"전자, 전기 제조업",https://www.google.com/maps/search/JW+AGENCY+BAC+GIANG+Vietnam,4.6,,
"JWORLD VINA CO.,LTD","Que Vo I.Z, Phuong Lieu, Que Vo, Bac Ninh",BAC NINH,+842223952313,"전자, 전기 제조업","https://www.google.com/maps/search/JWORLD+VINA+CO.,LTD+BAC+NINH+Vietnam",4.5,,
JY HA NAM,"Pho Ca, Thanh Nguyen, Thanh Liem, Ha Nam",HA NAM,+842263530904,제조업,https://www.google.com/maps/search/JY+HA+NAM+HA+NAM+Vietnam,4.3,,
"JY HNS VINA CO.,LTD","Lot CN13, Khai Quang I.P, Khai Quang, Vinh Yen, VINH PHUC",VINH PHUC,+842113552999,"전자, 전기 제조업","https://www.google.com/maps/search/JY+HNS+VINA+CO.,LTD+VINH+PHUC+Vietnam",3.9,,
JY PLASTEEL,"Chau Son Industrial Park, Chau Son Ward, Phu Ly, Hanam",HA NAM,+842263853199,제조업,https://www.google.com/maps/search/JY+PLASTEEL+HA+NAM+Vietnam,4.1,,
"JY PLASTIC CO., LTD","KCN Binh Luc, Trung Luong, Binh Luc, Ha Nam",HA NAM,+843325361080,제조업,"https://www.google.com/maps/search/JY+PLASTIC+CO.,+LTD+HA+NAM+Vietnam",4.1,,
"JY TECH CO.,LTD","Lot DH-1, Road N3, Que Vo 2 I.Z, Ngoc Xa, Que Vo, Bac Ninh",BAC NINH,+842223953038,"전자, 전기 제조업","https://www.google.com/maps/search/JY+TECH+CO.,LTD+BAC+NINH+Vietnam",4.1,,
JYS LOGISTICS,"Room A313 The Manor, My Dinh, Me Tri, Nam Tu Liem, Hanoi",HA NOI,+842432242628,"물류, 운수, 여행업",https://www.google.com/maps/search/JYS+LOGISTICS+HA+NOI+Vietnam,3.9,,
K ONE PACK (K ONE STICKER COMPANY),"Quang Minh I.Z , Chi Dong, Me Linh, Hanoi",HA NOI,+842435250484,제조업,https://www.google.com/maps/search/K+ONE+PACK+(K+ONE+STICKER+COMPANY)+HA+NOI+Vietnam,4.6,,
K STAR ANH SERVICES AND TRADING JOINT STOCK COMPANY,"Tầng 3, Số 11, LK 11A khu đô thị Mỗ Lao, Phường Mộ Lao, Quận Hà Đông, Thành Phố Hà Nội, Việt Nam",HA NOI,+84968283638,제조업,https://www.google.com/maps/search/K+STAR+ANH+SERVICES+AND+TRADING+JOINT+STOCK+COMPANY+HA+NOI+Vietnam,3.8,,
K&J VIETNAM COMPANY LIMITED,"3rd floor office building Camela Hotel, No. 515A Hung Vuong, Hong Bang District, Hai Phong",HAI PHONG,,"유통, 도소매, 무역",https://www.google.com/maps/search/K&J+VIETNAM+COMPANY+LIMITED+HAI+PHONG+Vietnam,,,
K&K GLOBAL TRADING (K-MARKET),"Lo CN-4, Duong Hanh Phuc, KCN Phu Nghia, Chuong My, Hanoi",HA NOI,+842437805210,"유통, 도소매, 무역",https://www.google.com/maps/search/K&K+GLOBAL+TRADING+(K-MARKET)+HA+NOI+Vietnam,4.2,,
K&PE ELECTRONICS VIETNAM,"LO 1-2 KCN TRANG DUE, HONG PHONG, AN DUONG, HAI PHONG",HAI PHONG,+842253299220,"전자, 전기 제조업",https://www.google.com/maps/search/K&PE+ELECTRONICS+VIETNAM+HAI+PHONG+Vietnam,4.4,,
K.Y.C ELECTRONICS VINA COMPANY LIMITED,"Part of factory 2, Lot M, KCN Trang Due , Dinh Vu - Cat Hai Economic Zone, Le Loi, An Duong , Hai Phong",HAI PHONG,+842258831823,"전자, 전기 제조업",https://www.google.com/maps/search/K.Y.C+ELECTRONICS+VINA+COMPANY+LIMITED+HAI+PHONG+Vietnam,4.2,,
"KAI INTERNATIONAL VIETNAM CO.,LTD","Det may I.Z Pho Noi B, Yen My, Hung Yen",HUNG YEN,,"섬유, 의류, 봉제 제조","https://www.google.com/maps/search/KAI+INTERNATIONAL+VIETNAM+CO.,LTD+HUNG+YEN+Vietnam",4.1,,
KAIROS VINA - BAC NINH,"Dai Dong, Hoan Son, Tien Du, Bac Ninh",BAC NINH,+842223848882,제조업,https://www.google.com/maps/search/KAIROS+VINA+-+BAC+NINH+BAC+NINH+Vietnam,4.5,,
KAIZEN CREATIVE VIET NAM COMPANY,"69 Đào Duy Anh, Phường 09, Quận Phú Nhuận, Thành phố Hồ Chí Minh, Việt Nam",HO CHI MINH,+84988601248,"유통, 도소매, 무역",https://www.google.com/maps/search/KAIZEN+CREATIVE+VIET+NAM+COMPANY+HO+CHI+MINH+Vietnam,4.5,,
KAKA,"Lot 13, Lai Yen I.C, Hoai Duc, Hanoi",HA NOI,+842866852358,"유통, 도소매, 무역",https://www.google.com/maps/search/KAKA+HA+NOI+Vietnam,4.4,,
"KANEGABO Co.,Ltd","#E03, Lot CN-03, Van Trung I.Z, Viet Yen, Bac Giang",BAC GIANG,+842043818080,제조업,"https://www.google.com/maps/search/KANEGABO+Co.,Ltd+BAC+GIANG+Vietnam",3.8,,
"KANG WON DUCT VINA CO.,LTD",Bac Ninh Province in Vietnam-Bac Ninh City-Dai Phuc Phuong District 1,BAC NINH,+84858672255,"환경, 설비, 기계","https://www.google.com/maps/search/KANG+WON+DUCT+VINA+CO.,LTD+BAC+NINH+Vietnam",4.3,,
KANGENG TRADING AND SERVICE COMPANY LIMITED,"Tan Trang building, 7th floor, No 393b Nguyen Trai, Vo Cuong, Bac Ninh",BAC NINH,+84966160028,"유통, 도소매, 무역",https://www.google.com/maps/search/KANGENG+TRADING+AND+SERVICE+COMPANY+LIMITED+BAC+NINH+Vietnam,3.9,,
KANG'S CHICKEN COMPANY LIMITED,"31 Duong Tu Minh, An Hai Bac, Son Tra, Da Nang",DA NANG,+84813777575,"숙박, 요식, 급식",https://www.google.com/maps/search/KANG'S+CHICKEN+COMPANY+LIMITED+DA+NANG+Vietnam,3.8,,
"KANGYIN ELECTRONIC TECHNOLOGY CO.,LTD","Lot D, D1 Str, Chau Son IZ, Phu Ly, Ha Nam",HA NAM,+842266252198,"전자, 전기 제조업","https://www.google.com/maps/search/KANGYIN+ELECTRONIC+TECHNOLOGY+CO.,LTD+HA+NAM+Vietnam",3.9,,
KAPS TEX VINA JOINT STOCK COMPANY,NO.5 THUY VAN IND. VIET TRI CITY PHU THO PROVINCE,PHU THO,+842103857843,제조업,https://www.google.com/maps/search/KAPS+TEX+VINA+JOINT+STOCK+COMPANY+PHU+THO+Vietnam,4.3,,
KARA VIETNAM,"Kim Binh I.Z, Kim Bang, Phu Ly, Ha Nam",HA NAM,,"섬유, 의류, 봉제 제조",https://www.google.com/maps/search/KARA+VIETNAM+HA+NAM+Vietnam,4.1,,
KAS HA NOI AIR & SEA TRANSPORT,"5 Floor, Song Da 9 Building, My Dinh 2, Tu Liem Dist, Hanoi, Vietnam",HA NOI,+842443204703,"물류, 운수, 여행업",https://www.google.com/maps/search/KAS+HA+NOI+AIR+&+SEA+TRANSPORT+HA+NOI+Vietnam,4.3,,
K-Asset Group,"4th Floor, Tower B, Song Da building, Pham Hung Street, My Dinh 1 Ward, Nam Tu Liem District, Hanoi City",HA NOI,+842432004425,기타,https://www.google.com/maps/search/K-Asset+Group+HA+NOI+Vietnam,4.4,,
KAV INTERNATIONAL,부산광역시 연제구 월드컵대로160 442호,HO CHI MINH,+841048568704,"유통, 도소매, 무역",https://www.google.com/maps/search/KAV+INTERNATIONAL+HO+CHI+MINH+Vietnam,4.3,,
KBI COSMOLINK VINA,"Khai Quang I.Z, Vinh Yen, VINH PHUC BRANCH: ROOM 4BA, 7 Floor, Charmvit Tower, 117 Tran Duy Hung, Ha Noi",VINH PHUC,+842113720181,"전자, 전기 제조업",https://www.google.com/maps/search/KBI+COSMOLINK+VINA+VINH+PHUC+Vietnam,4.6,,
"KBL VIETNAM Co.,Ltd","1805. PH floor. THE GARDEN office, My Dinh Song Da, Nam Tu Liem, Hanoi BRANCH: Floor 8, Thuy Loi 4 building, No 102 Nguyen Xi, Ward 26, Binh Thanh, HO CHI MINH",HA NOI,+842437878685,법무.회계.투자자문,"https://www.google.com/maps/search/KBL+VIETNAM+Co.,Ltd+HA+NOI+Vietnam",3.8,,
"KC COTTRELL VIETNAM CO.,LTD","23F, MD Bld, My Dinh 1, Cau Dien, Nam Tu Liem, Hanoi",HA NOI,+842437689904,건설 및 건설자재,"https://www.google.com/maps/search/KC+COTTRELL+VIETNAM+CO.,LTD+HA+NOI+Vietnam",4.4,,
KC GREEN ENVIRO SERVICES JOINT STOCK COMPANY (KC GREEN),"Khe Da Mai, Tan Cuong Commune, Thai Nguyen City BRANCH: 310-73, Jindalrae-gil, Yeosu-si, Jeollanam-do",THAI NGUYEN,+842080385222,"환경, 설비, 기계",https://www.google.com/maps/search/KC+GREEN+ENVIRO+SERVICES+JOINT+STOCK+COMPANY+(KC+GREEN)+THAI+NGUYEN+Vietnam,4.3,,
KC VINA,"Lô CN4, KCN Điềm Thụy, xã Điềm Thụy, huyện Phú Bình, tỉnh Thái Nguyên",THAI NGUYEN,+842086566722,제조업,https://www.google.com/maps/search/KC+VINA+THAI+NGUYEN+Vietnam,4.5,,
KCAB INTERNATIONAL,"Tháp A, tòa nhà Charmvit, Tầng 20, số 117 đường Trần Duy Hưng, Phường Trung Hoà, Quận Cầu Giấy, Thành phố Hà Nội, Việt Nam",HA NOI,+84988687564,"대표사무소, 지사",https://www.google.com/maps/search/KCAB+INTERNATIONAL+HA+NOI+Vietnam,4.5,,
"K-Certi VINA Co.,Ltd","Room 12, 39th Floor, G tower - C2 Building D'Capitale, 119 Tran Duy Hung Street, Trung Hoa Ward, Cau Giay District, Ha Noi City, Viet Nam",HA NOI,+842471069001,"교육, 매체, 인쇄, 광고","https://www.google.com/maps/search/K-Certi+VINA+Co.,Ltd+HA+NOI+Vietnam",4.4,,
KCI VINA,"Lot No. CN06-8, Binh Xuyen ll I.P, VINH PHUC",VINH PHUC,+842212481800,"전자, 전기 제조업",https://www.google.com/maps/search/KCI+VINA+VINH+PHUC+Vietnam,4.5,,
KCM LOGISTICS VINA,"54 Land 1, Dong Me, Me Tri, Nam Tu Liem, Hanoi",HA NOI,+847053389640,"물류, 운수, 여행업",https://www.google.com/maps/search/KCM+LOGISTICS+VINA+HA+NOI+Vietnam,4.1,,
"KCT VIETNAM CO.,LTD","Dong Van I.Z, Duy Tien, Ha Nam",HA NAM,+842263577002,제조업,"https://www.google.com/maps/search/KCT+VIETNAM+CO.,LTD+HA+NAM+Vietnam",4.5,,
"KCT VINA CO.,LTD","Hap Linh I.C, Hap Linh, Bac Ninh",BAC NINH,+842223720065,"유통, 도소매, 무역","https://www.google.com/maps/search/KCT+VINA+CO.,LTD+BAC+NINH+Vietnam",4.5,,
"KCTC VIETNAM HA NOI Co.,Ltd","Tầng 12 tòa nhà TASCO HH2-2, Phạm Hùng, Khu đô thị Mễ Trì Hạ, Từ Liêm, Hà Nội, 베트남",HA NOI,+842435551932,"물류, 운수, 여행업","https://www.google.com/maps/search/KCTC+VIETNAM+HA+NOI+Co.,Ltd+HA+NOI+Vietnam",4.4,,
KD SPORTS COMPANY LIMITED,"Road 296, Duc Thang Commune, Hiep Hoa District, Bac Giang Province",BAC GIANG,+842043865147,"섬유, 의류, 봉제 제조",https://www.google.com/maps/search/KD+SPORTS+COMPANY+LIMITED+BAC+GIANG+Vietnam,3.9,,
"KD&C CORPORATION CO., LTD","R603, IDMC My Dinh Building, No.15 Pham Hung, My Dinh 2 Ward, Nam Tu Liem Dist, Ha Noi",QUANG NINH,+84917 605 588,건설 및 건설자재,"https://www.google.com/maps/search/KD&C+CORPORATION+CO.,+LTD+QUANG+NINH+Vietnam",4.5,,
KDEVINA COMPANY LIMITED,"lot L7.3A KCN Do Son, Ngoc Xuyen, Do Son, Hai Phong",HAI PHONG,+849696549440,"숙박, 요식, 급식",https://www.google.com/maps/search/KDEVINA+COMPANY+LIMITED+HAI+PHONG+Vietnam,4.1,,
"KDV CO.,LTD","Mo da Rang cua, xa Tam Nghia, Nui Thanh, Quang Nam",QUANG NAM,+842353741742,건설 및 건설자재,"https://www.google.com/maps/search/KDV+CO.,LTD+QUANG+NAM+Vietnam",,,
KEB HANA BANK HA NOI BRANCH,"14F&15F, Daeha Business Center, 360 Kim Ma, Ba Dinh, Hanoi",HA NOI,+842437713677,"금융, 보험",https://www.google.com/maps/search/KEB+HANA+BANK+HA+NOI+BRANCH+HA+NOI+Vietnam,4.7,,
"KEN LOGISTICS Co.,Ltd","11th Floor, Detech Tower II, No. 107 Nguyen Phong Sac, Dich Vong Hau Ward, Cau Giay District, Hanoi",HA NOI,+842437680066,"물류, 운수, 여행업","https://www.google.com/maps/search/KEN+LOGISTICS+Co.,Ltd+HA+NOI+Vietnam",4.7,,
KENNAMETAL VIETNAM LLC,"Lot CN1-2B-2, Hi-tech Industrial Zone 1, Hoa Lac Hi-Tech Park, Ha Bang Commune, Thach That District, Hanoi, Vietnam",HA NOI,+842433661881,제조업,https://www.google.com/maps/search/KENNAMETAL+VIETNAM+LLC+HA+NOI+Vietnam,4.6,,
KEO SAN VINA,"Thôn Quyết Tiến 1, Xã An Thắng, Huyện An Lão, Thành phố Hải Phòng, Việt Nam",HAI PHONG,+842253911004,"전자, 전기 제조업",https://www.google.com/maps/search/KEO+SAN+VINA+HAI+PHONG+Vietnam,4.5,,
"KEOSAN VINA ELECTRONICS CO.,LTD","Lot D12-D13, Dinh Tram I.P, Hoang Ninh, Viet Yen, Bac Giang",BAC GIANG,+842043661547,"전자, 전기 제조업","https://www.google.com/maps/search/KEOSAN+VINA+ELECTRONICS+CO.,LTD+BAC+GIANG+Vietnam",4.3,,
KEPCO KDN VIETNAM,"11Fl., Charmvit Tower, 117 Tran Duy Hung, Cau Giay, Ha Noi",HA NOI,+842473010682,"대표사무소, 지사",https://www.google.com/maps/search/KEPCO+KDN+VIETNAM+HA+NOI+Vietnam,4.5,,
KEPCO SOUTHEAST ASIA OFFICE,"11F, Charmvit Tower, 117 Tran Duy Hung, Cau Giay, Ha Noi.",HA NOI,+842438315103,"대표사무소, 지사",https://www.google.com/maps/search/KEPCO+SOUTHEAST+ASIA+OFFICE+HA+NOI+Vietnam,4.5,,
"KESAN VIET NAM CO.,LTD","74,30-4 Str Hoa Cuong Bac, Hai Chau, Da Nang",DA NANG,,"유통, 도소매, 무역","https://www.google.com/maps/search/KESAN+VIET+NAM+CO.,LTD+DA+NANG+Vietnam",,,
KESCO(KOREA ELECTRICAL SAFETY CORPORATION Representative Office in Hanoi),"20F, CharmVit Tower, 117 Tran duy hung, Trung Hoa, Cau Giay, Hanoi, Vietnam.",HA NOI,+842435551575,"전자, 전기 제조업",https://www.google.com/maps/search/KESCO(KOREA+ELECTRICAL+SAFETY+CORPORATION+Representative+Office+in+Hanoi)+HA+NOI+Vietnam,4.1,,
KESCO.E&G,"Số A15 Khu dự án nhà ở để bán Mỹ Đình, Phường Mỹ Đình 1, Quận Nam Từ Liêm, Thành phố Hà Nội, Việt Nam BRANCH: 528 Liên Phường Phú Hữu, Thành phố Thủ Đức, Thành phố Hồ Chí Minh, Việt Nam",HA NOI,+84902221739,기타,https://www.google.com/maps/search/KESCO.E&G+HA+NOI+Vietnam,4.5,,
KET VIETNAM(KOREA ELECTRIC TERMINAL VIETNAM),"CN5, Diem Thuy Ind. Park, Diem Thuy, Phu Binh, Thai Nguyen",THAI NGUYEN,+842083931594,제조업,https://www.google.com/maps/search/KET+VIETNAM(KOREA+ELECTRIC+TERMINAL+VIETNAM)+THAI+NGUYEN+Vietnam,3.9,,
KEXIM VLC Hanoi Representative Office,"25th Floor, Landmark72 Tower, Plot E6, Cau Giay New Urban Area, Me Tri Ward, Nam Tu Liem District, Ha Noi, Vietnam",HA NOI,+842473037779,"금융, 보험",https://www.google.com/maps/search/KEXIM+VLC+Hanoi+Representative+Office+HA+NOI+Vietnam,3.8,,
"KEYSTONE CO.,LTD","Unit 0306, W1 Building, Vinhomes West Point, Lot HH, Pham Hung, Me Tri, Nam Tu Liem, Hanoi",HA NOI,,"유통, 도소매, 무역","https://www.google.com/maps/search/KEYSTONE+CO.,LTD+HA+NOI+Vietnam",4.0,,
KFHI(Korea Food for the Hungry International),"25A, Toa nha Song Da, Pham Hung, Nam Tu Liem, Hanoi",HA NOI,+842432002362,기타,https://www.google.com/maps/search/KFHI(Korea+Food+for+the+Hungry+International)+HA+NOI+Vietnam,3.9,,
KFQ VIETNAM,"8th Floor, AP Building, 58 Tran Thai Tong, Cau Giay, Hanoi",HA NOI,+842432004982,"대표사무소, 지사",https://www.google.com/maps/search/KFQ+VIETNAM+HA+NOI+Vietnam,4.3,,
KFS VINA,"Lô đất CN 1C, khu công nghiệp Deep C 2B thuộc khu kinh tế Đình Vũ - Cát Hải , Phường Đông Hải 2, Quận Hải An, Thành phố Hải Phòng, Việt Nam",HAI PHONG,+842252299550,제조업,https://www.google.com/maps/search/KFS+VINA+HAI+PHONG+Vietnam,4.3,,
"KG VINA CO.,LTD","Lot CN01, Phuc Tri, Nam Thanh, Ninh Binh",NINH BINH,+842293883795,"섬유, 의류, 봉제 제조","https://www.google.com/maps/search/KG+VINA+CO.,LTD+NINH+BINH+Vietnam",4.1,,
KGL VIETNAM,"22nd floor, Charmvit tower, No.117 Tran Duy Hung street, Trung Hoa Ward, Cau Giay District, Hanoi city, Vietnam.",HA NOI,+842437876938,"물류, 운수, 여행업",https://www.google.com/maps/search/KGL+VIETNAM+HA+NOI+Vietnam,4.3,,
KGS 국제학교,"Số 1 Trịnh Văn Bô, Phương Canh, Quận Nam Từ Liêm, Hà Nội[",HA NOI,+842432013131,"교육, 매체, 인쇄, 광고",https://www.google.com/maps/search/KGS+국제학교+HA+NOI+Vietnam,,,
"KH E&C CO.,LTD","25nd floor,  CEO Tower, Me Tri Ward, Nam Tu Liem District, Hanoi, Vietnam",HA NOI,+842437690156,건설 및 건설자재,"https://www.google.com/maps/search/KH+E&C+CO.,LTD+HA+NOI+Vietnam",3.8,,
KH VATEC,"Lot CN3-01, Diem Thuy I.Z, Diem Thuy, Phu Binh, Thai Nguyen",THAI NGUYEN,+842223903660,제조업,https://www.google.com/maps/search/KH+VATEC+THAI+NGUYEN+Vietnam,3.8,,
"KHELTEC VINA CO., LTD","Lot CN4, KCN Diem Thuy, Diem Thuy , Phu Binh, Thai Nguyen",THAI NGUYEN,+84365390945,"전자, 전기 제조업","https://www.google.com/maps/search/KHELTEC+VINA+CO.,+LTD+THAI+NGUYEN+Vietnam",,,
KIDO HA NOI,"D Plot, Pho Noi A Industrial Park, Hung Yen Province",HUNG YEN,+842213972752,"섬유, 의류, 봉제 제조",https://www.google.com/maps/search/KIDO+HA+NOI+HUNG+YEN+Vietnam,4.1,,
"KIDO SPORTS VINA Co.,Ltd","Lot CN 06 Phu Ha I.P, Ha Thach, Phu Tho, Phu Tho",PHU THO,+842103711789,제조업,"https://www.google.com/maps/search/KIDO+SPORTS+VINA+Co.,Ltd+PHU+THO+Vietnam",4.5,,
KIM VIET HAN,"55 Bo Trach, Nguyen Cao, Ninh Xa, Bac Ninh",BAC NINH,+84834000228,"숙박, 요식, 급식",https://www.google.com/maps/search/KIM+VIET+HAN+BAC+NINH+Vietnam,4.6,,
KIM&CHANG,"Unit 16.01, 16th Floor, Deutsches Haus Building, 33 Le Duan Street, Ben Nghe Ward, District 1, Ho Chi Minh City BRANCH: Capital Place, Tower 01, Floor 16th, Room CP1.16.04, 29 Lieu Giai Street, Ngoc Khanh Ward, Ba Dinh District, Hanoi",HO CHI MINH,+842838275176,법무.회계.투자자문,https://www.google.com/maps/search/KIM&CHANG+HO+CHI+MINH+Vietnam,4.6,,
KIMC JSC,"9F, 174 Thai Ha, Dong Da, Hanoi",HA NOI,+84943738869,법무.회계.투자자문,https://www.google.com/maps/search/KIMC+JSC+HA+NOI+Vietnam,4.4,,
"KIMHANNAM CO.,LTD","P402, 17T5 building, Trung Hoa Nhan Chinh, Thanh Xuan, Hanoi",HA NOI,+842462811353,"물류, 운수, 여행업","https://www.google.com/maps/search/KIMHANNAM+CO.,LTD+HA+NOI+Vietnam",4.6,,
KIMS CLINIC & HEALTH CARE,"3F, Golden Palace, Me Tri, Nam Tu Liem, Hanoi",HA NOI,+842461281041,"병원, 의약, 위생, 의료",https://www.google.com/maps/search/KIMS+CLINIC+&+HEALTH+CARE+HA+NOI+Vietnam,4.0,,
KIMSUN VINA,"No. 2, Tay Mo, Nam Tu Liem, Hanoi",HA NOI,+842463291583,건설 및 건설자재,https://www.google.com/maps/search/KIMSUN+VINA+HA+NOI+Vietnam,4.4,,
KISHIN VIETNAM,"Lot F4, Que Vo I.Z, Nam Son, Bac Ninh",BAC NINH,+842223903012,제조업,https://www.google.com/maps/search/KISHIN+VIETNAM+BAC+NINH+Vietnam,3.9,,
KiSung Tech Co.Ltd,"Road B3, Section B, Pho Noi A - IZ, Van Lam District, Hung Yen Province, Vietnam",HUNG YEN,+842213587323,제조업,https://www.google.com/maps/search/KiSung+Tech+Co.Ltd+HUNG+YEN+Vietnam,4.5,,
KITCHEN VINA,"Chi Dong Town, Me Linh Dist, Hanoi",HA NOI,+84948861946,제조업,https://www.google.com/maps/search/KITCHEN+VINA+HA+NOI+Vietnam,4.5,,
KITECH Vietnam Office,"12AFloor, Opal Office Tower, 92 Nguyen Huu Canh, Binh Thanh, HO CHI MINH",HO CHI MINH,+842822205314,"대표사무소, 지사",https://www.google.com/maps/search/KITECH+Vietnam+Office+HO+CHI+MINH+Vietnam,3.8,,
"KJ TEC Co.,Ltd","Factory No. 9, Khac Niem I.C, Khac Niem, Bac Ninh",BAC NINH,+842226506680,"전자, 전기 제조업","https://www.google.com/maps/search/KJ+TEC+Co.,Ltd+BAC+NINH+Vietnam",,,
"KJ TECH CO.,LTD","Cty TNHH KJTECH Lô 07 CNSG KCN VÂN TRUNG 2, VÂN TRUNG, VIỆT YÊN , BAC GIANG BRANCH: Cty TNHH KJTECH Lô 07 CNSG KCN VÂN TRUNG 2, VÂN TRUNG, VIỆT YÊN , BAC GIANG",BAC GIANG,+842047771500,"전자, 전기 제조업","https://www.google.com/maps/search/KJ+TECH+CO.,LTD+BAC+GIANG+Vietnam",4.4,,
"KJTT CO.,LTD","Room3, 3F, Harec Building, 4A Lang Ha, Ba Dinh, Hanoi",HA NOI,+842438335959,"물류, 운수, 여행업","https://www.google.com/maps/search/KJTT+CO.,LTD+HA+NOI+Vietnam",4.1,,
KKGLOBAL VIETNAM JSC,"2nd Floor, A tower, Golden Palace Buildings, Me Tri, Nam Tu Liem, Hanoi",HA NOI,,"유통, 도소매, 무역",https://www.google.com/maps/search/KKGLOBAL+VIETNAM+JSC+HA+NOI+Vietnam,4.1,,
"KM ACT CO.,LTD.","Lot CN6-5,Yen Phong Idustrial Zone (Expansion Area),Dung Liet commune,Yen Phong district Bac Ninh province. Vietnam",BAC NINH,,제조업,"https://www.google.com/maps/search/KM+ACT+CO.,LTD.+BAC+NINH+Vietnam",4.4,,
KMG VINA,"KCN Quế Võ (Khu vực mở rộng), Xã Phương Liễu, Huyện Quế Võ, Tỉnh Bắc Ninh, Việt Nam",BAC NINH,+842223952277,"전자, 전기 제조업",https://www.google.com/maps/search/KMG+VINA+BAC+NINH+Vietnam,4.4,,
"KMW Viet Nam Co., Ltd.","Lot C, Dong Van I Industrial Zone, Yen Bac, Duy Tien, Ha Nam",HA NAM,+842263585590,"전자, 전기 제조업","https://www.google.com/maps/search/KMW+Viet+Nam+Co.,+Ltd.+HA+NAM+Vietnam",4.4,,
KNATECO VIETNAM,"C11-T0 4 Tt Bo Gd, Xuan La, Tay Ho, Hanoi",HA NOI,+842437327999,건설 및 건설자재,https://www.google.com/maps/search/KNATECO+VIETNAM+HA+NOI+Vietnam,4.5,,
KNI E&C,"Tang 5, thap A, toa nha Song Da, 36 Me Tri, Nam Tu Liem, Hanoi",HA NOI,+842437876351,건설 및 건설자재,https://www.google.com/maps/search/KNI+E&C+HA+NOI+Vietnam,4.8,,
"KNK VINA CO.,LTD","Que Vo I.Z, Que Vo, Bac Ninh",BAC NINH,+842223952877,"전자, 전기 제조업","https://www.google.com/maps/search/KNK+VINA+CO.,LTD+BAC+NINH+Vietnam",4.6,,
KNL ACCOUNTING & LAW,"8F, Hoang Ngoc Tower, Lot C2C, Dich Vong Hau, Cau Giay, Hanoi BRANCH: 1F&3F, 63D Vo Van Tan St., Vo Thi Sau Ward, Dist. 3, HO CHI MINH",HA NOI,+842432161403,법무.회계.투자자문,https://www.google.com/maps/search/KNL+ACCOUNTING+&+LAW+HA+NOI+Vietnam,4.8,,
"KNP Finance Service Co.,Ltd","No.K28, Lane 68 Trung Kinh Str. Yen Hoa Ward, Cau Giay Dist, Ha Noi City",HA NOI,+842422071199,"금융, 보험","https://www.google.com/maps/search/KNP+Finance+Service+Co.,Ltd+HA+NOI+Vietnam",4.1,,
"KNP PRO FINANCE CO.,LTD","No.310, Hall C, Tay Ha Tower, 19 To Huu Street, Trung Van Ward, Nam Tu Liem District, Ha Noi City, Vietnam",HA NOI,+842422071199,"금융, 보험","https://www.google.com/maps/search/KNP+PRO+FINANCE+CO.,LTD+HA+NOI+Vietnam",4.6,,
KOAS VIETNAM,"Unit 11-11F Charmvit Tower, 117 Tran Duy Hung, Cau Giay, Hanoi",HA NOI,+842432222395,"유통, 도소매, 무역",https://www.google.com/maps/search/KOAS+VIETNAM+HA+NOI+Vietnam,4.6,,
"KOBELCO COMPRESSORS VIET NAM Co.,Ltd","Lot 30-31 Auction Zone, Group 23, Bo De, Long Bien, Hanoi BRANCH: So 3 Dang Huu Pho, Quarter 2, Thao Dien, Dist.2, HO CHI MINH",HA NOI,+842439447781,"유통, 도소매, 무역","https://www.google.com/maps/search/KOBELCO+COMPRESSORS+VIET+NAM+Co.,Ltd+HA+NOI+Vietnam",4.5,,
KOGAS,"19F, East Tower, Lotte Center Hanoi, 54 Lieu Giai, Ba Dinh, Hanoi",HA NOI,+842432000400,"대표사무소, 지사",https://www.google.com/maps/search/KOGAS+HA+NOI+Vietnam,,,
KOICA VIETNAM,"18F Keangnam Hanoi Landmark 72 Tower, Pham Hung Str., Nam Liem Dist., Hanoi",HA NOI,+842438316911,"대표사무소, 지사",https://www.google.com/maps/search/KOICA+VIETNAM+HA+NOI+Vietnam,4.0,,
KOJIS VINA LIMITED COMPANY,"Hoang Lau, Hong Phong, An Duong, Hai Phong",HAI PHONG,+84963738583,"환경, 설비, 기계",https://www.google.com/maps/search/KOJIS+VINA+LIMITED+COMPANY+HAI+PHONG+Vietnam,4.7,,
"KOKWANG INDUSTRY VIETNAM Co.,Ltd","D1 road, Yen My 2 I.P, Yen My, Yen My, Hung Yen",HUNG YEN,+842216533388,제조업,"https://www.google.com/maps/search/KOKWANG+INDUSTRY+VIETNAM+Co.,Ltd+HUNG+YEN+Vietnam",3.9,,
KOLON GLOBAL Corp,"#12A03, Oriental Tower, No.324 Tay Son, Dong Da, Hanoi BRANCH: #1798, Sai Gon Trader Center, No.37, Ton Duc Thang, Ben Nghe, Dist 1, HO CHI MINH",HA NOI,+842439743348,건설 및 건설자재,https://www.google.com/maps/search/KOLON+GLOBAL+Corp+HA+NOI+Vietnam,,,
"KOMELON VINA CO., LTD","Lot CN-03, KCN Dong Van IV, Dai Cuong, Kim Bang, Ha Nam",HA NAM,+848210267761,제조업,"https://www.google.com/maps/search/KOMELON+VINA+CO.,+LTD+HA+NAM+Vietnam",4.1,,
"KOMES VINA Co.,Ltd","No 223, Ly Thai Tong, Suoi Hoa, Bac Ninh",BAC NINH,+842223908197,"환경, 설비, 기계","https://www.google.com/maps/search/KOMES+VINA+Co.,Ltd+BAC+NINH+Vietnam",4.4,,
KOMOS VINA,"Road N3, Hoa Mac I.P , Hoa Mac Ward, Duy Tien Town, Ha Nam Province, Viet Nam",HA NAM,+842263550258,제조업,https://www.google.com/maps/search/KOMOS+VINA+HA+NAM+Vietnam,4.5,,
KONA,"Binh Minh, Thanh Oai, Hanoi",HA NOI,+842433876940,"섬유, 의류, 봉제 제조",https://www.google.com/maps/search/KONA+HA+NOI+Vietnam,4.3,,
"KONA PARTNER CO.,LTD.","Số 110 Mễ Trì Hạ, Nam Từ Liêm, Hà Nội",HA NOI,+84968281196,"물류, 운수, 여행업","https://www.google.com/maps/search/KONA+PARTNER+CO.,LTD.+HA+NOI+Vietnam",,,
KONET EXPRESS,"17F, Hoa Binh Tower, 106 Hoang Quoc Viet, Cau Giay, Hanoi",HA NOI,+842437876265,"물류, 운수, 여행업",https://www.google.com/maps/search/KONET+EXPRESS+HA+NOI+Vietnam,4.5,,
KONICA MINOLTA BUSINESS SOLUTIONS VIETNAM COMPANY LIMITED HA NOI BRANCH,"5 Nguyễn Ngọc Vũ, Trung Hoà, Cầu Giấy",HA NOI,+842437767023,기타,https://www.google.com/maps/search/KONICA+MINOLTA+BUSINESS+SOLUTIONS+VIETNAM+COMPANY+LIMITED+HA+NOI+BRANCH+HA+NOI+Vietnam,4.5,,
KOPAC JSC,"Đường C2, Khu C, KCN Phố Nối A, Xã Lạc Hồng, Văn Lâm, Hưng Yên",HUNG YEN,+842213757675,제조업,https://www.google.com/maps/search/KOPAC+JSC+HUNG+YEN+Vietnam,4.2,,
KOPIA VIETNAM,"Viện khoa học nông nghiệp Việt Nam, Vĩnh Quỳnh, Thanh Trì, Hanoi, Vietnam",HA NOI,+842436876230,"대표사무소, 지사",https://www.google.com/maps/search/KOPIA+VIETNAM+HA+NOI+Vietnam,4.2,,
KORCHINA LOGISTICS,"3th floor, Simco Building, 28 Pham Hung, My Dinh 1, Nam Tu Liem, Hanoi",HA NOI,+842437759552,"물류, 운수, 여행업",https://www.google.com/maps/search/KORCHINA+LOGISTICS+HA+NOI+Vietnam,3.9,,
"KORCHINA TNC VIETNAM CO.,LTD","13Floor Charmvit Tower , 117 Tran duy hung St. Cau giay district , Hanoi",HA NOI,+842433225200,법무.회계.투자자문,"https://www.google.com/maps/search/KORCHINA+TNC+VIETNAM+CO.,LTD+HA+NOI+Vietnam",4.2,,
"KOREA - VIETNAM LINKS TRADE CO.,LTD","So nha BT6, Lo E9, Vimeco Pham Hung, Nam Tu Liem, Hanoi",HA NOI,+842462691552,기타,"https://www.google.com/maps/search/KOREA+-+VIETNAM+LINKS+TRADE+CO.,LTD+HA+NOI+Vietnam",4.6,,
KOREA APPAREL TESTING AND RESEARCH,"A315, Manor tower, Me Tri, Tu Liem, Hanoi",HA NOI,+842437940723,"대표사무소, 지사",https://www.google.com/maps/search/KOREA+APPAREL+TESTING+AND+RESEARCH+HA+NOI+Vietnam,4.1,,
KOREA BBQ GOGUBNAM RESTAURANT,"98 Duong Dinh Nghe, An Hai Bac, Son Tra, Da Nang",DA NANG,+842363918992,"숙박, 요식, 급식",https://www.google.com/maps/search/KOREA+BBQ+GOGUBNAM+RESTAURANT+DA+NANG+Vietnam,4.2,,
KOREA CIRCUIT VINA,"Lô CN06, Kcn bình xuyên II, TT bá hiến, huyện bình xuyên, tỉnh vĩnh phúc, việt nam",VINH PHUC,+84984668369,"전자, 전기 제조업",https://www.google.com/maps/search/KOREA+CIRCUIT+VINA+VINH+PHUC+Vietnam,4.2,,
KOREA CONSTRUCTION,"7th floor AC Tower 78 Day Tan, Cau Giay Hanoi",HA NOI,+842462781392,건설 및 건설자재,https://www.google.com/maps/search/KOREA+CONSTRUCTION+HA+NOI+Vietnam,4.3,,
Korea Development Bank,"#02, CEO SUITE, 29F East Tower, Hanoi Lotte Center, 54 Lieu Giai, Cong Vi, Ba Dinh, Ha Noi",HA NOI,+842862917871,"금융, 보험",https://www.google.com/maps/search/Korea+Development+Bank+HA+NOI+Vietnam,4.1,,
"KOREA HEAT TREATMENT CO.,LTD","Lot 5, Tan Hong-Hoan Son I.Z, Tan Hong, Tu Son, Bac Ninh",BAC NINH,+842223600229,제조업,"https://www.google.com/maps/search/KOREA+HEAT+TREATMENT+CO.,LTD+BAC+NINH+Vietnam",4.2,,
"KOREA INVESTMENT & DEVELOPMENT CO.,LTD","Toa nha Blooming, Thuan Phuoc, Hai Chau, Da Nang",DA NANG,+842363223555,부동산개발.임대,"https://www.google.com/maps/search/KOREA+INVESTMENT+&+DEVELOPMENT+CO.,LTD+DA+NANG+Vietnam",4.7,,
KOREA METROLOGY SYSTEM VINA COMPANY LIMITED,"No 223 Ly Thai To, Suoi Hoa, Bac Ninh",BAC NINH,+842223908197,"환경, 설비, 기계",https://www.google.com/maps/search/KOREA+METROLOGY+SYSTEM+VINA+COMPANY+LIMITED+BAC+NINH+Vietnam,4.5,,
KOREA NONG HYUP RED GINSENG,"3rd floor, 7-storey building, No.92 Me Tri Ha, Me Tri, Nam Tu Liem, Hanoi",HA NOI,+842432004290,"유통, 도소매, 무역",https://www.google.com/maps/search/KOREA+NONG+HYUP+RED+GINSENG+HA+NOI+Vietnam,4.4,,
"KOREA PLASTIC MART CO.,LTD","4th floor Truong An office buildings, 136 Hoang Nhu Tiep, Bo De ward, Long Bien dist, Hanoi",HA NOI,+842463286460,"환경, 설비, 기계","https://www.google.com/maps/search/KOREA+PLASTIC+MART+CO.,LTD+HA+NOI+Vietnam",4.4,,
KOREA REFORM CULTURE FOUNDATION,서울시 서대문구 충정로9길 20,KOREA,+84366024845,"대표사무소, 지사",https://www.google.com/maps/search/KOREA+REFORM+CULTURE+FOUNDATION+KOREA+Vietnam,4.5,,
"KOREA RENTAL VINA Co.,Ltd","10th floor, Nam Cuong Office Bld., Km 4 To Huu, La Khe, Ha Dong, Hanoi BRANCH: 2nd floor, Central Park Building, 208 Nguyen Trai, Pham Ngu Lao, Dist 1, HO CHI MINH",HA NOI,+842432010311,"유통, 도소매, 무역","https://www.google.com/maps/search/KOREA+RENTAL+VINA+Co.,Ltd+HA+NOI+Vietnam",4.5,,
"KOREA TECH ENGINEERING CO.,LTED","2F, Kailash B/D Lot21, Alley 72, Tran Thai Tong, Dich Vong Hau, Cau Giay, Hanoi",HA NOI,,건설 및 건설자재,"https://www.google.com/maps/search/KOREA+TECH+ENGINEERING+CO.,LTED+HA+NOI+Vietnam",4.7,,
KOREA TESTING CERTIFICATION(KTC),"18A 13F Chamvit tower, 117 Tran Duy Hung, Cau Giay, Hanoi, Vietnam",HA NOI,+842432013672,"대표사무소, 지사",https://www.google.com/maps/search/KOREA+TESTING+CERTIFICATION(KTC)+HA+NOI+Vietnam,4.3,,
KOREA TOTAL LOGISTICS VIETNAM,"Room 1008, 10th Floor, Charmvit Tower, 117, Tran Duy Hung, Trung Hoa, Cau Giay, Hanoi",HA NOI,+842432222602,"물류, 운수, 여행업",https://www.google.com/maps/search/KOREA+TOTAL+LOGISTICS+VIETNAM+HA+NOI+Vietnam,3.9,,
KOREA TOURISM ORGANIZATION VIETNAM,"Unit 1302, 13th Floor, Charmvit Tower, 117 Tran Duy Hung, Cau Giay, Hanoi",HA NOI,+842435564040,"대표사무소, 지사",https://www.google.com/maps/search/KOREA+TOURISM+ORGANIZATION+VIETNAM+HA+NOI+Vietnam,4.6,,
"Koreagift vietnam CO.,LTD","15F, Toa Nha Song da , Pham Hung, Nam Tu Liem, Hanoi",HA NOI,+84766249754,"유통, 도소매, 무역","https://www.google.com/maps/search/Koreagift+vietnam+CO.,LTD+HA+NOI+Vietnam",3.9,,
KOREAN AIR HA NOI OFFICE,"14F, A Tower, Discovery Complex, 302 Cau Giay, Dich Vong, Cau Giay, Hanoi",HA NOI,+842439347247,"물류, 운수, 여행업",https://www.google.com/maps/search/KOREAN+AIR+HA+NOI+OFFICE+HA+NOI+Vietnam,4.2,,
KOREAN AIR VIETNAM,"9th Floor, Diamond Plaza Bld, 34 Le Duan, Dist 1, HO CHI MINH",HO CHI MINH,+842838242878,"물류, 운수, 여행업",https://www.google.com/maps/search/KOREAN+AIR+VIETNAM+HO+CHI+MINH+Vietnam,4.6,,
KOREAN CULTURAL CENTER,"49 Nguyen Du Street, Hai Ba Trung District, Hanoi",HA NOI,+842439445980,"대표사무소, 지사",https://www.google.com/maps/search/KOREAN+CULTURAL+CENTER+HA+NOI+Vietnam,4.1,,
KOREAN TECHNOLOGY COMMERCIALIZATION ASSOCIATION,"R1201, 12F, Dau Khi Tower, Quang Trung, Vinh, Nghe An",NGHE AN,+842388988383,"대표사무소, 지사",https://www.google.com/maps/search/KOREAN+TECHNOLOGY+COMMERCIALIZATION+ASSOCIATION+NGHE+AN+Vietnam,4.2,,
KORTEK,"Lot CN-02, Dong Van IV Industrial Zone, Dai Cuong commune, Kim Bang district, Ha Nam",HA NAM,+842262225000,제조업,https://www.google.com/maps/search/KORTEK+HA+NAM+Vietnam,4.5,,
"KOR-VI PACK CO.,LTD","Lot 9, Thuy Van I.Z, Viet Tri, Phu Tho",PHU THO,+842103953373,"섬유, 의류, 봉제 제조","https://www.google.com/maps/search/KOR-VI+PACK+CO.,LTD+PHU+THO+Vietnam",3.9,,
"KOS HA NOI CO., LTD","Lot B2, Dong Van Ⅱ IZ., Duy Minh Commune, Duy Tien District, Ha Nam Province, Viet Nam",HA NAM,+842263582007,제조업,"https://www.google.com/maps/search/KOS+HA+NOI+CO.,+LTD+HA+NAM+Vietnam",4.5,,
"KOSCA CONSTRUCTION Co.,Ltd","1st Floor, Lot.97, TT4, My Dinh-Song Da,Me Tri Ward, Nam Tu Liem District, Hanoi",HA NOI,+842437868937,건설 및 건설자재,"https://www.google.com/maps/search/KOSCA+CONSTRUCTION+Co.,Ltd+HA+NOI+Vietnam",4.2,,
KOSME (Korea SMEs and Startups Agency),"17F, Charm Vit Tower, 117 Tran Duy Hung, Trung Hoa, Cau Giay, Hanoi, Vietnam",HA NOI,+842435551857,"대표사무소, 지사",https://www.google.com/maps/search/KOSME+(Korea+SMEs+and+Startups+Agency)+HA+NOI+Vietnam,4.5,,
"KOSPO(KOREA SOUTHERN POWER CO.,LTD.)","25F, East Tower, Lotte Center, 54 Lieu Giai, Hanoi",HA NOI,+842473096788,"전자, 전기 제조업","https://www.google.com/maps/search/KOSPO(KOREA+SOUTHERN+POWER+CO.,LTD.)+HA+NOI+Vietnam",5.0,,
Kostat Vina,"No.3A, 3B, Lot CN02-1, Yen Phong Industrial Park (Extended Phase), Yen Trung commune, Yen Phong District, Bac Ninh Province, Vietnam.",BAC NINH,,제조업,https://www.google.com/maps/search/Kostat+Vina+BAC+NINH+Vietnam,4.8,,
KOTITI VN-E&E Branch,"Tang 5, toa nha Airimex, 414 Nguyen Van Cu, Bo De, Long Bien, Hanoi",HA NOI,+848223451713,"환경, 설비, 기계",https://www.google.com/maps/search/KOTITI+VN-E&E+Branch+HA+NOI+Vietnam,3.8,,
KOTRA SOUTH EAST ASIA & OCEANIA HEAD OFFICE/KOTRA HA NOI,"20Fl, Charmvit Tower, 117 Tra Duy Hung, Cau Giay, Hanoi",HA NOI,+842439460511,"대표사무소, 지사",https://www.google.com/maps/search/KOTRA+SOUTH+EAST+ASIA+&+OCEANIA+HEAD+OFFICE/KOTRA+HA+NOI+HA+NOI+Vietnam,4.4,,
"KOVI FA VINA CO.,LTD","No.20LK, Hudland Urban, Ngoc Han Cong Chua, Vo Cuong, Bac Ninh",BAC NINH,+842223893629,"전자, 전기 제조업","https://www.google.com/maps/search/KOVI+FA+VINA+CO.,LTD+BAC+NINH+Vietnam",4.1,,
KOVIE HAI PHONG HOTEL,"No 9 Lot 2A Le Hong Phong Street, Dong Khe Ward, Ngo Quyen District, Hai Phong City, Vietnam",HAI PHONG,+842253720999,"숙박, 요식, 급식",https://www.google.com/maps/search/KOVIE+HAI+PHONG+HOTEL+HAI+PHONG+Vietnam,4.5,,
KOVIFA,"충남 천안시 서북구 한들 1로 126-13 MK 빌링 2층 (한국 주소) Công ty TNHH Kovi FA Vina, tầng 4, toà nhà Mitsubishi Dương Tuấn, đường Lê Thái Tổ, thành phố Bắc Ninh (베트남 주소)",BAC NINH,+842223893628,"유통, 도소매, 무역",https://www.google.com/maps/search/KOVIFA+BAC+NINH+Vietnam,,,
"KOVINA ELECON CO.,LTD","12A Floor, Handico Tower, Me Tri Ha New Urban Area, Pham Hung, Me Tri, Nam Tu Liem, Hanoi",HA NOI,+842437858669,"전자, 전기 제조업","https://www.google.com/maps/search/KOVINA+ELECON+CO.,LTD+HA+NOI+Vietnam",4.5,,
KOVINA INVESTMENT TRADING SERVICES JSC,"So 87, Ngo 271 Pho Bui Xuong Trach, Thanh Xuan, Hanoi",HA NOI,,"유통, 도소매, 무역",https://www.google.com/maps/search/KOVINA+INVESTMENT+TRADING+SERVICES+JSC+HA+NOI+Vietnam,4.1,,
KOVIT VIETNAM JSC,"Room 3512, CH1D 35th Floor CT4 Vimeco, Trung Hoa, Cau Giay, Hanoi",HA NOI,+842462954943,건설 및 건설자재,https://www.google.com/maps/search/KOVIT+VIETNAM+JSC+HA+NOI+Vietnam,4.2,,
"KP ENGINEERING & CONSTRUC TION Co.,Ltd / KOREA PANEL","Dai Dong, Hoan Son I.Z, Hoan Son, Tien Du, Bac Ninh BRANCH: Tan Khai 45 Ha I.Z, Thanh Binh, Hon Quan, Binh Phuoc",BAC NINH,+842223848148,제조업,"https://www.google.com/maps/search/KP+ENGINEERING+&+CONSTRUC+TION+Co.,Ltd+/+KOREA+PANEL+BAC+NINH+Vietnam",,,
"KPC Co.,Ltd","Dong Lang I.P, Phu Ninh, Phu Tho",PHU THO,,제조업,"https://www.google.com/maps/search/KPC+Co.,Ltd+PHU+THO+Vietnam",4.3,,
KPE VINA COMPANY LIMITED,"Lot CN2, KCN Diem Thuy (Zone A), Diem Thuy Phu Binh, Thai Nguyen",THAI NGUYEN,Website:www.h,제조업,https://www.google.com/maps/search/KPE+VINA+COMPANY+LIMITED+THAI+NGUYEN+Vietnam,4.5,,
"KPEG VIET NAM CO., LTD","10th floor, Office 1, Sun Square, 21 Le Duc Tho, Nam Tu Liem, Ha Noi City",HA NOI,+842432047068,건설 및 건설자재,"https://www.google.com/maps/search/KPEG+VIET+NAM+CO.,+LTD+HA+NOI+Vietnam",4.3,,
KPF VINA,"Plot XN2, Dai An Expansion IZ, Lai Cach Town, Cam Giang, Hai Duong",HAI DUONG,+842203555567,제조업,https://www.google.com/maps/search/KPF+VINA+HAI+DUONG+Vietnam,4.3,,
KPM TECH VINA,"Lot CN-09-20, Ninh Hiep I.C, Ninh Hiep, Gia Lam, Hanoi",HA NOI,+842432008222,"유통, 도소매, 무역",https://www.google.com/maps/search/KPM+TECH+VINA+HA+NOI+Vietnam,4.7,,
KPMG LIMITED,"46th Floor, Keangnam Hanoi Landmark Tower 72, Plot E6, Pham Hung, Cau Giay, Nam Tu Liem, Hanoi",HA NOI,+842439461600,법무.회계.투자자문,https://www.google.com/maps/search/KPMG+LIMITED+HA+NOI+Vietnam,4.9,,
KPMG LIMITED,"46th Floor, Keangnam Hanoi Landmark Tower, Plot E6, Pham Hung Str, Nam Tu Liem, Hanoi 호치민 사무실: Level 10, Sun Wah Tower 115 Nguyen Hue Street, District 1 Ho Chi Minh City, Vietnam",HA NOI,+842439461600,법무.회계.투자자문,https://www.google.com/maps/search/KPMG+LIMITED+HA+NOI+Vietnam,4.9,,
KPTU VINA,"Lot CN6, Diem Thuy I.Z, Diem Thuy, Phu Binh, Thai Nguyen",THAI NGUYEN,+842083931535,제조업,https://www.google.com/maps/search/KPTU+VINA+THAI+NGUYEN+Vietnam,4.2,,
"KR EMS VIETNAM Co.,Ltd","Lo N4 KCN Trang Due, thuoc khu kinh te Dinh Vu, Hong Phong, An Duong, Hai Phong",HAI PHONG,+842252299910,제조업,"https://www.google.com/maps/search/KR+EMS+VIETNAM+Co.,Ltd+HAI+PHONG+Vietnam",4.4,,
"KR VINA CO.,LTD.","65 Alley 54, Le Quang Dao, Phu Do Ward,Tu Liem District, Hanoi",HA NOI,+84987945335,건설 및 건설자재,"https://www.google.com/maps/search/KR+VINA+CO.,LTD.+HA+NOI+Vietnam",4.4,,
KS Tech.,"Slot No.11 IC, Nam Thanh Ba, Do Son, Thanh Ba, Phu Tho",PHU THO,+842106577771,"전자, 전기 제조업",https://www.google.com/maps/search/KS+Tech.+PHU+THO+Vietnam,4.5,,
KSA POLYMER HA NOI JSC,"B3 Thuy Van IZ, Viet Tri, Phu Tho",PHU THO,+842103857811,제조업,https://www.google.com/maps/search/KSA+POLYMER+HA+NOI+JSC+PHU+THO+Vietnam,4.2,,
KSC SPINDLE VINA COMPANY LIMITED,"No 7, N4, Ly Nhan Tong, Vo Cuong, Bac Ninh",BAC NINH,+84979277469,"환경, 설비, 기계",https://www.google.com/maps/search/KSC+SPINDLE+VINA+COMPANY+LIMITED+BAC+NINH+Vietnam,4.4,,
KSD VINA,"KSD VINA, Diem Thuy IZ, Phu Binh, Thai Nguyen",THAI NGUYEN,+842083931888,"전자, 전기 제조업",https://www.google.com/maps/search/KSD+VINA+THAI+NGUYEN+Vietnam,4.2,,
"KSG VINA Co.,Ltd","Room 1914-7, 19th Floor, Keangnam Landmark 72 Tower, Pham Hung, Hanoi",HA NOI,+842462822962,건설 및 건설자재,"https://www.google.com/maps/search/KSG+VINA+Co.,Ltd+HA+NOI+Vietnam",4.5,,
"KST VINA CO.,LTD","Yen Phong I.Z, Long Chau, Yen Phong, Bac Ninh",BAC NINH,+842223699983,"전자, 전기 제조업","https://www.google.com/maps/search/KST+VINA+CO.,LTD+BAC+NINH+Vietnam",4.7,,
"KT HEALTHCARE VINA CO., LTD","Health Check-up & Clinic: 4th, Keangnam Landmark Tower, Me Tri, Nam Tu Liem, Hanoi Office: #805, Daeha Business Center, 360 Kim Ma, Ba Dinh, Hanoi",HA NOI,+842473033001,"병원, 의약, 위생, 의료","https://www.google.com/maps/search/KT+HEALTHCARE+VINA+CO.,+LTD+HA+NOI+Vietnam",4.3,,
K-Tarp,"Lot 2, Vietnam-Korea Tu Da I.Z, Phu Ninh, Phu Tho",PHU THO,+842103771702,제조업,https://www.google.com/maps/search/K-Tarp+PHU+THO+Vietnam,4.3,,
"KTC ELECTRONICS VIETNAM CO.,LTD","Lot 1, Que Vo I.Z, Que Vo, Bac Ninh",BAC NINH,+842223952095,"전자, 전기 제조업","https://www.google.com/maps/search/KTC+ELECTRONICS+VIETNAM+CO.,LTD+BAC+NINH+Vietnam",4.7,,
"KTECH VIETNAM TECHNICAL CO.,LTD","No#6 Hamlet, Trang Viet, Me Linh, Hanoi",HA NOI,+842438186233,"전자, 전기 제조업","https://www.google.com/maps/search/KTECH+VIETNAM+TECHNICAL+CO.,LTD+HA+NOI+Vietnam",4.4,,
"K-TECH VINA CO.,LTD","Lot G5, Dai Dong, Hoan Son IZ, Tien Du, Bac Ninh",BAC NINH,,"전자, 전기 제조업","https://www.google.com/maps/search/K-TECH+VINA+CO.,LTD+BAC+NINH+Vietnam",4.0,,
KTI E&C,"2nd Floor, 110 Me Tri Ha, Me Tri, Nam Tu Liem, Hanoi",HA NOI,+842463288383,건설 및 건설자재,https://www.google.com/maps/search/KTI+E&C+HA+NOI+Vietnam,4.3,,
"KTM VIET NAM CO.,LTD",4F-76Ly Thai To Street - Vo Cuong Ward - Bac Ninh Town -Bac Ninh Province,BAC NINH,+84967475000,기타,"https://www.google.com/maps/search/KTM+VIET+NAM+CO.,LTD+BAC+NINH+Vietnam",,,
K-TOUR,"148 vu pham ham, Hanoi",HA NOI,+84984160041,"물류, 운수, 여행업",https://www.google.com/maps/search/K-TOUR+HA+NOI+Vietnam,4.2,,
KTR VIETNAM OFFICE,"So.8 Hoang Quoc Viet Rd, Cau Giay, Ha Noi, Viet Nam",HA NOI,+84432191365,"대표사무소, 지사",https://www.google.com/maps/search/KTR+VIETNAM+OFFICE+HA+NOI+Vietnam,4.1,,
KU GTEP,"301, Sanghu hall, 120, Neungdong-ro, Gwangjin-gu, Seoul, Republic of Korea",HA NOI,+848202458744,"유통, 도소매, 무역",https://www.google.com/maps/search/KU+GTEP+HA+NOI+Vietnam,4.7,,
KUKBO DESIGN / KUKBO VINA,"My-Dinh, Song Da, Keangnam, Hanoi",HA NOI,+842862871070,건설 및 건설자재,https://www.google.com/maps/search/KUKBO+DESIGN+/+KUKBO+VINA+HA+NOI+Vietnam,4.7,,
"KUKDONG LOGISTICS CO.,LTD","14th Floor, Licogi 13 Tower, Khuat Duy Tien, Nhan Chinh, Thanh Xuan, Hanoi",HA NOI,+842435690890,"물류, 운수, 여행업","https://www.google.com/maps/search/KUKDONG+LOGISTICS+CO.,LTD+HA+NOI+Vietnam",,,
"KUKJAE INDUSTRIES VIETNAM Co.,Ltd","3F, No.6,Lane 39/70, Dinh Thon, My Dinh, Nam Tu Liem, Hanoi",HA NOI,+842466562424,건설 및 건설자재,"https://www.google.com/maps/search/KUKJAE+INDUSTRIES+VIETNAM+Co.,Ltd+HA+NOI+Vietnam",4.1,,
KUM YOUNG E&C,"LOT89,TT4, MY DINH- ME TRI, MY DINH1, NAM TU LIEM, HA NOI",HA NOI,+842432012535,건설 및 건설자재,https://www.google.com/maps/search/KUM+YOUNG+E&C+HA+NOI+Vietnam,4.4,,
"KUMGA ENGINEERING TECHNOLOGY SERVICE Co.,Ltd","6th floor, Spring Heirs Building, No. 9, 82 Dich Vong Hau, Cau Giay, Hanoi",HA NOI,+842436417601,건설 및 건설자재,"https://www.google.com/maps/search/KUMGA+ENGINEERING+TECHNOLOGY+SERVICE+Co.,Ltd+HA+NOI+Vietnam",4.8,,
Kumho Samco Buslines,"5th floor, A tower, Song Da building, Pham Hung street, Nam Tu Liem district, Hanoi city",HA NOI,+842438372888,"물류, 운수, 여행업",https://www.google.com/maps/search/Kumho+Samco+Buslines+HA+NOI+Vietnam,4.4,,
KUMHO VIET THANH,"Số 20 đường Phạm Hùng, Phường Mỹ Đình 2, Quận Nam Từ Liên, Hà Nội",HA NOI,+842437689875,"물류, 운수, 여행업",https://www.google.com/maps/search/KUMHO+VIET+THANH+HA+NOI+Vietnam,4.6,,
"KUMKANG ENERTECH VINA CO.,LTD","1st Floor, No.138 Tran Binh, My Dinh 2, Nam Tu Liem, Hanoi.",HA NOI,+842432115614,"환경, 설비, 기계","https://www.google.com/maps/search/KUMKANG+ENERTECH+VINA+CO.,LTD+HA+NOI+Vietnam",4.4,,
"KUMNAM PRINT CO.,LTD","Huong Canh, Binh Xuyen, VINH PHUC",VINH PHUC,+842112242262,"섬유, 의류, 봉제 제조","https://www.google.com/maps/search/KUMNAM+PRINT+CO.,LTD+VINH+PHUC+Vietnam",4.4,,
"KUNHWA ENGINEERING & CONSULTING Co.,Ltd","P.A310c, the Manor, Me Tri, My Dinh 1, Nam Tu Liem, Hanoi",HA NOI,+842437940766,건설 및 건설자재,"https://www.google.com/maps/search/KUNHWA+ENGINEERING+&+CONSULTING+Co.,Ltd+HA+NOI+Vietnam",,,
"KUNYOUNG MATERIALS VINA CO.,LTD","Lot No. 90, Map Sheet No. 81, Vo Cuong, Bac Ninh",BAC NINH,+842222221090,"유통, 도소매, 무역","https://www.google.com/maps/search/KUNYOUNG+MATERIALS+VINA+CO.,LTD+BAC+NINH+Vietnam",5.0,,
"KURITA-GK VIETNAM CO., LTD","Room 305, Techno Center, Thang Long Industrial Park, Kim Chung, Đông Anh, Hà Nội, Vietnam",HA NOI,+842439590352,제조업,"https://www.google.com/maps/search/KURITA-GK+VIETNAM+CO.,+LTD+HA+NOI+Vietnam",4.5,,
KV TECH COMPANY LIMITED,"17 Kinh Bac street, Kinh Bac, Bac Ninh",BAC NINH,+84917718169,"유통, 도소매, 무역",https://www.google.com/maps/search/KV+TECH+COMPANY+LIMITED+BAC+NINH+Vietnam,4.5,,
KV VENDING,"Hoang Van Thu, Kinh Bac, Bac Ninh",BAC NINH,+84966737227,"유통, 도소매, 무역",https://www.google.com/maps/search/KV+VENDING+BAC+NINH+Vietnam,4.4,,
KVC LOGISTICS & TRADING,"Tang 25, Vinaconex 9 Tower, lo HH 2 -2, Pham Hung, Me Tri, Nam Tu Liem, Hanoi",HA NOI,,"물류, 운수, 여행업",https://www.google.com/maps/search/KVC+LOGISTICS+&+TRADING+HA+NOI+Vietnam,4.5,,
KVC VIET NAM JSC,"435 Nguyen Khang, Yen Hoa, Cau Giay, Hanoi. BRANCH: 4 Floor, VTP Tower, 08 Nguyen Hue, 01 District, HO CHI MINH",HA NOI,+842473050008,"유통, 도소매, 무역",https://www.google.com/maps/search/KVC+VIET+NAM+JSC+HA+NOI+Vietnam,4.2,,
"K-VIN STAR CO.,JSC","LK1-M06, Splendora New Urban Area, Bac An khanh Ward, Hoai, Duc District, Hanoi City, Vietnam",HA NOI,+84976578900,"섬유, 의류, 봉제 제조","https://www.google.com/maps/search/K-VIN+STAR+CO.,JSC+HA+NOI+Vietnam",4.6,,
KVISION TOURS,"20 Hang Muoi, Hoan Kiem, Hanoi",HA NOI,+842438715555,"물류, 운수, 여행업",https://www.google.com/maps/search/KVISION+TOURS+HA+NOI+Vietnam,,,
KWAN EUM TECH VINA,"No.8, Khac Niem Iz, Khac Niem, Bac Ninh",BAC NINH,+842223908838,"전자, 전기 제조업",https://www.google.com/maps/search/KWAN+EUM+TECH+VINA+BAC+NINH+Vietnam,4.4,,
"KWANG DONG VINA CO.,LTD","54 Dien Bien Phu, Thanh Khe, Da Nang",DA NANG,+842363741742,"유통, 도소매, 무역","https://www.google.com/maps/search/KWANG+DONG+VINA+CO.,LTD+DA+NANG+Vietnam",4.4,,
"KWANG SEONG PUNGRYUK VINA CO.,LTD","Binh Xuyen I.P, Dao Duc, Binh Xuyen, VINH PHUC",VINH PHUC,+842113866661,제조업,"https://www.google.com/maps/search/KWANG+SEONG+PUNGRYUK+VINA+CO.,LTD+VINH+PHUC+Vietnam",3.8,,
KWANGJIN VIETNAM,"Ngoc Lam, My Hao, Hung Yen",HUNG YEN,+842213949827,제조업,https://www.google.com/maps/search/KWANGJIN+VIETNAM+HUNG+YEN+Vietnam,4.4,,
KWANGJU BANK,"23F, East Tower, Lotte Center Hanoi, 54 Lieu Giai, Ba Dinh, Ha Noi",HA NOI,+842473002393,"금융, 보험",https://www.google.com/maps/search/KWANGJU+BANK+HA+NOI+Vietnam,,,
K-WATER,"Suite B7A, 4Th Fl, Hanoi Horison Hotel 40 Cat Linh, Hanoi",HA NOI,+842437366431,"대표사무소, 지사",https://www.google.com/maps/search/K-WATER+HA+NOI+Vietnam,4.2,,
K-WON VINA,"Que Vo I.P, Phuong Lieu, Que Vo, Bac Ninh",BAC NINH,+842223952004,"전자, 전기 제조업",https://www.google.com/maps/search/K-WON+VINA+BAC+NINH+Vietnam,4.5,,
"KYEONG DONG CO.,LTD","No 559-561, Han Thuyen, Dai Phuc, Bac Ninh",BAC NINH,+842223826788,"유통, 도소매, 무역","https://www.google.com/maps/search/KYEONG+DONG+CO.,LTD+BAC+NINH+Vietnam",3.8,,
"kyeong Jin Harness Vina Co.,LTD","동반 1공단(Đ. Lý Nam Đế, Bạch Thượng, Duy Tiên, Hà Nam, 베트남)",HA NAM,+842263966595,"전자, 전기 제조업","https://www.google.com/maps/search/kyeong+Jin+Harness+Vina+Co.,LTD+HA+NAM+Vietnam",4.4,,
KYOCERA AVX Components (Bac Giang) Company Limited,"Lot CN-07, Van Trung IP, Van Trung Ward, Viet Yen Town, Bac Giang Province",BAC GIANG,+842043856996,"전자, 전기 제조업",https://www.google.com/maps/search/KYOCERA+AVX+Components+(Bac+Giang)+Company+Limited+BAC+GIANG+Vietnam,4.4,,
KYOUNG WON HM VIETNAM COMPANY LIMITED,"Lot B6, KCN Thuy Van, Thuy Van, Viet Tri, Phu Tho",PHU THO,+849735985590,제조업,https://www.google.com/maps/search/KYOUNG+WON+HM+VIETNAM+COMPANY+LIMITED+PHU+THO+Vietnam,4.5,,
"KYUNG SUN INDUSTRIAL CO.,LTD",#109 Truong Chinh. Thanh Xuan. Hanoi,HA NOI,,"섬유, 의류, 봉제 제조","https://www.google.com/maps/search/KYUNG+SUN+INDUSTRIAL+CO.,LTD+HA+NOI+Vietnam",3.9,,
KYUNGIL OPTICS,"Binh Xuyen I.Z, Son Loi, Binh Xuyen, VINH PHUC",VINH PHUC,+842113815567,제조업,https://www.google.com/maps/search/KYUNGIL+OPTICS+VINH+PHUC+Vietnam,,,
KYUNGNAM CHEMICAL VINA,"Lo CN2, KCN Nam Cau Kien, Xa Kien Bai, Huyen Thuy Nguyen, Hai Phong",HAI PHONG,+842258841892,제조업,https://www.google.com/maps/search/KYUNGNAM+CHEMICAL+VINA+HAI+PHONG+Vietnam,4.5,,
"L&PK CONSULTING, ACCOUNTING COMPANY","2F, Khoi B, Toa nha Song Da, Pham Hung, My Dinh I, Nam Tu Liem, Hanoi",HA NOI,+842471077868,법무.회계.투자자문,"https://www.google.com/maps/search/L&PK+CONSULTING,+ACCOUNTING+COMPANY+HA+NOI+Vietnam",4.3,,
L’OR PREMIUM OUTLET,"Lot 69, TT4, My Dinh, Me Tri, Tu Liem, Hanoi",HA NOI,+842437878983,"유통, 도소매, 무역",https://www.google.com/maps/search/L’OR+PREMIUM+OUTLET+HA+NOI+Vietnam,4.1,,
LAFIEN VINA,"Lot X, Road 11B, Expanded Hoa Khanh I.P, Lien Chieu, Da Nang",DA NANG,+845113738134,제조업,https://www.google.com/maps/search/LAFIEN+VINA+DA+NANG+Vietnam,4.6,,
"LAGUNA BEACH CO.,LTD","1st floor, CC2, Me Tri, My Dinh 1, Nam Tu Liem, Hanoi",HA NOI,+84926423014,"유통, 도소매, 무역","https://www.google.com/maps/search/LAGUNA+BEACH+CO.,LTD+HA+NOI+Vietnam",4.5,,
LAGUNA LANGCO,"Cu Du, Loc Vinh, Phu Loc, Thua Thien Hue",HUE,+842343695880,"숙박, 요식, 급식",https://www.google.com/maps/search/LAGUNA+LANGCO+HUE+Vietnam,4.4,,
Law2B LLC,"11th Floor, #11-03, SUDICO Building (HH3) Me Tri Road, My Dinh 1 Ward Nam Tu Liem District, Hanoi, Vietnam",HA NOI,+84901987338,법무.회계.투자자문,https://www.google.com/maps/search/Law2B+LLC+HA+NOI+Vietnam,4.5,,
"LCT Co.,Ltd","Ba Huyen, 38 highway, Khac Niem, Bac Ninh",BAC NINH,+842226531888,제조업,"https://www.google.com/maps/search/LCT+Co.,Ltd+BAC+NINH+Vietnam",3.8,,
LDK VINA,"Lo 3.8 manh 1 Du an Bao an ninh Thu do, My Dinh 2, Nam Tu Liem, Hanoi",HA NOI,+842462601546,"유통, 도소매, 무역",https://www.google.com/maps/search/LDK+VINA+HA+NOI+Vietnam,5.0,,
LE BAO MINH HA NOI BRANCH,"130 Giang Vo, Ba Dinh, Hanoi",HA NOI,+842437226666,"유통, 도소매, 무역",https://www.google.com/maps/search/LE+BAO+MINH+HA+NOI+BRANCH+HA+NOI+Vietnam,4.2,,
LED PRO VKO,"To dan pho 15, Cau Dien, Phuc Dien, Bac Tu Liem, Hanoi",HA NOI,+842466527242,"전자, 전기 제조업",https://www.google.com/maps/search/LED+PRO+VKO+HA+NOI+Vietnam,4.1,,
Lee & Ko Vietnam LLC (Hanoi Office),"Unit 1006, 10th floor, Lotte Center Hanoi, 54 Lieu Giai, Cong Vi, Ba Dinh, Hanoi",HA NOI,+842432262801,법무.회계.투자자문,https://www.google.com/maps/search/Lee+&+Ko+Vietnam+LLC+(Hanoi+Office)+HA+NOI+Vietnam,4.3,,
LEEHO VINA,"Lot CN01, Cam Khe I.Z, Sai Nga, Cam Khe, Phu Tho",PHU THO,+842103861866,제조업,https://www.google.com/maps/search/LEEHO+VINA+PHU+THO+Vietnam,4.0,,
"LEETECH (VIETNAM) CO.,LTD","Part of Lot E, KCN Dong Van II, Duy Minh, Duy Tien, Ha Nam",HA NAM,+84963322243,제조업,"https://www.google.com/maps/search/LEETECH+(VIETNAM)+CO.,LTD+HA+NAM+Vietnam",4.4,,
"LEGEND HEROES VN CO., LTD","1414 Hà Nội, Thanh Xuân, Thượng Đình, Khu đô thị Royal City",HA NOI,+842466661900,"오락, 문화, 전시, 체육","https://www.google.com/maps/search/LEGEND+HEROES+VN+CO.,+LTD+HA+NOI+Vietnam",4.5,,
LEO ELECTRONICS (VIETNAM) LTD,"Khu cong nghiep Phuc Dien Xa Cam Dien, Huyem Cam Giang, Tinh Hai Duong, Viet Nam",HAI DUONG,+842203545987,"전자, 전기 제조업",https://www.google.com/maps/search/LEO+ELECTRONICS+(VIETNAM)+LTD+HAI+DUONG+Vietnam,3.9,,
LEO JINS,"Dong Van I.Z, Duy Tien, Ha Nam",HA NAM,+842263582832,"섬유, 의류, 봉제 제조",https://www.google.com/maps/search/LEO+JINS+HA+NAM+Vietnam,3.9,,
"LF DA NANG CO.,LTD","Lot 103, 30 Thang 4, Hoa Cuong Bac, Hai Chau, Da Nang",DA NANG,,"유통, 도소매, 무역","https://www.google.com/maps/search/LF+DA+NANG+CO.,LTD+DA+NANG+Vietnam",4.3,,
LFD VINA,"LK1-O09_Bac An Khanh, Hoai Duc, Hanoi",HA NOI,+842466641500,"유통, 도소매, 무역",https://www.google.com/maps/search/LFD+VINA+HA+NOI+Vietnam,4.1,,
"LG CHEM HAI PHONG VIETNAM CO.,LTD","Tang 1, toa nha H1, lo E, khu cong nghiep Trang Due, thuoc k, Xa Hong Phong, Huyen An Duong, Hai Phong",HAI PHONG,+842253240890,"전자, 전기 제조업","https://www.google.com/maps/search/LG+CHEM+HAI+PHONG+VIETNAM+CO.,LTD+HAI+PHONG+Vietnam",4.5,,
LG DISPLAY VIETNAM,"Lo E, Khu cong nghiep Trang Due, thuoc KKT Dinh Vu Cat Hai, Hong Phong, An Dung, Hai Phong",HAI PHONG,,"전자, 전기 제조업",https://www.google.com/maps/search/LG+DISPLAY+VIETNAM+HAI+PHONG+Vietnam,4.6,,
LG ELECTRONICS VIETNAM,"Tầng 35, tòa nhà Keangnam Landmark 72, đường Phạm Hùng, quận Nam Từ Liêm, Hà Nội",HA NOI,+842439345151,"전자, 전기 제조업",https://www.google.com/maps/search/LG+ELECTRONICS+VIETNAM+HA+NOI+Vietnam,4.2,,
"LG ELECTRONICS VIETNAM HAI PHONG CO.,LTD","Lot CN2-CN3, Trang Due IP, An Duong, Dinh Vu, Cat Hai Economics Zone, Hai Phong",HAI PHONG,+842258820700,"전자, 전기 제조업","https://www.google.com/maps/search/LG+ELECTRONICS+VIETNAM+HAI+PHONG+CO.,LTD+HAI+PHONG+Vietnam",4.1,,
LG Innotek Vietnam,"Lot I-4 Trang Due Industrial park, An duong district, Hai phong, Vietnam",HAI PHONG,+84904293000,"전자, 전기 제조업",https://www.google.com/maps/search/LG+Innotek+Vietnam+HAI+PHONG+Vietnam,3.8,,
"LG VINA COSMETICS CO.,LTD","No. 289-GH5, ICC Urban Area, Quan Mau Crossroad, Hai Phong",HAI PHONG,+842253719256,"대표사무소, 지사","https://www.google.com/maps/search/LG+VINA+COSMETICS+CO.,LTD+HAI+PHONG+Vietnam",4.6,,
LI TONG GROUP,"Floor 4-6, Press Club Building, 59A Ly Thai To, Ly Thai To, Hoan Kiem, Hanoi",HA NOI,+84963244424,"전자, 전기 제조업",https://www.google.com/maps/search/LI+TONG+GROUP+HA+NOI+Vietnam,,,
"LIAAN VINA CO.,LTD","Dong Van I I.Z, Dong Van, Duy Tien, Ha Nam",HA NAM,+842263583326,제조업,"https://www.google.com/maps/search/LIAAN+VINA+CO.,LTD+HA+NAM+Vietnam",4.3,,
LIAN TECH,"Workshop CN-05-06, lot Cn-05, Van Trung I.P, Viet Yen, Bac Giang",BAC GIANG,+842043661521,"전자, 전기 제조업",https://www.google.com/maps/search/LIAN+TECH+BAC+GIANG+Vietnam,4.1,,
LIFE BRIDGE VIETNAM,"#704, Kim Anh Tower, Ngo 78, Duy Tan, Cau Giay, Vietnam",HUNG YEN,,"숙박, 요식, 급식",https://www.google.com/maps/search/LIFE+BRIDGE+VIETNAM+HUNG+YEN+Vietnam,4.0,,
"Life Plaza Co., Ltd","No 6 Nguyen Hoang, Tu Liem, Hanoi",HA NOI,+84936868700,"교육, 매체, 인쇄, 광고","https://www.google.com/maps/search/Life+Plaza+Co.,+Ltd+HA+NOI+Vietnam",4.1,,
"LIFTEC VIETNAM CO.,LTD","Lot D3-1, Hanoi Dai tu I.P, 386 Nguyen Van Linh, Sai Dong, Long Bien, Hanoi",HA NOI,+842435563786,건설 및 건설자재,"https://www.google.com/maps/search/LIFTEC+VIETNAM+CO.,LTD+HA+NOI+Vietnam",4.4,,
Lilymag Flower & Garden Vietnam,"25 Tay ho Street, Quang An , Tay Ho. Hanoi",HA NOI,+84815647013,"유통, 도소매, 무역",https://www.google.com/maps/search/Lilymag+Flower+&+Garden+Vietnam+HA+NOI+Vietnam,4.3,,
Linea Aqua Vietnam (PVT) LTD,"Plot No L1, Pho Noi B Textile & Garment Industrial Park,Di Su, My Hao, Hung Yen",HUNG YEN,+842213779808,"섬유, 의류, 봉제 제조",https://www.google.com/maps/search/Linea+Aqua+Vietnam+(PVT)+LTD+HUNG+YEN+Vietnam,4.7,,
"LISAL VINACO.,LTD","LOT CN-04,LOCATED IN DONG VAN4,DAI CUONG COMMUNE.KIM BANG DISTRICT HA NAM PROVINCE VIETNAM",HA NAM,+848298970304,제조업,"https://www.google.com/maps/search/LISAL+VINACO.,LTD+HA+NAM+Vietnam",4.1,,
LISTONE E&C,"Nha B7, Khu nha O Me Tri Ha, So 02, DO Duc Duc, Nam Tu Liem, Hanoi",HA NOI,+842437878477,건설 및 건설자재,https://www.google.com/maps/search/LISTONE+E&C+HA+NOI+Vietnam,4.5,,
LIVE AGAIN VIETNAM,"Unit 2501-1, 25F, Landmark 72 Tower, Plot E6 Cau Giay New Urban, Me Tri Ward, Nam Tu Liem District, Ha Noi City, Viet Nam",HA NOI,+842822111115,기타,https://www.google.com/maps/search/LIVE+AGAIN+VIETNAM+HA+NOI+Vietnam,4.3,,
LIWU LAW FIRM VIETNAM,"19F, Charmvit Tower, 117 Tran Duy Hung, Trung Hoa, Cau Giay, Hanoi",HA NOI,+843698701270,법무.회계.투자자문,https://www.google.com/maps/search/LIWU+LAW+FIRM+VIETNAM+HA+NOI+Vietnam,,,
LK Vietnam,"Room S10, 29F East Tower, Lotte Hanoi, 54 Lieu Giai, Ba Dinh",HA NOI,+84915602402,"금융, 보험",https://www.google.com/maps/search/LK+Vietnam+HA+NOI+Vietnam,4.5,,
LKT VINA,"Thôn Đại Hoàng 1, Xã Tân Dân, Huyện An Lão, Thành phố Hải Phòng, Việt Nam",HAI PHONG,+842258830094,제조업,https://www.google.com/maps/search/LKT+VINA+HAI+PHONG+Vietnam,4.3,,
LMS VINA,"Lot Xn3-1E1, Dai An Expansion I.Z, Lai Canh, Cam Giang, Hai Duong",HAI DUONG,+842203555391,건설 및 건설자재,https://www.google.com/maps/search/LMS+VINA+HAI+DUONG+Vietnam,4.2,,
LOCK & LOCK HN,"Lo R2-L2-17&R2-L2-18. Khu van phong Royal City, Toa R2, So 72A, Nguyen Trai, Thanh Xuan, Ha Noi.",HA NOI,+842466640060,"유통, 도소매, 무역",https://www.google.com/maps/search/LOCK+&+LOCK+HN+HA+NOI+Vietnam,4.7,,
LOGISVALLEY HTNS LIMITED COMPANY,"Land lot CN4.1L, KCN Dinh Vu, Dinh Vu - Cat Hai Economic Zone, Dong Hai 2, Hai An, Hai Phong",HAI PHONG,,부동산개발.임대,https://www.google.com/maps/search/LOGISVALLEY+HTNS+LIMITED+COMPANY+HAI+PHONG+Vietnam,4.3,,
LOGOS Law LLC,"Suite 2403, 24th Floor, Keangnam Hanoi Landmark Tower, Plot E6, Pham Hung street, Me Tri Ward, Nam Tu Liem District, Hanoi BRANCH: Suite 602, 6th Floor, Phi Long Tower, 52 Nguyen Van Linh Street, Nam Duong Ward, Hai Chau District, Da Nang, Vietnam",HA NOI,+84936368001,법무.회계.투자자문,https://www.google.com/maps/search/LOGOS+Law+LLC+HA+NOI+Vietnam,4.6,,
LONG BIEN INVESTMENT Corp,"6 Tan Son, Ward 12, Go Vap, HO CHI MINH",HO CHI MINH,+842838315666,"오락, 문화, 전시, 체육",https://www.google.com/maps/search/LONG+BIEN+INVESTMENT+Corp+HO+CHI+MINH+Vietnam,4.0,,
"LOTTE ENGINEERING & CONSTRUCTION VIETNAM Co.,Ltd","3102, 31F, East Bld., 31F, Lotte Center Hanoi, 54 Lieu Giai, Ba Dinh, Hanoi.",HA NOI,+842432676123,건설 및 건설자재,"https://www.google.com/maps/search/LOTTE+ENGINEERING+&+CONSTRUCTION+VIETNAM+Co.,Ltd+HA+NOI+Vietnam",4.8,,
LOTTE FINANCE,"12F, West Tower, LOTTE Center Hanoi, 54 Lieu Giai, Cong Vi ward, Ba Dinh district, Ha Noi",HA NOI,+842433337091,"금융, 보험",https://www.google.com/maps/search/LOTTE+FINANCE+HA+NOI+Vietnam,4.3,,
LOTTE PHU KHANH DUTY FREE TRADING COMPANY LIMITED,"6th floor, Central Vietnam Helicopter Building, Nguyen Van Linh St., Thac Gian Ward, Thanh Khe Dist., Danang City, Vietnam",HA NOI,+842363865882,"유통, 도소매, 무역",https://www.google.com/maps/search/LOTTE+PHU+KHANH+DUTY+FREE+TRADING+COMPANY+LIMITED+HA+NOI+Vietnam,4.6,,
"LOTTE RENTAL(VIETNAM) CO., LTD","(베트남법인) R716, 7F, Saigon Paragon, No. 03, Nguyen Luong Bang St, Dist, 7, HO CHI MINH (하노이지사) 1F/2F, The Sun Building, Me Tri St., Me Tri Ward, Nam Tu Liem, Hanoi (다낭지사) Indochina Riverside Towers Building, 74 Bach Dang Street, Hai Chau I Ward, Hai Chau District, Da Nang City, Vietnam",HO CHI MINH,+842854148000,"물류, 운수, 여행업","https://www.google.com/maps/search/LOTTE+RENTAL(VIETNAM)+CO.,+LTD+HO+CHI+MINH+Vietnam",4.4,,
"LOTTECINEMA VIETNAM CO.,LTD","No. 1 Le Thanh Tong, May To, Ngo Quyen, Hai Phong",HAI PHONG,+842253836300,"오락, 문화, 전시, 체육","https://www.google.com/maps/search/LOTTECINEMA+VIETNAM+CO.,LTD+HAI+PHONG+Vietnam",4.4,,
LS ELECTRIC VIETNAM,"Factory : CN11-3 in Yen Phong Industrial Zone (Expansion phase), at Dung Liet Commune, Yen Phong district, Bac Ninh Province, Viet Nam Hanoi Biz Center : 11F, 789 Office Building, No.147 Hoang Quoc Viet street, Cau Giay, Ha Noi. BRANCH: Hochiminh Office : Empress Tower, Room 1703, 17Fl, No.138-142 Hai Ba Trung Street, Da Kao Ward, Dist 1, HO CHI MINH",HA NOI,+842223688863,"전자, 전기 제조업",https://www.google.com/maps/search/LS+ELECTRIC+VIETNAM+HA+NOI+Vietnam,4.2,,
"LS EV CO.,LTD","No. 5, Road 11, Industrial, VSIP Bac Ninh. Phu Chan, Tu Son, Bac Ninh",BAC NINH,+842223765630,"전자, 전기 제조업","https://www.google.com/maps/search/LS+EV+CO.,LTD+BAC+NINH+Vietnam",4.2,,
LS METAL VINA,"Land lot CN1H, KCN DEEPC 2B, Dinh Vu – Cat Hai Economic Zone, Dong Hai 2, Hai An, Hai Phong",HAI PHONG,+842252299408,제조업,https://www.google.com/maps/search/LS+METAL+VINA+HAI+PHONG+Vietnam,4.8,,
LS MTRON,"#17, 10F Charmvit Tower, 117 Tran Duy Hung, Cau Giay, Hanoi",HA NOI,+842432011572,제조업,https://www.google.com/maps/search/LS+MTRON+HA+NOI+Vietnam,4.5,,
LS VINA CABLE&SYSTEM,"South Binh Bridge, So Dau Ward, Hong Bang District, Hai Phong City, Viet Nam",HAI PHONG,+842253540330,제조업,https://www.google.com/maps/search/LS+VINA+CABLE&SYSTEM+HAI+PHONG+Vietnam,4.1,,
"LSCOM VINA CO.,LTD","Ba Thien I.P, Ba Hien, Binh Xuyen, VINH PHUC",VINH PHUC,+842113886566,"전자, 전기 제조업","https://www.google.com/maps/search/LSCOM+VINA+CO.,LTD+VINH+PHUC+Vietnam",4.7,,
"LUCKY ST VINA CO.,LTD","Pho Noi B I.Z, My Hao, Hung Yen",HUNG YEN,+842213900510,"섬유, 의류, 봉제 제조","https://www.google.com/maps/search/LUCKY+ST+VINA+CO.,LTD+HUNG+YEN+Vietnam",3.9,,
LUONG DIEN ELECTRONIC VIETNAM,"Lot A2CN1, CCN tap trung vua va nho huyen Tu Liem, Minh Khai, Tu Liem, Hanoi",HA NOI,+842437805225,"전자, 전기 제조업",https://www.google.com/maps/search/LUONG+DIEN+ELECTRONIC+VIETNAM+HA+NOI+Vietnam,4.3,,
LX International Hanoi Representative Office,"30th Floor, Lotte Center, 54 Lieu Giai, Cong Vi, Ba Dinh, Hanoi",HA NOI,+842437347388,"대표사무소, 지사",https://www.google.com/maps/search/LX+International+Hanoi+Representative+Office+HA+NOI+Vietnam,4.5,,
"M AND K VINA CO.,LTD","Khac Niem I.Z, Que Vo, Bac Ninh",BAC NINH,+842226515132,"전자, 전기 제조업","https://www.google.com/maps/search/M+AND+K+VINA+CO.,LTD+BAC+NINH+Vietnam",4.4,,
"M&C ELECTRONICS VINA CO.,LTD","Lot J1, Que Vo I.Z (Expand Area), Phuong Lieu, Que Vo, Bac Ninh",BAC NINH,+842223952000,"전자, 전기 제조업","https://www.google.com/maps/search/M&C+ELECTRONICS+VINA+CO.,LTD+BAC+NINH+Vietnam",4.5,,
M&S SOLUTIONS,"109 L17-B9, Chung cu Hoang Huy, An Dong, An Dương, Hải Phòng",HAI PHONG,+84936641901,"환경, 설비, 기계",https://www.google.com/maps/search/M&S+SOLUTIONS+HAI+PHONG+Vietnam,4.5,,
M2B E&C,"No. 02, Lot 3B, Khu do thi moi Trung YenTrung Yen Street 11, Trung Hoa, Cau Giay, Hanoi",HA NOI,+842462538201,건설 및 건설자재,https://www.google.com/maps/search/M2B+E&C+HA+NOI+Vietnam,4.6,,
"MAKITECH CO.,LTD","Lo so 18 KCN Dien Nam, Dien Ngoc, Dien Ban, Quang Nam",QUANG NAM,+848654211908,제조업,"https://www.google.com/maps/search/MAKITECH+CO.,LTD+QUANG+NAM+Vietnam",,,
Manpower Group,"8th Floor, Capital Tower, 109 Trần Hưng Đạo, Cửa Nam, Hoàn Kiếm, Hà Nội 10000, Vietnam",HA NOI,+842440000000,기타,https://www.google.com/maps/search/Manpower+Group+HA+NOI+Vietnam,4.4,,
"MANSEON GLOBAL GARMENT CO.,LTD","Hamelt 8, Vinh Thanh, Vinh Loc, Thanh Hoa",THANH HOA,+842373523456,"섬유, 의류, 봉제 제조","https://www.google.com/maps/search/MANSEON+GLOBAL+GARMENT+CO.,LTD+THANH+HOA+Vietnam",,,
"MAPAL HITECO Vietnam CO., Ltd","Room 04, 11th floor, Charmvit Tower, 117 Tran Duy Hung, Trung Hoa Ward, Cau Giay District, Hanoi City, Vietnam",HA NOI,+842432003396,제조업,"https://www.google.com/maps/search/MAPAL+HITECO+Vietnam+CO.,+Ltd+HA+NOI+Vietnam",4.2,,
MARITIME COMMERCIAL JOINT STOCK BANK (MSB),"TNR Tower, 54A Nguyen Chi Thanh, Dong Da, Ha Noi BRANCH: V-rex Tower 3 floor, 33A Ba Trieu, Hoan Kiem, Ha Noi",HA NOI,+842437718989,"금융, 보험",https://www.google.com/maps/search/MARITIME+COMMERCIAL+JOINT+STOCK+BANK+(MSB)+HA+NOI+Vietnam,3.9,,
"MARPOSS VIETNAM CO.,LTD","7th, Diamond Flower Building, Le Van Luong, Trung Hoa, Thanh Xuan, Hanoi",HA NOI,+842473010777,"환경, 설비, 기계","https://www.google.com/maps/search/MARPOSS+VIETNAM+CO.,LTD+HA+NOI+Vietnam",4.4,,
MARSH & MCLENNAN COMPANIES,"11th Floor, VCCI Tower, No. 9 Dao Duy Anh, Dong Da District, Hanoi, Vietnam",HA NOI,+842462763899,"금융, 보험",https://www.google.com/maps/search/MARSH+&+MCLENNAN+COMPANIES+HA+NOI+Vietnam,,,
MARU VIETNAM COMPANY LIMITED,"116 vũ phạm hàm, Yên hòa, Cầu giấy, HN",HA NOI,+84981445585,"숙박, 요식, 급식",https://www.google.com/maps/search/MARU+VIETNAM+COMPANY+LIMITED+HA+NOI+Vietnam,4.9,,
"MASS C&G Co., Ltd","so5 Dien Bien Phu B/D 10Fl, Ba Dinh",HA NOI,+84327285022,"대표사무소, 지사","https://www.google.com/maps/search/MASS+C&G+Co.,+Ltd+HA+NOI+Vietnam",4.4,,
"MASSLAM VINA CO.,LTD","Yen Phong I.Z, Long Chau, Yen Phong, Bac Ninh",BAC NINH,+842223699692,"전자, 전기 제조업","https://www.google.com/maps/search/MASSLAM+VINA+CO.,LTD+BAC+NINH+Vietnam",4.5,,
"MASTER VINA Co.,Ltd",& Care Assistanc,NINH BINH,+84306260028,제조업,"https://www.google.com/maps/search/MASTER+VINA+Co.,Ltd+NINH+BINH+Vietnam",4.3,,
"MAT BAO BPO., JSC","Tầng 14, số 381 Đội Cấn, Phường Liễu Giai, Quận Ba Đình, Hà Nội, Việt Nam",HA NOI,+841900715137,기타,"https://www.google.com/maps/search/MAT+BAO+BPO.,+JSC+HA+NOI+Vietnam",4.3,,
MAX INTERNATIONAL INC,서울시 강서구 허준로 202-10,KOREA,+847047546440,"섬유, 의류, 봉제 제조",https://www.google.com/maps/search/MAX+INTERNATIONAL+INC+KOREA+Vietnam,4.5,,
"MAX PLANNING CO.,LTD","So.44 , BT4-X2, Bac Linh Dam, Hanoi.",HA NOI,,"섬유, 의류, 봉제 제조","https://www.google.com/maps/search/MAX+PLANNING+CO.,LTD+HA+NOI+Vietnam",3.8,,
"MAXCORE CO.,LTD","#5, Alley 7, Pham Hung, Dich Vong Hau, Cau Giay, Hanoi",HA NOI,,"섬유, 의류, 봉제 제조","https://www.google.com/maps/search/MAXCORE+CO.,LTD+HA+NOI+Vietnam",4.9,,
MAXNETWORK VINA COMPANY LIMITED,"No. 141/193 Van Cao, Dang Lam, Hai An, Hai Phong",HAI PHONG,+841222395952,건설 및 건설자재,https://www.google.com/maps/search/MAXNETWORK+VINA+COMPANY+LIMITED+HAI+PHONG+Vietnam,4.7,,
MAXPEED VIETNAM,"Unit 3, 5th Floor, Building NO1-T2, Diplomatic Resident Complex, Bac Tu Liem Dictrct, Ha Noi City, Vietnam",HA NOI,+842437558393,"물류, 운수, 여행업",https://www.google.com/maps/search/MAXPEED+VIETNAM+HA+NOI+Vietnam,4.4,,
MAXPEED VINA,"702, VET Bld, 98Hoang Quoc Viet, Cau Giay, Hanoi BRANCH: Add 2 : 1 Tran Anh Tong, Loc Vuong, Nam Dinh Add 3 : 20A Le Hong Phong, Ngo Quyen, Hai Phong",HAI PHONG,+842283555389,"물류, 운수, 여행업",https://www.google.com/maps/search/MAXPEED+VINA+HAI+PHONG+Vietnam,4.3,,
MAY YEN THE,"Thanh Chung, Phon Xuong, Yen The, Bac Giang",BAC GIANG,+842043535000,"섬유, 의류, 봉제 제조",https://www.google.com/maps/search/MAY+YEN+THE+BAC+GIANG+Vietnam,4.0,,
"MBI Co.,Ltd",충청북도 청주시 서원구 사직대로 140 현대코아BD B1,KOREA,+842432749701,제조업,"https://www.google.com/maps/search/MBI+Co.,Ltd+KOREA+Vietnam",4.2,,
"MBI MOTORS Co.,Ltd","No.03 Lang Ha, Thanh Cong, Ba Dinh, Hanoi",HA NOI,+842435810686,"전자, 전기 제조업","https://www.google.com/maps/search/MBI+MOTORS+Co.,Ltd+HA+NOI+Vietnam",4.4,,
"MBICO VINA Co.,Ltd","Song Cong Iz, Thai Nguyen",THAI NGUYEN,,건설 및 건설자재,"https://www.google.com/maps/search/MBICO+VINA+Co.,Ltd+THAI+NGUYEN+Vietnam",4.3,,
"MCNEX VINA CO.,LTD","Lô CN1, KCN Phúc Sơn, Phường Ninh Sơn, Thành phố Ninh Bình, Tỉnh Ninh Bình, Việt Nam",NINH BINH,+842293883588,"전자, 전기 제조업","https://www.google.com/maps/search/MCNEX+VINA+CO.,LTD+NINH+BINH+Vietnam",,,
"MCSP VINA CO.,LTD","Lot CN4, Diem Thuy I.Z, Hong Tien, Pho Yen, Thai Nguyen",THAI NGUYEN,+842043662221,"전자, 전기 제조업","https://www.google.com/maps/search/MCSP+VINA+CO.,LTD+THAI+NGUYEN+Vietnam",4.5,,
MDA E&C,"7F, Licogi 13Bld, 164 Khuat Duy Tien Road, Thanh Xuan Dits, Ha Noi",HA NOI,+842437958258,건설 및 건설자재,https://www.google.com/maps/search/MDA+E&C+HA+NOI+Vietnam,4.1,,
MECTECH VINA COMPANY LIMITED,"Lot CN 12, KCN Tu Da - An Dao, Binh Phu, Phu Ninh, Phu Tho",PHU THO,+843973180385,"전자, 전기 제조업",https://www.google.com/maps/search/MECTECH+VINA+COMPANY+LIMITED+PHU+THO+Vietnam,4.3,,
Mega Technology & Solution Vietnam,"Lô CN8-1, Khu Công nghiệp Yên Phong II-C, xã Tam Giang, Thị Trấn Chờ, Huyện Yên Phong, Tỉnh Bắc Ninh, Việt Nam BRANCH: Lô 065B, khu công nghiệp VSIP, Phường Phù Chẩn, Thành Phố Từ Sơn, Tỉnh Bắc Ninh, Việt Nam",BAC NINH,+842223656669,"전자, 전기 제조업",https://www.google.com/maps/search/Mega+Technology+&+Solution+Vietnam+BAC+NINH+Vietnam,4.5,,
MEKONG LIMITED LIABILITY COMPANY,"97 Tran Quoc Toan, Tran Hung Dao, Hoan Kiem, Hanoi",HA NOI,+842439428996,법무.회계.투자자문,https://www.google.com/maps/search/MEKONG+LIMITED+LIABILITY+COMPANY+HA+NOI+Vietnam,4.3,,
MELFAS VINA COMPANY LIMITED,"No. 387C, Cach Mang Thang 8 Street, Huong Son, Thai Nguyen",THAI NGUYEN,+84981139656,"전자, 전기 제조업",https://www.google.com/maps/search/MELFAS+VINA+COMPANY+LIMITED+THAI+NGUYEN+Vietnam,4.4,,
MELIA HA NOI HOTEL,"44B Ly Thuong Kiet, Hoan Kiem, Hanoi",HA NOI,+842439343343,"숙박, 요식, 급식",https://www.google.com/maps/search/MELIA+HA+NOI+HOTEL+HA+NOI+Vietnam,4.4,,
MENATURE OUTDOOR VIETNAM LTD,"KCN Binh Luc, Trung Luong, Binh Luc, Ha Nam",HA NAM,+842262200008,제조업,https://www.google.com/maps/search/MENATURE+OUTDOOR+VIETNAM+LTD+HA+NAM+Vietnam,4.5,,
MEOK SSAM KOREAN KITCHEN,"268 Duong Dinh Nghe, An Hai Bac, Son Tra, Da Nang",DA NANG,,"숙박, 요식, 급식",https://www.google.com/maps/search/MEOK+SSAM+KOREAN+KITCHEN+DA+NANG+Vietnam,4.0,,
Mercure Hai Phong,"12 Lạch Tray, Street, Ngô Quyền, Hải Phòng 180000",HAI PHONG,+842253240999,"숙박, 요식, 급식",https://www.google.com/maps/search/Mercure+Hai+Phong+HAI+PHONG+Vietnam,4.2,,
Messer Hai Phong Industrial Gases,"Room 601, no. 4 Da Tuong street, Hoan Kiem district",HA NOI,+84868460428,제조업,https://www.google.com/maps/search/Messer+Hai+Phong+Industrial+Gases+HA+NOI+Vietnam,4.4,,
META DESIGN,"4th fl, Tower C, Golden Palace Building, Me Tri, Nam Tu Liem, Hanoi",HA NOI,+842466866060,건설 및 건설자재,https://www.google.com/maps/search/META+DESIGN+HA+NOI+Vietnam,4.3,,
MG-TRADE VINA COMPANY LIMITED,"9th floor, PV Combank Building, No. 2, 30-4 Hoa Cuong Bac, Hai Chau, Da Nang",DA NANG,+84345328124,"유통, 도소매, 무역",https://www.google.com/maps/search/MG-TRADE+VINA+COMPANY+LIMITED+DA+NANG+Vietnam,4.4,,
MICHANG VIETNAM,"Land Plot CN 1E, Eeep C 2A, I.Z, Dinh Vu Cat Hai Economic Zone, Dong Hai 2, Hai An, Hai Phong",HAI PHONG,,제조업,https://www.google.com/maps/search/MICHANG+VIETNAM+HAI+PHONG+Vietnam,4.6,,
"MICO TECH VIETNAM Co.,Ltd","Dong Van I I.Z, Dong Van, Duy Tien, Ha Nam",HA NAM,+842263585699,제조업,"https://www.google.com/maps/search/MICO+TECH+VIETNAM+Co.,Ltd+HA+NAM+Vietnam",3.9,,
"MIDO CHEMICAL VINA CO.,LTD","No 77, Huyen Quang, Ninh Xa, Bac Ninh",BAC NINH,+842223812826,"유통, 도소매, 무역","https://www.google.com/maps/search/MIDO+CHEMICAL+VINA+CO.,LTD+BAC+NINH+Vietnam",4.3,,
"MIDO-VINA CO.,LTD","My Xuyen I.C, Thai Xuyen, Thai Thuy, Thai Binh",THAI BINH,+842273776666,"섬유, 의류, 봉제 제조","https://www.google.com/maps/search/MIDO-VINA+CO.,LTD+THAI+BINH+Vietnam",4.2,,
MIGHTYGEN VN,"#606, 6F., Indochina Plaza, Xuan Thuy, Cau Giay, Hanoi",HA NOI,,"전자, 전기 제조업",https://www.google.com/maps/search/MIGHTYGEN+VN+HA+NOI+Vietnam,4.5,,
MILTON JOINT STOCK COMPANY,"PULLMAN PHU QUOC BEACH RESORT  GROUP 6, BAN QUY HAMLET, DUONG BAO AREA, DUONG TO COMMUNE,  PHU QUOC, KIEN GIANG PROVINCE, VIETNAM BRANCH: HA NOI SALES REPRESENTATIVE OFFICE  LEVEL 5, NOVOTEL THAI HA, 2 THAI HA STREET, TRUNG LIET WARD, DONG DA DISTRICT, HA NOI, VIETNAM",PHU QUOC,+84932633688,"숙박, 요식, 급식",https://www.google.com/maps/search/MILTON+JOINT+STOCK+COMPANY+PHU+QUOC+Vietnam,3.9,,
"MING SHIN (Viet Nam) Co.,Ltd","Load D1, Yen My II Industrial Park, Yen My Distric, Hung Yen",HUNG YEN,+842212479198,제조업,"https://www.google.com/maps/search/MING+SHIN+(Viet+Nam)+Co.,Ltd+HUNG+YEN+Vietnam",4.6,,
"MINH DAI Co.,Ltd","Yen Phong I.Z, Yen Phong, Bac Ninh",BAC NINH,+842223888180,제조업,"https://www.google.com/maps/search/MINH+DAI+Co.,Ltd+BAC+NINH+Vietnam",4.2,,
"MINJAE FASHION Co.,Ltd","Dong Van 1 I.Z, Dong Van, Duy TIen, Ha Nam",HA NAM,+842263583213,제조업,"https://www.google.com/maps/search/MINJAE+FASHION+Co.,Ltd+HA+NAM+Vietnam",4.4,,
MIR TECH COMPANY LIMITED,"262-264 Tran Hung Dao, An Hai Tay, Son Tra, Da Nang",DA NANG,,"숙박, 요식, 급식",https://www.google.com/maps/search/MIR+TECH+COMPANY+LIMITED+DA+NANG+Vietnam,4.1,,
"MIRAE AIR COND.PLANT VINA CO.,LTD","507#, 5F, Star Tower Bld, Plot D32, Duong Dinh Nghe, Cau Giay, Hanoi",HA NOI,+842437824796,건설 및 건설자재,"https://www.google.com/maps/search/MIRAE+AIR+COND.PLANT+VINA+CO.,LTD+HA+NOI+Vietnam",,,
"MIRAE CONSTRUCTION CO.,LTD","Tang T6, Toa nha TTC,pho Duy Tan, Dich Vong Hau, Cau Giay, Hanoi BRANCH: 3 Floor, No. 421 Pho Vu, Dai Phuc, Bac Ninh",HA NOI,+842432123351,건설 및 건설자재,"https://www.google.com/maps/search/MIRAE+CONSTRUCTION+CO.,LTD+HA+NOI+Vietnam",4.5,,
"MIRAE EIC VIETNAM CO.,LTD","Lot K-06, Que Vo Entension I.Z, Nam Son, Bac Ninh",BAC NINH,+842226251108,"전자, 전기 제조업","https://www.google.com/maps/search/MIRAE+EIC+VIETNAM+CO.,LTD+BAC+NINH+Vietnam",,,
MIRAE FIBER JSC,"Lieu Xa, Yen My, Hung Yen",HUNG YEN,+842213974170,"섬유, 의류, 봉제 제조",https://www.google.com/maps/search/MIRAE+FIBER+JSC+HUNG+YEN+Vietnam,4.2,,
MIRAE HIGHTECH VINA COMPANY LIMITED,"No. 17 Luong The Vinh, Ninh Xa, Bac Ninh",BAC NINH,+842222212899,"유통, 도소매, 무역",https://www.google.com/maps/search/MIRAE+HIGHTECH+VINA+COMPANY+LIMITED+BAC+NINH+Vietnam,4.6,,
MIRAE SOONGWON VINA COMPANY LIMITED,"KCN Yen Lap Town, Yen Lap, Yen Lap, Phu Tho",PHU THO,+842103621968,제조업,https://www.google.com/maps/search/MIRAE+SOONGWON+VINA+COMPANY+LIMITED+PHU+THO+Vietnam,,,
MIRAE VINA,"Nhà xưởng tầng 2, Lô CN11, Khu công nghiệp Nam Cầu Kiền, Xã Kiền Bái, Huyện Thuỷ Nguyên, Thành phố Hải Phòng, Việt Nam",HAI PHONG,,"전자, 전기 제조업",https://www.google.com/maps/search/MIRAE+VINA+HAI+PHONG+Vietnam,4.2,,
MIRAE VINA MACHINE ELECTRONIC LIMITED COMPANY,"Factory 2nd floor, Lot CN11, kcn Nam Cau Kien, Kien Bai, Thuy Nguyen, Hai Phong",HAI PHONG,+84968873265,제조업,https://www.google.com/maps/search/MIRAE+VINA+MACHINE+ELECTRONIC+LIMITED+COMPANY+HAI+PHONG+Vietnam,4.3,,
"MIRAE-BAC CO.,TLD","Lai Cach, Cam Giang, Hai Duong BRANCH: 35th Floor, Keangnam Landmark 72 Tower, Lot E6, Pham Hung, Cau Giay, Hanoi",HA NOI,+842203781008,건설 및 건설자재,"https://www.google.com/maps/search/MIRAE-BAC+CO.,TLD+HA+NOI+Vietnam",4.3,,
"MIRETECH VIET NAM CO., LTD","Factory Factory 12.2, Lot P., KCN Dong Van II, Duy Minh, Duy Tien, Ha Nam",HA NAM,+84904614754,"유통, 도소매, 무역","https://www.google.com/maps/search/MIRETECH+VIET+NAM+CO.,+LTD+HA+NAM+Vietnam",4.4,,
MIRINE,"SH08, Park 1, 458 Minh Khai, Hai Ba Trung, Hanoi",HA NOI,+842422198282,"숙박, 요식, 급식",https://www.google.com/maps/search/MIRINE+HA+NOI+Vietnam,4.3,,
"MISO CO.,LTD","Lot 11, Quang Minh I.Z, Quang Minh, Me Linh, Hanoi",HA NOI,+842466627968,제조업,"https://www.google.com/maps/search/MISO+CO.,LTD+HA+NOI+Vietnam",4.0,,
MISUMI VIETNAM,"Lot 15, Road TS11, Tien Son I.Z, Hoan Son, Bac Ninh",BAC NINH,+842223611555,"유통, 도소매, 무역",https://www.google.com/maps/search/MISUMI+VIETNAM+BAC+NINH+Vietnam,3.8,,
MIT CONSTRUCTION,"so 9 C2, khu do thi moi Yen Hoa, Cau Giay, Hanoi",HA NOI,+842437831501,건설 및 건설자재,https://www.google.com/maps/search/MIT+CONSTRUCTION+HA+NOI+Vietnam,4.4,,
"MIT FUSION EXPRESS Co.,Ltd","C2, khu do thi moi Yen Hoa, Cau Giay, Hanoi BRANCH: Tel : (0228) 355 5389",HA NOI,+842437831501,"물류, 운수, 여행업","https://www.google.com/maps/search/MIT+FUSION+EXPRESS+Co.,Ltd+HA+NOI+Vietnam",4.3,,
Mitsubishi Materials Trading Corp. Hanoi office,"2nd Floor DMC Building, 535 Kim Ma Street, Ngoc Khanh ward, Ba Dinh, Hanoi, Vietnam",HA NOI,+842466847978,"유통, 도소매, 무역",https://www.google.com/maps/search/Mitsubishi+Materials+Trading+Corp.+Hanoi+office+HA+NOI+Vietnam,4.2,,
"MIWON VIETNAM CO., LTD.","22 Pham Hung, Mai Dich, Cau Giay, Hanoi",HA NOI,+842437680216,제조업,"https://www.google.com/maps/search/MIWON+VIETNAM+CO.,+LTD.+HA+NOI+Vietnam",3.9,,
"MJ ART GROUP CO.,LTD","7th Floor, 50 Bach Dang, Hai Chau I, Hai Chau, Da Nang",DA NANG,+842363933340,"숙박, 요식, 급식","https://www.google.com/maps/search/MJ+ART+GROUP+CO.,LTD+DA+NANG+Vietnam",4.8,,
MK METAL VINA,"Lo CN-08, Khu Cong nghiep Van Trung, Xa Van Trung, Huyen Viet Yen, Tinh Bac Giang",BAC GIANG,+842043526061,제조업,https://www.google.com/maps/search/MK+METAL+VINA+BAC+GIANG+Vietnam,4.3,,
"MK NOAH VINA CO., LTD","Lô số 8, Cụm công nghiệp làng nghề Nam Thanh Ba, Xã Đỗ Sơn, Huyện Thanh Ba, Tỉnh Phú Thọ",PHU THO,+842103722788,제조업,"https://www.google.com/maps/search/MK+NOAH+VINA+CO.,+LTD+PHU+THO+Vietnam",4.2,,
MK TECH VINA COMPANY LIMITED,"Number LK1-31 Hoang Huy Pruska Town, Vinh Khe, An Dong, An Duong, Hai Phong",HAI PHONG,+842253515525,제조업,https://www.google.com/maps/search/MK+TECH+VINA+COMPANY+LIMITED+HAI+PHONG+Vietnam,4.3,,
"MMT VINA Co., Ltd.","Lô A1, KCN Đại Đồng - Hoàn Sơn, xã Hoàn Sơn, huyện Tiên Du, tỉnh Bắc Ninh",BAC NINH,+84904401382,제조업,"https://www.google.com/maps/search/MMT+VINA+Co.,+Ltd.+BAC+NINH+Vietnam",4.3,,
MNK VIETNAM,"Tang 16, Trung tam thuong mai Daeha, 360 Pho Kim Ma, Ngoc Khanh, Ba Dinh, Hanoi",HA NOI,+842437710021,건설 및 건설자재,https://www.google.com/maps/search/MNK+VIETNAM+HA+NOI+Vietnam,3.8,,
"MOBASE VIETNAM CO.,LTD","Yen Phong I.Z, Long Chau, Yen Phong, Bac Ninh",BAC NINH,+842223699171,"전자, 전기 제조업","https://www.google.com/maps/search/MOBASE+VIETNAM+CO.,LTD+BAC+NINH+Vietnam",4.3,,
"MODA CO.,LTD","No. 01 Bui Thi Xuan, An Hai Tay, Son Tra, Da Nang",DA NANG,,"유통, 도소매, 무역","https://www.google.com/maps/search/MODA+CO.,LTD+DA+NANG+Vietnam",4.6,,
MODERN SYSTEM VN,"1st Floor, Lot 102, Cat Tuong Thong Nhat Building, Le Thai To Street, Vo Cuong Ward, Bac Ninh City, Bac Ninh Province, Vietnam",BAC NINH,+84866717775,"통신, IT, SW",https://www.google.com/maps/search/MODERN+SYSTEM+VN+BAC+NINH+Vietnam,4.4,,
MODOO TECH,"Phòng 107+108, Khu nhà văn phòng Công ty TNHH Vận Tải Tiến Mạnh, Xã Bắc Sơn, Huyện An Dương, Thành Phố Hải Phòng",HAI PHONG,+84356526963,"환경, 설비, 기계",https://www.google.com/maps/search/MODOO+TECH+HAI+PHONG+Vietnam,4.0,,
MOLDPIA,"Quang Minh I.P, Hanoi",HA NOI,+842436448664,제조업,https://www.google.com/maps/search/MOLDPIA+HA+NOI+Vietnam,4.0,,
MOOLSO E&C,"Add 1 : Room 404, 4F, N03, T7 High-end APT Area in Diplomatic Corps, Xuan Tao, Bac Tu Liem, Hanoi Add 2 : Hoang Ngan, Trung Hoa, Cau Giay, Hanoi",HA NOI,+842462766855,건설 및 건설자재,https://www.google.com/maps/search/MOOLSO+E&C+HA+NOI+Vietnam,,,
"MOON CHANG VINA CO.,LTD","KCN Tam Thang, Quang Nam",QUANG NAM,+849354352950,"섬유, 의류, 봉제 제조","https://www.google.com/maps/search/MOON+CHANG+VINA+CO.,LTD+QUANG+NAM+Vietnam",4.3,,
MOTREX VIETNAM,"R606, 06th Floor, CMC Building, Duy Tan Str, Cau Giay, Hanoi, Vietnam",HA NOI,+842471078998,"전자, 전기 제조업",https://www.google.com/maps/search/MOTREX+VIETNAM+HA+NOI+Vietnam,4.6,,
"MPD VINA CO., LTD","KCN Dong Van II, Bach Thuong, Duy Tien, Ha Nam",HA NAM,+84987100765,"전자, 전기 제조업","https://www.google.com/maps/search/MPD+VINA+CO.,+LTD+HA+NAM+Vietnam",4.4,,
MR. DAKGALBI AEON MALL HAI PHONG,"Lot T110, at First Floor, AEONMALL Hai Phong Shopping Center, Ho Sen - Cau Rao 2, Vinh Niem, Le Chan, Hai Phong",HAI PHONG,+84866042923,"숙박, 요식, 급식",https://www.google.com/maps/search/MR.+DAKGALBI+AEON+MALL+HAI+PHONG+HAI+PHONG+Vietnam,4.0,,
MR.MONKEY TOOL VIET NAM COMPANY LIMITED,"Zone B, KCN Song Cong, Bach Quang, Song Cong, Thai Nguyen",THAI NGUYEN,+849498862620,제조업,https://www.google.com/maps/search/MR.MONKEY+TOOL+VIET+NAM+COMPANY+LIMITED+THAI+NGUYEN+Vietnam,4.4,,
"MRO TRADE & SERVICE Co.,Ltd","So 21 D4, To Dan Pho So 5, Phuc La, Ha Dong, Hanoi",HA NOI,+842439995988,"환경, 설비, 기계","https://www.google.com/maps/search/MRO+TRADE+&+SERVICE+Co.,Ltd+HA+NOI+Vietnam",4.4,,
"MRP VINA CO.,LTD","Lot D1-D2 KCN Dinh Tram, Nenh Town, Viet Yen District, Bac Giang Province",BAC GIANG,+842043866498,"전자, 전기 제조업","https://www.google.com/maps/search/MRP+VINA+CO.,LTD+BAC+GIANG+Vietnam",4.1,,
"MS COSMO CO.,LTD.","Ngoc Lich Village, Trung Trac Ward, Van Lam District, Hung Yen Province",HUNG YEN,+842213997698,제조업,"https://www.google.com/maps/search/MS+COSMO+CO.,LTD.+HUNG+YEN+Vietnam",4.5,,
"MSA VN CO.,LTD","Lo A2 CN1, Cum Cong nghiep tap trung vua va nho Tu Liem, Minh Khai, Bac Tu Liem, Hanoi",HA NOI,+842437688470,"섬유, 의류, 봉제 제조","https://www.google.com/maps/search/MSA+VN+CO.,LTD+HA+NOI+Vietnam",4.4,,
"MSA YB Co.,Ltd.","Residential Coimmunity No.4, Doi Can ward, Tuyen Quang city, Tuyen Quang province, VN",TUYEN QUANG,+84913276583,"섬유, 의류, 봉제 제조","https://www.google.com/maps/search/MSA+YB+Co.,Ltd.+TUYEN+QUANG+Vietnam",,,
"MSK VINA CO.,LTD","Tan Quang, Van Lam, Hung Yen",HUNG YEN,+842213791909,"섬유, 의류, 봉제 제조","https://www.google.com/maps/search/MSK+VINA+CO.,LTD+HUNG+YEN+Vietnam",4.8,,
MTL VIETNAM COMPANY LIMITED,"4th Floor, The Nine Tower, No.9, Pham Van Dong Street, Mai Dich Ward, Cau Giay District, Hanoi, Vietnam BRANCH: Add 3 : 20A Le Hong Phong, Ngo Quyen, Hai Phong",HA NOI,+842438390777,"물류, 운수, 여행업",https://www.google.com/maps/search/MTL+VIETNAM+COMPANY+LIMITED+HA+NOI+Vietnam,,,
MTV DAMOA VINA COMPANY LIMITED,"2nd floor, no 30 building, Ly Thai To, Ninh Xa, Bac Ninh",BAC NINH,+84988818045,"오락, 문화, 전시, 체육",https://www.google.com/maps/search/MTV+DAMOA+VINA+COMPANY+LIMITED+BAC+NINH+Vietnam,4.1,,
MTV SUNNY BREAD CAFE COMPANY LIMITED,"192 Chau Thi Vinh Te, My An, Ngu Hanh Son, Da Nang",DA NANG,+843467103930,"숙박, 요식, 급식",https://www.google.com/maps/search/MTV+SUNNY+BREAD+CAFE+COMPANY+LIMITED+DA+NANG+Vietnam,4.1,,
MXN VINA COMPANY LIMITED,"Ap Don, Yen Trung, Yen Phong, Bac Ninh",BAC NINH,+84902081991,"환경, 설비, 기계",https://www.google.com/maps/search/MXN+VINA+COMPANY+LIMITED+BAC+NINH+Vietnam,4.5,,
MYDA CONSTRUCTION,"VP4 Tower, Floor 23-14, Linh Dm Semi Island, Hoang Mai, Hanoi",HA NOI,+842263883118,건설 및 건설자재,https://www.google.com/maps/search/MYDA+CONSTRUCTION+HA+NOI+Vietnam,4.4,,
MYEONGSUNG VINA COMPANY LIMITED,"Part of lot CN04, KCN Phu Gia, Phu Nham, Phu Ninh, Phu Tho",PHU THO,+842103816666,"전자, 전기 제조업",https://www.google.com/maps/search/MYEONGSUNG+VINA+COMPANY+LIMITED+PHU+THO+Vietnam,4.0,,
MYONGSHIN TECH VINA,"Plot #XN3-1D, Dai An Extension, Lai Cach Town, Cam Giang District, Hai Duong",HAI DUONG,+842203555511,제조업,https://www.google.com/maps/search/MYONGSHIN+TECH+VINA+HAI+DUONG+Vietnam,4.3,,
"MYOSUNG TRADING CO.,LTD","Room 203, 2nd Floor, 285 Doi Can, Ba Dinh, Hanoi BRANCH: Tel : (0225) 361 4219 Fax : (0225) 361 4220",HA NOI,+842432115751,"물류, 운수, 여행업","https://www.google.com/maps/search/MYOSUNG+TRADING+CO.,LTD+HA+NOI+Vietnam",4.3,,
"MYUNGBO VINA CO.,LTD","Lot B7, Song Khe I.Z, Noi Hoang, Bac Giang",BAC GIANG,+842043528195,"전자, 전기 제조업","https://www.google.com/maps/search/MYUNGBO+VINA+CO.,LTD+BAC+GIANG+Vietnam",4.4,,
MYUNGJIN ELECTRONIC VINA,"Lot CN8-4, Diem Thuy IZ, Phu Binh, Thai Nguyen",THAI NGUYEN,+842083931617,"전자, 전기 제조업",https://www.google.com/maps/search/MYUNGJIN+ELECTRONIC+VINA+THAI+NGUYEN+Vietnam,4.7,,
"MYUNGSUNG HA NOI CO., LTD","Lot CN-04, KCN Dong Van IV, Dai Cuong, Kim Bang, Ha Nam",HA NAM,+842263967013,"전자, 전기 제조업","https://www.google.com/maps/search/MYUNGSUNG+HA+NOI+CO.,+LTD+HA+NAM+Vietnam",4.5,,
N.A.C.F.(National Agricultural Cooperative Federation),"1719 WEST BUILDING, LOTTE CENTER",HA NOI,+842433336079,"유통, 도소매, 무역",https://www.google.com/maps/search/N.A.C.F.(National+Agricultural+Cooperative+Federation)+HA+NOI+Vietnam,,,
"N.I.VINA CO.,LTD","No 4-BT3, Trung Van, Nam Tu Liem, Hanoi",HA NOI,+842432123727,"환경, 설비, 기계","https://www.google.com/maps/search/N.I.VINA+CO.,LTD+HA+NOI+Vietnam",4.4,,
NAGASE VIETNAM,"Unit 12.03, CornerStone building, No. 16 Phan Chu Trinh, Hoan Kiem, Hanoi",HA NOI,+842439264126,"유통, 도소매, 무역",https://www.google.com/maps/search/NAGASE+VIETNAM+HA+NOI+Vietnam,4.4,,
"NAKWON CO.,LTD","55 Do Quang, Trung Hoa, Cau GIay, Hanoi",HA NOI,+842435558138,"숙박, 요식, 급식","https://www.google.com/maps/search/NAKWON+CO.,LTD+HA+NOI+Vietnam",4.7,,
NAM A BANK,So 503 KIM MA NGOC KHANH BA DINH HA NOI,HA NOI,+84972948955,"금융, 보험",https://www.google.com/maps/search/NAM+A+BANK+HA+NOI+Vietnam,4.0,,
Nam Binh Xuyen Green Park,"14th floor, Capital Place Tower, No29 Lieu Giai Street, Ngoc Khanh Ward, Ba Dinh District, Ha Noi city",VINH PHUC,+842466888800,부동산개발.임대,https://www.google.com/maps/search/Nam+Binh+Xuyen+Green+Park+VINH+PHUC+Vietnam,4.2,,
"NAM KANG PHU THO Co.,Ltd","Lot 4, Thuy Van I.P, Thuy Van, Viet Tri, Phu Tho",PHU THO,+842103955815,제조업,"https://www.google.com/maps/search/NAM+KANG+PHU+THO+Co.,Ltd+PHU+THO+Vietnam",4.3,,
"NAM LEE Co.,Ltd","Phu Thai, Kim Thanh, Hai Duong",HAI DUONG,+842203560971,제조업,"https://www.google.com/maps/search/NAM+LEE+Co.,Ltd+HAI+DUONG+Vietnam",4.3,,
"NAM SUNG VINA CO.,LTD","Thap-Hong-Ky I.C, Dien Hong, Dien Chau, Nghe An",NGHE AN,+842383621560,"섬유, 의류, 봉제 제조","https://www.google.com/maps/search/NAM+SUNG+VINA+CO.,LTD+NGHE+AN+Vietnam",,,
Nam Yang Global,"20F, Vinaconex 9 Tower, Hh2-2, Pham Hung, Me Tri, Hanoi",HA NOI,+842437946118,"물류, 운수, 여행업",https://www.google.com/maps/search/Nam+Yang+Global+HA+NOI+Vietnam,4.1,,
Nami Energy,"009 Dang Duc Thuat, My Kim 1 Quarter, Tan Phong Ward, District 7, Ho Chi Minh City, Vietnam",HO CHI MINH,+842822005300,"환경, 설비, 기계",https://www.google.com/maps/search/Nami+Energy+HO+CHI+MINH+Vietnam,,,
NAMUGA,"Lot B9, Thuy Van I.Z, Viet Tri, Phu Tho",PHU THO,+842103686678,제조업,https://www.google.com/maps/search/NAMUGA+PHU+THO+Vietnam,4.5,,
"NAMYANG INNOTECH VINA CO.,LTD","Tien Son I.Z, Tan Hong, Tu Son, Bac Ninh",BAC NINH,+842223764661,제조업,"https://www.google.com/maps/search/NAMYANG+INNOTECH+VINA+CO.,LTD+BAC+NINH+Vietnam",4.1,,
NAMYANG NEXMO VIETNAM,"Synthetic assembly plant, Vinfast automobile production complex, Dinh Vu Cat Hai economic zone, Cat Hai island, Cat Hai, Hai Phong",HAI PHONG,+84314701721,제조업,https://www.google.com/maps/search/NAMYANG+NEXMO+VIETNAM+HAI+PHONG+Vietnam,4.5,,
"NANO CHEM TECH VIETNAM CO.,LTD","Yen Phong I.Z, Long Chau, Yen Phong, Bac Ninh",BAC NINH,+842223699525,제조업,"https://www.google.com/maps/search/NANO+CHEM+TECH+VIETNAM+CO.,LTD+BAC+NINH+Vietnam",4.4,,
"NANO TECH CO,.LTD","Que Vo IP, Van Duong, Bac Ninh",BAC NINH,+842223634730,"전자, 전기 제조업","https://www.google.com/maps/search/NANO+TECH+CO,.LTD+BAC+NINH+Vietnam",4.1,,
"NANO TECH CO.,LTD","KCN Quế Võ, Phường Vân Dương, TP Bắc Ninh, Tỉnh Bắc Ninh, Vietnam",BAC NINH,+842223634730,제조업,"https://www.google.com/maps/search/NANO+TECH+CO.,LTD+BAC+NINH+Vietnam",3.8,,
NANO TECH VINA,"04 Plot, Ba Thien I.P, Ba Hien, Binh Xuyen, VINH PHUC",VINH PHUC,+842113887272,"전자, 전기 제조업",https://www.google.com/maps/search/NANO+TECH+VINA+VINH+PHUC+Vietnam,4.1,,
"NANOSYS VINA CO.,LTD","Que Vo I.Z (expanded area), Phuong Lieu, Que Vo, Bac Ninh",BAC NINH,+842223952280,"전자, 전기 제조업","https://www.google.com/maps/search/NANOSYS+VINA+CO.,LTD+BAC+NINH+Vietnam",4.3,,
"NATIONAL STATE INDUSTRIES VINA.,LTD","Phu Lao Village, Kim Binh Commune, Phu Ly City, Ha Nam",HA NAM,+84343591662,"전자, 전기 제조업","https://www.google.com/maps/search/NATIONAL+STATE+INDUSTRIES+VINA.,LTD+HA+NAM+Vietnam",4.6,,
"NAUS VINA CO., LTD","Lot F9, D5 and N5 streets, KCN Chau Son, Chau Son, Phu Ly, Ha Nam",HA NAM,+842262211235,제조업,"https://www.google.com/maps/search/NAUS+VINA+CO.,+LTD+HA+NAM+Vietnam",3.8,,
"NAWOO PRECISION ELECTRONCIS CO., LTD","Floor 20th, Vinaconex Building 9, lot HH2-2 Pham Hung, Me Tri, Nam Tu Liem, Hanoi",HA NOI,,"전자, 전기 제조업","https://www.google.com/maps/search/NAWOO+PRECISION+ELECTRONCIS+CO.,+LTD+HA+NOI+Vietnam",4.7,,
"NAWOO VIET NAM CO.,LTD","Lien Ke Zone, Que Vo IZ, Phuong Lieu, Que Vo, Bac Ninh",BAC NINH,+84987806854,기타,"https://www.google.com/maps/search/NAWOO+VIET+NAM+CO.,LTD+BAC+NINH+Vietnam",4.2,,
NBK VN,"KCN ĐỒNG VĂN 2, PHƯỜNG DUY MINH, THỊ XÃ DUY TIÊN, TỈNH HA NAM",HA NAM,+842263582536,제조업,https://www.google.com/maps/search/NBK+VN+HA+NAM+Vietnam,4.5,,
NC TECH VINA COMPANY LIMITED,"Part of Factory 3, Lot I-1, KCN Trang Due, Dinh Vu - Cat Hai Economic Zone, Hong Phong, An Duong, Hai Phong",HAI PHONG,+84966642608,제조업,https://www.google.com/maps/search/NC+TECH+VINA+COMPANY+LIMITED+HAI+PHONG+Vietnam,3.9,,
"NCC VINA CO.,LTD","Lot B1, Song Khe I.Z, Noi Hoang, Bac Giang",BAC GIANG,+842043528991,"전자, 전기 제조업","https://www.google.com/maps/search/NCC+VINA+CO.,LTD+BAC+GIANG+Vietnam",4.1,,
NDTC & PARTNERS,"Unit 2, 1st Floor, International Centre, 17 Ngo Quyen, Hoan Kiem, Hanoi",HA NOI,+842439388628,법무.회계.투자자문,https://www.google.com/maps/search/NDTC+&+PARTNERS+HA+NOI+Vietnam,4.1,,
NE,"Tu Dong, Ly Thuong Kiet, Yen My, Hung Yen",HUNG YEN,+842213961768,"전자, 전기 제조업",https://www.google.com/maps/search/NE+HUNG+YEN+Vietnam,4.3,,
NEDEC VN,"Lo CN01-03, Binh Xuyen 2 I.Z, Binh Xuyen, VINH PHUC",VINH PHUC,+842113593101,"환경, 설비, 기계",https://www.google.com/maps/search/NEDEC+VN+VINH+PHUC+Vietnam,4.2,,
"NEO GLOBAL DEVELOPMENT COMPANY LIMITED (NEO CO., LTD)","Lot CN-08, KCN Dong Van IV, Nhat Tuu, Kim Bang, Ha Nam",HA NAM,+84913326800,건설 및 건설자재,"https://www.google.com/maps/search/NEO+GLOBAL+DEVELOPMENT+COMPANY+LIMITED+(NEO+CO.,+LTD)+HA+NAM+Vietnam",4.5,,
"NETWORK CABLE VIETNAM CO.,LTD","35 Cu Loc, Km6 Nguyen Trai, Thanh Xuan, Hanoi",HA NOI,+842435589664,제조업,"https://www.google.com/maps/search/NETWORK+CABLE+VIETNAM+CO.,LTD+HA+NOI+Vietnam",4.5,,
New Green World,"Floor 2nd Lot No. CK1-11 Handicraft Ponit of van phuc Silk Weaving Village, Ha Dong",HA NOI,+842473099917,건설 및 건설자재,https://www.google.com/maps/search/New+Green+World+HA+NOI+Vietnam,4.4,,
"NEW WAY LOGISTIC CO.,LTD","#804, 8F, Sannam Bld, Dich Vong Hau, Cau Giay, Hanoi BRANCH: Website : www.maxpeed.com.vn / www.maxpeed.co.kr",HA NOI,+842437957575,"물류, 운수, 여행업","https://www.google.com/maps/search/NEW+WAY+LOGISTIC+CO.,LTD+HA+NOI+Vietnam",4.3,,
"NEWFLEX TECHNOLOGY VINA CO.,LTD","Lot A7, Ba Thien 2 I.Z, Thien Ke, Binh Xuyen, VINH PHUC",VINH PHUC,+842113885660,"전자, 전기 제조업","https://www.google.com/maps/search/NEWFLEX+TECHNOLOGY+VINA+CO.,LTD+VINH+PHUC+Vietnam",4.3,,
NEWLAND DISCOVERY TRAVEL,"10th floor, Viwaseen Building, 48 To Huu, Nam Tu Liem, Hanoi BRANCH: 직원수 : 한국인 3명, 베트남인 120명",HA NOI,+842436673337,"물류, 운수, 여행업",https://www.google.com/maps/search/NEWLAND+DISCOVERY+TRAVEL+HA+NOI+Vietnam,4.6,,
NEWONE TECH,"Lot CN4, Diem Thuy IZ, Phu Binh, Thai Nguyen",THAI NGUYEN,+842083931584,"전자, 전기 제조업",https://www.google.com/maps/search/NEWONE+TECH+THAI+NGUYEN+Vietnam,3.9,,
Nexcon Vina,"Dong Tho Industrial Complex, Dong Tho Ward, Yen Phong District, Bac Ninh Province",BAC NINH,+842223891691,"전자, 전기 제조업",https://www.google.com/maps/search/Nexcon+Vina+BAC+NINH+Vietnam,4.2,,
"NEXIA STT CO., LTD","19th Floor, C’Land Tower, 156 Xa Dan II, Dong Da District, Hanoi, Vietnam",HA NOI,+842439350990,법무.회계.투자자문,"https://www.google.com/maps/search/NEXIA+STT+CO.,+LTD+HA+NOI+Vietnam",4.6,,
NEXITRANS VN,"SỐ 157 LÔ 7C LÊ HỒNG PHONG, PHƯỜNG ĐÔNG KHÊ, QUẬN NGÔ QUYỀN, TP HAI PHONG, VIỆT NAM BRANCH: 임직원",HAI PHONG,+842257303033,"물류, 운수, 여행업",https://www.google.com/maps/search/NEXITRANS+VN+HAI+PHONG+Vietnam,4.5,,
NEXSTAR VINA COMPANY LIMITED,"Lot CN - 09, KCN Phu Ha, Ha Thach, Phu Tho",PHU THO,+842103820198,"전자, 전기 제조업",https://www.google.com/maps/search/NEXSTAR+VINA+COMPANY+LIMITED+PHU+THO+Vietnam,4.2,,
"NEXTEC VINA CO.,LTD","Lot 06, Khac Niem I.Z, Khac Niem, Bac Ninh",BAC NINH,,"전자, 전기 제조업","https://www.google.com/maps/search/NEXTEC+VINA+CO.,LTD+BAC+NINH+Vietnam",4.5,,
"NEXTPLUS VINA CO.,LTD","Ngoc Lang, Ngoc Lam, My Hao, Hung Yen",HUNG YEN,+842213949900,제조업,"https://www.google.com/maps/search/NEXTPLUS+VINA+CO.,LTD+HUNG+YEN+Vietnam",4.7,,
NEXTWAY VIETNAM,"Ngan Cau, Tt. Cho, Yen Phong, Bac Ninh",BAC NINH,+842223891265,"유통, 도소매, 무역",https://www.google.com/maps/search/NEXTWAY+VIETNAM+BAC+NINH+Vietnam,4.5,,
NEXUS TECHNOLOGIES & CABLE COMPANY LIMITED,"278 Nguyen Hue, Pho Moi, Lao Cai",LAO CAI,+84978398334,"전자, 전기 제조업",https://www.google.com/maps/search/NEXUS+TECHNOLOGIES+&+CABLE+COMPANY+LIMITED+LAO+CAI+Vietnam,4.8,,
NFT FLEX KOVI COMPANY LIMITED,"KCN Yen Phong, Long Chau, Yen Phong, Bac Ninh",BAC NINH,+84356591428,"전자, 전기 제조업",https://www.google.com/maps/search/NFT+FLEX+KOVI+COMPANY+LIMITED+BAC+NINH+Vietnam,4.1,,
"NGAN HA CO.,LTD",Hung Yen성 Hung Yen시 Yen My동 Ngoc Long,HUNG YEN,+842213997570,제조업,"https://www.google.com/maps/search/NGAN+HA+CO.,LTD+HUNG+YEN+Vietnam",4.1,,
N-GROUP COMPANY LIMITED,"No 6 Le Thai To, Bo Son, Vo Cuong, Bac Ninh",BAC NINH,+842226288819,"유통, 도소매, 무역",https://www.google.com/maps/search/N-GROUP+COMPANY+LIMITED+BAC+NINH+Vietnam,4.4,,
Nguyen Gia Tourist and Aviation services JSC.,"No21 , Alley 49 Van Bao Street, Ba Dinh District , Hanoi BRANCH: 이봉석 주재 대표 / STEVE. LEE Representative",HA NOI,+842437736568,"물류, 운수, 여행업",https://www.google.com/maps/search/Nguyen+Gia+Tourist+and+Aviation+services+JSC.+HA+NOI+Vietnam,4.1,,
NH SECURITIES VIETNAM,"(Headquarter) 9F, East Tower, Lotte Center Hanoi, 54 Lieu Giai, Ba Dinh, Hanoi",HA NOI,+8419001055,"금융, 보험",https://www.google.com/maps/search/NH+SECURITIES+VIETNAM+HA+NOI+Vietnam,4.2,,
"NH Trading Co., Ltd.","P1103, Daeha business center, 360 Kim Ma, Ngoc Khanh, Ba Dinh, Hanoi, Vietnam",HA NOI,+842438230014,"유통, 도소매, 무역","https://www.google.com/maps/search/NH+Trading+Co.,+Ltd.+HA+NOI+Vietnam",4.6,,
NHA HANG GA TAN SAM,"Ngo 109, B44, Nguyen Thi dinh, Trung Hoa, Cau Giay, Hanoi",HA NOI,,"숙박, 요식, 급식",https://www.google.com/maps/search/NHA+HANG+GA+TAN+SAM+HA+NOI+Vietnam,3.9,,
Nhà hàng Hạnh phúc,"Kiot 9B, Số 122, CT4, KĐT Mỹ Đình Sông Đà, P. Mễ Trì, Q. Nam Từ Liêm, Hà Nội",HA NOI,+849327802210,"숙박, 요식, 급식",https://www.google.com/maps/search/Nhà+hàng+Hạnh+phúc+HA+NOI+Vietnam,,,
NHAN DUYEN,"중화점 : So 24, Nguyen Thi Dinh, Trung Hoa, Cau Giay, Hanoi 미딩점 : Lo 103, TT3, KDT My Dinh, Nam Tu Liem Hanoi",HA NOI,+842435558631,"숙박, 요식, 급식",https://www.google.com/maps/search/NHAN+DUYEN+HA+NOI+Vietnam,,,
NHAT LAM SERVICES & TRADING JSC,"Room 906, Building A1, Nguyen Co Thach, My Dinh 1, Nam Tu Liem, Hanoi",HA NOI,+842422213624,"숙박, 요식, 급식",https://www.google.com/maps/search/NHAT+LAM+SERVICES+&+TRADING+JSC+HA+NOI+Vietnam,4.1,,
"NHAT LO PHAT 168 CO.,LTD","25-T1, Trung Hoa, Cau Giay, Hanoi",HA NOI,+842437761688,기타,"https://www.google.com/maps/search/NHAT+LO+PHAT+168+CO.,LTD+HA+NOI+Vietnam",4.3,,
"NHAT TAN PRODUCTION, TRADING & SERVICE CO.,LTD","Noi Thuong Collective, Duong Xa, Gia Lam, Hanoi",HA NOI,+842436789079,"섬유, 의류, 봉제 제조","https://www.google.com/maps/search/NHAT+TAN+PRODUCTION,+TRADING+&+SERVICE+CO.,LTD+HA+NOI+Vietnam",4.2,,
"NHC INTERNATIONAL CO.,LTD","Tầng 9, toà nhà Intracom, số 82 Dịch Vọng Hậu, phường Dịch Vọng Hậu, quận Cầu Giấy, Hà Nội",HA NOI,+842437835607,법무.회계.투자자문,"https://www.google.com/maps/search/NHC+INTERNATIONAL+CO.,LTD+HA+NOI+Vietnam",,,
NICE Info Vietnam,"#8002, 8F, West Tower, Lotte Center Hanoi, Lieu Giai, Cong Vi, Ba Dinh, Hanoi",HA NOI,+842432444683,"대표사무소, 지사",https://www.google.com/maps/search/NICE+Info+Vietnam+HA+NOI+Vietnam,,,
"NICE LMS VINA CO.,LTD","Land lot XN3-1E1, XN3-1G, XN3-1F, Expanded Dai An Industrial Zone, Lai Cach town, Cam Giang district, Hai Duong",HAI DUONG,+84396927256,제조업,"https://www.google.com/maps/search/NICE+LMS+VINA+CO.,LTD+HAI+DUONG+Vietnam",4.3,,
NIFLEX VINA,"KCN Quế Võ(KV mở rộng), Xã Phương Liễu, Huyện Quế Võ, Tỉnh Bắc Ninh",BAC NINH,+842223952421,"전자, 전기 제조업",https://www.google.com/maps/search/NIFLEX+VINA+BAC+NINH+Vietnam,4.0,,
"NISHIO RENT ALL VIETNAM CO.,LTD","Ha Noi Office: Thach That – Quoc Oai Industrial Zone, Km 18 Thang Long Boulevard, Quoc Oai, Hanoi, Vietnam. HO CHI MINH Office: Room 208, Floor 2, Lot T5-2 and lot T6 Road D11B, High Technology Zone, Tang Nhon Phu B Ward, Thu Duc City, Ho Chi Minh City, Vietnam. Branches: Hai Phong, Da Nang, Quang Nam, Vung Tau. BRANCH: Ha Noi Warehouse: Thach That – Quoc Oai Industrial Zone, Km 18 Thang Long Boulevard, Quoc Oai, Hanoi, Vietnam. Ho Chi Minh Equipment Center: No.990, Ha Noi Highway, Quarter 2, Binh Da ward, Bien Hoa City, Dong Nai, Vietnam.",HA NOI,+842433940471,기타,"https://www.google.com/maps/search/NISHIO+RENT+ALL+VIETNAM+CO.,LTD+HA+NOI+Vietnam",4.7,,
"NISSIN VIETNAM INTERNATIONAL CO.,LTD","3F, 42 Sai Dong, Long Bien, Hanoi",HA NOI,+842438766333,"유통, 도소매, 무역","https://www.google.com/maps/search/NISSIN+VIETNAM+INTERNATIONAL+CO.,LTD+HA+NOI+Vietnam",,,
Nitto Denko Tape Materials (Vietnam) Co Ltd,"No. 3606608, 36th Floor, Keangnam Landmark 72, Pham Hung Street, Me Tri Committee, Nam Tu Liem District, Hanoi",HA NOI,+842743757986,제조업,https://www.google.com/maps/search/Nitto+Denko+Tape+Materials+(Vietnam)+Co+Ltd+HA+NOI+Vietnam,4.7,,
"NITTO VIETNAM CO.,LTD","RBF Block, No.105 Huu Nghi, VSIP Bac Ninh, Phu Chan, Tu Son, Bac Ninh",BAC NINH,+842223765260,제조업,"https://www.google.com/maps/search/NITTO+VIETNAM+CO.,LTD+BAC+NINH+Vietnam",4.3,,
NOBLE MOMENT CAFE,"232(A51) Hoang Ngan, Trung Hoa, Cau Giay, Hanoi",HA NOI,+842466865935,"유통, 도소매, 무역",https://www.google.com/maps/search/NOBLE+MOMENT+CAFE+HA+NOI+Vietnam,4.1,,
NODA VIETNAM,"No27, Lot N-1A, Thang Long I.P, Dong Anh, Hanoi",HA NOI,+842439590240,제조업,https://www.google.com/maps/search/NODA+VIETNAM+HA+NOI+Vietnam,,,
NOLBU BULGOGI,"170 Duong Dinh Nghe, An Hai Bac, Son Tra, Da Nang",DA NANG,+84335348390,"숙박, 요식, 급식",https://www.google.com/maps/search/NOLBU+BULGOGI+DA+NANG+Vietnam,4.6,,
NONG SAN JW COMPANY LIMITED,"Lot h2, Phuc Phuc Industrial Complex, Phuc Ung Commune, Son Duong District, Tuyen Quang Province",TUYEN QUANG,+84334500908,제조업,https://www.google.com/maps/search/NONG+SAN+JW+COMPANY+LIMITED+TUYEN+QUANG+Vietnam,4.6,,
NON-STOP EXPRESS INT’L INC.,"So 24 Lo 12A Trung Yen 10, Trung Hoa, Cau Giay, Hanoi BRANCH: Mobile : 097 628 5184",HA NOI,+842437836442,"물류, 운수, 여행업",https://www.google.com/maps/search/NON-STOP+EXPRESS+INT’L+INC.+HA+NOI+Vietnam,4.5,,
NORFOLK HATEXCO,"Dong Van Industrial Zone, Duy Tien District, Hanam Province ​",HA NOI,+84226384566,"섬유, 의류, 봉제 제조",https://www.google.com/maps/search/NORFOLK+HATEXCO+HA+NOI+Vietnam,4.3,,
NOROO-NANPAO PAINTS & COATINGS VIETNAM,"2nd Floor, Sudico Building, My Dinh, Me Tri, Nam Tu Liem, Hanoi BRANCH: Lot 3, 7b, Nhon Trach II I.Z, Nhontrach, Dong Nai",HA NOI,+842466597799,제조업,https://www.google.com/maps/search/NOROO-NANPAO+PAINTS+&+COATINGS+VIETNAM+HA+NOI+Vietnam,5.0,,
NOVA VISION KOREA,"2F, Trung Yen Tower, Trung Yen, Cau Giay, Hanoi",HA NOI,+84243836551,법무.회계.투자자문,https://www.google.com/maps/search/NOVA+VISION+KOREA+HA+NOI+Vietnam,4.6,,
"NOVATECH VINA Co.,Ltd","Lo CN1-3, Khu cong nghiep, Que Vo 3, Viet Hung, Que Vo, Bac Ninh",BAC NINH,,제조업,"https://www.google.com/maps/search/NOVATECH+VINA+Co.,Ltd+BAC+NINH+Vietnam",4.4,,
NOVOTEL SUITES HA NOI,"Novotel Hanoi Thai Ha - 2 Thai Ha, Dong Da, Hanoi BRANCH: Novotel Suites Hanoi - 5 Duy Tan, Cau Giay, Hanoi",HA NOI,+842435766666,"숙박, 요식, 급식",https://www.google.com/maps/search/NOVOTEL+SUITES+HA+NOI+HA+NOI+Vietnam,4.2,,
"NPC VINA CO., LTD","Office: P1 TM2, My Dinh Pearl, No.1 Chau Van Liem Street, Phu Do Ward, Nam Tu Liem Distrist, Ha Noi Factory 1: No. 1 VSIP II-A, No. 28, VSIP II A IP, Vinh Tan ward, Tan Uyen, Binh Duong Factory 2: Loy No.30 Road D.02, Chau Duc Industrial Park, Quang Tay Hamlet Nghia Thanh Commune, Chau Duc Distrct, Ba Ria-Vung Tau",HA NOI,+84963787774,제조업,"https://www.google.com/maps/search/NPC+VINA+CO.,+LTD+HA+NOI+Vietnam",4.2,,
NPD VINA,"Lot CN9, Diem Thuy I.Z, Hong Tien, Pho Yen, Thai Nguyen",THAI NGUYEN,+842083931550,"전자, 전기 제조업",https://www.google.com/maps/search/NPD+VINA+THAI+NGUYEN+Vietnam,4.5,,
NPI VIETNAM,"Hoa Mac I.Z, Hoa Mac, Ha Nam",HA NAM,+842263555007,"전자, 전기 제조업",https://www.google.com/maps/search/NPI+VIETNAM+HA+NAM+Vietnam,4.1,,
NRG&C NARET ELECTRONIC,"Trai Trang, Yen My town, Yen My, Hung Yen",HUNG YEN,+842213961768,"전자, 전기 제조업",https://www.google.com/maps/search/NRG&C+NARET+ELECTRONIC+HUNG+YEN+Vietnam,,,
NS BLUESCOPE VIETNAM,"9th Floor, Vincom Center, 72 Le Thanh Ton, Dist.1, HO CHI MINH",HO CHI MINH,+84367990320,제조업,https://www.google.com/maps/search/NS+BLUESCOPE+VIETNAM+HO+CHI+MINH+Vietnam,4.3,,
"NS TECH VINA CO.,LTD","Binh Xuyen I.P, Huong Canh, Binh Xuyen, VINH PHUC",VINH PHUC,+842113593767,"전자, 전기 제조업","https://www.google.com/maps/search/NS+TECH+VINA+CO.,LTD+VINH+PHUC+Vietnam",,,
"NSM HV CO., LTD","Lot CN5, Hop Thinh I.C, Hop Thinh, Hiep Hoa, Bac Giang",BAC GIANG,+842042484000,"전자, 전기 제조업","https://www.google.com/maps/search/NSM+HV+CO.,+LTD+BAC+GIANG+Vietnam",4.5,,
NSM TECH HAI PHONG COMPANY LIMITED,"Factory Lot Q-7, Lot Q KCN Trang Due, Dinh Vu - Cat Hai Economic Zone, An Hoa, An Duong, Hai Phong",HAI PHONG,+842253511168,"전자, 전기 제조업",https://www.google.com/maps/search/NSM+TECH+HAI+PHONG+COMPANY+LIMITED+HAI+PHONG+Vietnam,4.4,,
"NST D&C CO.,LTD","4F, AP Tower - No.58 Tran Thai Tong, Dich Vong, Cau Giay, Hanoi",HA NOI,+842437955939,건설 및 건설자재,"https://www.google.com/maps/search/NST+D&C+CO.,LTD+HA+NOI+Vietnam",4.3,,
"NSTA VINA CO.,LTD","Que Vo Extension I.Z, Phuong Lieu, Que Vo, Bac Ninh",BAC NINH,+842223952440,"전자, 전기 제조업","https://www.google.com/maps/search/NSTA+VINA+CO.,LTD+BAC+NINH+Vietnam",4.6,,
"NSTECH VINA CO.,LTD","KCN Binh Xuyen, Thi tran Huong Canh, Binh Xuyen, VINH PHUC",VINH PHUC,+842113593767,제조업,"https://www.google.com/maps/search/NSTECH+VINA+CO.,LTD+VINH+PHUC+Vietnam",4.4,,
NTP-TECH JOINT STOCK COMPANY,"Số 5 Khu đô thị Mễ Trì Hạ, Đường Mễ Trì Hạ, Phường Mễ Trì, Quận Nam Từ Liêm, Thành phố Hà Nội, Việt Nam.",HA NOI,+84976139348,"유통, 도소매, 무역",https://www.google.com/maps/search/NTP-TECH+JOINT+STOCK+COMPANY+HA+NOI+Vietnam,4.1,,
NTS,"20th floor Charmvit Tower 117 Đ. Trần Duy Hưng, Trung Hoà, Cầu Giấy, Hà Nội",HA NOI,+84367583870,기타,https://www.google.com/maps/search/NTS+HA+NOI+Vietnam,4.3,,
NTS VINA,"Binh Xuyen I.Z, Binh Xuyen, VINH PHUC",VINH PHUC,+842112222288,제조업,https://www.google.com/maps/search/NTS+VINA+VINH+PHUC+Vietnam,4.3,,
NUBICOM VINA,"Unit 307, 3rd Floor, MB Bac Ninh Building, No 24, Ly Thai To Street, Dai Phuc Ward, Bac Ninh City, Bac Ninh Province, Viet Nam",BAC NINH,+842226502333,기타,https://www.google.com/maps/search/NUBICOM+VINA+BAC+NINH+Vietnam,4.0,,
NURITECH VN,"Lo 14 Cum cong nghiep Noi Hoang, Yen Dung, Bac Giang",BAC GIANG,+84240352098,"전자, 전기 제조업",https://www.google.com/maps/search/NURITECH+VN+BAC+GIANG+Vietnam,4.2,,
NY HOA VIET COMPANY LIMITED,"Chau Tu, Trieu Loc, Hau Loc, Thanh Hoa",THANH HOA,+84915709869,"섬유, 의류, 봉제 제조",https://www.google.com/maps/search/NY+HOA+VIET+COMPANY+LIMITED+THANH+HOA+Vietnam,3.8,,
"O SUNG RF VINA Co.,Ltd","Lo CN1-1, KCN Que Vo 3, Viet Hung, Que Vo, Bac Ninh",BAC NINH,+842223904363,제조업,"https://www.google.com/maps/search/O+SUNG+RF+VINA+Co.,Ltd+BAC+NINH+Vietnam",4.3,,
Oakwood Residence Hanoi,"No 17, Lane 35, Dang Thai Mai Street, Hanoi, Vietnam",HA NOI,+842438803880,"숙박, 요식, 급식",https://www.google.com/maps/search/Oakwood+Residence+Hanoi+HA+NOI+Vietnam,4.3,,
"OCC VINA CO.,LTD","LO C2 KCN,TAM THANG XA TAM THANG,THANH PHO TAM KY.TINH.QUANG NAM. VIETNAM",QUANG NAM,+842353555889,제조업,"https://www.google.com/maps/search/OCC+VINA+CO.,LTD+QUANG+NAM+Vietnam",4.3,,
"ODT VINA CO., LTD","Tầng 17, tòa nhà Ladeco Building, số 266 Đội Cấn, Ba Đình, Hà Nội.",HA NOI,+842432000686,"전자, 전기 제조업","https://www.google.com/maps/search/ODT+VINA+CO.,+LTD+HA+NOI+Vietnam",4.2,,
OFFIART,"Villa D-12 The Manor, My Dinh, Tu Liem, Hanoi",HA NOI,+842437878785,"유통, 도소매, 무역",https://www.google.com/maps/search/OFFIART+HA+NOI+Vietnam,4.7,,
OGK,"CN07A LOT, Phu Ha I.P, Ha Thach, Phu Tho",PHU THO,+842103636868,제조업,https://www.google.com/maps/search/OGK+PHU+THO+Vietnam,4.1,,
OH SYSTEM,"Lo C12, To 57, Yen Hoa, Cau Giay, Hanoi",HA NOI,+842437823551,건설 및 건설자재,https://www.google.com/maps/search/OH+SYSTEM+HA+NOI+Vietnam,4.2,,
OHSUNG VINA,"Lot C5-1, CN1 Zone, Trang Due I.P, Le Loi, An Duong, Hai Phong",HAI PHONG,+842256256711,"전자, 전기 제조업",https://www.google.com/maps/search/OHSUNG+VINA+HAI+PHONG+Vietnam,4.8,,
"OIL KOREA VIETNAM CO.,LTD","Long Hau I.P Hamlet 2, Long Hau, Can Giuoc, Long An",LONG AN,+842838735045,제조업,"https://www.google.com/maps/search/OIL+KOREA+VIETNAM+CO.,LTD+LONG+AN+Vietnam",4.0,,
OKAMURA INTERNATIONAL VIETNAM,"29 Lieu Giai, Ngoc Khanh Ward, Ba Dinh District, Ha Noi City",HA NOI,+842473006879,"유통, 도소매, 무역",https://www.google.com/maps/search/OKAMURA+INTERNATIONAL+VIETNAM+HA+NOI+Vietnam,4.5,,
OLIVE,"số 49, đường số 23, khu do thi thanh pho giao luu, phuong co nhue 2, Bắc Từ Liêm, Hanoi",HA NOI,+842432024333,"숙박, 요식, 급식",https://www.google.com/maps/search/OLIVE+HA+NOI+Vietnam,4.5,,
OMNISYSTEM VN JSC,"Song Tan Tower, Xuan Phuong, Nam Tu Liem, Hanoi",HA NOI,+842466805636,기타,https://www.google.com/maps/search/OMNISYSTEM+VN+JSC+HA+NOI+Vietnam,4.1,,
OMRON VIETNAM,"9th Fl, Mipec Tower, 229 Tay Son, Hanoi",HA NOI,+842435563444,"유통, 도소매, 무역",https://www.google.com/maps/search/OMRON+VIETNAM+HA+NOI+Vietnam,3.8,,
"ON THE SALON ONE MEMBER CO.,LTD","27 Ha Dac, An Hai Bac, Son Tra, Da Nang",DA NANG,+84773841309,기타,"https://www.google.com/maps/search/ON+THE+SALON+ONE+MEMBER+CO.,LTD+DA+NANG+Vietnam",3.8,,
"ONE CROSS CLOTHING,INC","LK 19-3 Van Khe La Khe Ha Dong, Hanoi",HA NOI,,"섬유, 의류, 봉제 제조","https://www.google.com/maps/search/ONE+CROSS+CLOTHING,INC+HA+NOI+Vietnam",,,
"ONE F&P VINA CO.,LTD","Lot C6-1 Que Vo I.Z, Nam Son, Bac Ninh",BAC NINH,+842223611166,제조업,"https://www.google.com/maps/search/ONE+F&P+VINA+CO.,LTD+BAC+NINH+Vietnam",4.1,,
ONE LAY UP TECH VINA,"Hap Linh I.C, Hap Linh, Bac Ninh",BAC NINH,+842223908162,제조업,https://www.google.com/maps/search/ONE+LAY+UP+TECH+VINA+BAC+NINH+Vietnam,4.4,,
ONE SYSTEM VINA COMPANY LIMITED,"Lot D, KCN Dai Dong- Hoan Son, Hoan Son, Tien Du, Bac Ninh",BAC NINH,+842222220071,제조업,https://www.google.com/maps/search/ONE+SYSTEM+VINA+COMPANY+LIMITED+BAC+NINH+Vietnam,4.6,,
"ONE TECH CO., LTD","Lot CN-02, KCN Dong Van IV, Dai Cuong, Kim Bang, Ha Nam",HA NAM,+842263580229,제조업,"https://www.google.com/maps/search/ONE+TECH+CO.,+LTD+HA+NAM+Vietnam",4.1,,
ONECHANG VINA,"Dong Dinh I.Z, Cao Thuong, Tan Yen, Bac Giang",BAC GIANG,+842043528288,"섬유, 의류, 봉제 제조",https://www.google.com/maps/search/ONECHANG+VINA+BAC+GIANG+Vietnam,3.9,,
Onefood Vietnam Trading,"so 2. Lo So3 Thuoc Nha May Ong Noi Thep Song Da Sao Viet - Cum Cong Nghiep Lai Xa, Xa Kim Chung, Huyen Hoai Duc, TP, Ha Noi",HA NOI,+84913030340,"유통, 도소매, 무역",https://www.google.com/maps/search/Onefood+Vietnam+Trading+HA+NOI+Vietnam,4.6,,
Onekey Land Viet Nam Co. Ltd,"13th FL, DETECH TOWER II, 107 Nguyen Phong Sac Str., Dich Vong Hau Ward, Cau Giay, Hanoi",HA NOI,+849132388110,부동산개발.임대,https://www.google.com/maps/search/Onekey+Land+Viet+Nam+Co.+Ltd+HA+NOI+Vietnam,4.5,,
ONEWOO GARMENT COMPANY LIMITED,"Lot B/B1 Ha Lam - KCN Cho Duoc, Binh Phuc, Thang Binh, Quang Nam",QUANG NAM,+842353875284,"섬유, 의류, 봉제 제조",https://www.google.com/maps/search/ONEWOO+GARMENT+COMPANY+LIMITED+QUANG+NAM+Vietnam,4.6,,
Onsen Fuji Group Join Stock Company,"No. 2 Alley 95, Chua Boc Street, Trung Liet Ward, Dong Da District, Hanoi City",HA NOI,+842422621133,부동산개발.임대,https://www.google.com/maps/search/Onsen+Fuji+Group+Join+Stock+Company+HA+NOI+Vietnam,4.3,,
"OPTOSON Co.,Ltd","Km 13+500, Highway 2, Phuc Thang, Phuc Yen, VINH PHUC",VINH PHUC,+842113868880,"전자, 전기 제조업","https://www.google.com/maps/search/OPTOSON+Co.,Ltd+VINH+PHUC+Vietnam",4.3,,
OPTRONTEC VINA,"Lot A11, Ba Thien 2 industrial Park Thien Ke commune, Binh Xuyen District, VINH PHUC Province",VINH PHUC,+842113816885,"전자, 전기 제조업",https://www.google.com/maps/search/OPTRONTEC+VINA+VINH+PHUC+Vietnam,4.3,,
"ORCHEM VINA CO.,LTD","Khai Quang I.Z, Khai Quang, Vinh Yen, VINH PHUC",VINH PHUC,+849831191330,"전자, 전기 제조업","https://www.google.com/maps/search/ORCHEM+VINA+CO.,LTD+VINH+PHUC+Vietnam",4.2,,
ORFE VIET NAM,"No 21 Ho Ngoc Lan, Kinh Bac, Bac Ninh",BAC NINH,+842226537555,"유통, 도소매, 무역",https://www.google.com/maps/search/ORFE+VIET+NAM+BAC+NINH+Vietnam,4.5,,
ORGANO (VIET NAM) COMPANY LIMITED,"Floor 3, Detech Tower, 8 Ton That Thuyet Street, My Dinh 2 BRANCH: Plot No.D10, STDF No.RF1a, Thang Long IP 2, Di Su, My Hao, Hung Yen Province",HA NOI,+842439446756,"환경, 설비, 기계",https://www.google.com/maps/search/ORGANO+(VIET+NAM)+COMPANY+LIMITED+HA+NOI+Vietnam,3.9,,
ORION FOOD VINA,"12 FL - 789 Tower, 147 Hoang Quoc Viet, Nghia Do, Cau Giay, Hanoi BRANCH: KCN Yen Phong, Bac Ninh",HA NOI,+842462620790,제조업,https://www.google.com/maps/search/ORION+FOOD+VINA+HA+NOI+Vietnam,4.6,,
ORISEL VIETNAM,"Km 51- No.5 Highway, Dai An I.Z, Hai Duong",HAI DUONG,+842203555829,"전자, 전기 제조업",https://www.google.com/maps/search/ORISEL+VIETNAM+HAI+DUONG+Vietnam,4.4,,
"OS POWER VIETNAM Co.,Ltd","12P Room, 12 Floor, Center Building No.01, Nguyen Huy Tuong street, Thanh Xuan Trung Ward, Thanh Xuan Dist, Ha Noi.",HA NOI,+842462620122,기타,"https://www.google.com/maps/search/OS+POWER+VIETNAM+Co.,Ltd+HA+NOI+Vietnam",4.4,,
"OSL ENG VINA CO.,LTD","Room 211, 2nd floor, Kim Anh building, No. 01, Lane 78, Duy Tan, Dich Vong Hau, Cau Giay, Hanoi.",HA NOI,+84945792100,"유통, 도소매, 무역","https://www.google.com/maps/search/OSL+ENG+VINA+CO.,LTD+HA+NOI+Vietnam",4.4,,
O-SUNG VINA,"Cum CN Khac Niem, Khac Niem, Bac Ninh",BAC NINH,+842226536766,제조업,https://www.google.com/maps/search/O-SUNG+VINA+BAC+NINH+Vietnam,4.6,,
OTOKI VIETNAM,"Add 1 : 3 floor, Richy Tower, 35 Mac Thai To, Yen Hoa. Cau Giay, Hanoi Tel : ('+8424) 3352 2761 / 070 4114 1124 Add 2 : YP 4 KCN, Dong Phong, Yen Phong, Bac Ninh Tel : ('+84241) 369 9901 Add 3 : Centec tower 605, 72-74 Nguyen Thi Minh Khai, Ward 6, Dist 3. HO CHI MINH Tel : (028) 6299 4001 Add 4 : Lo G3 CN, NA1, KCN My Phuoc 2, Ben Cat, Binh Duong Tel : (0274) 355 6177",HA NOI,+842433522761,제조업,https://www.google.com/maps/search/OTOKI+VIETNAM+HA+NOI+Vietnam,4.1,,
"OURHOME VN CO.,LTD","Soố 9 Lô 2A, đường Lê Hồng Phong, Phường Đông Khê, Quận Ngô Quyền, Hải phòng",HAI PHONG,+842253250164,"숙박, 요식, 급식","https://www.google.com/maps/search/OURHOME+VN+CO.,LTD+HAI+PHONG+Vietnam",4.2,,
"P&Q VINA Co.,Ltd","Yen Phong I.z, Yen Phong, Bac Ninh",BAC NINH,+842223699586,제조업,"https://www.google.com/maps/search/P&Q+VINA+Co.,Ltd+BAC+NINH+Vietnam",4.1,,
PAC SEA & AIR,4F  144 Khuat Duy Tien str THANH XUAN BRANCH: HA NOI,HA NOI,+84983212198,"물류, 운수, 여행업",https://www.google.com/maps/search/PAC+SEA+&+AIR+HA+NOI+Vietnam,4.8,,
PACIFIC AIR AGENCY,"3F,E-PLAZA Bldg, 25 Sejong-daero 4gil, Jung-gu, Seoul, Korea",KOREA,+848223178761,"물류, 운수, 여행업",https://www.google.com/maps/search/PACIFIC+AIR+AGENCY+KOREA+Vietnam,4.2,,
PACIFIC CONTAINER SHIPPING JSC,"15th Fl., Hoa Binh Office Tower, 106 Hoang Quoc Viet Str., Nghia Do Ward, Cau Giay Dist., Hanoi",HA NOI,+842432005711,"물류, 운수, 여행업",https://www.google.com/maps/search/PACIFIC+CONTAINER+SHIPPING+JSC+HA+NOI+Vietnam,4.2,,
PALDO VINA,"So 7, Lo H1, Yen Hoa, Cau Giay, Hanoi",HA NOI,+842437724280,제조업,https://www.google.com/maps/search/PALDO+VINA+HA+NOI+Vietnam,4.2,,
PAN KOREA VINA,"Expanded area, Que Vo Industrial Zone, Phuong Lieu Commune, Que Vo District, Bac Ninh Province, Viet Nam",BAC NINH,+842223952332,제조업,https://www.google.com/maps/search/PAN+KOREA+VINA+BAC+NINH+Vietnam,4.7,,
PANAKOR LOGISTICS,"22nd Floor, Center Building, 01 Nguyen Huy Tuong, Thanh Xuan Trung, Thanh Xuan, Hanoi",HA NOI,+842432066555,"물류, 운수, 여행업",https://www.google.com/maps/search/PANAKOR+LOGISTICS+HA+NOI+Vietnam,4.4,,
PANALPINA WORLD,"25th Floor, Mipec Tower, 229 Tay Son, Nga Tu So, Dong Da, Hanoi",HA NOI,+842473032237,"물류, 운수, 여행업",https://www.google.com/maps/search/PANALPINA+WORLD+HA+NOI+Vietnam,4.1,,
PANASIA VIETNAM,"#0303, Pan Pacific Hotel, No.1 Thanh Nien, Hanoi",HA NOI,+842437154192,"유통, 도소매, 무역",https://www.google.com/maps/search/PANASIA+VIETNAM+HA+NOI+Vietnam,4.2,,
PANKO E&D,"West An Ha I.Z, Quang Phu, Quang Nam",QUANG NAM,+842353691999,부동산개발.임대,https://www.google.com/maps/search/PANKO+E&D+QUANG+NAM+Vietnam,4.1,,
PANKO TAM THANG,"Lo so 1, KCN Tam Thang, Tam Thang, Tam Ky, Quang Nam",QUANG NAM,+842356256050,"섬유, 의류, 봉제 제조",https://www.google.com/maps/search/PANKO+TAM+THANG+QUANG+NAM+Vietnam,4.7,,
PANLOF,"Thien Ton Town, Hoa Lu District, Ninh Binh",NINH BINH,,"섬유, 의류, 봉제 제조",https://www.google.com/maps/search/PANLOF+NINH+BINH+Vietnam,4.6,,
"PANPACIFIC CO.,LTD","7F, Suced Tower, 108 Nguyen Hoang, Nam Tu Liem, Hanoi BRANCH: Giao Cu Trung, Dong Son, Nam Truc, Nam Dinh",HA NOI,+842437877774,"섬유, 의류, 봉제 제조","https://www.google.com/maps/search/PANPACIFIC+CO.,LTD+HA+NOI+Vietnam",4.5,,
PANTOS LOGISTICS VIETNAM,"P2, LG Land Lot, Trang Due I.P, Le Loi, An Duong, Hai Phong",HAI PHONG,+842256270346,"물류, 운수, 여행업",https://www.google.com/maps/search/PANTOS+LOGISTICS+VIETNAM+HAI+PHONG+Vietnam,3.8,,
PANTRA VINA,"Lo CN1A, DEEP C 2B, KCN Nam Dinh Vu (khu II), Dong Hai 2, Hai An, Hai Phong",HAI PHONG,+842258830060,제조업,https://www.google.com/maps/search/PANTRA+VINA+HAI+PHONG+Vietnam,4.4,,
PARAN SFS,"50, Ngo 105 Xuan La, Xuan Tao, Bac Tu Liem, Hanoi",HA NOI,+842438724484,제조업,https://www.google.com/maps/search/PARAN+SFS+HA+NOI+Vietnam,4.3,,
PARIS BAGUETTE,"9F, AC Tower, 78 Duy Tan, Cau Giay, Ha Noi",HA NOI,+842462694757,"숙박, 요식, 급식",https://www.google.com/maps/search/PARIS+BAGUETTE+HA+NOI+Vietnam,3.9,,
PARK ELECTRONICS VINA,"KCN Dong Van IV, Dai Cuong, Kim Bang, Ha Nam",HA NAM,+842263523006,"전자, 전기 제조업",https://www.google.com/maps/search/PARK+ELECTRONICS+VINA+HA+NAM+Vietnam,4.8,,
PARK’S MANUFACTURING,"Km7, National Road No.5m Tran Quy, Gia Lam, Hanoi",HA NOI,+842438767877,"섬유, 의류, 봉제 제조",https://www.google.com/maps/search/PARK’S+MANUFACTURING+HA+NOI+Vietnam,4.5,,
PARTNER ENG VINA,"Dong Van 4 IP, Dai Cuong, Kim Bang, Ha Nam",HA NAM,+842262460969,"전자, 전기 제조업",https://www.google.com/maps/search/PARTNER+ENG+VINA+HA+NAM+Vietnam,4.5,,
PARTRON VINA,"Lot 11, Khai Quang I.Z, Vinh Yen, VINH PHUC",VINH PHUC,+842113616211,제조업,https://www.google.com/maps/search/PARTRON+VINA+VINH+PHUC+Vietnam,4.3,,
PDE,"63 Tran Phu Street, Ba Dinh District, Hanoi BRANCH: No. 12, Road 15, VSIP Industrial Park - Bac Ninh",HA NOI,+842223765545,제조업,https://www.google.com/maps/search/PDE+HA+NOI+Vietnam,4.8,,
"PDT VINA Co.,Ltd","Room 403, 4 floor, 68 Ly Thai To, Vo Cuong, Bac Ninh",BAC NINH,+842223822080,"환경, 설비, 기계","https://www.google.com/maps/search/PDT+VINA+Co.,Ltd+BAC+NINH+Vietnam",4.4,,
Persolkelly,"10th Floor, Lotte Center Hanoi,54 Lieu Giai Street, Ba Dinh District, Hanoi",HA NOI,+842871008818,"대표사무소, 지사",https://www.google.com/maps/search/Persolkelly+HA+NOI+Vietnam,4.3,,
Pet Story,"Villa E11,the manor,my dinh song da,Hanoi",HA NOI,+84902177732,"유통, 도소매, 무역",https://www.google.com/maps/search/Pet+Story+HA+NOI+Vietnam,4.3,,
PGL Logistics,"16th fl, block A Song Da building, Pham Hung road, My Dinh 1 ward, Nam Tu Liem dist, Hanoi city, Vietnam.",HA NOI,+844322625454,"물류, 운수, 여행업",https://www.google.com/maps/search/PGL+Logistics+HA+NOI+Vietnam,4.4,,
PHC VIET NAM COMPANY LIMITED,"Land lot CN1B, KCN Deep-C2A, Dinh Vu - Cat Hai economic zone, Dong Hai 2, Hai An, Hai Phong",HAI PHONG,+842253836169,제조업,https://www.google.com/maps/search/PHC+VIET+NAM+COMPANY+LIMITED+HAI+PHONG+Vietnam,3.8,,
PHILKO VINA,"296 Road, Duc Thang, Hiep Hoa, Bac Giang",BAC GIANG,+842043865145,"섬유, 의류, 봉제 제조",https://www.google.com/maps/search/PHILKO+VINA+BAC+GIANG+Vietnam,4.5,,
PHO WAY COMPANY LIMITED,"No. 61A Phan Chu Trinh, Minh An, Hoi An, Quang Nam",QUANG NAM,+842353529111,"숙박, 요식, 급식",https://www.google.com/maps/search/PHO+WAY+COMPANY+LIMITED+QUANG+NAM+Vietnam,4.6,,
Phoenix Golf Resort,"5th Fl. Grand Plaza Hotel , 117 Tran Duy Hung, Cau Giay, Hanoi Lam Son, Luong Son, Hoa Binh",HOA BINH,+842437712099,"오락, 문화, 전시, 체육",https://www.google.com/maps/search/Phoenix+Golf+Resort+HOA+BINH+Vietnam,,,
PHU HUNG TRADING & SERVICE JSC,"No 40, Hai Ba Trung, Hoan Kiem, Hanoi",HA NOI,+842439365755,부동산개발.임대,https://www.google.com/maps/search/PHU+HUNG+TRADING+&+SERVICE+JSC+HA+NOI+Vietnam,4.4,,
"PHU KHANH DUTY FREE TRADING CO.,LTD","6/F, Central Vietnam Helicopter Building, Nguyen Van Linh, Thac Gian, Thanh Khe, Da Nang",DA NANG,+842363865882,"대표사무소, 지사","https://www.google.com/maps/search/PHU+KHANH+DUTY+FREE+TRADING+CO.,LTD+DA+NANG+Vietnam",4.1,,
PHUONG DONG GOLF,"3rd Fl., Phuong Dong Driving Range Cau Dien, Tu Liem, Hanoi",HA NOI,+84367505112,"오락, 문화, 전시, 체육",https://www.google.com/maps/search/PHUONG+DONG+GOLF+HA+NOI+Vietnam,4.3,,
PHUONG TRANG SPECIAL STEEL,"Lot B2-3-3C Nam Thang Long I.P, Thuy Phuong, Bac Tu Liem, Hanoi",HA NOI,+842432121766,제조업,https://www.google.com/maps/search/PHUONG+TRANG+SPECIAL+STEEL+HA+NOI+Vietnam,4.6,,
PI TECH VINA COMPANY LIMITED,"Lot 06, Le Thai To, Vo Cuong, Bac Ninh",BAC NINH,+84373142379,"유통, 도소매, 무역",https://www.google.com/maps/search/PI+TECH+VINA+COMPANY+LIMITED+BAC+NINH+Vietnam,4.7,,
PIBS VINA COMPANY LIMITED,"Alley 14, Ly Nam De, Vinh Xuong, Dong Tien, Pho Yen, Thai Nguyen",THAI NGUYEN,+84353344353,"환경, 설비, 기계",https://www.google.com/maps/search/PIBS+VINA+COMPANY+LIMITED+THAI+NGUYEN+Vietnam,4.3,,
"PIEL INTERNATIONAL CO.,LTD",경기도 김포시 고촌읍 전호로 56번길 57,KOREA,+848231982234,"유통, 도소매, 무역","https://www.google.com/maps/search/PIEL+INTERNATIONAL+CO.,LTD+KOREA+Vietnam",4.3,,
"PIKOR ASEAN Co.,LTD","Lot OF03-09, 3rd Floor, Vinhomes West Point, Pham Hung Street, Me Tri Ward, Nam Tu Liem District, Ha Noi City, Viet Nam",HA NOI,+842432012403,기타,"https://www.google.com/maps/search/PIKOR+ASEAN+Co.,LTD+HA+NOI+Vietnam",4.1,,
"PIM VINA Co., LTD","Lot E, My trung industrial zone, Mỹ Lộc, Nam Định",NAM DINH,+842283648886,제조업,"https://www.google.com/maps/search/PIM+VINA+Co.,+LTD+NAM+DINH+Vietnam",4.3,,
"PINEWOODS CO.,LTD","Room 0824, BuilingC2,D Capital,119 Tran Duy Hung ,Cau Giay,Hanoi",HA NOI,+84968783188,"유통, 도소매, 무역","https://www.google.com/maps/search/PINEWOODS+CO.,LTD+HA+NOI+Vietnam",4.0,,
"PIONEER PLASTIC INDUSTRIAL CO., LTD","Road C2, Pho Noi A Industrial Park, Lac Hong Commune Van Lam Dist, Hung Yen Prov. Vietnam",HUNG YEN,+842213980013,제조업,"https://www.google.com/maps/search/PIONEER+PLASTIC+INDUSTRIAL+CO.,+LTD+HUNG+YEN+Vietnam",4.3,,
PIZZA&,"SH05A Toa S2, Vinhomes Skylake Pham Hung, My Dinh, Nam Tu Liem, Hanoi",HA NOI,+842466822200,"숙박, 요식, 급식",https://www.google.com/maps/search/PIZZA&+HA+NOI+Vietnam,4.4,,
PL TECH COMPANY LIMITED.,"VNPT building, no 33 Ly Thai To, Bac Ninh",BAC NINH,+842223634616,"유통, 도소매, 무역",https://www.google.com/maps/search/PL+TECH+COMPANY+LIMITED.+BAC+NINH+Vietnam,4.6,,
"PLACHEM VINA CO.,LTD",Que vo industrial Zone Phuong Lieu Bac ninh Provice Viet Nam,BAC NINH,+842222395206,"유통, 도소매, 무역","https://www.google.com/maps/search/PLACHEM+VINA+CO.,LTD+BAC+NINH+Vietnam",4.2,,
"Plan ADD Viet Nam Co., LTD","No 6 Nguyen Hoang, Tu Liem, Hanoi",HA NOI,+84936868700,건설 및 건설자재,"https://www.google.com/maps/search/Plan+ADD+Viet+Nam+Co.,+LTD+HA+NOI+Vietnam",4.5,,
PLASCOM VINA,"Lô số 7, CCN làng nghề Nam Thanh Ba, Xã Đỗ Sơn, Huyện Thanh Ba, Tỉnh Phú Thọ, Việt Nam",PHU THO,+842103823686,제조업,https://www.google.com/maps/search/PLASCOM+VINA+PHU+THO+Vietnam,4.2,,
Plastic Chemicals Group Joint Stock Company,"Tòa nhà Plaschem, số 562 Nguyễn Văn Cừ, Phường Gia Thụy, Quận Long Biên, thành phố Hà Nội BRANCH: HA NOI",HA NOI,+842438723566,부동산개발.임대,https://www.google.com/maps/search/Plastic+Chemicals+Group+Joint+Stock+Company+HA+NOI+Vietnam,4.3,,
"PLK CHEMICAL CO., LTD","Lot P, KCN Dong Van II, Duy Minh Duy Tien, Ha Nam",HA NAM,+84366185595,제조업,"https://www.google.com/maps/search/PLK+CHEMICAL+CO.,+LTD+HA+NAM+Vietnam",4.3,,
PLUS MART,"Lot E6.9, Pham Hung, Tu Liem, Hanoi",HA NOI,+849647810070,"유통, 도소매, 무역",https://www.google.com/maps/search/PLUS+MART+HA+NOI+Vietnam,4.4,,
PLUS ONE,"Tang 22 khoi B Toa nha Song Da, Pham Hung, My Dinh 1, Nam Tu Liem, Hanoi",HA NOI,+842462930101,건설 및 건설자재,https://www.google.com/maps/search/PLUS+ONE+HA+NOI+Vietnam,4.1,,
"PMC VINA CO.,LTD","Village Dong Giao, Luong Dien, Cam Giang, Hai Duong",HAI DUONG,+842203789068,"전자, 전기 제조업","https://www.google.com/maps/search/PMC+VINA+CO.,LTD+HAI+DUONG+Vietnam",4.3,,
PMS VINA,"Giang Lieu, Phuong Lieu, QueVo, BacNinh Province, VietNam",BAC NINH,+842222220155,"유통, 도소매, 무역",https://www.google.com/maps/search/PMS+VINA+BAC+NINH+Vietnam,4.2,,
PNA VINA,"110 Me Tri Ha, Me Tri, Nam Tu Liem, Hanoi.",HA NOI,+842437876300,"환경, 설비, 기계",https://www.google.com/maps/search/PNA+VINA+HA+NOI+Vietnam,4.5,,
PNP KOREA,"Cum CN 1, Thach Khoi, Hai Duong",HAI DUONG,+842202242777,"전자, 전기 제조업",https://www.google.com/maps/search/PNP+KOREA+HAI+DUONG+Vietnam,4.3,,
"PO SUNG MEC CO.,LTD","6th Floor, Block B, SongDa Building, My dinh ward, Nam Tu Liem District, Hanoi, Vietnam",HA NOI,+842836369852,건설 및 건설자재,"https://www.google.com/maps/search/PO+SUNG+MEC+CO.,LTD+HA+NOI+Vietnam",4.5,,
"POCONS VINA CO.,LTD","Dong Tho I.P, Dong Tho, Bac Ninh",BAC NINH,+842223883832,"전자, 전기 제조업","https://www.google.com/maps/search/POCONS+VINA+CO.,LTD+BAC+NINH+Vietnam",4.4,,
POLY TECH VINA,"Lô CN10, Cụm công nghiệp Gia Vân, Xã Gia Vân, Huyện Gia Viễn, Tỉnh Ninh Bình, Việt Nam",NINH BINH,+842293658500,제조업,https://www.google.com/maps/search/POLY+TECH+VINA+NINH+BINH+Vietnam,,,
"POLYMOS VIET NAM CO.,LTDLTD","No 3, Lane 4, Dong Me, Me Tri, Nam Tu Liem, Hanoi",HA NOI,+84367806824,"유통, 도소매, 무역","https://www.google.com/maps/search/POLYMOS+VIET+NAM+CO.,LTDLTD+HA+NOI+Vietnam",4.1,,
"POONG SHIN VINA CO.,LTD","Lot TD1, Ta Hien, Phuc Khanh I.P, Phu Khanh, Thai Binh BRANCH: No.10-B5 Gate6, Kim Dong, Giap Bat, Hoang Mai, Hanoi",THAI BINH,+842273845941,"섬유, 의류, 봉제 제조","https://www.google.com/maps/search/POONG+SHIN+VINA+CO.,LTD+THAI+BINH+Vietnam",4.4,,
POONGCHIN VINA,"Trung Duong, Kieu Ky, Gia Lam, Hanoi",HA NOI,+842436783723,"유통, 도소매, 무역",https://www.google.com/maps/search/POONGCHIN+VINA+HA+NOI+Vietnam,4.3,,
"PORTAL SAFETY Co.,Ltd","Lot 41C, Bo Son I, Binh Than, Vo Cuong, Bac Ninh",BAC NINH,+842223895618,"환경, 설비, 기계","https://www.google.com/maps/search/PORTAL+SAFETY+Co.,Ltd+BAC+NINH+Vietnam",4.1,,
POSCO E&C,"4th Daeha Business Center, 360 Kim Ma, Ba Dinh, Hanoi",HA NOI,+842439364951,건설 및 건설자재,https://www.google.com/maps/search/POSCO+E&C+HA+NOI+Vietnam,4.1,,
POSCO INTERNATIONAL,"Room 1105-1106, 11F, Daeha Business Center, 360 Kim Ma, Ba Dinh, Ha Noi",HA NOI,+842438315220,"유통, 도소매, 무역",https://www.google.com/maps/search/POSCO+INTERNATIONAL+HA+NOI+Vietnam,4.5,,
POSCO VIETNAM,"5th Floor, Daeha Trade Center, No.360 Kim Street, Ngoc Khanh Ward, Ba Dinh District, Ha Noi BRANCH: Lot1, Phu My II Industrial Zone, Phu My Ward, Phu My Town, Ba Ria -Vung Tau Province",HA NOI,+843203543816,제조업,https://www.google.com/maps/search/POSCO+VIETNAM+HA+NOI+Vietnam,4.3,,
"POSCO VIETNAM PROCESSING CENTER CO.,LTD","Lot 5D, Phuc Dien Industrial Zone, Cam Giang Dist, Hai Duong Province, Viet Nam",HAI DUONG,+843203545816,제조업,"https://www.google.com/maps/search/POSCO+VIETNAM+PROCESSING+CENTER+CO.,LTD+HAI+DUONG+Vietnam",3.8,,
POSCO VST,"Road 319B, Nhon Trach 1 IP, Phuoc Thien Commune, Nhon Trach Dist., Dong Nai",DONG NAI,+842513650360,제조업,https://www.google.com/maps/search/POSCO+VST+DONG+NAI+Vietnam,4.4,,
POSCO YAMATO VINA,"N1 Street, Phu My 2 Industrial Zone, Phu My Ward, Phu My Town, Ba Ria Vung Tau Province, Vietnam",VUNG TAU,+842543892009,제조업,https://www.google.com/maps/search/POSCO+YAMATO+VINA+VUNG+TAU+Vietnam,4.2,,
Potique Hotel,"22 Hung Vuong street, Loc Tho ward, Nha Trang city, Khanh Hoa province",KHANH HOA,+842583556999,"숙박, 요식, 급식",https://www.google.com/maps/search/Potique+Hotel+KHANH+HOA+Vietnam,4.4,,
POWERLOGICS,"Khai Quang I.Z, Khai Quang, Vinh Yen, VINH PHUC",VINH PHUC,+842213565222,"전자, 전기 제조업",https://www.google.com/maps/search/POWERLOGICS+VINH+PHUC+Vietnam,4.0,,
PREMIER CATERING SERVICE,"T11-OF 04-Tang 2, Timescity 458 Minh Khai, Hai Ba Trung, Hanoi",HA NOI,+84949785665,"숙박, 요식, 급식",https://www.google.com/maps/search/PREMIER+CATERING+SERVICE+HA+NOI+Vietnam,4.6,,
PREMIER VILLAGE RESORT,"99 Vo Nguyen Giap, Ngu Hanh Son, Da Nang",DA NANG,+842363919999,"숙박, 요식, 급식",https://www.google.com/maps/search/PREMIER+VILLAGE+RESORT+DA+NANG+Vietnam,4.4,,
"PRETTL VIETNAM CO., LTD","Lot Xn20, Dai An IZ, KM 51, National Road5, Tu Minh ward, Hai Duong City",HAI DUONG,+842203837740,제조업,"https://www.google.com/maps/search/PRETTL+VIETNAM+CO.,+LTD+HAI+DUONG+Vietnam",4.1,,
PREX VINH COMPANY LIMITED,"Cụm công nghiệp xã Lạc Sơn, Huyện Đô Lương, Tỉnh Nghệ An",NGHE AN,+84903272555,"섬유, 의류, 봉제 제조",https://www.google.com/maps/search/PREX+VINH+COMPANY+LIMITED+NGHE+AN+Vietnam,4.3,,
PRINTLOGIC,"16/59 Cu Xa Lu Gia, Ward 15, Diaricr 11, HO CHI MINH Vietnam",HO CHI MINH,+84981868648,"유통, 도소매, 무역",https://www.google.com/maps/search/PRINTLOGIC+HO+CHI+MINH+Vietnam,4.1,,
PROJECT FOR ENHANCING CAPACITY ON EXPRESSWAY O&M,"#203, Directorate for Roads of VietNam, D20 Ton That Thuyet, Cau Giay, Hanoi",HA NOI,,건설 및 건설자재,https://www.google.com/maps/search/PROJECT+FOR+ENHANCING+CAPACITY+ON+EXPRESSWAY+O&M+HA+NOI+Vietnam,4.3,,
PROJECT MANAGEMENT INTERNATIONAL,"#507, C5B zone, alley 27 Hoang Ngoc Phach, Hanoi",HA NOI,+84988426880,건설 및 건설자재,https://www.google.com/maps/search/PROJECT+MANAGEMENT+INTERNATIONAL+HA+NOI+Vietnam,4.3,,
"PROMADE VINA CO.,LTD","Lo 15, 17 Cum cong nghiep Noi Hoang, Yen Dung, Bac Giang",BAC GIANG,+84983258063,제조업,"https://www.google.com/maps/search/PROMADE+VINA+CO.,LTD+BAC+GIANG+Vietnam",4.3,,
PROMISEON VIETNAM,"KCN Yen Phong, Long Chau, Yen Phong, Bac Ninh",BAC NINH,,"숙박, 요식, 급식",https://www.google.com/maps/search/PROMISEON+VIETNAM+BAC+NINH+Vietnam,4.2,,
PT DAEHAN GLOBAL YEN DUNG JOINT STOCK COMPANY,"Nham Son, Yen Lu Commune, Yen Dung District, Bac Giang",BAC GIANG,+849874902170,"섬유, 의류, 봉제 제조",https://www.google.com/maps/search/PT+DAEHAN+GLOBAL+YEN+DUNG+JOINT+STOCK+COMPANY+BAC+GIANG+Vietnam,,,
PT VINA,"105 D. Nguyen Cong Tru, Lien Bao, Vinh Yen, VINH PHUC",VINH PHUC,+842113612369,"환경, 설비, 기계",https://www.google.com/maps/search/PT+VINA+VINH+PHUC+Vietnam,4.3,,
PUDADAC,"136 Ho Tung Mau, Goldmark City, Nam Tu Liem, Hanoi",HA NOI,+84904926577,"숙박, 요식, 급식",https://www.google.com/maps/search/PUDADAC+HA+NOI+Vietnam,,,
PULLMAN HA NOI HOTEL,"40 Cat Linh, 61 Giang Vo, Hanoi",HA NOI,+842437330688,"숙박, 요식, 급식",https://www.google.com/maps/search/PULLMAN+HA+NOI+HOTEL+HA+NOI+Vietnam,4.5,,
PURETECH VIETNAM,"Lo 49G, KCN Quang Minh, Chi Dong, Me Linh, Hanoi",HA NOI,+842435251960,"전자, 전기 제조업",https://www.google.com/maps/search/PURETECH+VIETNAM+HA+NOI+Vietnam,4.6,,
PURITECH,"Vinh Khuc, Van Giang, Hung Yen",HUNG YEN,,제조업,https://www.google.com/maps/search/PURITECH+HUNG+YEN+Vietnam,4.6,,
PUYOUNG VIETNAM,"Phan Boi village, Di Su commune, My Hao, Hung Yen",HUNG YEN,+842213744131,건설 및 건설자재,https://www.google.com/maps/search/PUYOUNG+VIETNAM+HUNG+YEN+Vietnam,4.6,,
"PV- INCONESS., Corp","Hamlet 4B, Dong Son, Tam Diep, Ninh Binh",NINH BINH,+842293776460,부동산개발.임대,"https://www.google.com/maps/search/PV-+INCONESS.,+Corp+NINH+BINH+Vietnam",4.4,,
"PYUNG AHN VINA CO., LTD","Lot III - 1.2, D3 Str., Que Vo 2 Industrial Zone, Ngoc Xa Commune, Que Vo District, Bac Ninh",BAC NINH,+842223623331,제조업,"https://www.google.com/maps/search/PYUNG+AHN+VINA+CO.,+LTD+BAC+NINH+Vietnam",4.5,,
QUANG BINH SURIMI,"Thanh Khe Thanh Trach, Bo Trach, Quang Binh",QUANG BINH,+84968870055,제조업,https://www.google.com/maps/search/QUANG+BINH+SURIMI+QUANG+BINH+Vietnam,4.4,,
QUANG MINH FOOD,"Thon Hong Thai, xa Lac Hong, Huy€n vdn Ldm, Tinh Hang Y€n, vi€t Nam",HUNG YEN,,"숙박, 요식, 급식",https://www.google.com/maps/search/QUANG+MINH+FOOD+HUNG+YEN+Vietnam,4.3,,
RCE-VINA COMPANY LIMITED,"4th Floor The Sun Building, Me Tri Street, Me Tri Ward, Nam Tu Liem District, Hanoi, Vietnam",HA NOI,+84348549283,"유통, 도소매, 무역",https://www.google.com/maps/search/RCE-VINA+COMPANY+LIMITED+HA+NOI+Vietnam,3.8,,
RED APRON,"61 Ly Thai To (Entrance 9 Ly Dao Thanh) str., Hoan Kiem",HA NOI,+842432668509,"숙박, 요식, 급식",https://www.google.com/maps/search/RED+APRON+HA+NOI+Vietnam,4.7,,
REFINE,"Lot B4, Thuy Van I.Z, Viet Tri, Phu Tho",PHU THO,+842102240994,제조업,https://www.google.com/maps/search/REFINE+PHU+THO+Vietnam,4.2,,
Regus The Sun,"3F, The Sun building, Me tri, Nam Tu Liem, Hanoi",HA NOI,+842432021390,부동산개발.임대,https://www.google.com/maps/search/Regus+The+Sun+HA+NOI+Vietnam,4.4,,
REMOTECH,"Lo LK2- NLK5, khu do thi moi Nam Vo Cuong, Ly Anh Tong, Vo Cuong, Bac Ninh",BAC NINH,+842223828808,"전자, 전기 제조업",https://www.google.com/maps/search/REMOTECH+BAC+NINH+Vietnam,4.2,,
"RENO SMI VN CO.,LTD","8th Fl, CEO building, Me Tri Ha, Pham Hung, Me Tri, Nam Tu Liem, Hanoi",HA NOI,+84855450801,"유통, 도소매, 무역","https://www.google.com/maps/search/RENO+SMI+VN+CO.,LTD+HA+NOI+Vietnam",5.0,,
RESCON VIETNAM,"Nghia Village, Lai Cach, Cam Giang, Hai Duong",HAI DUONG,+842203785111,제조업,https://www.google.com/maps/search/RESCON+VIETNAM+HAI+DUONG+Vietnam,4.4,,
RE-TECK,"21F, Lotte Center Hanoi Bld., No.54 Lieu Giai, Cong vi, Ba Dinh, Hanoi",HAI PHONG,,"전자, 전기 제조업",https://www.google.com/maps/search/RE-TECK+HAI+PHONG+Vietnam,,,
REXTECH INC,"Phong 203 D14/D6 khu do thi moi Cau Giay, Tran Thai Tong, Dich Vong, Cau Giay, Hanoi",HA NOI,+842466509294,"유통, 도소매, 무역",https://www.google.com/maps/search/REXTECH+INC+HA+NOI+Vietnam,3.8,,
RFTech Thai Nguyen Company Limited,"Lot1-2, Diem Thuy Induatrial Zone, Thai Nguyen Provine, Vietnam",THAI NGUYEN,+842083931624,"전자, 전기 제조업",https://www.google.com/maps/search/RFTech+Thai+Nguyen+Company+Limited+THAI+NGUYEN+Vietnam,4.4,,
RHEAS VINA COMPANY LIMITED,"Lot 1, KCN Hap Linh, Hap Linh, Bac Ninh",BAC NINH,+842223969980,"전자, 전기 제조업",https://www.google.com/maps/search/RHEAS+VINA+COMPANY+LIMITED+BAC+NINH+Vietnam,4.5,,
"RIO (QUANG NAM) SEWING THREADS CO., LTD","Lo A4.2 Cum CN Tay An, Xa Duy Trung, Huyen Duy Xuyen, Tinh Quang Nam",QUANG NAM,+842353607080,"섬유, 의류, 봉제 제조","https://www.google.com/maps/search/RIO+(QUANG+NAM)+SEWING+THREADS+CO.,+LTD+QUANG+NAM+Vietnam",,,
ROL VINA,"Lo so 17, Cum cong nghiep Noi Hoang (Thue lai xuong so 4.1 cua Cong ty TNHH Mao Hoi), Xa Noi Hoang, Huyen Yen Dung, Bac Giang",BAC GIANG,+842043900160,"전자, 전기 제조업",https://www.google.com/maps/search/ROL+VINA+BAC+GIANG+Vietnam,4.5,,
ROMON VINA COMPANY LIMITED,"Trang Due Village, Le Loi, An Duong, Hai Phong",HAI PHONG,+842256644390,기타,https://www.google.com/maps/search/ROMON+VINA+COMPANY+LIMITED+HAI+PHONG+Vietnam,,,
Rouse Legal Vietnam Ltd.,"Suite 1003, 10th Floor, Ruby Tower, 81-85 Ham Nghi, Nguyen Thai Binh Ward, District 1, HO CHI MINH",HO CHI MINH,+842838236770,법무.회계.투자자문,https://www.google.com/maps/search/Rouse+Legal+Vietnam+Ltd.+HO+CHI+MINH+Vietnam,4.6,,
"ROY VINA CO.,LTD","Lot 15-17, Noi Hoang Commune, Yen Dung District, Bac Giang Province",BAC GIANG,+842043755668,제조업,"https://www.google.com/maps/search/ROY+VINA+CO.,LTD+BAC+GIANG+Vietnam",3.9,,
ROYGENT PARKS HA NOI,"Roygent Parks Hanoi Bldg, No 289, Khuat Duy Tien, Trung Hoa, Cau Giay, Hanoi",HA NOI,+842432323760,"숙박, 요식, 급식",https://www.google.com/maps/search/ROYGENT+PARKS+HA+NOI+HA+NOI+Vietnam,4.5,,
"RSQUARE VIET NAM CO., LTD","Tầng 2, tòa nhà chelsea residences, 48 Trần Kim Xuyến, yên Hòa, Cầu giấy, Hà Nôi",HA NOI,+842836369641,부동산개발.임대,"https://www.google.com/maps/search/RSQUARE+VIET+NAM+CO.,+LTD+HA+NOI+Vietnam",3.9,,
"RYONG IN VINA Co.,Ltd","Lot K-1-1, Que Vo Ind.(expension area), Nam Son, Bac Ninh",BAC NINH,+842223952181,제조업,"https://www.google.com/maps/search/RYONG+IN+VINA+Co.,Ltd+BAC+NINH+Vietnam",3.9,,
S & I VIETNAM CONSTRUCTION COMPANY LIMITED,"Lot K-8 KCN Trang Due, Dinh Vu - Cat Hai Economic Zone, Hong Phong, An Duong, Hai Phong",HAI PHONG,+842256279719,건설 및 건설자재,https://www.google.com/maps/search/S+&+I+VIETNAM+CONSTRUCTION+COMPANY+LIMITED+HAI+PHONG+Vietnam,4.6,,
S&H VINA,"Nga lo 1 Sub-area, Nga son Town, Nga Mỹ, Nga Sơn, Thanh Hoá",THANH HOA,+842373890993,"섬유, 의류, 봉제 제조",https://www.google.com/maps/search/S&H+VINA+THANH+HOA+Vietnam,4.2,,
S.I TECH VIETNAM,"Hap Linh I.P, Bac Ninh",BAC NINH,+842223720881,제조업,https://www.google.com/maps/search/S.I+TECH+VIETNAM+BAC+NINH+Vietnam,4.0,,
"S.U.N.N.Y TECHNOLOGY BRANCH Co.,Ltd","Lot CN10, Tu Da - An Dao Industrial Cluster, Binh Phu, Phu Ninh, Phu Tho",PHU THO,+842103882580,제조업,"https://www.google.com/maps/search/S.U.N.N.Y+TECHNOLOGY+BRANCH+Co.,Ltd+PHU+THO+Vietnam",,,
S-1 CORPORATION VIET NAM,"2nd Floor, Halla Office Building, Yen Phong Industrial Park, Yen Trung Commune, Yen Phong District, Bac Ninh Province",BAC NINH,+842223873110,기타,https://www.google.com/maps/search/S-1+CORPORATION+VIET+NAM+BAC+NINH+Vietnam,4.6,,
S1 EXPRESS,"30F Handico Tower, Pham Hung, Me Tri, Tu Liem, Hanoi",HA NOI,+842432032468,"물류, 운수, 여행업",https://www.google.com/maps/search/S1+EXPRESS+HA+NOI+Vietnam,4.0,,
SAEHAN GREEN VINA,"D122, Garden House, Viet Hung, Hano BRANCH: Ba Hang IC, Nam Dong, Hai Duong, Hai Duong",HA NOI,+842203752855,"환경, 설비, 기계",https://www.google.com/maps/search/SAEHAN+GREEN+VINA+HA+NOI+Vietnam,4.6,,
SAEJONG VINA,"No 24/ 203 Hoang Quoc Viet, Cau Giay, Hanoi",HA NOI,+842466635396,"환경, 설비, 기계",https://www.google.com/maps/search/SAEJONG+VINA+HA+NOI+Vietnam,4.5,,
SAEKWANG ENG VINA,"Part of Lot CNSG-04, Van Trung I.Z, Viet Yen, Bac Giang",BAC GIANG,+842043766227,제조업,https://www.google.com/maps/search/SAEKWANG+ENG+VINA+BAC+GIANG+Vietnam,4.6,,
SAINT VINA,"Lien Minh Zone, Minh Phuong, Viet Tri, Phu Tho",PHU THO,+842103956160,제조업,https://www.google.com/maps/search/SAINT+VINA+PHU+THO+Vietnam,4.5,,
"SALON D CO.,LTD","1F, No. 29 -31 Binh Minh 1, Binh Thuan, Hai Chau, Da Nang",DA NANG,+84932598077,기타,"https://www.google.com/maps/search/SALON+D+CO.,LTD+DA+NANG+Vietnam",4.0,,
"SAM IL CONSTRUCTION CO., LTD","11th Floor, MD Complex Tower, No. 68 Nguyen Co Thach, My Dinh I, Nam Tu Liem, Hanoi",HA NOI,+842462824204,건설 및 건설자재,"https://www.google.com/maps/search/SAM+IL+CONSTRUCTION+CO.,+LTD+HA+NOI+Vietnam",4.5,,
SAM KWANG AIR TECH,"Lo VII 4, KCN Thuan Thanh 3, Thanh Khuong, Thuan Thanh, Bac Ninh",BAC NINH,+842223798801,제조업,https://www.google.com/maps/search/SAM+KWANG+AIR+TECH+BAC+NINH+Vietnam,4.5,,
"SAM SUNG INDUSTRIAL Co.,Ltd","Dai Dong - Hoan Son I.Z, Dai Dong, Tien Du, Bac Ninh",BAC NINH,+842223734186,제조업,"https://www.google.com/maps/search/SAM+SUNG+INDUSTRIAL+Co.,Ltd+BAC+NINH+Vietnam",4.5,,
SAMA INDUSTRIES VINA,"Lot 02 Viet Tien I.Z, Viet Tien, Viet Yen, Bac Giang",BAC GIANG,+842043661532,"섬유, 의류, 봉제 제조",https://www.google.com/maps/search/SAMA+INDUSTRIES+VINA+BAC+GIANG+Vietnam,4.5,,
"SAMAS VINA CO., LTD","Lot II-CN-08.2, KCN Thanh Liem, Thanh Tuyen, Phu Ly, Ha Nam",HA NAM,+842262210002,제조업,"https://www.google.com/maps/search/SAMAS+VINA+CO.,+LTD+HA+NAM+Vietnam",3.9,,
SAMCHULLY CARBOTECH VIETNAM,"Lot CN15, CN16, CN17 Luong Dien I.Z, Luong Dien, Cam Giang, Hai Duong",HAI DUONG,+842203789505,"환경, 설비, 기계",https://www.google.com/maps/search/SAMCHULLY+CARBOTECH+VIETNAM+HAI+DUONG+Vietnam,,,
SAMDUCK KDP,"1801 N2T3 B/D Ngoai Giao Doan, Xuan Tao, Bac Tu Liem, Hanoi",HA NOI,+842432252061,"물류, 운수, 여행업",https://www.google.com/maps/search/SAMDUCK+KDP+HA+NOI+Vietnam,4.6,,
SAMHWA PAINTS VINA,"Lot 080A, No 11, Street 11, VSIP Bac Ninh Integrated Township and Industrial Park, Phu Chan Commune, Tu Son Town, Bac Ninh Province, Vietnam",BAC NINH,+842223764590,제조업,https://www.google.com/maps/search/SAMHWA+PAINTS+VINA+BAC+NINH+Vietnam,4.3,,
SAMHWA VIET NAM COMPANY LIMITED,"Lot CN07, KCN Cam Khe, Cam Khe, Phu Tho",PHU THO,+842103889588,제조업,https://www.google.com/maps/search/SAMHWA+VIET+NAM+COMPANY+LIMITED+PHU+THO+Vietnam,4.9,,
SAMHWA YANGHENG VINA,"Lot CN5, Diem Thuy Iz., Phu Binh, Thai Nguyen",THAI NGUYEN,+842083931530,"전자, 전기 제조업",https://www.google.com/maps/search/SAMHWA+YANGHENG+VINA+THAI+NGUYEN+Vietnam,4.9,,
SAMIN VINA,"Lot C7-1, Que Vo I.Z, Nam Son, Bac Ninh",BAC NINH,+842223621996,"전자, 전기 제조업",https://www.google.com/maps/search/SAMIN+VINA+BAC+NINH+Vietnam,4.6,,
SAMJIN LND VINACO,"Lot A12-1, Ba Thien II I.Z, Thien Ke, Binh Xuyen, VINH PHUC",VINH PHUC,+849795226610,"전자, 전기 제조업",https://www.google.com/maps/search/SAMJIN+LND+VINACO+VINH+PHUC+Vietnam,4.5,,
"SAMJU TRADE CO.,LTD","62 Bach Dang, Phuong 2, Quan Tan Binh, T.P Ho Chi Minh",HO CHI MINH,+842822290688,"유통, 도소매, 무역","https://www.google.com/maps/search/SAMJU+TRADE+CO.,LTD+HO+CHI+MINH+Vietnam",4.2,,
SAMJUVINA,"Lot CN3-3, Diem Thuy I.P, Thuy DIem, Phu Binh, Thai Nguyen",THAI NGUYEN,+842083931603,제조업,https://www.google.com/maps/search/SAMJUVINA+THAI+NGUYEN+Vietnam,4.4,,
SAMKYOUNG VINA,"Tuyen 3, Dong VanⅡ I.Z, Bach Thuong, Duy Tien, Ha Nam",HA NAM,+842263585679,"전자, 전기 제조업",https://www.google.com/maps/search/SAMKYOUNG+VINA+HA+NAM+Vietnam,4.4,,
"SAMPO VINA CO.,LTD","Lot B8, Que Vo I.Z, Van Duong, Bac Ninh",BAC NINH,+842226251900,제조업,"https://www.google.com/maps/search/SAMPO+VINA+CO.,LTD+BAC+NINH+Vietnam",4.5,,
SAMSIN VINA,"Chau Son I.Z, Chau Son, Phu Ly, Ha Nam",HA NAM,+842263518169,"전자, 전기 제조업",https://www.google.com/maps/search/SAMSIN+VINA+HA+NAM+Vietnam,4.6,,
SAMSON EPOXY,"117 Pho thien Hien, My Dinh 1, Nam Tu Liem, Hanoi",HA NOI,+842437878495,제조업,https://www.google.com/maps/search/SAMSON+EPOXY+HA+NOI+Vietnam,4.5,,
"Samsung Climate Control Vietnam Co., Ltd","Part of Lot J, KCN Dong Van II, Bach Thuong, Duy Tien, Ha Nam",HA NAM,+842263582981,제조업,"https://www.google.com/maps/search/Samsung+Climate+Control+Vietnam+Co.,+Ltd+HA+NAM+Vietnam",4.5,,
SAMSUNG DISPLAY VIETNAM,"Yen Phong I.P, Yen Trung, Yen Phong, Bac Ninh",BAC NINH,+842223905021,"전자, 전기 제조업",https://www.google.com/maps/search/SAMSUNG+DISPLAY+VIETNAM+BAC+NINH+Vietnam,,,
SAMSUNG ELECTRONICS MECHANICS VIETNAM-SEMV,"Yen Binh I.Z, Pho Yen, Thai Nguyen",THAI NGUYEN,+849175789220,"전자, 전기 제조업",https://www.google.com/maps/search/SAMSUNG+ELECTRONICS+MECHANICS+VIETNAM-SEMV+THAI+NGUYEN+Vietnam,4.3,,
SAMSUNG ELECTRONICS VIETNAM,"Khu Cong Nghiep Yen Phong Yen Phong 1, Yen Trung, Yen Phong, Bac Ninh",BAC NINH,+842223696000,"전자, 전기 제조업",https://www.google.com/maps/search/SAMSUNG+ELECTRONICS+VIETNAM+BAC+NINH+Vietnam,3.9,,
SAMSUNG SDS VIETNAM,"Lot CN05, YP6, Yen Phong I.Z, Yen Trung, Yen Phong, Bac Ninh",BAC NINH,+842223699158,"물류, 운수, 여행업",https://www.google.com/maps/search/SAMSUNG+SDS+VIETNAM+BAC+NINH+Vietnam,4.1,,
SAMSUNG VINA INSURANCE,"19F, Keangnam Landmark Tower, Nam Tu Liem, Ha Noi",HA NOI,+842439425251,"금융, 보험",https://www.google.com/maps/search/SAMSUNG+VINA+INSURANCE+HA+NOI+Vietnam,4.3,,
SAMSUNG WELSTORY VIETNAM,"3th Floor, Halla Tower, IP Yen Phong, Bac Ninh",BAC NINH,+842223699930,"숙박, 요식, 급식",https://www.google.com/maps/search/SAMSUNG+WELSTORY+VIETNAM+BAC+NINH+Vietnam,4.2,,
"SAMWOO EMS VINA CO.,LTD","Yen Phong I.Z, Long Chau, Yen Phong, Bac Ninh",BAC NINH,+842223699988,"전자, 전기 제조업","https://www.google.com/maps/search/SAMWOO+EMS+VINA+CO.,LTD+BAC+NINH+Vietnam",,,
SAMWOOELECO HA NOI,"5F, CIT B/D, No6, Lane 15, Duy Tan, Dich Vong Hau, Cau Giay, Hanoi",HA NOI,+842432123107,"유통, 도소매, 무역",https://www.google.com/maps/search/SAMWOOELECO+HA+NOI+HA+NOI+Vietnam,,,
SAMYANG ANIMAL CLINIC,"No 29 N7A, Nguyen Thi Thap, Trung Hoa Nhan Chinh, Thanh Xuan, Hanoi",HA NOI,+842432002962,"병원, 의약, 위생, 의료",https://www.google.com/maps/search/SAMYANG+ANIMAL+CLINIC+HA+NOI+Vietnam,4.3,,
"SAMYANG ANIPHARM CO.,LTD","no 29, N7A, Nguyen Thi Thap, Trung Hoa Nhan Chinh, Hanoi",HA NOI,+842462979851,"유통, 도소매, 무역","https://www.google.com/maps/search/SAMYANG+ANIPHARM+CO.,LTD+HA+NOI+Vietnam",4.1,,
SAN DUL CHE,"9c Dinh Thon, My Dinh, Nam Tu Liem, Hanoi.",HA NOI,+843755525170,"숙박, 요식, 급식",https://www.google.com/maps/search/SAN+DUL+CHE+HA+NOI+Vietnam,4.2,,
"SANG-A FRONTEC VINA Co.,Ltd","No. 37, Road 11, I.Z, VSIP Bac Ninh, Dai Dong, Tien Du, Bac Ninh",BAC NINH,+842223835535,"환경, 설비, 기계","https://www.google.com/maps/search/SANG-A+FRONTEC+VINA+Co.,Ltd+BAC+NINH+Vietnam",4.7,,
"Sangwoo Vietnam Co., Ltd","Road 2, VSIP, Hung Tay, Hung Nguyen, Nghe An",NGHE AN,+842383209238,"섬유, 의류, 봉제 제조","https://www.google.com/maps/search/Sangwoo+Vietnam+Co.,+Ltd+NGHE+AN+Vietnam",3.9,,
SANHA,Voi-Yen My Industrial Zone Voi town – Lang Giang – Bac Giang,BAC GIANG,+84552802737,제조업,https://www.google.com/maps/search/SANHA+BAC+GIANG+Vietnam,4.4,,
"SANICO VIETNAM Co.,Ltd","Lot CN4, Gia Van I.C, Gia Vien, Ninh Binh",NINH BINH,+842293833579,"전자, 전기 제조업","https://www.google.com/maps/search/SANICO+VIETNAM+Co.,Ltd+NINH+BINH+Vietnam",4.0,,
"SANSHO JK-HA NOI CO.,LTD","Part of lot CN7, Hop Thinh industrial cluster, Hop Thinh, Hiep Hoa, Bac Giang",BAC GIANG,+842042200008,"전자, 전기 제조업","https://www.google.com/maps/search/SANSHO+JK-HA+NOI+CO.,LTD+BAC+GIANG+Vietnam",4.2,,
SANTOH VINA LOGISTICS,"Floor 5B, VMT Building, Block A1F, Cum TTCN va CNN, Duy Tan, Dich Vong Hau, Cau Giay, Hanoi",HA NOI,+842462821211,"물류, 운수, 여행업",https://www.google.com/maps/search/SANTOH+VINA+LOGISTICS+HA+NOI+Vietnam,3.9,,
SAO DO INVESTMENT GROUP JSC,"No. 768B Ngo Gia Tu, Thanh To, Hai An, Hai Phong",HAI PHONG,+842253814301,부동산개발.임대,https://www.google.com/maps/search/SAO+DO+INVESTMENT+GROUP+JSC+HAI+PHONG+Vietnam,,,
SAPA JADE HILL HOSPITALITY MANAGEMENT J.S.C,Tháp A - Tòa Golden Palace - đường Mễ Trì - Nam Từ Liêm - HN BRANCH: Tháp A - Tòa Golden Palace - đường Mễ Trì - Nam Từ Liêm - HN,HA NOI,+84984266496,"숙박, 요식, 급식",https://www.google.com/maps/search/SAPA+JADE+HILL+HOSPITALITY+MANAGEMENT+J.S.C+HA+NOI+Vietnam,4.0,,
Savills Vietnam,"21/F, West Tower, Lotte Center Ha Noi, 54 Lieu Giai Street, Ba Dinh District, Ha Noi, Vietnam",HA NOI,+842473019888,부동산개발.임대,https://www.google.com/maps/search/Savills+Vietnam+HA+NOI+Vietnam,4.5,,
SB INVEST GROUP,"2th floor,21T2 Hapulico Building, No.81 Vu trong Phung, Nhan Chinh, Thanh Xuan, Ha Noi BRANCH: 6th floor, PDD building No.162 Pasteur, Ben Nghe Distrist",HA NOI,+842462620246,부동산개발.임대,https://www.google.com/maps/search/SB+INVEST+GROUP+HA+NOI+Vietnam,4.3,,
SBB medical service joint stock company,"499 Trần Khát Chân, Ha Noi",HA NOI,+84982072499,"병원, 의약, 위생, 의료",https://www.google.com/maps/search/SBB+medical+service+joint+stock+company+HA+NOI+Vietnam,4.4,,
SB-TECH VINA,"F1504A Room, 15Th Floor Charmvit, No. 117 Tran Duy Hung, Trung Hoa, Cau Giay, Hanoi",HA NOI,+842473010088,건설 및 건설자재,https://www.google.com/maps/search/SB-TECH+VINA+HA+NOI+Vietnam,4.9,,
S-CONNECT BG VINA,"Van Trung Industrial Zone, Viet Yen District, Bac Giang City, Vietnam",BAC GIANG,+842043662656,"전자, 전기 제조업",https://www.google.com/maps/search/S-CONNECT+BG+VINA+BAC+GIANG+Vietnam,4.6,,
SD CHEMICAL VINA,"No 33 Ly Thai To, Ninh Xa, Bac Ninh",BAC NINH,+842226558964,"유통, 도소매, 무역",https://www.google.com/maps/search/SD+CHEMICAL+VINA+BAC+NINH+Vietnam,4.5,,
SD GLOBAL VIETNAM Ltd,"Lo dat XN3, KCN Dai An mo rong, TT Lai Cach, CamGiang, Tinh Hai Duong",HAI DUONG,+842203555561,제조업,https://www.google.com/maps/search/SD+GLOBAL+VIETNAM+Ltd+HAI+DUONG+Vietnam,4.2,,
"SD INDUSTRIAL VINA CO.,LTD","Room 245, Floor 2, GRAND PLAZA Trade center, No 117 Tran Duy Hung, Cau Giay, Hanoi",HA NOI,+842436882646,"유통, 도소매, 무역","https://www.google.com/maps/search/SD+INDUSTRIAL+VINA+CO.,LTD+HA+NOI+Vietnam",4.4,,
SDS INDUSTRY,"Lot C, N3 Road, Chau Son Ip, Chau Son Ward, Phu Ly City, Ha Nam Province, Vietnam",HA NAM,+842263828358,제조업,https://www.google.com/maps/search/SDS+INDUSTRY+HA+NAM+Vietnam,4.2,,
SDT VINA,"Lot CN 02-5, Binh Xuyen II I.Z, Ba Hien, Binh Xuyen, VINH PHUC",VINH PHUC,+84988034502,"전자, 전기 제조업",https://www.google.com/maps/search/SDT+VINA+VINH+PHUC+Vietnam,4.4,,
SE MYUNG ELECTRIC & POWER,"Lot 04, TDC 01, Mo Lao, Ha Dong, Hanoi BRANCH: No.55, Nguyen Trai, Nghia Lo, Quang Ngai",HA NOI,+842466534289,건설 및 건설자재,https://www.google.com/maps/search/SE+MYUNG+ELECTRIC+&+POWER+HA+NOI+Vietnam,4.4,,
"SEA HENG TECH VIETNAM Co.,Ltd","Dai Dong, Hoan Son I.Z, Dai Dong, Tien Du, Bac Ninh",BAC NINH,+842223848055,제조업,"https://www.google.com/maps/search/SEA+HENG+TECH+VIETNAM+Co.,Ltd+BAC+NINH+Vietnam",4.4,,
SEAH VINA,"Lot O-1, Que Vo I.Z, (Extension Area), Nam Son, Bac Ninh",BAC NINH,+842223952128,"전자, 전기 제조업",https://www.google.com/maps/search/SEAH+VINA+BAC+NINH+Vietnam,4.9,,
SEAHENGINEERING VIET NAM COMPANY LIMITED,"Trai Nam village, Dong Tien, Yen The, Bac Giang",BAC GIANG,+842043818188,"전자, 전기 제조업",https://www.google.com/maps/search/SEAHENGINEERING+VIET+NAM+COMPANY+LIMITED+BAC+GIANG+Vietnam,4.1,,
"SEAN E&C VINA Co.,Ltd","No 41, group 3, Phan Dinh Phung, Thai Nguyen BRANCH: R1003, 10th Floor, CMC Tower, No 11 Duy Tan, Dich Vong Hau, Cau Giay, Hanoi",THAI NGUYEN,+842432252505,제조업,"https://www.google.com/maps/search/SEAN+E&C+VINA+Co.,Ltd+THAI+NGUYEN+Vietnam",3.9,,
"SEBANG CHAIN VINA CO.,LTD","D2, Zone C, KCN Hoa Mac, Hoa Mac, Duy Tien, Ha Nam",HA NAM,+842263555514,제조업,"https://www.google.com/maps/search/SEBANG+CHAIN+VINA+CO.,LTD+HA+NAM+Vietnam",5.0,,
SEBANG VINA,"5fi, Licogi 13 Tower, Khuat Duy Tien, Nhan Chinh, Thanh Xuan, Hanoi BRANCH: Lot4, Textile I.P, Pho Noi, B, Di Su, My Hao, Hung Yen",HUNG YEN,+842432222108,"물류, 운수, 여행업",https://www.google.com/maps/search/SEBANG+VINA+HUNG+YEN+Vietnam,4.5,,
"SEBOMEC VIETNAM Co.,Ltd","LK1,-E01, North An Khanh, Hoai Duc Hanoi",HA NOI,+842422250273,건설 및 건설자재,"https://www.google.com/maps/search/SEBOMEC+VIETNAM+Co.,Ltd+HA+NOI+Vietnam",4.7,,
SEBONG VINA CORP,"2F CC2 Lot, Yen Phong I.Z, Yen Trung, Yen Phong, Bac Ninh",BAC NINH,+842226271024,"유통, 도소매, 무역",https://www.google.com/maps/search/SEBONG+VINA+CORP+BAC+NINH+Vietnam,4.3,,
SEDO VINAKO,"Dong Yen Hamlet, Duy Trinh, Duy Xuyen, Quang Nam",QUANG NAM,+842353739000,"섬유, 의류, 봉제 제조",https://www.google.com/maps/search/SEDO+VINAKO+QUANG+NAM+Vietnam,,,
SEGI VIET NAM,"Lot C2-2, Ba thien Ⅱ Industrial Park, Thien Ke-Binh Xuyen-VINH PHUC BRANCH: Lot C2-2, Ba thien Ⅱ Industrial Park, Thien Ke-Binh Xuyen-VINH PHUC",VINH PHUC,+84865672382,"전자, 전기 제조업",https://www.google.com/maps/search/SEGI+VIET+NAM+VINH+PHUC+Vietnam,4.7,,
SEGYUNG VINA,"Lo H1 KCN Que Vo, Phuong Lieu, Que vo, Bac Ninh",BAC NINH,+842223952295,"전자, 전기 제조업",https://www.google.com/maps/search/SEGYUNG+VINA+BAC+NINH+Vietnam,4.4,,
SEHWA,"Lot CN 14, Khai Quang I.Z, VINH PHUC",VINH PHUC,+842113843751,"섬유, 의류, 봉제 제조",https://www.google.com/maps/search/SEHWA+VINH+PHUC+Vietnam,4.3,,
SEHYUN TRADE,"Lot 10, New urban area project, Le Thai To, Vo Cuong, Bac Ninh",BAC NINH,+842223952500,"유통, 도소매, 무역",https://www.google.com/maps/search/SEHYUN+TRADE+BAC+NINH+Vietnam,4.0,,
SEIJIN BAGS VINA,"Dong Lang IP, Phu Ninh district, Phu Tho",PHU THO,+842103970985,제조업,https://www.google.com/maps/search/SEIJIN+BAGS+VINA+PHU+THO+Vietnam,3.9,,
SEIL M - TECH VINA COMPANY LIMITED,"Lot CN-06, South Zone A KCN Bim Son, Bac Son, Bim Son, Thanh Hoa",THANH HOA,+842373762188,제조업,https://www.google.com/maps/search/SEIL+M+-+TECH+VINA+COMPANY+LIMITED+THANH+HOA+Vietnam,4.5,,
SEILENS,"Tầng 25 khối A Tòa nhà Sông Đà, đường Phạm Hùng, Mỹ Đình 1, Nam Từ Liêm, Hà Nội BRANCH: Lô 08-1, khu công nghiệp Yên Phong mở rộng, xã Yên Trung, huyện Yên Phong, tỉnh Bắc Ninh",HA NOI,+842437858327,건설 및 건설자재,https://www.google.com/maps/search/SEILENS+HA+NOI+Vietnam,4.0,,
SEIN BLUE TEC VIETNAM,"Lot B10-B12 (Viet An Company) Dinh Tram I.Z, Viet Yen, Bac Giang",BAC GIANG,+842043661545,"전자, 전기 제조업",https://www.google.com/maps/search/SEIN+BLUE+TEC+VIETNAM+BAC+GIANG+Vietnam,4.4,,
"SEIN I&D VIETNAM CO., LTD.","Room 2309, 23F, Keangnam Hanoi Landmark Tower 72, Plot E6, Cau Giay New Urban Area, Metri Ward, Nam Tu Liem District, Hanoi, Vietnam.",HA NOI,+842437835607,"금융, 보험","https://www.google.com/maps/search/SEIN+I&D+VIETNAM+CO.,+LTD.+HA+NOI+Vietnam",,,
SEIN T&T VIETNAM,"Lot NV-B22, Trung Hoa Nhan Chinh, Thanh Xuan, Hanoi",HA NOI,+842462818076,"유통, 도소매, 무역",https://www.google.com/maps/search/SEIN+T&T+VIETNAM+HA+NOI+Vietnam,4.4,,
"SEIN TOGETHER KEE EUN CO., LTD","Block 6 Thuy Van IZ. Viet Tri, PhuTho",PHU THO,+842103857583,"섬유, 의류, 봉제 제조","https://www.google.com/maps/search/SEIN+TOGETHER+KEE+EUN+CO.,+LTD+PHU+THO+Vietnam",,,
"SEIN VINA Co.,Ltd","Lot CN8 Diem Thuy I.Z, Phu Binh, Thai Nguyen",THAI NGUYEN,+842083931570,제조업,"https://www.google.com/maps/search/SEIN+VINA+Co.,Ltd+THAI+NGUYEN+Vietnam",3.8,,
"SEJIN ELECTRONICS VINA CO.,LTD","2 street, Phuc Thang, Phuc Yen, VINH PHUC",VINH PHUC,+84962396931,"전자, 전기 제조업","https://www.google.com/maps/search/SEJIN+ELECTRONICS+VINA+CO.,LTD+VINH+PHUC+Vietnam",4.4,,
SEJIN INDUSTRY VINA,"Dai Dong - Hoan Son I.z, Tien Du, Bac Ninh",BAC NINH,+842223846065,제조업,https://www.google.com/maps/search/SEJIN+INDUSTRY+VINA+BAC+NINH+Vietnam,4.3,,
"SEJIN VINA CO.,LTD","Thanh Xuyen, Dong Tam, Ninh Giang, Hai Duong BRANCH: An Lang, An Hoa, Vinh Bao, Hai Phong",HAI DUONG,+842203763616,"섬유, 의류, 봉제 제조","https://www.google.com/maps/search/SEJIN+VINA+CO.,LTD+HAI+DUONG+Vietnam",4.1,,
"SEJONG WISE VINA CO.,LTD","Lo no.CN-17, KCN Van Trung, Van Trung, Viet Yen, Bac Giang",BAC GIANG,+842043666698,"전자, 전기 제조업","https://www.google.com/maps/search/SEJONG+WISE+VINA+CO.,LTD+BAC+GIANG+Vietnam",4.3,,
SEJOONG ETG TRAVEL,"11F, Charmvit Tower, 117 Tran Duy Hung, Trung Hoa, Cau Giay, Hanoi",HUNG YEN,,"물류, 운수, 여행업",https://www.google.com/maps/search/SEJOONG+ETG+TRAVEL+HUNG+YEN+Vietnam,,,
SEJUNG VIET NAM,"Lo CN4, Cum CN Cau Yen, Ninh Phong, Ninh Binh",NINH BINH,+842293686882,제조업,https://www.google.com/maps/search/SEJUNG+VIET+NAM+NINH+BINH+Vietnam,4.1,,
SEKONIX VINA,"Lot C10, Ba Thien II, I.P, Thien Ke, Binh Xuyen, VINH PHUC",VINH PHUC,+842113888100,"전자, 전기 제조업",https://www.google.com/maps/search/SEKONIX+VINA+VINH+PHUC+Vietnam,4.3,,
SEKWANG VINA,"Lot CN8, Diem Thuy IZ, Phu Binh, Thai Nguyen",THAI NGUYEN,+842083931565,제조업,https://www.google.com/maps/search/SEKWANG+VINA+THAI+NGUYEN+Vietnam,,,
Sem Diamond,"Lot CN1E, Deep C 2B Industrial Park belongs to Dinh Vu - Cat Hai Economic Zone, Dong Hai 2 Ward, Hai An District",HAI PHONG,+84986027578,제조업,https://www.google.com/maps/search/Sem+Diamond+HAI+PHONG+Vietnam,4.4,,
SEM MICRO COMPANY LIMITED,"Land lot CN 1F and CN 1G KCN DEEP C 2B, Dinh Vu – Cat Hai Economic Zone, Dong Hai 2, Hai An, Hai Phong",HAI PHONG,+842252299278,제조업,https://www.google.com/maps/search/SEM+MICRO+COMPANY+LIMITED+HAI+PHONG+Vietnam,4.7,,
"SEMAPO VINA CO.,LTD","Det May I.Z, Lieu Xa, Yen My, Hung Yen",HUNG YEN,+842216250333,"섬유, 의류, 봉제 제조","https://www.google.com/maps/search/SEMAPO+VINA+CO.,LTD+HUNG+YEN+Vietnam",,,
SEMBCORP,"7th floor, Horison Bld, 40 Cat Linh, Dong Da, Hanoi",HA NOI,+842413765668,부동산개발.임대,https://www.google.com/maps/search/SEMBCORP+HA+NOI+Vietnam,4.6,,
SEMITECH VINA,"Lot 15-17, Noi Hoang I.Z, Yen Dung, Bac Giang",BAC GIANG,+842043766259,"전자, 전기 제조업",https://www.google.com/maps/search/SEMITECH+VINA+BAC+GIANG+Vietnam,4.4,,
"SEMO VIETNAM CONSTRUCTION Co.,Ltd","Km9, dai lo Thang Long, An Khanh, Hoai Duc, Hanoi.",HA NOI,+842437957380,건설 및 건설자재,"https://www.google.com/maps/search/SEMO+VIETNAM+CONSTRUCTION+Co.,Ltd+HA+NOI+Vietnam",,,
SENA TECH,"Lot H3-1C, Que Vo I.Z, Van Duong, Bac Ninh",BAC NINH,+842223952128,"전자, 전기 제조업",https://www.google.com/maps/search/SENA+TECH+BAC+NINH+Vietnam,4.5,,
Seo Kwang Vina E.V.A Hanoi,"Số 10, Lô B2, Khu biệt thự Vinhome Hàm Nghi, Cầu Diễn, Nam Từ Liêm, Hà Nội",HUNG YEN,+842432020035,"섬유, 의류, 봉제 제조",https://www.google.com/maps/search/Seo+Kwang+Vina+E.V.A+Hanoi+HUNG+YEN+Vietnam,4.5,,
"SEO NAM CO.,LTD","Van Ly IZ, Dien Quang, Dien Ban, Quang Nam",QUANG NAM,+842352213515,"유통, 도소매, 무역","https://www.google.com/maps/search/SEO+NAM+CO.,LTD+QUANG+NAM+Vietnam",3.9,,
SEO-HO INC VINA,"No. 35, Lane 342 Ho Tung Mau, Group 12 Phu Dien, Phu Dien, Tu Liem, Hanoi",HA NOI,+84978332895,건설 및 건설자재,https://www.google.com/maps/search/SEO-HO+INC+VINA+HA+NOI+Vietnam,4.5,,
SEOHUI VIETNAM,"Lot CN8-2, Diem Thuy I.Z, Diem Thuy, Phu Binh, Thai Nguyen",THAI NGUYEN,+842083931520,"전자, 전기 제조업",https://www.google.com/maps/search/SEOHUI+VIETNAM+THAI+NGUYEN+Vietnam,4.1,,
SEOI VINA TRADE COMPANY LIMITED,"No 04, Huyen Quang 2, Vo Cuong, Bac Ninh",BAC NINH,+84968099583,"유통, 도소매, 무역",https://www.google.com/maps/search/SEOI+VINA+TRADE+COMPANY+LIMITED+BAC+NINH+Vietnam,4.5,,
"SEOJIN AUTO CO., LTD","Lot J5, Dai Dong-Hoan Son Industrial Park, Tan Hong Ward, Tu Son City, Bac Ninh Province, Vietnam.",BAC NINH,+84866731889,제조업,"https://www.google.com/maps/search/SEOJIN+AUTO+CO.,+LTD+BAC+NINH+Vietnam",4.1,,
"SEOJIN SYSTEM VINA CO.,LTD","Plot 23, TS5, Tien Son I.P, Tu Son, Bac Ninh",BAC NINH,+842223734840,제조업,"https://www.google.com/maps/search/SEOJIN+SYSTEM+VINA+CO.,LTD+BAC+NINH+Vietnam",4.5,,
"SEOJIN VIET NAM CO.,LTD","Lot B1, B2, B3, B6, B7 Song Khe- Noi Hoang Industrial Park (in the North), Song Khe Commune, Bac Giang City, Bac Giang Province, Vietnam.",BAC GIANG,+84866731889,제조업,"https://www.google.com/maps/search/SEOJIN+VIET+NAM+CO.,LTD+BAC+GIANG+Vietnam",4.4,,
"SEOJIN VINA CO.,LTD","Road TS3, Tien Son Industrial Zone, Hoan Son Commune, Tien Du district, Bac Ninh Province",BAC NINH,,제조업,"https://www.google.com/maps/search/SEOJIN+VINA+CO.,LTD+BAC+NINH+Vietnam",3.8,,
"SEOKANG VINA CO.,LTD","Dong Lang I.C, Phu Ninh, Phu Ninh, Phu Tho",PHU THO,+84971188266,"전자, 전기 제조업","https://www.google.com/maps/search/SEOKANG+VINA+CO.,LTD+PHU+THO+Vietnam",4.3,,
"SEONG MIN INTERNATIONAL CO.,LTD","K27/16 Ngu Hanh Son, My An, Ngu Hanh Son, Da Nang",DA NANG,,"유통, 도소매, 무역","https://www.google.com/maps/search/SEONG+MIN+INTERNATIONAL+CO.,LTD+DA+NANG+Vietnam",4.0,,
SEONG MO KOREA JOINT STOCK COMPANY,"250 Nguyen Huu Tho Street, Hoa Cuong Bac, Hai Chau, Da Nang",DA NANG,+84903786101,법무.회계.투자자문,https://www.google.com/maps/search/SEONG+MO+KOREA+JOINT+STOCK+COMPANY+DA+NANG+Vietnam,4.5,,
SEONGHO TECH VINA,"Lo Q1, KCN Trang Due, thuoc Khu Kinh te Dinh Vu, An Hoa, An Duong, Hai Phong",HAI PHONG,+842252299352,"환경, 설비, 기계",https://www.google.com/maps/search/SEONGHO+TECH+VINA+HAI+PHONG+Vietnam,4.4,,
SEOSIN ELECTRONICS VINA,"Chau Son I.Z, Le Hong Phong, Phu Ly, Ha Nam",HA NAM,+842263660666,"전자, 전기 제조업",https://www.google.com/maps/search/SEOSIN+ELECTRONICS+VINA+HA+NAM+Vietnam,4.4,,
SEOUL AQUA,"B44 Duong 4A, Phuong Tan Hung, Quan 7, HO CHI MINH",HO CHI MINH,+842862734470,"유통, 도소매, 무역",https://www.google.com/maps/search/SEOUL+AQUA+HO+CHI+MINH+Vietnam,4.0,,
"SEOUL GUARANTEE INSURANCE Co.,Ltd - HA NOI BRANCH","Unit 901, East Tower, Lotte Center Hanoi, 54 Lieu Giai, Cong Vi, Ba Dinh, Hanoi",HA NOI,+842439460322,"금융, 보험","https://www.google.com/maps/search/SEOUL+GUARANTEE+INSURANCE+Co.,Ltd+-+HA+NOI+BRANCH+HA+NOI+Vietnam",4.7,,
"SEOUL I.E.VINA CO.,LTD","Hung Thinh I.C, Vinh Hung, Binh Grang, Hai Duong",HAI DUONG,+842208636066,"전자, 전기 제조업","https://www.google.com/maps/search/SEOUL+I.E.VINA+CO.,LTD+HAI+DUONG+Vietnam",4.1,,
SEOUL METAL VIETNAM,"Yen Phong I.Z, Yen Phong, Bac Ninh",BAC NINH,+842223699100,제조업,https://www.google.com/maps/search/SEOUL+METAL+VIETNAM+BAC+NINH+Vietnam,4.5,,
SEOUL PRINT VINA,"Cn11 Khai Quang, Vinh Yen, VINH PHUC",VINH PHUC,,"섬유, 의류, 봉제 제조",https://www.google.com/maps/search/SEOUL+PRINT+VINA+VINH+PHUC+Vietnam,4.0,,
SEOUL REALESTATE & CONSULTING,"Lo 58-TT4, Do Dinh Thien,  My Dinh Song Da, Nam Tu Liem, Ha Noi",HA NOI,+842437940123,부동산개발.임대,https://www.google.com/maps/search/SEOUL+REALESTATE+&+CONSULTING+HA+NOI+Vietnam,4.4,,
Seoul Semiconductor Vina,"Dong Van I IZ, Dong Van Town, Duy Tien, Ha Nam",HA NAM,,제조업,https://www.google.com/maps/search/Seoul+Semiconductor+Vina+HA+NAM+Vietnam,4.3,,
"SEOWOO VINA CO.,LTD","Lot 2A, Zone A, Ly Thai To, Ninh Xa, Bac Ninh",BAC NINH,+842226262262,"숙박, 요식, 급식","https://www.google.com/maps/search/SEOWOO+VINA+CO.,LTD+BAC+NINH+Vietnam",4.5,,
SERA ELEVATOR VINA,"Lot CN7 diem Thuy Industriai Park, Hong Tien Commune. Pho Yen Town, Thai Nguyen Province.",THAI NGUYEN,+842083564332,제조업,https://www.google.com/maps/search/SERA+ELEVATOR+VINA+THAI+NGUYEN+Vietnam,4.1,,
SERVEONE (VIETNAM),"K-8 Lot Trang Due I.P. Dinh Vu- Cat Hai E.Z. Hong Phong, An Duong, Haiphong BRANCH: 19th Floor, Keangnam Hanoi Landmark Tower, Nam Tu Liem Dist, Hanoi",HAI PHONG,+842256279710,"유통, 도소매, 무역",https://www.google.com/maps/search/SERVEONE+(VIETNAM)+HAI+PHONG+Vietnam,4.0,,
"SET VINA Co., Ltd.","Slot C5, D1 Street, Chau Son Industrial Park, Chau son ward, Phu Iy City Ha Nam Province, Viet Nam",HA NAM,+842263858595,"전자, 전기 제조업","https://www.google.com/maps/search/SET+VINA+Co.,+Ltd.+HA+NAM+Vietnam",4.4,,
SEUM A&C VIETNAM,"8f, C block, Central Point Building, 219 Trung Kinh, Cau Giay",HA NOI,+84943078850,건설 및 건설자재,https://www.google.com/maps/search/SEUM+A&C+VIETNAM+HA+NOI+Vietnam,4.1,,
SEUNGWOO VINA Co. Ltd.,"Khu Công nghiệp Yên Bình, Phường Bãi Bông, Tp Phổ Yên, Thái Nguyên, Việt Nam",THAI NGUYEN,+842803866283,"전자, 전기 제조업",https://www.google.com/maps/search/SEUNGWOO+VINA+Co.+Ltd.+THAI+NGUYEN+Vietnam,,,
SEWON VINA,"#8, Lot A1, Dai Dong Hoan Son, Tien Du, Bac Ninh",BAC NINH,+842223848031,"전자, 전기 제조업",https://www.google.com/maps/search/SEWON+VINA+BAC+NINH+Vietnam,4.4,,
"SEY CARTOON MANUFACTURING CO.,LTD","9th floor, MITEC building, lot E2, Cau Giay, Yen Hoa, Cau Giay, Hanoi",HA NOI,+849685075750,"오락, 문화, 전시, 체육","https://www.google.com/maps/search/SEY+CARTOON+MANUFACTURING+CO.,LTD+HA+NOI+Vietnam",4.4,,
SEYOUNG VIETNAM,loy cn7.1A NAM DINH VU INDUSTRIAL PARK(ZONE 2),HAI PHONG,+84335873578,제조업,https://www.google.com/maps/search/SEYOUNG+VIETNAM+HAI+PHONG+Vietnam,4.5,,
"SG TECH VIETNAM CO.,LTD","Lot P, KCN Dong Van II, Duy Minh, Duy Tien, Ha Nam",HA NAM,+84976805628,"전자, 전기 제조업","https://www.google.com/maps/search/SG+TECH+VIETNAM+CO.,LTD+HA+NAM+Vietnam",4.5,,
SH Innovation,"113, 10F, CEO Building, MeTri Ha, Pham Hung, Me Tri, Nam Tu Liem, Ha Noi",HA NOI,+84357374156,건설 및 건설자재,https://www.google.com/maps/search/SH+Innovation+HA+NOI+Vietnam,4.3,,
SHC VINA,"Lo CN 16 KCN Van Trung, Van Trung, Viet Yen, Bac Giang",BAC GIANG,+849685901880,"환경, 설비, 기계",https://www.google.com/maps/search/SHC+VINA+BAC+GIANG+Vietnam,3.9,,
SHELLINE,"#625, CT5, My Dinh 1, Nam Tu Liem, Hanoi",HA NOI,+842437876531,"금융, 보험",https://www.google.com/maps/search/SHELLINE+HA+NOI+Vietnam,4.2,,
Sheraton Hai Phong,"Vinhomes Imperia Metropolitan Area, Ha Noi street, Hong Bang district, Hai Phong, Vietnam",HAI PHONG,+842253266888,"숙박, 요식, 급식",https://www.google.com/maps/search/Sheraton+Hai+Phong+HAI+PHONG+Vietnam,4.0,,
SHILLIM VIETNAM,"Cong ty Shillim, Vanco, Viet Tri, Phu Tho",PHU THO,+842103956100,"섬유, 의류, 봉제 제조",https://www.google.com/maps/search/SHILLIM+VIETNAM+PHU+THO+Vietnam,4.4,,
SHIN CHANG VINA COMPANY LIMITED,"Lot B4-2, KCN Thuan Yen, Hoa Thuan, Tam Ky, Quang Nam",QUANG NAM,+842352460300,제조업,https://www.google.com/maps/search/SHIN+CHANG+VINA+COMPANY+LIMITED+QUANG+NAM+Vietnam,4.3,,
SHIN HWA CONTECH VINA,"Lot CN8-3-5, Diem Thuy Iz., Phu Binh, Thai Nguyen",THAI NGUYEN,+842083931579,"전자, 전기 제조업",https://www.google.com/maps/search/SHIN+HWA+CONTECH+VINA+THAI+NGUYEN+Vietnam,4.6,,
SHIN MYUNG FIRST,"Group 3, Trung Dong, Trung Ninh, Nam Dinh",NAM DINH,+842283939888,"섬유, 의류, 봉제 제조",https://www.google.com/maps/search/SHIN+MYUNG+FIRST+NAM+DINH+Vietnam,4.2,,
SHIN SUNG C&T VINA,"Lot CN1-1, Diem Thuy IP, Diem Thuy Commune, Phu Binh District, Thai Nguyen Province, VIETNAM",THAI NGUYEN,+842083931620,"전자, 전기 제조업",https://www.google.com/maps/search/SHIN+SUNG+C&T+VINA+THAI+NGUYEN+Vietnam,4.6,,
SHIN SUNG VINA,"Lot B1, Song Khe I.Z, Noi Hoang, Bac Giang",BAC GIANG,+842043523041,제조업,https://www.google.com/maps/search/SHIN+SUNG+VINA+BAC+GIANG+Vietnam,,,
SHIN YONG,"Trung Trac, Van Lam, Hung Yen",HUNG YEN,+842213997867,제조업,https://www.google.com/maps/search/SHIN+YONG+HUNG+YEN+Vietnam,3.9,,
"SHIN YONG VIETNAM CO.,LTD","Lot CN4, Nam Cau Kien I.Z, Kien Bai, Thuy Nguyen, Hai Phong",HAI PHONG,+842253645488,제조업,"https://www.google.com/maps/search/SHIN+YONG+VIETNAM+CO.,LTD+HAI+PHONG+Vietnam",,,
SHINA TECH VIETNAM,"Lot B9, B11, Dinh Tram I.P, Viet Yen, Bac Giang",BAC GIANG,+842043661597,"전자, 전기 제조업",https://www.google.com/maps/search/SHINA+TECH+VIETNAM+BAC+GIANG+Vietnam,4.5,,
SHINE ART,"Dong Van I.Z, Duy Tien, Ha Nam",HA NAM,+842263583177,제조업,https://www.google.com/maps/search/SHINE+ART+HA+NAM+Vietnam,4.3,,
"SHINEI CORONA VIETNAM Co.,Ltd","Plot C4 Thang Long I.P II, Yen My, Hung Yen",HUNG YEN,+842213589155,제조업,"https://www.google.com/maps/search/SHINEI+CORONA+VIETNAM+Co.,Ltd+HUNG+YEN+Vietnam",4.3,,
SHINHAN BANK VIETNAM,"38th Floor, Keangnam Hanoi Tower, Me Tri, Nam Tu Liem, Hanoi",HA NOI,,"금융, 보험",https://www.google.com/maps/search/SHINHAN+BANK+VIETNAM+HA+NOI+Vietnam,4.4,,
SHINHAN ELEVATOR VIETNAM,"6Floor, Ngoi Sao Tower, Duong Dinh Nghe, Yen Hoa, Cau Giay, Hanoi",HA NOI,+842435553851,"환경, 설비, 기계",https://www.google.com/maps/search/SHINHAN+ELEVATOR+VIETNAM+HA+NOI+Vietnam,4.5,,
SHINHAN J&P,"Que Vo Extension I.Z, Phuong Lieu, Que Vo, Bac Ninh",BAC NINH,+842223952509,제조업,https://www.google.com/maps/search/SHINHAN+J&P+BAC+NINH+Vietnam,4.2,,
SHINHAN LIFE INSURANCE,"2501-2,Keangnam Hanoi Landmark Tower, Plot E6, Cau Giay, Me tri, Nam Tu, Hanoi",HA NOI,+842437662000,"금융, 보험",https://www.google.com/maps/search/SHINHAN+LIFE+INSURANCE+HA+NOI+Vietnam,5.0,,
SHINHAN TECH VINA,"3rd Fl., 22 Nguyen Khang, Yen Hoa, Cau Giay, Hanoi",HA NOI,+842432242447,"환경, 설비, 기계",https://www.google.com/maps/search/SHINHAN+TECH+VINA+HA+NOI+Vietnam,3.8,,
"SHINHEUNG VINA. CO., LTD","Dai An Industrial Zone, Tu Minh Ward Hai Duong City, Hai Duong",HAI DUONG,+842203555027,"전자, 전기 제조업","https://www.google.com/maps/search/SHINHEUNG+VINA.+CO.,+LTD+HAI+DUONG+Vietnam",4.3,,
"SHINHO VINA CO.,LTD","NX02, Lot CN1B-1, Que VoⅢ, I.Z, Viet Hung, Que Vo, Bac Ninh",BAC NINH,+84906271751,"전자, 전기 제조업","https://www.google.com/maps/search/SHINHO+VINA+CO.,LTD+BAC+NINH+Vietnam",4.1,,
SHINHWA TNS,"To 12, TT Xuan Trung, Xuan Trung, Nam Dinh",NAM DINH,+842283835003,제조업,https://www.google.com/maps/search/SHINHWA+TNS+NAM+DINH+Vietnam,4.7,,
"SHINHWA VINA CO.,LTD","Thuan Thanh 3 I.P, Thanh Khuong, Thuan Thanh, Bac Ninh",BAC NINH,+842223798505,제조업,"https://www.google.com/maps/search/SHINHWA+VINA+CO.,LTD+BAC+NINH+Vietnam",4.3,,
SHINKI SPECIAL TOOL,"Road 419, Phung Xa, Thach That, Hanoi",HA NOI,+842433661881,제조업,https://www.google.com/maps/search/SHINKI+SPECIAL+TOOL+HA+NOI+Vietnam,4.3,,
SHINPOONG TECH VINA,"Zone B, Song Cong I IZ, Bach Quang Ward, Song Cong City, Thai Nguyen Province, Vietnam",THAI NGUYEN,+84942142522,제조업,https://www.google.com/maps/search/SHINPOONG+TECH+VINA+THAI+NGUYEN+Vietnam,4.4,,
"SHINSUNG ELECTRONICS VINA CO.,LTD","Ngoc Lang, Ngoc Lam, My Hao, Hung Yen",HUNG YEN,+842213949993,"전자, 전기 제조업","https://www.google.com/maps/search/SHINSUNG+ELECTRONICS+VINA+CO.,LTD+HUNG+YEN+Vietnam",4.4,,
SHINSUNG ENG (VIETNAM),"Phòng F1114 Tầng 11, Tòa nhà Charmvit Tower, Số 117 đường Trần Duy Hưng, Phường Trung Hòa, Quận Cầu Giấy, Thành phố Hà Nội, Việt Nam",HA NOI,+842462659124,"환경, 설비, 기계",https://www.google.com/maps/search/SHINSUNG+ENG+(VIETNAM)+HA+NOI+Vietnam,4.9,,
"SHINSUNG TECHNOLOGY VIETNAM CO.,LTD","khuB,KCN Song cong 1, Phuong bach quang ,thanh pho song cong, thai nguyen",THAI NGUYEN,+842083761729,제조업,"https://www.google.com/maps/search/SHINSUNG+TECHNOLOGY+VIETNAM+CO.,LTD+THAI+NGUYEN+Vietnam",4.5,,
SHINSUNG VINA,"Lo B1, KCN Song Khe-Noi Hoang, xa Song Khe, TP Bac Giang, tinh Bac Giang",BAC GIANG,+842043523041,"전자, 전기 제조업",https://www.google.com/maps/search/SHINSUNG+VINA+BAC+GIANG+Vietnam,4.3,,
"SHINTECH VINA CO.,LTD","Chau Son IP, Phu Ly, Ha Nam",HA NAM,+842263763388,"유통, 도소매, 무역","https://www.google.com/maps/search/SHINTECH+VINA+CO.,LTD+HA+NAM+Vietnam",4.0,,
"SHINTS BVT CO.,LTD","Thach khoi, Hai Duong BRANCH: Lot 7, Duong Tu Minh zone, Du Phu Duong, Thai Nguyen",HAI DUONG,+842203861727,"섬유, 의류, 봉제 제조","https://www.google.com/maps/search/SHINTS+BVT+CO.,LTD+HAI+DUONG+Vietnam",4.0,,
SHINUS VINA,"Diem Thuy Iz., Phu Binh, Thai Nguyen",THAI NGUYEN,+842086336336,제조업,https://www.google.com/maps/search/SHINUS+VINA+THAI+NGUYEN+Vietnam,,,
SHINWALL TRAVEL,"Villa E7 The Manor, Do Dinh Thien, Nam Tu Liem, Hanoi",HA NOI,+842435565709,"물류, 운수, 여행업",https://www.google.com/maps/search/SHINWALL+TRAVEL+HA+NOI+Vietnam,4.8,,
SHINWON EBENEZER HA NOI,"Nguyen Gon Iz., Cai Dan, Song Cong, Thai Nguyen",THAI NGUYEN,+842083662952,"섬유, 의류, 봉제 제조",https://www.google.com/maps/search/SHINWON+EBENEZER+HA+NOI+THAI+NGUYEN+Vietnam,4.4,,
SHINWON EBENEZER VIET NAM,"CN 14, Khai Quan IZ, Vinh Yen, VINH PHUC",VINH PHUC,+842113842830,"섬유, 의류, 봉제 제조",https://www.google.com/maps/search/SHINWON+EBENEZER+VIET+NAM+VINH+PHUC+Vietnam,4.1,,
"SHINWOO INDUSTRIES VINA Co.,Ltd","Tang 18A, Toa nha MD Complex, 68 Nguyen Co Thach, Hanoi",HA NOI,+842432010567,건설 및 건설자재,"https://www.google.com/maps/search/SHINWOO+INDUSTRIES+VINA+Co.,Ltd+HA+NOI+Vietnam",4.4,,
SHINWOO P&C VINA,"Floor 11, 3D Creative Center Vietnam Building, 3 Duy Tan, Dich Vong Hau, Cau Giay, Hanoi",HA NOI,+842462537406,"유통, 도소매, 무역",https://www.google.com/maps/search/SHINWOO+P&C+VINA+HA+NOI+Vietnam,3.9,,
SHINWOO TECH COMPANY LIMITED,"Roi Soc, Phu Chan, Tu Son, Bac Ninh",BAC NINH,+842223765892,제조업,https://www.google.com/maps/search/SHINWOO+TECH+COMPANY+LIMITED+BAC+NINH+Vietnam,4.4,,
SHINWOO TNC VINA,"SN 4, ngõ 180/36, đường Đình Thôn, TDP14, Nhân Mỹ, P.Mỹ Đình 1, Q.Nam Từ Liêm BRANCH: Sunshine City S6, Khu đô thị Ciputra, phường Xuân Đỉnh, Từ Liêm, Hà Nội, Việt Nam",HA NOI,+842432012013,"전자, 전기 제조업",https://www.google.com/maps/search/SHINWOO+TNC+VINA+HA+NOI+Vietnam,4.0,,
"SHINYANG METAL VIET NAM CO.,LTD","Lot XN3-1A and XN3-1G, Dai An Expansion IZ, Lai Cach Town, Cam Giang Dist, Hai Duong Province, Viet Nam BRANCH: Lot XN3-1A and XN3-1G, Dai An Expansion IZ, Lai Cach Town, Cam Giang Dist, Hai Duong Province, Viet Nam",HAI DUONG,+842203559858,제조업,"https://www.google.com/maps/search/SHINYANG+METAL+VIET+NAM+CO.,LTD+HAI+DUONG+Vietnam",4.4,,
SHINYANG TECH VINA,"Bac Ninh성, Que Vo군,Phuong Lieu면, Que Vo공단",BAC NINH,+842223952512,"전자, 전기 제조업",https://www.google.com/maps/search/SHINYANG+TECH+VINA+BAC+NINH+Vietnam,4.5,,
SHINYONG LOFARMA,"F15, Sao Mai B/D, 19 Le Van Luong, Thanh Xuan, Hanoi",HA NOI,+84946973144,"병원, 의약, 위생, 의료",https://www.google.com/maps/search/SHINYONG+LOFARMA+HA+NOI+Vietnam,4.1,,
SHL VINA TRADING,"Room 624, Floor 6, CIC TOWER, No.2, Lane 219, Trung Kinh Street, Yen Hoa Ward, Cau Giay District, Hanoi",HA NOI,+842471018688,"유통, 도소매, 무역",https://www.google.com/maps/search/SHL+VINA+TRADING+HA+NOI+Vietnam,4.5,,
SHTEK TECHNOLOGY JSC,"So 9, Ngach 18/1, Ngo 111 Trieu Khuc, Xa Tan Trieu, Huyen Thanh Tri, Hanoi",HA NOI,,"환경, 설비, 기계",https://www.google.com/maps/search/SHTEK+TECHNOLOGY+JSC+HA+NOI+Vietnam,4.7,,
SI FLEX VIETNAM,"Lot A, Quang Chau I.Z, Viet Yen, Bac Giang",BAC GIANG,+842043848888,"전자, 전기 제조업",https://www.google.com/maps/search/SI+FLEX+VIETNAM+BAC+GIANG+Vietnam,4.4,,
"SI NETWORKS CO.,LTD","Khu Tây Đoài, Xã Phù Lỗ, Huyện Sóc Sơn, Thành Phố Hà Nội, Việt Nam",HA NOI,+842432047345,"유통, 도소매, 무역","https://www.google.com/maps/search/SI+NETWORKS+CO.,LTD+HA+NOI+Vietnam",4.3,,
SIANINTRO INC,"서울특별시 서초구 양재천로 129, 5층(양재동)",KOREA,+8425765505,부동산개발.임대,https://www.google.com/maps/search/SIANINTRO+INC+KOREA+Vietnam,4.3,,
SILKROAD HA NOI JSC.,"Lo XN 46-4, KCN Dai An, Hai Duong",HAI DUONG,+842203555500,건설 및 건설자재,https://www.google.com/maps/search/SILKROAD+HA+NOI+JSC.+HAI+DUONG+Vietnam,4.9,,
SILVER MOUNTAIN LOGISTICS (VIETNAM),"8th floor, IDMC building, No 21 Duy Tan Street, Dich Vong Hau Ward, Cau Giay District, Hanoi City, Vietnam",HA NOI,+842462826896,"물류, 운수, 여행업",https://www.google.com/maps/search/SILVER+MOUNTAIN+LOGISTICS+(VIETNAM)+HA+NOI+Vietnam,4.6,,
SIMPLINE,"63 Tran Duy Hung, Trung Hoa, Cau Giay, Ha Noi",HA NOI,+84383313997,"병원, 의약, 위생, 의료",https://www.google.com/maps/search/SIMPLINE+HA+NOI+Vietnam,4.0,,
SIN OH TECH,"TS.7 Tien Son I.P, Tuong Giang, Tu Son, Bac Ninh",BAC NINH,+842223734536,"전자, 전기 제조업",https://www.google.com/maps/search/SIN+OH+TECH+BAC+NINH+Vietnam,4.7,,
SINDOH VINA,"Khai Quang I.Z, VINH PHUC",VINH PHUC,+842113723814,제조업,https://www.google.com/maps/search/SINDOH+VINA+VINH+PHUC+Vietnam,,,
SINDOH VINA MARKETING,"3rd floor, Dong Loi Building, no.2 + 4, Alley 1160, Lang, Lang Thuong, Dong Da, Hanoi",HA NOI,+842432003850,"유통, 도소매, 무역",https://www.google.com/maps/search/SINDOH+VINA+MARKETING+HA+NOI+Vietnam,4.6,,
Sindoh Vina Marketing,"Số nhà 10, đường Lý Nam Đế, KĐT Sinh Thái Sông Hồng_Nam Đầm Vạc, P Khai Quang, Tp Vĩnh Yên, T Vĩnh Phúc, Việt Nam",VINH PHUC,+842113723809,"유통, 도소매, 무역",https://www.google.com/maps/search/Sindoh+Vina+Marketing+VINH+PHUC+Vietnam,4.0,,
SINGGREEN VINA,"17F, Charmvit Tower, 117 Tran Duy Hung, Trung Hoa Nhan Chinh, Cau Giay, Hanoi",HA NOI,+84974049446,"유통, 도소매, 무역",https://www.google.com/maps/search/SINGGREEN+VINA+HA+NOI+Vietnam,4.2,,
SINHAN YONG METAL,"No23, Dinh Dien Road, Lam Son Ward, Hung Yen Province",HUNG YEN,+843212516526,제조업,https://www.google.com/maps/search/SINHAN+YONG+METAL+HUNG+YEN+Vietnam,4.4,,
"SINHEUNG TECH CO,. LTD","Phan Boi hamlet, Di Su, My Hao, Hung Yen",HUNG YEN,+842213900320,제조업,"https://www.google.com/maps/search/SINHEUNG+TECH+CO,.+LTD+HUNG+YEN+Vietnam",4.8,,
"SINKWANG VINA CO.,LTD","Area 1, Yen Kien, Doan Hung, Phu Tho",PHU THO,+84372497162,"오락, 문화, 전시, 체육","https://www.google.com/maps/search/SINKWANG+VINA+CO.,LTD+PHU+THO+Vietnam",4.6,,
SINKWANG VINA COMPANY LIMITED,"Area 1, Yen Kien, Doan Hung, Phu Tho",PHU THO,+84372497162,"섬유, 의류, 봉제 제조",https://www.google.com/maps/search/SINKWANG+VINA+COMPANY+LIMITED+PHU+THO+Vietnam,4.4,,
SINWOO VINA,"Que Vo I.Z, Phuong Lieu, Bac Ninh",BAC NINH,+842223952343,제조업,https://www.google.com/maps/search/SINWOO+VINA+BAC+NINH+Vietnam,4.5,,
"SISEONG GLOBAL VINA CO.,LTD","Duong Loi, Tan Hong, Tu Son, Bac Ninh",BAC NINH,+849689747640,"전자, 전기 제조업","https://www.google.com/maps/search/SISEONG+GLOBAL+VINA+CO.,LTD+BAC+NINH+Vietnam",4.5,,
"SJ AUTOMOTIVE CO., LTD","KCN Dong Van I, Bach Thuong, Duy Tien, Ha Nam",HA NAM,+842263967001,제조업,"https://www.google.com/maps/search/SJ+AUTOMOTIVE+CO.,+LTD+HA+NAM+Vietnam",4.9,,
"SJ ELECTRONICS VINA CO.,LTD.","Lo2, KCN Binh Xuyen, TT Huong Canh, Huyen Binh Xuyen, Tinh VINH PHUC, Viet Nam",VINH PHUC,,"전자, 전기 제조업","https://www.google.com/maps/search/SJ+ELECTRONICS+VINA+CO.,LTD.+VINH+PHUC+Vietnam",4.1,,
"SJ Precision co., Ltd","Hamlet 1, Cat Da Lane, Lam Ha ward, Kien An district, Hai Phong Repair Center : No. 705, Lot CC3-1,Trang due Industrial Park, Hai Phong",HAI PHONG,+84973958369,"환경, 설비, 기계","https://www.google.com/maps/search/SJ+Precision+co.,+Ltd+HAI+PHONG+Vietnam",4.8,,
"SJT VINA CO.,LTD","Yen Phong I.Z, Yen Phong, Bac Ninh",BAC NINH,+842223699690,"전자, 전기 제조업","https://www.google.com/maps/search/SJT+VINA+CO.,LTD+BAC+NINH+Vietnam",4.5,,
SK ECO PLANT,"Unit 2507, Keangnam Landmark 72 Building, Nam Tu Liem, Hanoi, Vietnam",HA NOI,+8447689306,"환경, 설비, 기계",https://www.google.com/maps/search/SK+ECO+PLANT+HA+NOI+Vietnam,4.3,,
SK UNIVERSAL,"No. 41 An Hai 20, Man Thai, Son Tra, Da Nang",DA NANG,+84905401031,"숙박, 요식, 급식",https://www.google.com/maps/search/SK+UNIVERSAL+DA+NANG+Vietnam,,,
SKC HI-TECH & MARKETING VINA,"Unit 6, 18th floor, Charmvit Tower 117 Tran Duy Hung, Hanoi",HA NOI,+821064711375,"전자, 전기 제조업",https://www.google.com/maps/search/SKC+HI-TECH+&+MARKETING+VINA+HA+NOI+Vietnam,4.6,,
SK-TECH,"Thon Kim Quan, xa Yen Vien, Gia Lam, Hanoi",HA NOI,+842436527048,건설 및 건설자재,https://www.google.com/maps/search/SK-TECH+HA+NOI+Vietnam,3.8,,
SKY DENOV VINA,"Lot CN 03-1, Binh Xuyen II, I.Z, Ba Hien, Binh Xuyen, VINH PHUC",VINH PHUC,+842112481200,"전자, 전기 제조업",https://www.google.com/maps/search/SKY+DENOV+VINA+VINH+PHUC+Vietnam,4.6,,
SKY GARDEN HOTEL,"So 330, Ngoc Han Cong Chua, Vo Cuong, Bac Ninh",BAC NINH,,"숙박, 요식, 급식",https://www.google.com/maps/search/SKY+GARDEN+HOTEL+BAC+NINH+Vietnam,4.0,,
SKY LAKE RESORT & GOLF CLUB,"Van Son Lake Area, Chuong My, Hanoi",HA NOI,+842433711234,"오락, 문화, 전시, 체육",https://www.google.com/maps/search/SKY+LAKE+RESORT+&+GOLF+CLUB+HA+NOI+Vietnam,4.4,,
SKY TRIP,"1301, 13 Floor, Sudico Bld HH3, Me Tri, My Dinh, Hanoi",HA NOI,+84915063899,"물류, 운수, 여행업",https://www.google.com/maps/search/SKY+TRIP+HA+NOI+Vietnam,4.3,,
SKYCROSS VINA COMPANY LIMITED,"Land lot CN4.3A, KCN Dinh Vu, Dong Hai 2, Hai An, Hai Phong",HAI PHONG,+842258830341,제조업,https://www.google.com/maps/search/SKYCROSS+VINA+COMPANY+LIMITED+HAI+PHONG+Vietnam,4.4,,
SL ELECTRONICS VIETNAM,"Lot L1, Trang Due, An Duong, Dinh Vu, Cat Hai, Hai Phong",HAI PHONG,+842252299881,"전자, 전기 제조업",https://www.google.com/maps/search/SL+ELECTRONICS+VIETNAM+HAI+PHONG+Vietnam,4.2,,
SL GLOBAL VINA,"5th Floor, TT03-05, HD Mon City, My Dinh 2 Ward, Nam Tu Liem Dist., Ha Noi, Viet Nam",HA NOI,+842432009741,건설 및 건설자재,https://www.google.com/maps/search/SL+GLOBAL+VINA+HA+NOI+Vietnam,4.5,,
"SLS CHEM & TECH CO.,LTD","Lot H2-1-3B, Dai Dong Hoan Son I.P, Tri Phuong, Tien Du, Bac Ninh",BAC NINH,+842222220118,"유통, 도소매, 무역","https://www.google.com/maps/search/SLS+CHEM+&+TECH+CO.,LTD+BAC+NINH+Vietnam",4.6,,
"SM ADM21 VINA CO.,LTD","C5 Plot, Khanh Phu Industrial Zone, Yen Khanh District, Ninh Binh, Viet Nam",NINH BINH,+84229762805,제조업,"https://www.google.com/maps/search/SM+ADM21+VINA+CO.,LTD+NINH+BINH+Vietnam",,,
"SM TECH VIETNAM CO.,LTD","Khac Niem I.Z, Khac Niem, Bac Ninh",BAC NINH,+842223737231,제조업,"https://www.google.com/maps/search/SM+TECH+VIETNAM+CO.,LTD+BAC+NINH+Vietnam",4.4,,
SM TECH VINA ENGINEERING COMPANY LIMITED,"Lot N1-7, Trang Due industrial park, in Dinh Vu-Cat Hai economic zone, An Hoa commune, An Duong district, Hai Phong",HAI PHONG,+842252299709,제조업,https://www.google.com/maps/search/SM+TECH+VINA+ENGINEERING+COMPANY+LIMITED+HAI+PHONG+Vietnam,4.6,,
S-MAC HT,"Dong Van Indusrial Zone 1, Bach Thuong Ward, Duy Tien Town, Ha Nam",HA NAM,+842263966822,"전자, 전기 제조업",https://www.google.com/maps/search/S-MAC+HT+HA+NAM+Vietnam,4.6,,
"SMART CARGO SERVICE CO.,LTD","3FL, Interserco B/D, No 2 Ton That Thuyet Str, My Dinh 2 ward, Nam Tu Liem Dist, HN. BRANCH: 0984066589 Hoa",HA NOI,+842435553042,"물류, 운수, 여행업","https://www.google.com/maps/search/SMART+CARGO+SERVICE+CO.,LTD+HA+NOI+Vietnam",,,
"SMART TD VINA CO.,LTD","A6, Huyen Quang Residence Zone, Vo Cuong 42, Vo Cuong, Bac Ninh",BAC NINH,+842223893628,"유통, 도소매, 무역","https://www.google.com/maps/search/SMART+TD+VINA+CO.,LTD+BAC+NINH+Vietnam",3.8,,
SMART TECH VINA COMPANY LIMITED,"Lô D14-D15, KCN Đình Trám, Hồng Thái, Việt Yên, Bắc Giang BRANCH: Lô D14-D15, KCN Đình Trám, Hồng Thái, Việt Yên, Bắc Giang",BAC GIANG,+842403666258,제조업,https://www.google.com/maps/search/SMART+TECH+VINA+COMPANY+LIMITED+BAC+GIANG+Vietnam,4.8,,
"SMART VINA CO., LTD","Lot V2, Thuan Thanh 3 Ind. Park, Thanh Khuong Commune, Thuan Thanh, Bac Ninh.",BAC NINH,,"전자, 전기 제조업","https://www.google.com/maps/search/SMART+VINA+CO.,+LTD+BAC+NINH+Vietnam",4.8,,
SMARTHOMES,"Lô 158 kiểu nhà biệt thự khu nhà ở TT3 Trần Văn Lai Mỹ Đình 1, Nam Tu Liem, Hanoi City",HA NOI,+84387789680,부동산개발.임대,https://www.google.com/maps/search/SMARTHOMES+HA+NOI+Vietnam,4.6,,
Smartscore Vietnam LLC,"Tầng 29, Tòa Đông, Hà Nội Lotte Center, Số 54 Đường Liễu Giai, Phường Cống Vị, Quận Ba Đình, Hà Nội",HA NOI,+84383451197,"오락, 문화, 전시, 체육",https://www.google.com/maps/search/Smartscore+Vietnam+LLC+HA+NOI+Vietnam,,,
"SMBL CO., LTD","3rd floor, Phuong Dong Golf Building, Tan My, Nam Tu Liem, Hanoi",HA NOI,+842437877700,"유통, 도소매, 무역","https://www.google.com/maps/search/SMBL+CO.,+LTD+HA+NOI+Vietnam",4.4,,
Smcity,"06 Le Loi, Vinh Ninh, Hue City, Thua Thien Hue",HUE,+84896234271,부동산개발.임대,https://www.google.com/maps/search/Smcity+HUE+Vietnam,4.3,,
SME LOGISTICS,35 Le Thanh Street – Phu Ly City – Ha Nam Province,HA NAM,+842422206123,"물류, 운수, 여행업",https://www.google.com/maps/search/SME+LOGISTICS+HA+NAM+Vietnam,4.5,,
"SME VIETNAM CO.,LTD","Lot B7-B8, KCN Dinh Tram, Nenh Town, Viet Yen District, Bac Giang Province",BAC GIANG,+842043661934,"전자, 전기 제조업","https://www.google.com/maps/search/SME+VIETNAM+CO.,LTD+BAC+GIANG+Vietnam",4.5,,
"SMEC VINA CO.,LTD","17th Floor, Vinaconex-9 Building, Lot HH2-2 Me Tri Ha, Pham Hung, Nam Tu Liem, Hanoi BRANCH: ('+8424) 7102 8688",HA NOI,,"환경, 설비, 기계","https://www.google.com/maps/search/SMEC+VINA+CO.,LTD+HA+NOI+Vietnam",4.6,,
SMILE REAL ESTATE,"No B1, 86 Nguyen Thi Dinh, Trung Hoa, Hanoi",HA NOI,+842435558056,부동산개발.임대,https://www.google.com/maps/search/SMILE+REAL+ESTATE+HA+NOI+Vietnam,4.4,,
"SN HITEC VINA CO.,LTD","Lot G1-2-2, Dai Dong, Hoan Son I.Z, Tri Phuong, Tien Du, Bac Ninh",BAC NINH,+842223848355,"전자, 전기 제조업","https://www.google.com/maps/search/SN+HITEC+VINA+CO.,LTD+BAC+NINH+Vietnam",4.4,,
SN VINA,"Cach Mang Thang 10 Street, Song Cong1 industrial area, Doc Dai Quarter, Bach Quang Ward, Song Cong City, Thai Nguyen province",THAI NGUYEN,+842083935586,제조업,https://www.google.com/maps/search/SN+VINA+THAI+NGUYEN+Vietnam,4.4,,
SNA VIETNAM,"9th Floor, VNPT Bac Ninh Building, 33 Ly Thai To, Ninh Xa, Bac ninh",BAC NINH,+842223779822,"통신, IT, SW",https://www.google.com/maps/search/SNA+VIETNAM+BAC+NINH+Vietnam,4.5,,
SNG THAI NGUYEN COMPANY LIMITED,"Lot CN07, KCN Diem Thuy (Zone A), Hong Tien, Pho Yen, Thai Nguyen",THAI NGUYEN,+84934656670,"전자, 전기 제조업",https://www.google.com/maps/search/SNG+THAI+NGUYEN+COMPANY+LIMITED+THAI+NGUYEN+Vietnam,4.3,,
SNJ VINA,"Lot CN - 09, KCN Phu Ha, Ha Thach, Phu Tho",PHU THO,+842103813222,"전자, 전기 제조업",https://www.google.com/maps/search/SNJ+VINA+PHU+THO+Vietnam,4.1,,
"SNS Korvina Co., Ltd","1F, V-City Bld., 03 Le Thai To Street, Vo Cuong Ward, Bac Ninh city",BAC NINH,+842222221579,제조업,"https://www.google.com/maps/search/SNS+Korvina+Co.,+Ltd+BAC+NINH+Vietnam",4.6,,
SNS VIETNAM,"Trung Trac, Van Lam, Hung Yen",HUNG YEN,+842203898889,제조업,https://www.google.com/maps/search/SNS+VIETNAM+HUNG+YEN+Vietnam,4.1,,
"SoilBuild Asset Managemenet & Service Co., Ltd.","9th Floor, Leadvisors Tower, 643 Pham Van Dong Street, Co Nhue 1 Ward, Bac Tu Liem District, Hanoi City, Vietnam.",HA NOI,+84868522166,부동산개발.임대,"https://www.google.com/maps/search/SoilBuild+Asset+Managemenet+&+Service+Co.,+Ltd.+HA+NOI+Vietnam",4.4,,
"SOLA ETM SERVICE & TRADING Co.,Ltd","Add 1 : Thon Phu VInh, An Khanh, Hoai Duc, Hanoi Add 2 : Lo 109-TT3, KDT My Dinh Song Da, Tu Liem, Hanoi BRANCH: [Presentation] A12, Khu nha o Phu My, QL51, Tan Phuoc, Phu My, Ba Ria Vung Tau",HA NOI,+842437740888,"유통, 도소매, 무역","https://www.google.com/maps/search/SOLA+ETM+SERVICE+&+TRADING+Co.,Ltd+HA+NOI+Vietnam",4.7,,
"SOLUM VINA CO.,LTD","Plot B3, Ba Thien II Industrial Park, Thien Ke, Binh Xuyen, VINH PHUC",VINH PHUC,+842113815000,"전자, 전기 제조업","https://www.google.com/maps/search/SOLUM+VINA+CO.,LTD+VINH+PHUC+Vietnam",,,
SONG DA AIT,"5th Fl., SIMCO Song Da Bldg., Van Phuc New Urban Elementary, Ha Noi",HA NOI,+842422212468,"환경, 설비, 기계",https://www.google.com/maps/search/SONG+DA+AIT+HA+NOI+Vietnam,4.4,,
"SONG HAN CO.,LTD","647A Kim Ma, Ba Dinh, Hanoi",HA NOI,+842439288101,"환경, 설비, 기계","https://www.google.com/maps/search/SONG+HAN+CO.,LTD+HA+NOI+Vietnam",,,
"SONGLIM INDUSTRY VINA Co.,Ltd","Lo CN5, CCN Hop Thinh, Huyen Hiep Hoa, Bac Giang",BAC GIANG,+84948850668,제조업,"https://www.google.com/maps/search/SONGLIM+INDUSTRY+VINA+Co.,Ltd+BAC+GIANG+Vietnam",4.4,,
SONGLIM VINA,"Thua dat so 276, to ban do so 2, P Vo Cuong, Bac Ninh",BAC NINH,+842226511470,제조업,https://www.google.com/maps/search/SONGLIM+VINA+BAC+NINH+Vietnam,5.0,,
SONO Belle HAI PHONG Golf & Resort,"Luu Kiem, Thuy Nguyen, Hai Phong, Viet Nam",HAI PHONG,+842253963900,"숙박, 요식, 급식",https://www.google.com/maps/search/SONO+Belle+HAI+PHONG+Golf+&+Resort+HAI+PHONG+Vietnam,4.3,,
SOOHYUN VINA COMPANY LIMITED,"Factory 2, land No. 662, Khac Niem industrial cluster, Khac Niem, Bac Ninh",BAC NINH,+842223908111,제조업,https://www.google.com/maps/search/SOOHYUN+VINA+COMPANY+LIMITED+BAC+NINH+Vietnam,4.2,,
Soon’s Cosmetic House,"157 Vườn Tùng, Khu Biệt thự Ecopark, Xã Xuân Quang, Văn Giang, Hưng Yên 17657",HA NOI,+84865705760,"금융, 보험",https://www.google.com/maps/search/Soon’s+Cosmetic+House+HA+NOI+Vietnam,4.1,,
Soosan enesol vina,"Lot CN-01, KCN Dong Van IV, Dai Cuong, Kim Bang, Ha Nam",HA NAM,+842263532868,"전자, 전기 제조업",https://www.google.com/maps/search/Soosan+enesol+vina+HA+NAM+Vietnam,,,
SORHYANG COMPANY LIMITED,"lot 38-39 Cbs Area Duong Dinh Nghe Street, An Cu 2 Residential Area, An Hai Bac, Son Tra, Da Nang",DA NANG,+84916003494,"숙박, 요식, 급식",https://www.google.com/maps/search/SORHYANG+COMPANY+LIMITED+DA+NANG+Vietnam,4.2,,
SOVICO GROUP JOINT STOCK COMPANY,"14Floor, HD Bank Tower, Nguyen Tri Minh Khai Street, HO CHI MINH",HO CHI MINH,+842838274456,"물류, 운수, 여행업",https://www.google.com/maps/search/SOVICO+GROUP+JOINT+STOCK+COMPANY+HO+CHI+MINH+Vietnam,4.2,,
"SP GLOBAL CO., LTD","BT1-D14, Khu đô thị Splendora, Km 10+600 Đại lộ Thăng Long, xã An Khánh, huyện Hoài Đức, Hà Nội, Việt Nam",HA NOI,+842432022600,"유통, 도소매, 무역","https://www.google.com/maps/search/SP+GLOBAL+CO.,+LTD+HA+NOI+Vietnam",4.0,,
"SPACE 21 FONEXIM CO.,LTD","203 Minh Khai, Hai Ba Trung, Hanoi",HA NOI,+842462670077,부동산개발.임대,"https://www.google.com/maps/search/SPACE+21+FONEXIM+CO.,LTD+HA+NOI+Vietnam",4.5,,
SPECIAL WHITE,"Số 6A, đường Võ Cường 13, p Võ Cường, tp. Bắc Ninh",BAC NINH,+84966987277,"환경, 설비, 기계",https://www.google.com/maps/search/SPECIAL+WHITE+BAC+NINH+Vietnam,3.8,,
"SPHERE VINA CO., LTD","Lot 1+2, Bo Ha Industrial Cluster, Bo Ha, Yen The, Bac Giang",BAC GIANG,,"섬유, 의류, 봉제 제조","https://www.google.com/maps/search/SPHERE+VINA+CO.,+LTD+BAC+GIANG+Vietnam",4.5,,
SPPS CORP,서울시 강서구 공항대로222 발산 W타워 1204호,KOREA,+82226661681,"환경, 설비, 기계",https://www.google.com/maps/search/SPPS+CORP+KOREA+Vietnam,4.1,,
SPRAY AUTO TECHNOLOGY VINA,"Que Vo Extension I.Z, Phuong Lieu, Que Vo, Bac Ninh",BAC NINH,+84902012136,제조업,https://www.google.com/maps/search/SPRAY+AUTO+TECHNOLOGY+VINA+BAC+NINH+Vietnam,3.8,,
SR HA NOI DAEDONG,"Lot H-04, QueVo Industry Zone(area extend),Phuong Lieu Commune, Que Vo District, Bac Ninh Province, Viet Nam",BAC NINH,,"전자, 전기 제조업",https://www.google.com/maps/search/SR+HA+NOI+DAEDONG+BAC+NINH+Vietnam,3.8,,
SR TECH,"Zone B, 1 Song Cong I.P, Cach Mang Thang 10, Bach Quang, Song Cong, Thai Nguyen BRANCH: Que Vo I.Z, Van Duong, Bac Ninh",THAI NGUYEN,+842083662113,"전자, 전기 제조업",https://www.google.com/maps/search/SR+TECH+THAI+NGUYEN+Vietnam,4.5,,
SSANGYONG ENGINEERING,"5th floor, Sentinel Place tower, no 41A Ly Thai To, Hoan Kiem, Hanoi",HA NOI,+842838227125,건설 및 건설자재,https://www.google.com/maps/search/SSANGYONG+ENGINEERING+HA+NOI+Vietnam,4.7,,
SSNEWTECH VIETNAM,"Lot CN5-2, Diem Thuy Iz., Phu Binh, Thai Nguyen",THAI NGUYEN,+842083931568,"전자, 전기 제조업",https://www.google.com/maps/search/SSNEWTECH+VIETNAM+THAI+NGUYEN+Vietnam,4.3,,
SSV EXPORT GARMENT COMPANY,"Hoang Dieu I.z, Gia Loc, Hai Duong",HAI DUONG,+842203718301,"섬유, 의류, 봉제 제조",https://www.google.com/maps/search/SSV+EXPORT+GARMENT+COMPANY+HAI+DUONG+Vietnam,4.3,,
"ST VINA CO.,LTD","Lot II-4.2, Road D3, Que Vo II Industrial Zone, Ngoc Xa commune, Que Vo District, Bac Ninh Province, Vietnam",BAC NINH,+84222623886,제조업,"https://www.google.com/maps/search/ST+VINA+CO.,LTD+BAC+NINH+Vietnam",4.3,,
STAR Logistics VINA,"số 168 thôn Cách Thượng, xã Nam Sơn, huyện An Dương, thành phố Hải Phòng",HAI PHONG,+842258831821,"물류, 운수, 여행업",https://www.google.com/maps/search/STAR+Logistics+VINA+HAI+PHONG+Vietnam,4.3,,
STC ENG VINA COMPANY LIMITED,"Lot CN01, KCN Thanh Minh, Thanh Minh Commune, Phu Tho",PHU THO,+84396884892,"전자, 전기 제조업",https://www.google.com/maps/search/STC+ENG+VINA+COMPANY+LIMITED+PHU+THO+Vietnam,4.0,,
STECH VINA VN COMPANY LIMITED,"Lot CN - 05 South Zone A, KCN Bim Son, Bac Son, Bim Son, Thanh Hoa",THANH HOA,+842373766188,제조업,https://www.google.com/maps/search/STECH+VINA+VN+COMPANY+LIMITED+THANH+HOA+Vietnam,4.9,,
STN VINA COMPANY LIMITED,"Km 12 Highway 18, Viet Hung, Que Vo, Bac Ninh",BAC NINH,+842223903091,"전자, 전기 제조업",https://www.google.com/maps/search/STN+VINA+COMPANY+LIMITED+BAC+NINH+Vietnam,4.0,,
STOKES INTERIOR,"2nd Fl., Hanoi Lake View Resident. 28 Thanh Nien, Tay Ho, Hanoi",HA NOI,+842437333188,건설 및 건설자재,https://www.google.com/maps/search/STOKES+INTERIOR+HA+NOI+Vietnam,4.5,,
"SUECO VINA CO.,LTD","P805 can 13, Khu Thuong Mai Cat Tuong, Le Thai To, Vo Cuong, Bac Ninh",BAC NINH,+84976733995,"전자, 전기 제조업","https://www.google.com/maps/search/SUECO+VINA+CO.,LTD+BAC+NINH+Vietnam",4.6,,
"Sumika Electronic Materials Vietnam Co.,LTD","RBF-B, No.108 Huu Nghi Road, Vsip Bac Ninh, Phu Chan Commune, Tu Son Township, Bac Ninh Province, Vietnam",BAC NINH,+842223612235,"전자, 전기 제조업","https://www.google.com/maps/search/Sumika+Electronic+Materials+Vietnam+Co.,LTD+BAC+NINH+Vietnam",4.4,,
"SUMMIT JC VINA CO.,LTD","Road 20a, Tan Hong Commune, Binh Giang, Hai Duong",HAI DUONG,,"섬유, 의류, 봉제 제조","https://www.google.com/maps/search/SUMMIT+JC+VINA+CO.,LTD+HAI+DUONG+Vietnam",4.2,,
SUMMIT SYSTEM VIETNAM COMPANY LIMITED,"YP2-2 Street, KCN Yen Phong, Dong Phong, Yen Phong, Bac Ninh",BAC NINH,+842223952378,"전자, 전기 제조업",https://www.google.com/maps/search/SUMMIT+SYSTEM+VIETNAM+COMPANY+LIMITED+BAC+NINH+Vietnam,4.3,,
SUN MEDICAL CENTER VIET NAM,"Times Tower, 35 Le Van Luong, Nhan Chinh, Thanh Xuan, Hanoi",HA NOI,+84917565016,"병원, 의약, 위생, 의료",https://www.google.com/maps/search/SUN+MEDICAL+CENTER+VIET+NAM+HA+NOI+Vietnam,4.3,,
SUN TECHNOLOGY VINA COMPANY LIMITED,"Factory No. 7, Khac Niem Industrial Complex, Khac Niem , Bac Ninh",BAC NINH,+842223906677,"전자, 전기 제조업",https://www.google.com/maps/search/SUN+TECHNOLOGY+VINA+COMPANY+LIMITED+BAC+NINH+Vietnam,4.1,,
SUNFLOWER INTERNATIONAL VILLAGE CORP,"No 35A Van Cao, Dang Giang, Ngo Quyen, Hai Phong",HAI PHONG,+842253892000,"숙박, 요식, 급식",https://www.google.com/maps/search/SUNFLOWER+INTERNATIONAL+VILLAGE+CORP+HAI+PHONG+Vietnam,4.3,,
SUNG HYUN VINA JSC,"KCN Binh Duong, Di An, Binh Duong",BINH DUONG,+842743790230,제조업,https://www.google.com/maps/search/SUNG+HYUN+VINA+JSC+BINH+DUONG+Vietnam,4.3,,
"SUNG IL VINA CO., LTD","Lot H3-2 Adjacent areas Que Vo, I.Z, Phuong Mao, Que Vo, Bac Ninh",BAC NINH,+842222220266,제조업,"https://www.google.com/maps/search/SUNG+IL+VINA+CO.,+LTD+BAC+NINH+Vietnam",4.8,,
"SUNG JIN APPAREL CO.,LTD","My Loc 1 Village, Viet Hung, Vu Thu, Thai Binh",THAI BINH,+842273628848,"섬유, 의류, 봉제 제조","https://www.google.com/maps/search/SUNG+JIN+APPAREL+CO.,LTD+THAI+BINH+Vietnam",4.4,,
"SUNG JIN VINA CO.,LTD","Lot 9, Tu Da - An Dao I.C, Binh Phu, Phu Ninh, Phu Tho",PHU THO,,"섬유, 의류, 봉제 제조","https://www.google.com/maps/search/SUNG+JIN+VINA+CO.,LTD+PHU+THO+Vietnam",3.9,,
SUNG WON TECH,"Dinh Trung, VINH PHUC, VINH PHUC",VINH PHUC,+842113559000,"섬유, 의류, 봉제 제조",https://www.google.com/maps/search/SUNG+WON+TECH+VINH+PHUC+Vietnam,3.8,,
"SUNG WOO TECH VINA CO.,LTD","Land F3-3, Trang Due I.Z, Hong Phong, An Duong, Hai Phong",HAI PHONG,+84225883058,제조업,"https://www.google.com/maps/search/SUNG+WOO+TECH+VINA+CO.,LTD+HAI+PHONG+Vietnam",4.4,,
SUNG WOO VINA,"Lot B10, B12, Viet An company, Dinh Tram I.Z, Viet Yen, Bac Giang",BAC GIANG,+842043661320,"섬유, 의류, 봉제 제조",https://www.google.com/maps/search/SUNG+WOO+VINA+BAC+GIANG+Vietnam,,,
SUNGARD VIETNAM,"Lot 66, TT4, My Dinh New Urban Area, Tu Liem, Hanoi",HA NOI,+842435553020,제조업,https://www.google.com/maps/search/SUNGARD+VIETNAM+HA+NOI+Vietnam,4.6,,
SUNGDO ENG VIETNAM,"2nd Floor, A tower, Golden Palace Building, Me Tri,Nam Tu Liem,Hanoi",HA NOI,+842462900400,건설 및 건설자재,https://www.google.com/maps/search/SUNGDO+ENG+VIETNAM+HA+NOI+Vietnam,4.5,,
"SUNGGOK VINA Co.,Ltd","Lot 16, Residential Area, Que Vo I.Z, Phuong Lieu, Que Vo, Bac Ninh",BAC NINH,+842223903282,제조업,"https://www.google.com/maps/search/SUNGGOK+VINA+Co.,Ltd+BAC+NINH+Vietnam",4.4,,
SUNGJI GROUP VIETNAM,"16F Discovery complex, 302 Cau Giay, Dich Vong, Cau Giay, Hanoi",HA NOI,+842432068677,건설 및 건설자재,https://www.google.com/maps/search/SUNGJI+GROUP+VIETNAM+HA+NOI+Vietnam,,,
"SUNGJIN NICE VN Co.,Ltd","Ngoc Son IC, Ngoc Son, Tu Ky, Hai Duong",HAI DUONG,+842203624600,제조업,"https://www.google.com/maps/search/SUNGJIN+NICE+VN+Co.,Ltd+HAI+DUONG+Vietnam",,,
SUNGMUN PRINT & TRIM,"#105 Truong Chinh, Thanh Xuan, Hanoi",HA NOI,+842438687831,제조업,https://www.google.com/maps/search/SUNGMUN+PRINT+&+TRIM+HA+NOI+Vietnam,4.5,,
SUNGNAM VINA,"KCN Que Vo mo rong, Phuong Lieu, Que Vo, Bac Ninh",BAC NINH,+842223952080,제조업,https://www.google.com/maps/search/SUNGNAM+VINA+BAC+NINH+Vietnam,4.5,,
Sungshin Advisory,"9th Floor, 3A building, No.03 Lane 82 Duy Tan Str., Cau Giay Dist., Hanoi, Vietnam",HA NOI,+84368575076,법무.회계.투자자문,https://www.google.com/maps/search/Sungshin+Advisory+HA+NOI+Vietnam,3.8,,
SUNGSHIN F&b,"Room 401-402, 4 Floor, Keangnam Landmark Tower, Me Tri, Nam Tu Liem, Hanoi",HA NOI,+842438378276,"숙박, 요식, 급식",https://www.google.com/maps/search/SUNGSHIN+F&b+HA+NOI+Vietnam,3.8,,
SUNGSHIN MATERIAL,"26th Floor, Song Da Building, Pham Hung, My Dinh 1, Nam Tu Liem, Hanoi",HA NOI,+842462910689,"유통, 도소매, 무역",https://www.google.com/maps/search/SUNGSHIN+MATERIAL+HA+NOI+Vietnam,4.2,,
"SUNGSHIN NETWORK CO.,LTD","6F, TTC Tower, 19 Duy Tan, Dich Vong Hau, Cau Giay, Hanoi",HA NOI,,"유통, 도소매, 무역","https://www.google.com/maps/search/SUNGSHIN+NETWORK+CO.,LTD+HA+NOI+Vietnam",4.5,,
SUNGSHIN VINA,"Lai Yen Industrial Zone, Lai Yen Commune, Hoai Duc District, Hanoi",HA NOI,+842433213411,건설 및 건설자재,https://www.google.com/maps/search/SUNGSHIN+VINA+HA+NOI+Vietnam,4.4,,
SUNGWOON INTERNATIONAL,"Dong Lang I.Z, Phu Ninh, Phu Tho",PHU THO,+842103970935,제조업,https://www.google.com/maps/search/SUNGWOON+INTERNATIONAL+PHU+THO+Vietnam,4.1,,
SUNJAE VINA,"#603B, Luong Ngoc Quyen, Group 23, Phan Dinh Phung, Thai Nguyen",THAI NGUYEN,+842083931600,건설 및 건설자재,https://www.google.com/maps/search/SUNJAE+VINA+THAI+NGUYEN+Vietnam,3.8,,
SUNJIN ENGINEERING & ARCHITECTURE,"7th Floor, 21A, 158 Nguyen Khanh Toan, Cau Giay, Hanoi",HA NOI,+842437621340,건설 및 건설자재,https://www.google.com/maps/search/SUNJIN+ENGINEERING+&+ARCHITECTURE+HA+NOI+Vietnam,4.0,,
"SUNJIN HA NOI CO.,LTD","Lot CN5, Hop Thinh Industrial Cluster, Hop Thinh, Hiep Hoa, Bac Giang",BAC GIANG,+84967957706,"섬유, 의류, 봉제 제조","https://www.google.com/maps/search/SUNJIN+HA+NOI+CO.,LTD+BAC+GIANG+Vietnam",3.8,,
Sunjin Vina,Khu công nghiệp Đồng Văn 4 - Xã Đại Cương - Huyện Kim Bảng - Hà Nam,HA NAM,+842263523106,제조업,https://www.google.com/maps/search/Sunjin+Vina+HA+NAM+Vietnam,4.1,,
SUNKANG,"D3, Block D, Pho Noi A I.Z, Lac Hong, Van Lam, Hu Hun, Hung Yen",HUNG YEN,+842213767605,제조업,https://www.google.com/maps/search/SUNKANG+HUNG+YEN+Vietnam,4.0,,
SUNKYOUNG TECH COMPANY LIMITED,"KCN Khac Niem, Khac Niem, Bac Ninh",BAC NINH,+842223908604,제조업,https://www.google.com/maps/search/SUNKYOUNG+TECH+COMPANY+LIMITED+BAC+NINH+Vietnam,4.6,,
"SUNKYUNG ENC VINA CO.,LTD","Floor 22, PVI Building, Yen Hoa Block, Yen Hoa, Cau Giay, Hanoi",HA NOI,+842466641400,건설 및 건설자재,"https://www.google.com/maps/search/SUNKYUNG+ENC+VINA+CO.,LTD+HA+NOI+Vietnam",4.4,,
"SUNLIN ELECTRONICS CO., LTD","Plot D4, Chau Son I.Z, Chau Son, Phu Ly, Ha Nam",HA NAM,+842263883029,"전자, 전기 제조업","https://www.google.com/maps/search/SUNLIN+ELECTRONICS+CO.,+LTD+HA+NAM+Vietnam",4.5,,
"SUNMYUNG GLOVE CO.,LTD","Chau Son I.Z, Phu Ly, Ha Nam",HA NAM,+842263849960,"섬유, 의류, 봉제 제조","https://www.google.com/maps/search/SUNMYUNG+GLOVE+CO.,LTD+HA+NAM+Vietnam",4.6,,
SUNNY BREAD CAFE,"192 Chau Thi Vinh Te, My An, Ngu Hanh Son, Da Nang",DA NANG,,"숙박, 요식, 급식",https://www.google.com/maps/search/SUNNY+BREAD+CAFE+DA+NANG+Vietnam,4.0,,
SUNNY OPTICS VINA,"Zone B, Song Cong 1 I.P, Bach Quang, Song Cong, Thai Nguyen",THAI NGUYEN,+842086543992,"전자, 전기 제조업",https://www.google.com/maps/search/SUNNY+OPTICS+VINA+THAI+NGUYEN+Vietnam,4.1,,
SUNTRAVEL,"VP 308, Tang 3, Toa Nha Dreamland Bonaza, 23 Duy Tan, Dich Vong Hau, Nam Tu Liem, Ha Noi",HA NOI,+84356169019,"물류, 운수, 여행업",https://www.google.com/maps/search/SUNTRAVEL+HA+NOI+Vietnam,4.4,,
SUNWAY VINA,"Lot 2-1.1, Que Vo 3 Industrial Zone, Viet Hung Com., Que Vo Dist., Bac Ninh Pro., Vietnam.",BAC NINH,,제조업,https://www.google.com/maps/search/SUNWAY+VINA+BAC+NINH+Vietnam,4.0,,
"SUP VINA CO.,LTD","Khai Quang I.Z, Vinh Yen VINH PHUC",VINH PHUC,+842113565605,"전자, 전기 제조업","https://www.google.com/maps/search/SUP+VINA+CO.,LTD+VINH+PHUC+Vietnam",4.1,,
"SUSFINE VINA CO.,LTD","Plot Ⅶ13, ModulⅠ,Thuan Thanh 3 Industrial zone, Thanh Khuong Commune, Thuan Thanh District, Bac Ninh Province",BAC NINH,+842223798589,제조업,"https://www.google.com/maps/search/SUSFINE+VINA+CO.,LTD+BAC+NINH+Vietnam",4.4,,
"SW F&B CO.,LTD","114-116 My Kim 2, Tan Phong, Dist. 7, HO CHI MINH",HO CHI MINH,,"숙박, 요식, 급식","https://www.google.com/maps/search/SW+F&B+CO.,LTD+HO+CHI+MINH+Vietnam",4.1,,
"SWEETBOX - MART24 CO.,LTD","136 Kinh Duong Vuong, Hoa Minh, Lien Chieu, Da Nang",DA NANG,+84869733368,"유통, 도소매, 무역","https://www.google.com/maps/search/SWEETBOX+-+MART24+CO.,LTD+DA+NANG+Vietnam",4.1,,
SY CHEM VINA COMPANY LIMITED,"68 Ly Thai To, Vo Cuong, Bac Ninh",BAC NINH,+842223906895,"유통, 도소매, 무역",https://www.google.com/maps/search/SY+CHEM+VINA+COMPANY+LIMITED+BAC+NINH+Vietnam,4.6,,
SY TECH VINA,"lot 09, tan hong-hoan son industrial zone(tien son industrial zone expansion) hoan son commune, tien du district, bac ninh province, viet nam",BAC NINH,,제조업,https://www.google.com/maps/search/SY+TECH+VINA+BAC+NINH+Vietnam,4.5,,
"SY VINA CO.,LTD","Bac Hamlet, Hoang Dan, Tam Duong, VINH PHUC",VINH PHUC,+842113855588,"섬유, 의류, 봉제 제조","https://www.google.com/maps/search/SY+VINA+CO.,LTD+VINH+PHUC+Vietnam",4.1,,
"SYE VINA CO.,LTD","Lot CN12, Khai Quang I.P, Khai Quang, Vinh Yen, VINH PHUC",VINH PHUC,+842113566866,"전자, 전기 제조업","https://www.google.com/maps/search/SYE+VINA+CO.,LTD+VINH+PHUC+Vietnam",4.2,,
"SYMKOS Co.,Ltd","Khac Niem I.Z, Bac Ninh",BAC NINH,+842223907995,"환경, 설비, 기계","https://www.google.com/maps/search/SYMKOS+Co.,Ltd+BAC+NINH+Vietnam",4.4,,
Synopex Viet Nam JSC,"Dong Tho industrial complex, Dong Tho commune, Yen Phong district , Bac Ninh province",BAC NINH,+842223883990,"전자, 전기 제조업",https://www.google.com/maps/search/Synopex+Viet+Nam+JSC+BAC+NINH+Vietnam,4.3,,
SYPANEL VINA,"2F, Block A, Song Da Building, Pham Hung, My Dinh 1, Nam Tu Liem, Hanoi BRANCH: No.4, 816, Phu Huu, 9 dist, HO CHI MINH",HA NOI,+842437878717,건설 및 건설자재,https://www.google.com/maps/search/SYPANEL+VINA+HA+NOI+Vietnam,4.2,,
"SYSTEM RND VIETNAM CO.,LTD","Trang Due I.P, Dinh Vu, Cat Hai E.Z, Hong Phong, AnDuong, Hai Phong",HAI PHONG,+842252299326,"전자, 전기 제조업","https://www.google.com/maps/search/SYSTEM+RND+VIETNAM+CO.,LTD+HAI+PHONG+Vietnam",4.3,,
"T&D TECH VINA CO., LTD","LOT O-1, Que Vo Industrial Park (expanded area), Phuong Mao Commune, Que Vo District, Bac Ninh Province, Viet Nam",BAC NINH,+84919250996,"전자, 전기 제조업","https://www.google.com/maps/search/T&D+TECH+VINA+CO.,+LTD+BAC+NINH+Vietnam",,,
T&F VINA,"Dai Dong, Hoan Son I.Z, Hoan Son, Tien Du, Bac Ninh",BAC NINH,,제조업,https://www.google.com/maps/search/T&F+VINA+BAC+NINH+Vietnam,4.2,,
"T&H Consultancy and Trading Co., Ltd.","1907, Charmvit Tower, 117 Tran Duy Hung, Hanoi",HA NOI,+84243724540,법무.회계.투자자문,"https://www.google.com/maps/search/T&H+Consultancy+and+Trading+Co.,+Ltd.+HA+NOI+Vietnam",4.2,,
"T&H LAW FIRM CO.,LTD","19th Fl., Charm Vit Tower, 117 Tran Duy Hung, Trung Hoa, Cau Giay, Hanoi",HA NOI,+842432676011,법무.회계.투자자문,"https://www.google.com/maps/search/T&H+LAW+FIRM+CO.,LTD+HA+NOI+Vietnam",4.2,,
"TAC INVESTMENT Co.,Ltd","B room, 2nd Fl, Dolphin Plaza Bldg, No.28 Tran Binh, My Dinh 2, Nam Tu Liem, Hanoi",HA NOI,+842437877318,건설 및 건설자재,"https://www.google.com/maps/search/TAC+INVESTMENT+Co.,Ltd+HA+NOI+Vietnam",4.9,,
TAD TECH VINA,"Kiot 10-4B International Trade Center, Lim, Tien Du, Bac Ninh",BAC NINH,+84963094056,"전자, 전기 제조업",https://www.google.com/maps/search/TAD+TECH+VINA+BAC+NINH+Vietnam,4.0,,
"TAE IL VINA CO.,LTD","Phu Tai 2, Kim Dinh, Kim Thanh, Hai Duong",HAI DUONG,+842203950668,"섬유, 의류, 봉제 제조","https://www.google.com/maps/search/TAE+IL+VINA+CO.,LTD+HAI+DUONG+Vietnam",4.6,,
TAE KWANG TECH VINA COMPANY LIMITED,"KCN Tam Son, Tu Son, Bac Ninh",BAC NINH,+84387427571,"전자, 전기 제조업",https://www.google.com/maps/search/TAE+KWANG+TECH+VINA+COMPANY+LIMITED+BAC+NINH+Vietnam,4.5,,
TAE KYOUNG HI-TECH VINA COMPANY LIMITED,"Lot no 82, mapsheet no 81, Le Thai To, Vo Cuong, Bac Ninh",BAC NINH,+8422222200,"유통, 도소매, 무역",https://www.google.com/maps/search/TAE+KYOUNG+HI-TECH+VINA+COMPANY+LIMITED+BAC+NINH+Vietnam,4.1,,
Taechang Precision Vina,"Lô đất CN-08 Khu Công nghiệp Phú Hà, Phú Thọ",PHU THO,+842103915005,제조업,https://www.google.com/maps/search/Taechang+Precision+Vina+PHU+THO+Vietnam,,,
TAEHA VINA,"No.18 Binh Than Road, Dai Phuc Ward, Bac Ninh City",BAC NINH,+842223969998,"유통, 도소매, 무역",https://www.google.com/maps/search/TAEHA+VINA+BAC+NINH+Vietnam,4.3,,
TAEIN VINA,"Lim Xuyen, Song Khe, Bac Giang",BAC GIANG,+842043556383,제조업,https://www.google.com/maps/search/TAEIN+VINA+BAC+GIANG+Vietnam,4.5,,
TAEJUNGTEK VINA,"No 24-LK9, Vo Cuong 3, Vo Cuong, Bac Ninh",BAC NINH,+848229137030,"전자, 전기 제조업",https://www.google.com/maps/search/TAEJUNGTEK+VINA+BAC+NINH+Vietnam,4.1,,
"TAEKYUNG VINA CO.,LTD","Quan village, Minh Duc, Tu Ky, Hai Duong",HAI DUONG,+842203745124,"섬유, 의류, 봉제 제조","https://www.google.com/maps/search/TAEKYUNG+VINA+CO.,LTD+HAI+DUONG+Vietnam",4.6,,
TAESAN VIETNAM,"Lot C6-1-1, Que Vo I.Z, Nam Son, Bac Ninh",BAC NINH,+842223621000,"전자, 전기 제조업",https://www.google.com/maps/search/TAESAN+VIETNAM+BAC+NINH+Vietnam,4.1,,
"TAESUNG ENGINEERING VINA CO.,LTD","Lot N1-3 & N2-2, Trang Due I.P, Dinh Vu - Cat Hai, Hong Phong, An Duong, Hai Phong",HAI PHONG,+842253597966,제조업,"https://www.google.com/maps/search/TAESUNG+ENGINEERING+VINA+CO.,LTD+HAI+PHONG+Vietnam",4.7,,
TAESUNG HITECH VINA,"D2, zone E, Hoa Mac IZ, Trac Van, Duy Tien, Ha Nam",HA NAM,+842263550090,제조업,https://www.google.com/maps/search/TAESUNG+HITECH+VINA+HA+NAM+Vietnam,,,
"TAEWON SOLTECH CO.,LTD","Quang Minh I.P, Chi Dong, Me Linh, Hanoi BRANCH: Hop Thinh I.Z, Hop Thinh, Hiep Hoa, Bac Giang",HA NOI,+842438133008,제조업,"https://www.google.com/maps/search/TAEWON+SOLTECH+CO.,LTD+HA+NOI+Vietnam",4.1,,
TAEWON TECH VINA,"Que Vo Industrial Park, Phuong Lieu commune, Que Vo, Bac Ninh",BAC NINH,+842222220303,제조업,https://www.google.com/maps/search/TAEWON+TECH+VINA+BAC+NINH+Vietnam,4.5,,
TAEYANG ELECTRONIC VIETNAM,"B10, B12 Lot Dinh Tram I.Z, Viet Yen, Bac Giang",BAC GIANG,+842043661500,"전자, 전기 제조업",https://www.google.com/maps/search/TAEYANG+ELECTRONIC+VIETNAM+BAC+GIANG+Vietnam,4.6,,
TAEYANG VINA,"206 Road, Pho Noi A I.Z, Trung Trac, Van Lam, Hung Yen",HUNG YEN,+842213980290,제조업,https://www.google.com/maps/search/TAEYANG+VINA+HUNG+YEN+Vietnam,4.8,,
TAIRYONG VIETNAM,"Lot 8, Thuy Van I.Z, Viet Tri, Phu Tho",PHU THO,+842103857360,"섬유, 의류, 봉제 제조",https://www.google.com/maps/search/TAIRYONG+VIETNAM+PHU+THO+Vietnam,3.9,,
"TAIWOO TECHNOLOGY SHENZHEN CO.,LTD","Lot XN3-1B, Dai An Expansion I.Z, Lai Cach, Cam Giang, Hai Duong",HAI DUONG,+842203555955,"전자, 전기 제조업","https://www.google.com/maps/search/TAIWOO+TECHNOLOGY+SHENZHEN+CO.,LTD+HAI+DUONG+Vietnam",4.1,,
TAM VUONG CORP,"Room 301. 3rd floor, Defense Academy Apartment Building, Xuan La, Tay Ho, Hanoi",HA NOI,+842437824888,"물류, 운수, 여행업",https://www.google.com/maps/search/TAM+VUONG+CORP+HA+NOI+Vietnam,4.0,,
Tanmy Design,"61 Hang Gai, Hoan Kiem District, Hanoi",HA NOI,+842439381154,"유통, 도소매, 무역",https://www.google.com/maps/search/Tanmy+Design+HA+NOI+Vietnam,3.8,,
TARP LINE HA NOI,"KCN Dong Lang, Phu Ninh, Phu Ninh, Phu Tho",PHU THO,+842103970941,제조업,https://www.google.com/maps/search/TARP+LINE+HA+NOI+PHU+THO+Vietnam,4.5,,
TARP LINE HA NOI,"Dong Lang I.Z, Phu Ninh, Phu Tho",PHU THO,+842103970941,"섬유, 의류, 봉제 제조",https://www.google.com/maps/search/TARP+LINE+HA+NOI+PHU+THO+Vietnam,4.5,,
Tarpia,"Lot CN8 + CN11, Tu Da An Dao I.Z, Binh Phu, Phu",PHU THO,+842103770333,제조업,https://www.google.com/maps/search/Tarpia+PHU+THO+Vietnam,3.8,,
Taseco Land Investment Joint Stock Company,"Building N02-T1, Doan Ngoai Giao Area, Xuan Tao Street, Xuan Tao Ward, Bac Tu Liem District, Hanoi.",HA NOI,+84985689999,부동산개발.임대,https://www.google.com/maps/search/Taseco+Land+Investment+Joint+Stock+Company+HA+NOI+Vietnam,4.2,,
TBO VINA,"Km 12,Road 12, Minh Tan, Vu Ban, Nam Dinh",NAM DINH,+842283996581,"섬유, 의류, 봉제 제조",https://www.google.com/maps/search/TBO+VINA+NAM+DINH+Vietnam,4.1,,
"TBS CAPITAL VN co.,ltd","Phuong Tower, No. 31C Ly Tu Trong Street, Ben Nghe Ward, District 1, Ho Chi Minh City",HO CHI MINH,+842838221000,부동산개발.임대,"https://www.google.com/maps/search/TBS+CAPITAL+VN+co.,ltd+HO+CHI+MINH+Vietnam",4.2,,
TC & PARTNERS LAW FIRM,"Floor 10, Viglacera Building, No.1 Thang Long Boulevard, Nam Tu Liem, Hanoi",HA NOI,+842462821066,법무.회계.투자자문,https://www.google.com/maps/search/TC+&+PARTNERS+LAW+FIRM+HA+NOI+Vietnam,4.1,,
TCE JEANS CO.LTD,"1 Le Loi, Hoang Dong, Hoang Hoa, Thanh Hoa",THANH HOA,+84364401000,"섬유, 의류, 봉제 제조",https://www.google.com/maps/search/TCE+JEANS+CO.LTD+THANH+HOA+Vietnam,4.7,,
TDI ELECTRONICS VIETNAM,"Dong van III Supporting I.Z, Hoang Dong, Duy Tien, Ha Nam",HA NAM,+842263582135,"전자, 전기 제조업",https://www.google.com/maps/search/TDI+ELECTRONICS+VIETNAM+HA+NAM+Vietnam,3.9,,
"TECH & INNOVATION Co.,Ltd","Ninh, Phu Tho",BAC NINH,+842223848155,제조업,"https://www.google.com/maps/search/TECH+&+INNOVATION+Co.,Ltd+BAC+NINH+Vietnam",4.5,,
"TECH SOLUTION VINA Co.,Ltd","Dai Dong, Hoan Son I.Z, Hoan Son, Tien Du, Bac Ninh",BAC NINH,+842226541188,제조업,"https://www.google.com/maps/search/TECH+SOLUTION+VINA+Co.,Ltd+BAC+NINH+Vietnam",4.2,,
TECHCOM BANK,"191 Ba Trieu, Le Dai Hanh, Hai Ba Trung, Hanoi",HA NOI,+841800588822,"금융, 보험",https://www.google.com/maps/search/TECHCOM+BANK+HA+NOI+Vietnam,4.7,,
"TECTYL INDUSTRIAL OIL EXPORT IMPORT TRADE CO.,LTD","Cong Keo- Pho Keo, xa Kim Son, huyen Gia Lam, Hanoi.",HA NOI,+84919035151,제조업,"https://www.google.com/maps/search/TECTYL+INDUSTRIAL+OIL+EXPORT+IMPORT+TRADE+CO.,LTD+HA+NOI+Vietnam",4.3,,
TECTYL OIL & CHEMICALS VINA Hanoi Branch,"4th floor, Vietnam National Union of Bank Workers Building, No.6 - Alley 82, Dich Vong Hau Street, Dich Vong Hau Ward, Cau Giay District, Hanoi",HA NOI,+84937257532,제조업,https://www.google.com/maps/search/TECTYL+OIL+&+CHEMICALS+VINA+Hanoi+Branch+HA+NOI+Vietnam,4.7,,
TELCON VINA,"KCN Dong Van I, Bach Thuong, Duy Tien, Ha Nam",HA NAM,+842263582356,제조업,https://www.google.com/maps/search/TELCON+VINA+HA+NAM+Vietnam,3.8,,
TELLUS TECH VINA,"Toà nhà SIMCO, 28 Phạm Hùng, Mỹ Đình, Nam Từ Liêm, Hà Nội",HA NOI,+84388654279,"환경, 설비, 기계",https://www.google.com/maps/search/TELLUS+TECH+VINA+HA+NOI+Vietnam,4.0,,
TEMSCO,"3F, AC B/D, Lot A1A, Small Industry Zone, Dich Vong Hau, Cau Giay, Hanoi",HA NOI,+842466732684,건설 및 건설자재,https://www.google.com/maps/search/TEMSCO+HA+NOI+Vietnam,,,
"TERATECH VIETNAM CO.,LTD","Que Vo I.Z, Phuong Lieu, Que Vo, Bac Ninh",BAC NINH,+842223952047,"전자, 전기 제조업","https://www.google.com/maps/search/TERATECH+VIETNAM+CO.,LTD+BAC+NINH+Vietnam",4.4,,
TERATRON COMPANY LIMITED.,"KCN Khac Niem, Khac Niem, Bac Ninh, Bac Ninh",BAC NINH,+84983198998,"전자, 전기 제조업",https://www.google.com/maps/search/TERATRON+COMPANY+LIMITED.+BAC+NINH+Vietnam,4.6,,
"TERRABEE VINA CO.,LTD","Lot CN 8, Diem Thuy I.P, Diem Thuy, Phu Binh, Thai Nguyen",THAI NGUYEN,,"유통, 도소매, 무역","https://www.google.com/maps/search/TERRABEE+VINA+CO.,LTD+THAI+NGUYEN+Vietnam",4.2,,
TERRASEM VINA,"Binh Xuyen II I.Z, Ba Hien, Binh Xuyen, VINH PHUC",VINH PHUC,,"전자, 전기 제조업",https://www.google.com/maps/search/TERRASEM+VINA+VINH+PHUC+Vietnam,4.2,,
TESTTECH VINA COMPANY LIMITED,"Lot CN4, KCN Diem Thuy, Diem Thuy, Phu Binh Thai Nguyen",THAI NGUYEN,+84989183613,"전자, 전기 제조업",https://www.google.com/maps/search/TESTTECH+VINA+COMPANY+LIMITED+THAI+NGUYEN+Vietnam,4.6,,
"TE-VINA PRIME Co., LTD","Thuy Van IZ, Viet Tri, Phu Tho",PHU THO,+842103857801,제조업,"https://www.google.com/maps/search/TE-VINA+PRIME+Co.,+LTD+PHU+THO+Vietnam",4.6,,
TEXMART VINA,"Lien Minh I.Z, Minh Phuong, Viet Tri, Phu Tho",PHU THO,+842103818086,"섬유, 의류, 봉제 제조",https://www.google.com/maps/search/TEXMART+VINA+PHU+THO+Vietnam,4.5,,
"TEXON VIETNAM Co.,Ltd","Lot K-1-2, Dai Dong-Hoan Son Industrial Park, Tan Hong Ward, Tu Son City, Bac Ninh",BAC NINH,+84866731889,제조업,"https://www.google.com/maps/search/TEXON+VIETNAM+Co.,Ltd+BAC+NINH+Vietnam",4.1,,
TH TOURS,"7th FL., VinaFor Bldg, 127 Lo Duc Str, Dong Mac Ward. Hai Ba Trung, Hanoi, Vietnam BRANCH: 10th FL., Green Power Bldg, 35 Ton Duc Thang St., HO CHI MINH, Vietnam.",HA NOI,+847044824665,"물류, 운수, 여행업",https://www.google.com/maps/search/TH+TOURS+HA+NOI+Vietnam,4.7,,
THACO,"KCN Tam Hiep, Nui Thanh, Quang Nam",QUANG NAM,+842353565325,제조업,https://www.google.com/maps/search/THACO+QUANG+NAM+Vietnam,,,
THAI HA URBAN AND INDUSTRIAL PARK INVESTMENT JOINT STOCK COMPANY,": PG1-01 VINCOM BIEN HOA, MINH KHAI WARD, PHU LY CITY, HA NAM BRANCH: Thôn Lời, xã Thanh Hương, huyện Thanh Liêm, tỉnh Hà Nam",HA NAM,+84988423081,부동산개발.임대,https://www.google.com/maps/search/THAI+HA+URBAN+AND+INDUSTRIAL+PARK+INVESTMENT+JOINT+STOCK+COMPANY+HA+NAM+Vietnam,4.3,,
Thai Hoa Gloves,"Lot TT3, Diem Thuy Industrial Park, Hong Tien Ward, Pho Yen City, Thai Nguyen, Vietnam",THAI NGUYEN,+842083931991,제조업,https://www.google.com/maps/search/Thai+Hoa+Gloves+THAI+NGUYEN+Vietnam,4.6,,
"THAO NGOC HA NOI CO.,LTD","New Street, Tuong Giang, Tu Son, Bac Ninh",BAC NINH,+84912329518,"전자, 전기 제조업","https://www.google.com/maps/search/THAO+NGOC+HA+NOI+CO.,LTD+BAC+NINH+Vietnam",4.6,,
"THE DREAM VINA CO.,LTD","15(N8), Ngo Tat To, HUD Urban Area, Vo Cuong, Bac Ninh",BAC NINH,+842223908909,"숙박, 요식, 급식","https://www.google.com/maps/search/THE+DREAM+VINA+CO.,LTD+BAC+NINH+Vietnam",4.6,,
THE EXPORT-IMPORT BANK OF KOREA,"8th Floor, Daeha Business center, 360 Kimma str., Ba Dinh Dist., Hanoi, Vietnam",HA NOI,+842437717010,"금융, 보험",https://www.google.com/maps/search/THE+EXPORT-IMPORT+BANK+OF+KOREA+HA+NOI+Vietnam,4.3,,
THE FOOD VINA,"304.2 Floor 3, Building No.10 Nguyen Dang Dao, Tien An, Bac Ninh",BAC NINH,+84327300366,"숙박, 요식, 급식",https://www.google.com/maps/search/THE+FOOD+VINA+BAC+NINH+Vietnam,3.9,,
THE KITCHEN,"Ngu Cau, Xa An, Hoai Duc, Hanoi",HA NOI,+84987005292,"유통, 도소매, 무역",https://www.google.com/maps/search/THE+KITCHEN+HA+NOI+Vietnam,4.3,,
"THE LEE & CO.,LTD","131 - 133 Ho Phi Tich, Hoa Xuan, Cam Le, Da Nang",DA NANG,,법무.회계.투자자문,"https://www.google.com/maps/search/THE+LEE+&+CO.,LTD+DA+NANG+Vietnam",4.0,,
THE ONE TRADE COMPANY,"B4511 KEANGNAM APT Phạm Hùng, Cầu Giấy, Hà Nội",HA NOI,+84858927186,"유통, 도소매, 무역",https://www.google.com/maps/search/THE+ONE+TRADE+COMPANY+HA+NOI+Vietnam,4.0,,
"THE PRIME CO.,LTD","Khac Niem I.Z, Khac Niem, Bac Ninh",BAC NINH,+842223908376,"전자, 전기 제조업","https://www.google.com/maps/search/THE+PRIME+CO.,LTD+BAC+NINH+Vietnam",,,
THE REPPRESENTATIVE OFFICE OF TOKYO KEIKI INC,"A18th Floor, 180-192Nguyen Cong Tru St, Nguyen Thai Binh Word, District 1, HO CHI MINH",HO CHI MINH,+842862884698,"유통, 도소매, 무역",https://www.google.com/maps/search/THE+REPPRESENTATIVE+OFFICE+OF+TOKYO+KEIKI+INC+HO+CHI+MINH+Vietnam,4.2,,
THE REPRESENTATIVE OFFICE OF GMS IN VINH PHUC,"Số 8, Đường Tôn Đức Thắng - Phường Khai Quang, Thành phố Vĩnh Yên, Vĩnh Phúc.",VINH PHUC,+84336928070,"대표사무소, 지사",https://www.google.com/maps/search/THE+REPRESENTATIVE+OFFICE+OF+GMS+IN+VINH+PHUC+VINH+PHUC+Vietnam,4.5,,
"THE RICH COMPANY VIET NAM CO.,LTD","Nx03, Que Vo I.Z (Expanded Area), Phuong Lieu, Que Vo, Bac Ninh",BAC NINH,+842223906048,"환경, 설비, 기계","https://www.google.com/maps/search/THE+RICH+COMPANY+VIET+NAM+CO.,LTD+BAC+NINH+Vietnam",4.7,,
THE S&S VINA COMPANY LIMITED,"Area 2, Van Co, Viet Tri, Phu Tho",PHU THO,+84971830641,"유통, 도소매, 무역",https://www.google.com/maps/search/THE+S&S+VINA+COMPANY+LIMITED+PHU+THO+Vietnam,4.3,,
THE STAY HOTEL,"193 Van Cao, Dang Giang, Ngo Quyen, Hai Phong",HAI PHONG,+842558832176,"숙박, 요식, 급식",https://www.google.com/maps/search/THE+STAY+HOTEL+HAI+PHONG+Vietnam,4.5,,
THE TRAY HOTEL,"47 Lach Tray Street, Lach Tray Ward, Ngo Quyen District , Hai Phong City, Vietnam",HAI PHONG,+842253828555,"숙박, 요식, 급식",https://www.google.com/maps/search/THE+TRAY+HOTEL+HAI+PHONG+Vietnam,4.2,,
THN AUTOPARTS VIETNAM COMPANY LIMITED,"KCN Ha Duong, Yen Duong, Ha Trung, Thanh Hoa",THANH HOA,+84878798261,제조업,https://www.google.com/maps/search/THN+AUTOPARTS+VIETNAM+COMPANY+LIMITED+THANH+HOA+Vietnam,4.5,,
THO XUAN CORPORATION COMPANY LIMITED,"KCN Tho Xuan, Xuan Truong, Tho Xuan, Thanh Hoa",THANH HOA,,"섬유, 의류, 봉제 제조",https://www.google.com/maps/search/THO+XUAN+CORPORATION+COMPANY+LIMITED+THANH+HOA+Vietnam,4.6,,
"THT DEVELOPMENT CO., LTD","The Central Area of Tay Ho Tay New Town, Xuan Tao Ward, Bac Tu Liem District, Hanoi",HA NOI,+842437245835,부동산개발.임대,"https://www.google.com/maps/search/THT+DEVELOPMENT+CO.,+LTD+HA+NOI+Vietnam",4.4,,
TIC CORPORATION VINA COMPANY LIMITED,"KCN Khac Niem, Ba Huyen, Khac Niem, Bac ninh",BAC NINH,+84906073235,"전자, 전기 제조업",https://www.google.com/maps/search/TIC+CORPORATION+VINA+COMPANY+LIMITED+BAC+NINH+Vietnam,4.2,,
TIPACK VIETNAM,"Lot C2, Binh Xuyen I 2, VINH PHUC",VINH PHUC,+842113886088,제조업,https://www.google.com/maps/search/TIPACK+VIETNAM+VINH+PHUC+Vietnam,4.2,,
"TJB VINA CO.,LTD","Lot# 3 Thuy Van I.z, Viet Tri, Phu Tho",PHU THO,+842103954306,"섬유, 의류, 봉제 제조","https://www.google.com/maps/search/TJB+VINA+CO.,LTD+PHU+THO+Vietnam",4.7,,
"TJMEX CO.,LTD","NGUYEN TRUNG THAO HOUSE,NAM HUNG HAMLET, VU LAC VILLAGE,THAI BINH CITY,THAI BINH PROVINCE,VIET NAM",THAI BINH,+841046693233,"섬유, 의류, 봉제 제조","https://www.google.com/maps/search/TJMEX+CO.,LTD+THAI+BINH+Vietnam",4.3,,
"TKES CO.,LTD","6th Floor, MD Complex BD, No 68 Nguyen, Co Thach, Cau Die Ward, Nam Tu Liem, Hanoi, Vietnam",HUNG YEN,+842466604113,"환경, 설비, 기계","https://www.google.com/maps/search/TKES+CO.,LTD+HUNG+YEN+Vietnam",4.1,,
TMCENTER(TMC),"5F, Machinco 1 Bld, 10 Tran Phu, Ha Dong, Hanoi",HA NOI,+842432009242,"환경, 설비, 기계",https://www.google.com/maps/search/TMCENTER(TMC)+HA+NOI+Vietnam,4.3,,
TMS GROUP JSC,"3rd floor, Vimeco building, Lot E9, Pham Hung, Trung Hoa, Cau Giay, Hanoi",HA NOI,+842437690018,부동산개발.임대,https://www.google.com/maps/search/TMS+GROUP+JSC+HA+NOI+Vietnam,4.5,,
TNHH H&G,"501. 5f 117 Tran Duy Hung, Trung Hoa, Cau Giay, HN",HA NOI,+842435551000,"오락, 문화, 전시, 체육",https://www.google.com/maps/search/TNHH+H&G+HA+NOI+Vietnam,4.5,,
"TNT FLOWER CAFE CO.,LTD","363 Tran Hung Dao, An Hai Tay, Son Tra, Da Nang",DA NANG,+842363868785,"숙박, 요식, 급식","https://www.google.com/maps/search/TNT+FLOWER+CAFE+CO.,LTD+DA+NANG+Vietnam",4.8,,
toim vina,"An Lac Village, Trung Trac, Van Lam, Hung Yen",HUNG YEN,,제조업,https://www.google.com/maps/search/toim+vina+HUNG+YEN+Vietnam,4.0,,
"TOOL KOREA VINA CO., LTD","C52-LK14 ô số 13 khu đô thị mới hai bên đường Lê Trọng Tấn, Dương Nội, Hà Đông, Hà Nội, Việt Nam",HA NOI,+84919928574,제조업,"https://www.google.com/maps/search/TOOL+KOREA+VINA+CO.,+LTD+HA+NOI+Vietnam",3.8,,
TOOLTOP VINA,"Lot 25N10, No 70, Ly Nhan Tong, Vo Cuong, Bac Ninh",BAC NINH,+842223828269,"유통, 도소매, 무역",https://www.google.com/maps/search/TOOLTOP+VINA+BAC+NINH+Vietnam,,,
TOP INTERCUBE ELECTRONICS VINA COMPANY LIMITED,"Cty TOPINTERCUBE, Lô C1 KCN Bá Thiện 2, Xã Thiện Kế, Huyện Bình Xuyên, Tỉnh Vĩnh Phúc, Việt Nam",VINH PHUC,+84779286689,"전자, 전기 제조업",https://www.google.com/maps/search/TOP+INTERCUBE+ELECTRONICS+VINA+COMPANY+LIMITED+VINH+PHUC+Vietnam,3.9,,
TOP RUN FAMILY,"C5-3, Trang Due I.P, Hong Phong, An Duong, Hai Phong",HAI PHONG,,제조업,https://www.google.com/maps/search/TOP+RUN+FAMILY+HAI+PHONG+Vietnam,4.3,,
TOP SCREEN VINA,"Road TS12, Tien Son I.Z, Noi Due, Tien Du, Bac Ninh",BAC NINH,+842223734125,제조업,https://www.google.com/maps/search/TOP+SCREEN+VINA+BAC+NINH+Vietnam,4.5,,
TOPCV VIET NAM JOINT STOCK COMPANY,"3rd floor, 4th floor FS - GoldSeason No. 47 Nguyen Tuan, Thanh Xuan Trung, Thanh Xuan, Hanoi BRANCH: 12th Floor, Dali Building, 24C Phan Dang Luu, Ward 6, Binh Thanh District, Ho Chi Minh City",HA NOI,+84783812474,기타,https://www.google.com/maps/search/TOPCV+VIET+NAM+JOINT+STOCK+COMPANY+HA+NOI+Vietnam,4.3,,
"TOPEC VIETNAM Co.,Ltd","7th Floor, 74 Me tri Ha, Nam Tu Liem, Hanoi",HA NOI,+847078630559,건설 및 건설자재,"https://www.google.com/maps/search/TOPEC+VIETNAM+Co.,Ltd+HA+NOI+Vietnam",4.4,,
TOTAL ENVIRONMENT,"Lo c2, Tran Van Can , Bo Son, Vo Cuong, Bac Ninh",BAC NINH,,"숙박, 요식, 급식",https://www.google.com/maps/search/TOTAL+ENVIRONMENT+BAC+NINH+Vietnam,3.9,,
TOTAL VINA,"Tang 2 toa nha Thinh Cuong, lo 2 KCN Dai Dong, Tien Du, Bac Ninh",BAC NINH,+84866435557,기타,https://www.google.com/maps/search/TOTAL+VINA+BAC+NINH+Vietnam,4.9,,
"TOTOBOOKING CO.,LTD","4th FL, ACB building, 218 Bach Dang, Phuoc Ninh, Hai Chau, Da Nang",DA NANG,,"물류, 운수, 여행업","https://www.google.com/maps/search/TOTOBOOKING+CO.,LTD+DA+NANG+Vietnam",4.0,,
TP BANK,"191 Ba Trieu, Le Dai Hanh, Hai Ba Trung, Hanoi",HA NOI,+841900585885,"금융, 보험",https://www.google.com/maps/search/TP+BANK+HA+NOI+Vietnam,4.1,,
TPLUS TECHNOLOGY EXCHANGE AND INVESTMENT JSC,"TT 17-18, Honor Village No. 204 Nguyen Tuan, Hanoi",HA NOI,+84828826299,"유통, 도소매, 무역",https://www.google.com/maps/search/TPLUS+TECHNOLOGY+EXCHANGE+AND+INVESTMENT+JSC+HA+NOI+Vietnam,4.3,,
TPS,"Lot CN7, Tu Da, An Dao I.Z, Tu Da, Phu Ninh, Phu Tho",PHU THO,+842103771668,제조업,https://www.google.com/maps/search/TPS+PHU+THO+Vietnam,4.5,,
"Trane Vietnam Service Co., Ltd","13F, Icon4 Tower - 243A De La Thanh -Lang Thuong - Dong Da Dist - Hanoi",HA NOI,+842839977770,"환경, 설비, 기계","https://www.google.com/maps/search/Trane+Vietnam+Service+Co.,+Ltd+HA+NOI+Vietnam",4.1,,
"TRANSON VIETNAM CO.,LTD","Luong Son I.Z, Hoa Son, Luong Son, Hoa Binh",HOA BINH,+842183826923,"전자, 전기 제조업","https://www.google.com/maps/search/TRANSON+VIETNAM+CO.,LTD+HOA+BINH+Vietnam",4.4,,
"TRAVIS VINA ELEVATOR CO.,LTD","Room 2101, A3 Building, Ecolife Capitol project, 58 To Huu, Me Tri, Nam Tu Liem, Hanoi",HA NOI,+842432006858,"유통, 도소매, 무역","https://www.google.com/maps/search/TRAVIS+VINA+ELEVATOR+CO.,LTD+HA+NOI+Vietnam",3.8,,
TRITON,"Lo S8 KCN Hoa Xa, Nam dinh",NAM DINH,+842283671956,제조업,https://www.google.com/maps/search/TRITON+NAM+DINH+Vietnam,4.5,,
"TRUWIN VINA CO.,LTD","Ba Huyen, National Road 38, Khac Niem, Bac Ninh",BAC NINH,+842226511272,"전자, 전기 제조업","https://www.google.com/maps/search/TRUWIN+VINA+CO.,LTD+BAC+NINH+Vietnam",4.3,,
TRVH,"C5-3, Trang Due I.P, Hong phong, An Duong Hai Phong",HAI PHONG,+842256633330,"전자, 전기 제조업",https://www.google.com/maps/search/TRVH+HAI+PHONG+Vietnam,4.3,,
"TS ENC VINA CO.,LTD","8F1, SUDICO (HH3) Building, Me tri. My Dinh, Nam Tu Liem, Hanoi",HA NOI,+842432005820,건설 및 건설자재,"https://www.google.com/maps/search/TS+ENC+VINA+CO.,LTD+HA+NOI+Vietnam",4.3,,
TS FLEX COMPANY LIMITED,"KCN Tan Phu, Tan Phu, Tan Son, Phu Tho",PHU THO,+842106291333,"섬유, 의류, 봉제 제조",https://www.google.com/maps/search/TS+FLEX+COMPANY+LIMITED+PHU+THO+Vietnam,,,
TS VINA,"Quang Chau I.Z, Viet Yen, Bac Giang",BAC GIANG,+842043992060,"전자, 전기 제조업",https://www.google.com/maps/search/TS+VINA+BAC+GIANG+Vietnam,4.4,,
"TTB VIETNAM MFG CO.,LTD","Bich Son, Viet Yen, Bac Giang",BAC GIANG,,"섬유, 의류, 봉제 제조","https://www.google.com/maps/search/TTB+VIETNAM+MFG+CO.,LTD+BAC+GIANG+Vietnam",4.3,,
TTP Bengoshi law firm,"2 Floor, Vitranco Building,  192 Thai Thinh, Dong Da, Ha Noi, Viet Nam",HA NOI,+842435736845,법무.회계.투자자문,https://www.google.com/maps/search/TTP+Bengoshi+law+firm+HA+NOI+Vietnam,4.6,,
TUNGSTEN VIETNAM JOINT STOCK COMPANY,"Area B - Song Cong 1 Industrial Park, Bach Quang Ward, Song Cong City, Thai Nguyen Province, Vietnam",THAI NGUYEN,+84932142588,제조업,https://www.google.com/maps/search/TUNGSTEN+VIETNAM+JOINT+STOCK+COMPANY+THAI+NGUYEN+Vietnam,4.0,,
"TUSEUNG TECH ELECTRONICS CO.,LTD","P501, toa thuong mai chung cu Cat Tuong, Ly Thai To, Bac Ninh",BAC NINH,+84373888188,"전자, 전기 제조업","https://www.google.com/maps/search/TUSEUNG+TECH+ELECTRONICS+CO.,LTD+BAC+NINH+Vietnam",4.6,,
"TUV RHEINLAND VIETNAM  CO.,LTD","16 Floor, VCCI Building, No.9 Dao Duy Anh, Phuong Mai, Dong Da, Hanoi",HA NOI,+842435746811,기타,"https://www.google.com/maps/search/TUV+RHEINLAND+VIETNAM++CO.,LTD+HA+NOI+Vietnam",4.0,,
T'WAY AIR,"Room 501A, DMC Tower, 535 Kim Ma, Ba Dinh, Hanoi",HA NOI,,"물류, 운수, 여행업",https://www.google.com/maps/search/T'WAY+AIR+HA+NOI+Vietnam,4.0,,
"TWIM A&T VINA CO.,LTD","So nha 30, khu K15, Kinh Bac, Bac Ninh",BAC NINH,+84377224247,"전자, 전기 제조업","https://www.google.com/maps/search/TWIM+A&T+VINA+CO.,LTD+BAC+NINH+Vietnam",4.4,,
TWO H,"5/333 Văn Cao , Quận Hải An , TP Hải Phòng",HAI PHONG,,부동산개발.임대,https://www.google.com/maps/search/TWO+H+HAI+PHONG+Vietnam,3.8,,
TZ HITEC,"Lot CN-11, D6 and N5 streets, KCN Chau Son, Chau Son, Phu Ly, Ha Nam",HA NAM,+84812343538,"전자, 전기 제조업",https://www.google.com/maps/search/TZ+HITEC+HA+NAM+Vietnam,4.0,,
UBI PLASTIC PACKAGING,"TS 10/8, Tien Son I.Z, Tien Du, Bac Ninh",BAC NINH,+842223838380,제조업,https://www.google.com/maps/search/UBI+PLASTIC+PACKAGING+BAC+NINH+Vietnam,4.1,,
UHY ACA AUDITING AND CONSULTING,"5F, (tang van phong) B2 toa nha Roman Plaza, To Huu, Dai Mo, Nam Tu Liem, Hanoi",HA NOI,+842435552088,법무.회계.투자자문,https://www.google.com/maps/search/UHY+ACA+AUDITING+AND+CONSULTING+HA+NOI+Vietnam,4.3,,
"UIL ULTRASONIC VIETNAM Co.,Ltd","Lot XN06, Dai An Expansion I.Z, Lai Cach, Cam Giang, Hai Duong",HAI DUONG,+842203784762,제조업,"https://www.google.com/maps/search/UIL+ULTRASONIC+VIETNAM+Co.,Ltd+HAI+DUONG+Vietnam",,,
"UIL VIETNAM CO.,LTD","Lot F1, Que Vo Expand I.Z, Phuong Lieu, Que Vo, Bac Ninh",BAC NINH,+842223738000,"전자, 전기 제조업","https://www.google.com/maps/search/UIL+VIETNAM+CO.,LTD+BAC+NINH+Vietnam",4.3,,
"UJU VINA CO.,LTD","No.55 Lot CN 12, Khai Quang IZ, Vinh Yen, VINH PHUC",VINH PHUC,+842113843700,"전자, 전기 제조업","https://www.google.com/maps/search/UJU+VINA+CO.,LTD+VINH+PHUC+Vietnam",4.1,,
"UNFOLD VINA CO., LTD","Lot 15 -17, Noi Hoang Industrial Complex, Noi Hoang, Yen Dung, Bac Giang",BAC GIANG,+842043764668,제조업,"https://www.google.com/maps/search/UNFOLD+VINA+CO.,+LTD+BAC+GIANG+Vietnam",4.2,,
UNI CONSULTING,"220 Hoang Ngan, Trung Hoa, Cau Giay, Hanoi",HA NOI,+84908535898,법무.회계.투자자문,https://www.google.com/maps/search/UNI+CONSULTING+HA+NOI+Vietnam,3.8,,
"UNI CORETECH VINA CO., LTD","Lot CN-08, KCN Dong Van IV, Nhat Tuu, Kim Bang, Ha Nam",HA NAM,+842263966536,"전자, 전기 제조업","https://www.google.com/maps/search/UNI+CORETECH+VINA+CO.,+LTD+HA+NAM+Vietnam",4.5,,
"UNI TECH HN CO., LTD","Room 503, 5th Floor, Golden Field Building, My Dinh 1, Cau Dien, Nam Tu Liem, Hanoi",HA NOI,+842466662255,"전자, 전기 제조업","https://www.google.com/maps/search/UNI+TECH+HN+CO.,+LTD+HA+NOI+Vietnam",4.3,,
UNICO LOGISTICS VIET NAM,"1201, 12F, Han Viet Bldg - 203 Minh Khai, Hai Ba Trung, Hanoi",HA NOI,+842436321598,"물류, 운수, 여행업",https://www.google.com/maps/search/UNICO+LOGISTICS+VIET+NAM+HA+NOI+Vietnam,4.3,,
"UNICOGLOBAL VN CO.,LTD","Tan An, Yen Dung, Bac Giang BRANCH: Au Lau I.Z, Au Lau, Yen Bai, Yen Bai",BAC GIANG,+842043755398,"섬유, 의류, 봉제 제조","https://www.google.com/maps/search/UNICOGLOBAL+VN+CO.,LTD+BAC+GIANG+Vietnam",4.1,,
UNIELFLEX VINA,"No. CN 08-1, Binh Xuyen ll I.P, Binh Xuyen, VINH PHUC",VINH PHUC,+842113513261,"전자, 전기 제조업",https://www.google.com/maps/search/UNIELFLEX+VINA+VINH+PHUC+Vietnam,4.0,,
UNION ENV COMPANY LIMITED,"No. 19 Hoa Dinh, Vo Cuong, Bac Ninh",BAC NINH,+84367691477,건설 및 건설자재,https://www.google.com/maps/search/UNION+ENV+COMPANY+LIMITED+BAC+NINH+Vietnam,4.2,,
"UNI-PACK VIETNAM CO.,LTD","Group6, Dong Khuc, Vinh Khuc, Van Giang, Hung Yen, Vietnam",HUNG YEN,+842216552345,제조업,"https://www.google.com/maps/search/UNI-PACK+VIETNAM+CO.,LTD+HUNG+YEN+Vietnam",4.4,,
UNIQUE SOUND VIETNAM,"Hung Thinh I.P, Binh Giang, Hai Duong",HAI DUONG,+842203775586,제조업,https://www.google.com/maps/search/UNIQUE+SOUND+VIETNAM+HAI+DUONG+Vietnam,4.2,,
"UNI-TECH GREEN VINA Co.,Ltd","Lo M9, duong TS11 KCN Tien Son, Noi Due, Tien Du, Bac Ninh",BAC NINH,+84909282054,제조업,"https://www.google.com/maps/search/UNI-TECH+GREEN+VINA+Co.,Ltd+BAC+NINH+Vietnam",3.9,,
US COM LOGISTICS INC.,"25-27 Le Dai Hanh, Le Dai Hanh, Hai Ba Trung, Hanoi",HA NOI,+842439749661,"물류, 운수, 여행업",https://www.google.com/maps/search/US+COM+LOGISTICS+INC.+HA+NOI+Vietnam,4.4,,
UST VINA,"Floor 5 Conroy Tower, 637-639 Nguyen Tat Thanh, Da Nang",DA NANG,+842363811116,제조업,https://www.google.com/maps/search/UST+VINA+DA+NANG+Vietnam,4.2,,
"U-TECH CO.,LTD","Lot CN16, Van Trung I.Z, Viet Yen, Bac Giang",BAC GIANG,+842043662582,"전자, 전기 제조업","https://www.google.com/maps/search/U-TECH+CO.,LTD+BAC+GIANG+Vietnam",4.3,,
UTI VINA,"CN4, Diem Thuy Ind. Park, Diem Thuy Commune, Phu Binh Dist. Thai Nguyen Prov.",THAI NGUYEN,,"전자, 전기 제조업",https://www.google.com/maps/search/UTI+VINA+THAI+NGUYEN+Vietnam,4.5,,
UUL LIGHT,"Hop Thinh I.Z, Hop Thinh, Tam Duong, VINH PHUC",VINH PHUC,+842113825699,"전자, 전기 제조업",https://www.google.com/maps/search/UUL+LIGHT+VINH+PHUC+Vietnam,4.4,,
"UVFLEX CO., LTD","Khu kiền kề, KCN Quế Võ, xã Phương Liễu, Quế Võ, Bắc Ninh",BAC NINH,+842226518878,"전자, 전기 제조업","https://www.google.com/maps/search/UVFLEX+CO.,+LTD+BAC+NINH+Vietnam",4.7,,
"V ONE LOGISTICS HA NOI CO.,LTD","9 Floor, AC Bldg, 78 Duy Tan, Dich Vong Hau, Cau Giay District, Hanoi, Vietnam",HA NOI,+842473003660,"물류, 운수, 여행업","https://www.google.com/maps/search/V+ONE+LOGISTICS+HA+NOI+CO.,LTD+HA+NOI+Vietnam",4.1,,
V.P.E,"Six floor, Startower, D32, Yen Hoa, Cau Giay, Hanoi",HA NOI,+842422255816,"환경, 설비, 기계",https://www.google.com/maps/search/V.P.E+HA+NOI+Vietnam,4.1,,
VACO AUDITING COMPANY LTD.,"12A floor, 319 Corporation Tower, 63 Le Van Luong, Cau Giay, Hanoi BRANCH: 11th Floor, HUD Building, 159 Dien Bien Phu, Binh Thanh, HO CHI MINH No. 79 Ha Huy Giap, Quyet Thang, Bien Hoa, Dong Nai",HA NOI,+842435770781,법무.회계.투자자문,https://www.google.com/maps/search/VACO+AUDITING+COMPANY+LTD.+HA+NOI+Vietnam,4.7,,
"VALUEPLUS VINA CO.,LTD","No. 06, 3A Street, VSIP Bac Ninh I.P, Phu Dien, Tu Son, Bac Ninh",BAC NINH,+842223836518,"전자, 전기 제조업","https://www.google.com/maps/search/VALUEPLUS+VINA+CO.,LTD+BAC+NINH+Vietnam",4.4,,
VAN TRI GOLF CLUB,"Kim No, Dong Anh, Hanoi",HA NOI,+842439583080,"오락, 문화, 전시, 체육",https://www.google.com/maps/search/VAN+TRI+GOLF+CLUB+HA+NOI+Vietnam,4.0,,
VATECH VIET,"2F Ecolife Tay ho, Tay Ho Tay Urban, Xuan La Ward, Tay Ho District, Hanoi",HA NOI,+842432262924,"유통, 도소매, 무역",https://www.google.com/maps/search/VATECH+VIET+HA+NOI+Vietnam,3.8,,
V-CITY 21 JSC,"Room 903, Fl. 9, Office Tower Daeha Business Center, 360 Kim Ma, Ngoc Khanh, Hanoi",HA NOI,,부동산개발.임대,https://www.google.com/maps/search/V-CITY+21+JSC+HA+NOI+Vietnam,4.0,,
VDC-NET2E JSC,"7th Floor, Detech Tower, 8C Ton That Thuyet, My Dinh, Tu Liem, Hanoi",HA NOI,+842437925040,"통신, IT, SW",https://www.google.com/maps/search/VDC-NET2E+JSC+HA+NOI+Vietnam,5.0,,
VDS VIETNAM,"Que Vo I.P, Van Duong, Bac Ninh",BAC NINH,+842223634909,"전자, 전기 제조업",https://www.google.com/maps/search/VDS+VIETNAM+BAC+NINH+Vietnam,4.6,,
"VEGA REX HA NOI CO.,LTD","#808, 8th floor, 315 Bld, Truong Chinh, Dong Da, Hanoi",HA NOI,+842432484975,"물류, 운수, 여행업","https://www.google.com/maps/search/VEGA+REX+HA+NOI+CO.,LTD+HA+NOI+Vietnam",4.3,,
"VEKO INTERNATIONAL Co.,Ltd","Toa A1/D21, Ngo 11 Duy Tan, Dich Vong Hau, Cau Giay, Hanoi",HA NOI,+84347922444,"물류, 운수, 여행업","https://www.google.com/maps/search/VEKO+INTERNATIONAL+Co.,Ltd+HA+NOI+Vietnam",4.4,,
VERY VINA,"Khu Dong Truc, Quang Phuc, Tu Ky, Hai Duong",HAI DUONG,+842203746660,"섬유, 의류, 봉제 제조",https://www.google.com/maps/search/VERY+VINA+HAI+DUONG+Vietnam,4.3,,
"VES VIETNAM Co.,Ltd","Lo 41, kieu nha 3A, khu nha o thap tang TT4, My Dinh 1, Nam Tu Liem, Hanoi",HA NOI,+842437878981,건설 및 건설자재,"https://www.google.com/maps/search/VES+VIETNAM+Co.,Ltd+HA+NOI+Vietnam",4.7,,
"VESCO PEST CONTROL Co.,LTD","[하노이지사] 39/I4, Khu đô thị Yên Hoà, Phường Yên Hoà, Quận Cầu Giấy, Thành phố Hà Nội ""[호치민 지사] Số 3a, đường số 5, khu phố 4, phường An Phú, Thành phố Thủ Đức, Thành phố Hồ Chí Minh""",HA NOI,+841900013008,"환경, 설비, 기계","https://www.google.com/maps/search/VESCO+PEST+CONTROL+Co.,LTD+HA+NOI+Vietnam",4.0,,
"VFD VINA CO.,LTD","Khu Dong Cu, Thon Van Giap, Xa Van Binh, Huyen Thuong Tin, Hanoi",HA NOI,+842432055059,"병원, 의약, 위생, 의료","https://www.google.com/maps/search/VFD+VINA+CO.,LTD+HA+NOI+Vietnam",4.2,,
Vibey,"13F, Sun Square BLDG., 21 Le duc tho Street, Nam Tu Liem Dist., Hanoi",HA NOI,+84902241518,"유통, 도소매, 무역",https://www.google.com/maps/search/Vibey+HA+NOI+Vietnam,,,
"VICT ENG CO.,LTD","Hlghway No2, Phuc Thang, Phuc Yen, VINH PHUC",VINH PHUC,+84969571491,건설 및 건설자재,"https://www.google.com/maps/search/VICT+ENG+CO.,LTD+VINH+PHUC+Vietnam",4.6,,
VIDACO,Quốc lộ 2A - Cụm KTXH Đại Đồng - Xã Đại Đồng - Vĩnh Tường - Vĩnh Phúc - Vietnam,VINH PHUC,+842113820567,제조업,https://www.google.com/maps/search/VIDACO+VINH+PHUC+Vietnam,4.3,,
"VIEKO INTERNATIONAL Co.,ltd","So 36, toa nha BQLDA KDT Xa La, Phuc La, Van Phu, Phuc La, Ha Dong, Hanoi",HA NOI,,건설 및 건설자재,"https://www.google.com/maps/search/VIEKO+INTERNATIONAL+Co.,ltd+HA+NOI+Vietnam",4.2,,
"VIET HAN B & H CO.,LTD","3F, 121 Dong A, Hoa Vuong, Loc Vuong, Nam Dinh",NAM DINH,+84985099207,"섬유, 의류, 봉제 제조","https://www.google.com/maps/search/VIET+HAN+B+&+H+CO.,LTD+NAM+DINH+Vietnam",4.1,,
Viet Hung Packaging,Da Nang,HUNG YEN,+842213987668,제조업,https://www.google.com/maps/search/Viet+Hung+Packaging+HUNG+YEN+Vietnam,4.4,,
VIET INDUSTRY GROUP JSC,"R.801, SILVER WINGS Building, 137A Nguyen Van Cu, Long Bien, Hanoi",HA NOI,+842422207918,건설 및 건설자재,https://www.google.com/maps/search/VIET+INDUSTRY+GROUP+JSC+HA+NOI+Vietnam,4.3,,
VIET KOREA TRADE,"Lo E6.9 Duong Pham Hung, Nam Tu liem, Hanoi",HA NOI,+84243008169,"유통, 도소매, 무역",https://www.google.com/maps/search/VIET+KOREA+TRADE+HA+NOI+Vietnam,4.1,,
VIET NAM BH INC COMPANY LIMITED,"No. 110 Le Duan, Quan Tru, Kien An, Hai Phong",HAI PHONG,+842253790186,제조업,https://www.google.com/maps/search/VIET+NAM+BH+INC+COMPANY+LIMITED+HAI+PHONG+Vietnam,4.4,,
VIET NAM DONG WON GLOVE COMPANY LIMITED,"KCN Hoang Xa, Hoang Xa, Thanh Thuy, Phu Tho",PHU THO,+841672630428,제조업,https://www.google.com/maps/search/VIET+NAM+DONG+WON+GLOVE+COMPANY+LIMITED+PHU+THO+Vietnam,4.7,,
"VIET NAM YOUNGJIN VINA FLEX Co.,Ltd","Dong Lac, Nam Sach, Hai Duong",HAI DUONG,+842203751866,제조업,"https://www.google.com/maps/search/VIET+NAM+YOUNGJIN+VINA+FLEX+Co.,Ltd+HAI+DUONG+Vietnam",,,
VIETECO,"34H1 YEN HOA URBAN AREA, YEN HOA WARD, CAU GIAY DISTRICT, HA NOI",HA NOI,+84941940096,"환경, 설비, 기계",https://www.google.com/maps/search/VIETECO+HA+NOI+Vietnam,4.6,,
VIETKO VIETNAM,"So 10, LK10, D Vo Cuong 4, Vo Cuong, Bac Ninh",BAC NINH,+842226528112,"유통, 도소매, 무역",https://www.google.com/maps/search/VIETKO+VIETNAM+BAC+NINH+Vietnam,4.1,,
Vietlink law firm,"No 203, 2 Floor Giang Vo Lakeview Building, D10 Giang Vo, Ba Dinh District, Hanoi City",HA NOI,+842437690339,법무.회계.투자자문,https://www.google.com/maps/search/Vietlink+law+firm+HA+NOI+Vietnam,4.4,,
VIETNAM - YOUME,"Dong Van I.Z, Duy Tien, Ha Nam",HA NAM,+842263583801,제조업,https://www.google.com/maps/search/VIETNAM+-+YOUME+HA+NAM+Vietnam,4.3,,
Vietnam Airlines JSC,"200 Nguyen Son street, Bo De ward, Long Bien district, Hanoi city, Vietnam",HA NOI,+842438272289,"물류, 운수, 여행업",https://www.google.com/maps/search/Vietnam+Airlines+JSC+HA+NOI+Vietnam,4.2,,
"VIETNAM BUWON CO.,LTD","Lot no 3-7.2 Thuan Thanh III I.P, Thanh Khuong, Thuan Thanh, Bac Ninh",BAC NINH,+842223903516,"전자, 전기 제조업","https://www.google.com/maps/search/VIETNAM+BUWON+CO.,LTD+BAC+NINH+Vietnam",4.4,,
VIETNAM ENDI. JSC CO,"Pho Dau, Tan Quang, Van Lam, Hung Yen",HUNG YEN,+84352019543,"환경, 설비, 기계",https://www.google.com/maps/search/VIETNAM+ENDI.+JSC+CO+HUNG+YEN+Vietnam,4.5,,
VIETNAM EVACOM TRADING,"23 Ngo Thi Nham, Hai Ba Trung, Hanoi BRANCH: 1701, Floor 17, Charmvit Tower, 117 Tran Duy Hung, Cau Giay, Hanoi",HA NOI,+84369566666,"물류, 운수, 여행업",https://www.google.com/maps/search/VIETNAM+EVACOM+TRADING+HA+NOI+Vietnam,4.8,,
VIETNAM GEOSAN TECH,"Lot 17, Noi Hoang I.Z, Yen Dung, Bac Giang",BAC GIANG,+842043766399,"전자, 전기 제조업",https://www.google.com/maps/search/VIETNAM+GEOSAN+TECH+BAC+GIANG+Vietnam,5.0,,
VIETNAM GISAN MOBILE,"B9, B11, Dinh Tram I.Z, Bac Giang",BAC GIANG,+842043661646,"전자, 전기 제조업",https://www.google.com/maps/search/VIETNAM+GISAN+MOBILE+BAC+GIANG+Vietnam,4.2,,
"VIETNAM HY GLOBAL Co.,Ltd","Lo A2 CN1 cum cong nghiep tap trung vua va nho Tu Liem, Minh Khai, Bac Tu Liem, Hanoi",HA NOI,+84912187099,건설 및 건설자재,"https://www.google.com/maps/search/VIETNAM+HY+GLOBAL+Co.,Ltd+HA+NOI+Vietnam",4.4,,
VIETNAM INVEST CENTER,"Ngu Cau, Xa An, Hoai Duc, Hanoi",HA NOI,,부동산개발.임대,https://www.google.com/maps/search/VIETNAM+INVEST+CENTER+HA+NOI+Vietnam,4.4,,
"Vietnam investment and development Trang Anh Co.,ltd","14-15-16 B1 Floor, Capital Place, 29 Lieu Giai, Ngoc Khanh, Ba Dinh Distric, Ha Noi",HA NOI,+84904088296,"오락, 문화, 전시, 체육","https://www.google.com/maps/search/Vietnam+investment+and+development+Trang+Anh+Co.,ltd+HA+NOI+Vietnam",4.3,,
VIETNAM KODSDOOR JSC,"Lo 1-CN8 -cum cong nghiep Ngoc Hoi, Ngoc Hoi, Thanh Tri, Hanoi",HA NOI,+84965930999,건설 및 건설자재,https://www.google.com/maps/search/VIETNAM+KODSDOOR+JSC+HA+NOI+Vietnam,4.3,,
Vietnam Korea Medical Corporation,"Hoa Lac High Tech Park, Km 29 Thang Long Boulevard, Thach That, Hanoi",HA NOI,+8418006623,"병원, 의약, 위생, 의료",https://www.google.com/maps/search/Vietnam+Korea+Medical+Corporation+HA+NOI+Vietnam,4.7,,
VIETNAM PROFESSIONAL MILK,"21st Floor, Viwaseen Tower, No. 48 To Huu, Trung Van, Nam Tu Liem, Hanoi",HA NOI,+842435561588,"유통, 도소매, 무역",https://www.google.com/maps/search/VIETNAM+PROFESSIONAL+MILK+HA+NOI+Vietnam,4.1,,
VIETNAM STEEL PIPE(Vinapipe),"Km9, P.Quán Toan, Q.Hồng Bàng, TP.Hải Phòng, Việt Nam",HAI PHONG,+842253850116,제조업,https://www.google.com/maps/search/VIETNAM+STEEL+PIPE(Vinapipe)+HAI+PHONG+Vietnam,4.0,,
VIETNAM UCT COMPANY LIMITED (UCT VIETNAM),"Road D3, KCN Hoa Mac, Trac Van, Duy Tien, Ha Nam",HA NAM,+84388883835,"전자, 전기 제조업",https://www.google.com/maps/search/VIETNAM+UCT+COMPANY+LIMITED+(UCT+VIETNAM)+HA+NAM+Vietnam,3.8,,
"VIETNAM VIETSTANDARD CO.,LTD","22-16A3 Villas, European, Mo Lao, Ha Dong, Hanoi",HA NOI,+842432004925,"환경, 설비, 기계","https://www.google.com/maps/search/VIETNAM+VIETSTANDARD+CO.,LTD+HA+NOI+Vietnam",4.3,,
"Vietnam-Korea International Cooperation JSC., (VKIC)","No. 94 Trung Kinh, Yen Hoa, Cau Giay, Hanoi BRANCH: 2F, 253 Nguyen Thai Binh, Tan Binh, HO CHI MINH",HA NOI,+842473029968,"병원, 의약, 위생, 의료","https://www.google.com/maps/search/Vietnam-Korea+International+Cooperation+JSC.,+(VKIC)+HA+NOI+Vietnam",4.0,,
VIETNAM-SUNNY JEWEL,"Dong Van 1 I.Z, Dong Van, Duy Tien, Ha Nam",HA NAM,+842263583600,제조업,https://www.google.com/maps/search/VIETNAM-SUNNY+JEWEL+HA+NAM+Vietnam,4.5,,
Vietnhat E&C JSC,"No. 43, Alley 260, Cau Giay st, Quan Hoa,Cau Giay, Hanoi, Vietnam",HA NOI,+842439958249,건설 및 건설자재,https://www.google.com/maps/search/Vietnhat+E&C+JSC+HA+NOI+Vietnam,4.5,,
VIGLACERA REAL ESTATE COMPANY,"2F Viglacera Tower, Thang Long Highway, Me Tri, Nam Tu Liem, Hanoi",HA NOI,+842435536688,부동산개발.임대,https://www.google.com/maps/search/VIGLACERA+REAL+ESTATE+COMPANY+HA+NOI+Vietnam,4.6,,
VIKO SAFETY & CONSTRUCTION,"272 Khuong Dinh, Ha Dinh, Thanh Xuan, Hanoi",HA NOI,+842432006412,건설 및 건설자재,https://www.google.com/maps/search/VIKO+SAFETY+&+CONSTRUCTION+HA+NOI+Vietnam,4.1,,
VIKO TRANS CO.LTD,"6F, No.58 Nguy Nhu Kon Tum, Thanh Xuan. Hanoi",HA NOI,+842462577771,"물류, 운수, 여행업",https://www.google.com/maps/search/VIKO+TRANS+CO.LTD+HA+NOI+Vietnam,4.6,,
"VIKO TRANS WORLDWIDE VIET NAM CO.,LTD","Floor 10, Vinh Trung Plaza, 255-257 Hung Vuong, Vinh Trung, Thanh Khe, Da Nang",DA NANG,+842363817408,"물류, 운수, 여행업","https://www.google.com/maps/search/VIKO+TRANS+WORLDWIDE+VIET+NAM+CO.,LTD+DA+NANG+Vietnam",4.3,,
"VIKO WIRE CO.,LTD","Ben Village, Bach Sam, My Hao, Hung Yen",HUNG YEN,+842213946196,"전자, 전기 제조업","https://www.google.com/maps/search/VIKO+WIRE+CO.,LTD+HUNG+YEN+Vietnam",4.2,,
"VIKOM CO.,LTD.","Duong B3, khu B, KCN Pho Noi A, Xa Lac Hong, Huyen Van Lam, Tinh Hung Yen",HUNG YEN,,"전자, 전기 제조업","https://www.google.com/maps/search/VIKOM+CO.,LTD.+HUNG+YEN+Vietnam",4.3,,
Vina Anydo Electronics Company Limited,"KCN Bình Xuyên, Thị trấn Hương Canh, Hyện Bình Xuyên, Tỉnh Vĩnh Phúc",VINH PHUC,+842113866877,"전자, 전기 제조업",https://www.google.com/maps/search/Vina+Anydo+Electronics+Company+Limited+VINH+PHUC+Vietnam,4.1,,
VINA ARON COMPANY LIMITED,"Area 6, Go Don, Huong Lung, Cam Khe, Phu Tho",PHU THO,+842103633368,"섬유, 의류, 봉제 제조",https://www.google.com/maps/search/VINA+ARON+COMPANY+LIMITED+PHU+THO+Vietnam,4.0,,
"VINA AUTOMOTIVE AIRCON MANUFACTURING Co.,Ltd","Chu Lai Truong Hai Auto Mechanical and Automotive I.P, Tam Hiep, Nui Thanh, Quang Nam",QUANG NAM,+842353565787,제조업,"https://www.google.com/maps/search/VINA+AUTOMOTIVE+AIRCON+MANUFACTURING+Co.,Ltd+QUANG+NAM+Vietnam",,,
VINA BUHMWOO,"Viet Hung, Dong Anh, Hanoi",HA NOI,+842436741204,제조업,https://www.google.com/maps/search/VINA+BUHMWOO+HA+NOI+Vietnam,4.8,,
VINA CENTURY,"NO37,Line 1, Tran Thai Tong street,41 hamlet,Dich Vong ward,              Cau Giay,Ha Noi",HA NOI,+842435553646,"환경, 설비, 기계",https://www.google.com/maps/search/VINA+CENTURY+HA+NOI+Vietnam,4.8,,
VINA CPK-BA THIEN 2 IP,"Thien Ke Commune, Binh Xuyen Dist, VINH PHUC",VINH PHUC,+842113899007,건설 및 건설자재,https://www.google.com/maps/search/VINA+CPK-BA+THIEN+2+IP+VINH+PHUC+Vietnam,4.5,,
"VINA DAE-A CO.,LTD","Lot CN-10, Hoa Phu Industrial Park, Mai Dinh, Hiep Hoa, Bac Giang",BAC GIANG,+842043563888,제조업,"https://www.google.com/maps/search/VINA+DAE-A+CO.,LTD+BAC+GIANG+Vietnam",3.8,,
VINA DUAL ELECTRONICS,"Lot A2, CN1, Cum CN Tu Liem, Minh Khai, Tu Liem, Hanoi",HA NOI,+842437805223,"전자, 전기 제조업",https://www.google.com/maps/search/VINA+DUAL+ELECTRONICS+HA+NOI+Vietnam,,,
VINA FLY ASH & CONCRETE,"Km 30+400, National Road 18A, Pha Lai, Chi Linh, Hai Duong",HAI DUONG,+842203881412,건설 및 건설자재,https://www.google.com/maps/search/VINA+FLY+ASH+&+CONCRETE+HAI+DUONG+Vietnam,4.4,,
VINA KAILO,"Dong Van Ⅱ, I.Z, Dong Van, Duy Tien, Ha Nam",HA NAM,+842266263115,제조업,https://www.google.com/maps/search/VINA+KAILO+HA+NAM+Vietnam,4.9,,
"VINA KI GLOBAL Co.,Ltd","No. 1 Giai Phong, Truong Thi, Nam Dinh",NAM DINH,+842283671308,"섬유, 의류, 봉제 제조","https://www.google.com/maps/search/VINA+KI+GLOBAL+Co.,Ltd+NAM+DINH+Vietnam",4.3,,
"Vina Korea Co.,Ltd","CN 13 Khai Quang IZ, Vinh Yen, VINH PHUC",VINH PHUC,+842113842204,"섬유, 의류, 봉제 제조","https://www.google.com/maps/search/Vina+Korea+Co.,Ltd+VINH+PHUC+Vietnam",4.7,,
VINA KOREA YOUNHAB,"Chau Son, Phu Ly, Ha Nam",HA NAM,+842263846465,제조업,https://www.google.com/maps/search/VINA+KOREA+YOUNHAB+HA+NAM+Vietnam,3.8,,
"VINA KUMYANG Co.,Ltd","khai Quang I.Z, Vinh Yen, Vinh phuc",VINH PHUC,+842113720711,제조업,"https://www.google.com/maps/search/VINA+KUMYANG+Co.,Ltd+VINH+PHUC+Vietnam",4.5,,
VINA KYUNGSEUNG TRADING,"Lot 6 Don Tay, Thanh Vinh commune, Phu Tho",PHU THO,+842103712780,"섬유, 의류, 봉제 제조",https://www.google.com/maps/search/VINA+KYUNGSEUNG+TRADING+PHU+THO+Vietnam,3.8,,
VINA LEE ART JEWELRY,"Dong Van 1 IZ, Duy Tien, Ha Nam",HA NAM,+842263583051,제조업,https://www.google.com/maps/search/VINA+LEE+ART+JEWELRY+HA+NAM+Vietnam,4.3,,
VINA MOON CHANG,"Lot A5, Xuong Giang II I.C, Xuong Giang, Bac Giang",BAC GIANG,+842043529200,"전자, 전기 제조업",https://www.google.com/maps/search/VINA+MOON+CHANG+BAC+GIANG+Vietnam,4.4,,
"VINA MT CO.,LTD","Tang 3, so 4- khu BT3, khu nha o Trung Van, Trung Van, Nam Tu Liem, Hanoi",HA NOI,+842432123727,"유통, 도소매, 무역","https://www.google.com/maps/search/VINA+MT+CO.,LTD+HA+NOI+Vietnam",4.5,,
"VINA NEW TARPS Co.,Ltd","Lot 8 ＆ 24 Cai Lan I.Z, Ha Long, Quang Ninh",QUANG NINH,+842033640109,제조업,"https://www.google.com/maps/search/VINA+NEW+TARPS+Co.,Ltd+QUANG+NINH+Vietnam",4.5,,
"VINA OSP CO.,LTD","To 8, thi tran Chi Dong, Me Linh, Hanoi",HA NOI,+842432011019,"전자, 전기 제조업","https://www.google.com/maps/search/VINA+OSP+CO.,LTD+HA+NOI+Vietnam",4.6,,
VINA PIONEER INDUSTRIAL,"Road D4, Lot D, Pho Noi A I.P, Yen My, Hung Yen",HUNG YEN,+842213967190,제조업,https://www.google.com/maps/search/VINA+PIONEER+INDUSTRIAL+HUNG+YEN+Vietnam,4.0,,
"VINA SEKYO CO.,LTD","Tan Truong, Cam Giang, Hai Duong",HAI DUONG,+842203627321,"전자, 전기 제조업","https://www.google.com/maps/search/VINA+SEKYO+CO.,LTD+HAI+DUONG+Vietnam",4.6,,
"VINA TECHNO UNIQUE CO.,LTD","Quang Minh I.Z, Me Linh Town, Hanoi",HA NOI,+842435251325,제조업,"https://www.google.com/maps/search/VINA+TECHNO+UNIQUE+CO.,LTD+HA+NOI+Vietnam",3.8,,
"VINA UNION CO.,LTD","Ba Thien II Iz, BInh Xuyen, VINH PHUC",VINH PHUC,+842113584000,"전자, 전기 제조업","https://www.google.com/maps/search/VINA+UNION+CO.,LTD+VINH+PHUC+Vietnam",4.4,,
VINA YONG SEONG,"Dai Dong-Hoan Son I.Z, Hoan Son, Tien Du, Bac Ninh",BAC NINH,+842222220199,제조업,https://www.google.com/maps/search/VINA+YONG+SEONG+BAC+NINH+Vietnam,4.2,,
VINALIFT,"Lane 161, Ngoc Hoi, Phap Van Tu-Hiep, Hoang Mai, Hanoi",HA NOI,+842436419469,제조업,https://www.google.com/maps/search/VINALIFT+HA+NOI+Vietnam,4.4,,
"VINATECH VINA CO., LTD.","Ha Lieu Village, Phuong Lieu Commune, Que Vo District, Bac Ninh Province, VietNam",BAC NINH,+842222221103,"전자, 전기 제조업","https://www.google.com/maps/search/VINATECH+VINA+CO.,+LTD.+BAC+NINH+Vietnam",4.4,,
"VINH CHAU Co.,Ltd","Lot B, 9F, Software Park Building, No. 02 Quang Trung, Thach Thang, Hai Chau, Da Nang",DA NANG,+842363863338,제조업,"https://www.google.com/maps/search/VINH+CHAU+Co.,Ltd+DA+NANG+Vietnam",4.2,,
Vinhomes Serviced Residences - Vinhomes Joint Stock Company,"Symphony Office Building, Chu Huy Man Street, Phuc Loi Ward, Long Bien District, Hanoi",HA NOI,,부동산개발.임대,https://www.google.com/maps/search/Vinhomes+Serviced+Residences+-+Vinhomes+Joint+Stock+Company+HA+NOI+Vietnam,4.3,,
VINMEC HOSPITAL,"1. Vinmec Nha Trang - 42A Trần Phú, Vĩnh Nguyên, Nha Trang 2. Vinmec Đà Nẵng - Đường 30 Tháng 4, Khu dân cư số 4 Nguyễn Tri Phương, phường Hòa Cường Bắc, Q Hải Châu, TP Đà Nẵng Đà Nẵng 3. Vinmec Central Park - 208 Nguyễn Hữu Cảnh, Phường 22, Q.Bình Thạnh, Hồ Chí Minh 4. Vinmec Hải Phòng - Võ Nguyên Giáp, Q.Lê Chân, TP Hải Phòng 5. Vinmec Times city - 458 Minh Khai, Q. Hai Bà Trưng. Hà Nội 6. Vinmec Phú Quốc - Khu Bãi Dài, Xã Gành Dầu, Huyện Phú Quốc, Tỉnh Kiên Giang Phú Quốc 7. Vinmec Hạ Long - 10A Lê Thánh Tông, Hồng Gai, Hạ Long, Hồng Gai, Hạ Long",HA NOI,,"병원, 의약, 위생, 의료",https://www.google.com/maps/search/VINMEC+HOSPITAL+HA+NOI+Vietnam,4.3,,
visafast,"Ngõ 266, Hoàng công chất, Phường phú diễn, Quận bắc từ liêm, Thành phố Hà nội",HA NOI,+84385910236,"물류, 운수, 여행업",https://www.google.com/maps/search/visafast+HA+NOI+Vietnam,4.1,,
VISEC,"4F, No 12/115 Dinh Cong, Hoang Mai, Hanoi",HA NOI,+842436687226,제조업,https://www.google.com/maps/search/VISEC+HA+NOI+Vietnam,4.9,,
Vision Semicon Vietnam,"Nhà xưởng B1E, Số 05, đường 21A, KCN, đô thị và dịch vụ Vsip Bắc Ninh, xã Đại Đồng, Huyện Tiên Du, Tỉnh Bắc Ninh, Việt Nam.",BAC NINH,+84346845739,"전자, 전기 제조업",https://www.google.com/maps/search/Vision+Semicon+Vietnam+BAC+NINH+Vietnam,4.2,,
"VISION SHIPPING VIETNAM CO., LTD","6th Floor, Hanoi Group BLD, No. 442 Doi Can Str, Cong Vi Ward, Ba Dinh Dist, Ha Noi",HA NOI,+842437281866,"물류, 운수, 여행업","https://www.google.com/maps/search/VISION+SHIPPING+VIETNAM+CO.,+LTD+HA+NOI+Vietnam",4.6,,
VIVID,"Ngõ 1, đường Nguyệt Cư, Phường Nông Trang, Thành phố Việt Trì, Tỉnh Phú Thọ",PHU THO,,"섬유, 의류, 봉제 제조",https://www.google.com/maps/search/VIVID+PHU+THO+Vietnam,,,
"VJONE GARMENT CO.,LTD","Hong Chau, Dong Hung, Thai Binh",THAI BINH,+842273898643,"섬유, 의류, 봉제 제조","https://www.google.com/maps/search/VJONE+GARMENT+CO.,LTD+THAI+BINH+Vietnam",4.4,,
VK REAL ESTATE CONSULTING,"11th floor, CharmVit Tower - 117 Tran Duy Hung, Cau Giay, Hanoi",HA NOI,,부동산개발.임대,https://www.google.com/maps/search/VK+REAL+ESTATE+CONSULTING+HA+NOI+Vietnam,4.4,,
VKI IMPORT & REPORT TRADING JSC,"16, street 9A, An Phu, District 2, HO CHI MINH",HO CHI MINH,+842866805390,"유통, 도소매, 무역",https://www.google.com/maps/search/VKI+IMPORT+&+REPORT+TRADING+JSC+HO+CHI+MINH+Vietnam,4.6,,
"VKX CO.,LTD (VIETNAM KOREA EXCHANGE)","139 Ngoc Hoi, Hoang Liet, Hoang Mai, Hanoi",HA NOI,+842438611373,"전자, 전기 제조업","https://www.google.com/maps/search/VKX+CO.,LTD+(VIETNAM+KOREA+EXCHANGE)+HA+NOI+Vietnam",4.0,,
"VN H2 GLOBAL CO.,LTD","Lot B5-06, Ha Quy Ngoc, Phuong Phu My, Son Tra, Da Nang",DA NANG,+84905242045,"유통, 도소매, 무역","https://www.google.com/maps/search/VN+H2+GLOBAL+CO.,LTD+DA+NANG+Vietnam",4.4,,
VN SAFEWAY COMPANY LIMITED,"K05/20 Ngo Quyen, Tho Quang, Son Tra, Da Nang",DA NANG,+84898238200,"숙박, 요식, 급식",https://www.google.com/maps/search/VN+SAFEWAY+COMPANY+LIMITED+DA+NANG+Vietnam,4.3,,
VNK DAE HO COM MERCE AND CONSTRUCTION INVESTMENT,"No. 39, Lane 3, Nguyen Cao, Ninh Xa, Bac Ninh",BAC NINH,+842223813013,제조업,https://www.google.com/maps/search/VNK+DAE+HO+COM+MERCE+AND+CONSTRUCTION+INVESTMENT+BAC+NINH+Vietnam,4.3,,
VNTRAVEL VIET NAM TOURISM JOINT STOCK COMPANY,"11th floor, 36 Hoang Cau, Dong Da District, Hanoi",HA NOI,+8419002083,"물류, 운수, 여행업",https://www.google.com/maps/search/VNTRAVEL+VIET+NAM+TOURISM+JOINT+STOCK+COMPANY+HA+NOI+Vietnam,4.4,,
VP GLOBAL,"Thue Cong ty CP truong Phat Kinh Bac, Cum CN Hap Linh, Bac Ninh",BAC NINH,,"전자, 전기 제조업",https://www.google.com/maps/search/VP+GLOBAL+BAC+NINH+Vietnam,4.5,,
VPP CHEMICAL COMPANY LIMITED,"Lot CN1, KCN Tu Da - An Dao, Binh Phu, Phu Ninh, Phu Tho",PHU THO,+842103862675,제조업,https://www.google.com/maps/search/VPP+CHEMICAL+COMPANY+LIMITED+PHU+THO+Vietnam,3.8,,
VROS,"Lot NX02C, Que Vo expansion I.Z, Phuong Lieu, Que Vo, Bac Ninh",BAC NINH,+842223635321,"유통, 도소매, 무역",https://www.google.com/maps/search/VROS+BAC+NINH+Vietnam,4.3,,
VSC-POSCO STEEL Corp,"Km 9, Quan Toan, Hong Bang, Hai Phong",HAI PHONG,+842253850124,제조업,https://www.google.com/maps/search/VSC-POSCO+STEEL+Corp+HAI+PHONG+Vietnam,4.0,,
VSIP Industrial Park,"No. 1, Huu Nghi Road, VSIP Bac Ninh, Phu Chan Ward, Tu Son Town, Bac Ninh Province, Vietnam",BAC NINH,+842223765668,부동산개발.임대,https://www.google.com/maps/search/VSIP+Industrial+Park+BAC+NINH+Vietnam,4.6,,
"VTC SERVICE CO.,LTD","2nd fl, VTC B/D, HH3, 89L Duc Tho, My Dinh, Hanoi",HA NOI,+842437965092,기타,"https://www.google.com/maps/search/VTC+SERVICE+CO.,LTD+HA+NOI+Vietnam",,,
VTCK VIETNAM JSC,"11층 VTC방송국빌딩, 23 Lac Trung, Hai Ba Trung, Hanoi",HA NOI,,"오락, 문화, 전시, 체육",https://www.google.com/maps/search/VTCK+VIETNAM+JSC+HA+NOI+Vietnam,3.8,,
"VTK HUNG YEN IP CO., LTD","Operation Office, Ecopark Urban Area, Xuan Quan, Van Giang, Hung Yen",HUNG YEN,+84822820909,부동산개발.임대,"https://www.google.com/maps/search/VTK+HUNG+YEN+IP+CO.,+LTD+HUNG+YEN+Vietnam",4.1,,
WACKER SILICONES DESIL,"So 26, Lo 6, Khu 4, 1CC, Ngo 71, duong Le Van Luong, phuong Nhan Chinh, quan Thanh Xuan, Ha Noi",HA NOI,+842473004848,"유통, 도소매, 무역",https://www.google.com/maps/search/WACKER+SILICONES+DESIL+HA+NOI+Vietnam,4.7,,
WAF INTERNATIONAL,"17th floor, Tower A, Building Song Da, Nam Tu Liem, Hanoi",HA NOI,+842437835410,"유통, 도소매, 무역",https://www.google.com/maps/search/WAF+INTERNATIONAL+HA+NOI+Vietnam,4.3,,
WATERZONE VIETNAM,"P.1101, Bldg. C, Ho Guom Plaza, 110 Tran Phu, Ha Dong, Hanoi",HA NOI,+842437835339,"환경, 설비, 기계",https://www.google.com/maps/search/WATERZONE+VIETNAM+HA+NOI+Vietnam,4.6,,
WEDDING&,"82 Nguyen Luong Bang, Nam Dong, Dong Da, Hanoi",HA NOI,+842422190022,기타,https://www.google.com/maps/search/WEDDING&+HA+NOI+Vietnam,,,
WEDOO VINA,"24F, A3 Ecolife Capitol Building, No.58 To Huu Street, Me Tri Ward, Nam Tu Liem District, Ha Noi, Vietnam",HA NOI,+842473008200,"유통, 도소매, 무역",https://www.google.com/maps/search/WEDOO+VINA+HA+NOI+Vietnam,4.5,,
WELCRON VN,"47 Quarter, Lien Phuong, Minh Phuong, Viet Tri, Phu Tho",PHU THO,+842103858001,"섬유, 의류, 봉제 제조",https://www.google.com/maps/search/WELCRON+VN+PHU+THO+Vietnam,4.1,,
WELL BEING COMPANY LIMITED,"Lot No. 54 Le Van Quy, An Hai Bac, Son Tra, Da Nang",DA NANG,+84889329866,부동산개발.임대,https://www.google.com/maps/search/WELL+BEING+COMPANY+LIMITED+DA+NANG+Vietnam,4.1,,
WELLMADEPAPER VINA COMPANY LIMITED,"Room 803, 8th floor, lot 6, Cat Tuong ECO building, Le Thai To, Vo Cuong, Bac Ninh",BAC NINH,+84972884298,"유통, 도소매, 무역",https://www.google.com/maps/search/WELLMADEPAPER+VINA+COMPANY+LIMITED+BAC+NINH+Vietnam,4.6,,
Western Pacific Joint Stock Company,"Tầng 2, Láng Hạ building, 14 Láng Hạ, Ba Đình, HN BRANCH: 13, no.12 Street, Thao Dien Ward, Thu Duc City",HA NOI,+842437349738,부동산개발.임대,https://www.google.com/maps/search/Western+Pacific+Joint+Stock+Company+HA+NOI+Vietnam,4.2,,
"WHA Industrial Management Services Vietnam Co., Ltd","Room 809, Daeha Business Center, 360 Kim Ma Street, Ngoc Khanh Ward, Ba Dinh District, Hanoi City, Vietnam BRANCH: Lot AC1-1, WHA Industrial Zone 1 - Nghe An, Nghi Long, Nghi Loc, Nghe An",HA NOI,+842435746999,부동산개발.임대,"https://www.google.com/maps/search/WHA+Industrial+Management+Services+Vietnam+Co.,+Ltd+HA+NOI+Vietnam",4.3,,
"WIDIN VINA CO., LTD","Lot CN5, Hop Thinh Industrial Cluster, Hop Thinh, Hiep Hoa, Bac Giang",BAC GIANG,+849628956160,"유통, 도소매, 무역","https://www.google.com/maps/search/WIDIN+VINA+CO.,+LTD+BAC+GIANG+Vietnam",4.8,,
WIDUS LAW FIRM,"15th Fl., Song Da Tower, My Dinh Song Da, Me Tri, Nam Tu Liem, Hanoi",HA NOI,,법무.회계.투자자문,https://www.google.com/maps/search/WIDUS+LAW+FIRM+HA+NOI+Vietnam,,,
WILL TECH VIETNAM,"Lot KT1-A2, Que Vo Extension I.Z, Phuong Lieu, Que Vo, Bac Ninh",BAC NINH,+842223952465,"전자, 전기 제조업",https://www.google.com/maps/search/WILL+TECH+VIETNAM+BAC+NINH+Vietnam,3.8,,
Willis Towers Watson,"Level 7, 37 Ton Duc Thang St., Ben Nghe Ward, Dist.1, HO CHI MINH",HO CHI MINH,+842839100976,"금융, 보험",https://www.google.com/maps/search/Willis+Towers+Watson+HO+CHI+MINH+Vietnam,4.2,,
WINCO LAW FIRM,"54 Tran Quoc Vuong Street, Cau Giay District, Hanoi, Vietnam",HA NOI,+842437628119,법무.회계.투자자문,https://www.google.com/maps/search/WINCO+LAW+FIRM+HA+NOI+Vietnam,3.8,,
WINDTECH VIETNAM TECHNOLOGY JSC,"Factory 1 Civil Group 7, Quang Minh, Me Linh, Hanoi BRANCH: Block B5, Thuy Van I.Z, Viet Tri, Phu Tho",HA NOI,+84435560377,제조업,https://www.google.com/maps/search/WINDTECH+VIETNAM+TECHNOLOGY+JSC+HA+NOI+Vietnam,4.5,,
Wink Hotel Da Nang,"351 Tran Dung Dao, An Hai Tay ward, Son Tra district, Danang, Vietnam",DA NANG,+842363572888,"숙박, 요식, 급식",https://www.google.com/maps/search/Wink+Hotel+Da+Nang+DA+NANG+Vietnam,4.1,,
WINNERS VINA COMPANY LIMITED,"Nga Lo 1, Nga Son, Thanh Hoa",THANH HOA,+842378856993,"섬유, 의류, 봉제 제조",https://www.google.com/maps/search/WINNERS+VINA+COMPANY+LIMITED+THANH+HOA+Vietnam,3.8,,
WISECOM VINA COMPANY LIMITED,"Lot 2, Room 02, 9th Floor, V-City Commercial Building, Le Thai To, Vo Cuong, Bac Ninh",BAC NINH,+843650538250,"유통, 도소매, 무역",https://www.google.com/maps/search/WISECOM+VINA+COMPANY+LIMITED+BAC+NINH+Vietnam,4.4,,
"WISH TREE VINA Co.,Ltd","Road D2, Area C, Hoa Mac IZ, Hoa Mac Town, Chau Giang Commune, Duy Tien District, Ha Nam",HA NAM,+842263555510,제조업,"https://www.google.com/maps/search/WISH+TREE+VINA+Co.,Ltd+HA+NAM+Vietnam",4.0,,
"WITH VIETNAM CO.,LTD","Dai Dong, Hoan Son I.P, Dong Xep, Hoan Son, Tien Du, Bac Ninh",BAC NINH,+842223847989,"전자, 전기 제조업","https://www.google.com/maps/search/WITH+VIETNAM+CO.,LTD+BAC+NINH+Vietnam",3.9,,
WITS VINA,"Lot CN16-1, Yen Binh Industrial Park, Dong Tien Ward, Pho Yen City, Thai Nguyen Province, Vietnam",THAI NGUYEN,+842083931119,"전자, 전기 제조업",https://www.google.com/maps/search/WITS+VINA+THAI+NGUYEN+Vietnam,4.5,,
WOLLYONG VIET NAM,"191 Tran Dang Ninh, Cau Giay, Hanoi",HA NOI,+842437938934,"유통, 도소매, 무역",https://www.google.com/maps/search/WOLLYONG+VIET+NAM+HA+NOI+Vietnam,4.4,,
"WOLSUNG HA NOI CO., LTD","Thon Ngoc Loan, Xa Tan Quang, Huyen Van Lam, Tinh Hung Yen, Vietnam",HUNG YEN,+842213791691,제조업,"https://www.google.com/maps/search/WOLSUNG+HA+NOI+CO.,+LTD+HUNG+YEN+Vietnam",4.5,,
WONIL ELECTRONICS,"Lot G14, G1C, Que Vo I.Z, Phuong Lieu, Que Vo, Bac Ninh",BAC NINH,+842226251899,"전자, 전기 제조업",https://www.google.com/maps/search/WONIL+ELECTRONICS+BAC+NINH+Vietnam,4.5,,
"WONJIN VINA Co.,Ltd","Lot CN 16, Van Trung I.Z, Viet Yen, Bac Giang",BAC GIANG,+842043665300,제조업,"https://www.google.com/maps/search/WONJIN+VINA+Co.,Ltd+BAC+GIANG+Vietnam",4.5,,
"WONPOONG C&S Co.,Ltd","Thon Dong, Kim No, Dong Anh, Hanoi",HA NOI,+842432005447,제조업,"https://www.google.com/maps/search/WONPOONG+C&S+Co.,Ltd+HA+NOI+Vietnam",4.1,,
"WONTECH VIETNAM Co.,Ltd","Lot C12, I.Z, Dong Tho, Yen Phong, Bac Ninh",BAC NINH,+842223883388,제조업,"https://www.google.com/maps/search/WONTECH+VIETNAM+Co.,Ltd+BAC+NINH+Vietnam",4.3,,
WOO SUNG FRIEGHT VIETNAM,"6F, HH3, My Dinh, Me Tri, Nam Tu Liem, Hanoi",HA NOI,+842432565152,"물류, 운수, 여행업",https://www.google.com/maps/search/WOO+SUNG+FRIEGHT+VIETNAM+HA+NOI+Vietnam,,,
WOOIN INDUSTRIES LTD.,"Cụm Công Nghiệp Tháp- Hồng- Kỷ, Xã Diễn Hồng, Huyện Diễn Châu, Tỉnh Nghệ An, Việt Nam Diễn Châu, Nghệ An, VN",NGHE AN,+842383621560,"섬유, 의류, 봉제 제조",https://www.google.com/maps/search/WOOIN+INDUSTRIES+LTD.+NGHE+AN+Vietnam,4.1,,
"WOOIN VINA CO.,LTD","Thap Hong Ky IC, Dien Hong, Dien Chau, Nghe An",NGHE AN,+842383621560,"섬유, 의류, 봉제 제조","https://www.google.com/maps/search/WOOIN+VINA+CO.,LTD+NGHE+AN+Vietnam",4.3,,
woojeon,"Lot F2 – Que Vo Industrial, Phuong Lieu Commune, Que Vo District, Bac Ninh Province, Viet Nam",BAC NINH,+84339501400,"전자, 전기 제조업",https://www.google.com/maps/search/woojeon+BAC+NINH+Vietnam,4.1,,
WOOJIN ENGINEERING,"No.68, Phan Dinh Giot, Khai Quang, Vinh Yen, VINH PHUC",VINH PHUC,,건설 및 건설자재,https://www.google.com/maps/search/WOOJIN+ENGINEERING+VINH+PHUC+Vietnam,4.5,,
WOOJIN QPD VINA,"Lot CN4, Diem Thuy Industrial Zone, Hong Tien Commune, Pho Yen Town, Thai Nguyen Province, Vietnam",THAI NGUYEN,+842082490177,"전자, 전기 제조업",https://www.google.com/maps/search/WOOJIN+QPD+VINA+THAI+NGUYEN+Vietnam,4.8,,
"WOOJINWTP VIETNAM CO.,LTD","Lot K-05-2, Que Vo I.Z, Nam Son, Bac Ninh",BAC NINH,+842223952528,"전자, 전기 제조업","https://www.google.com/maps/search/WOOJINWTP+VIETNAM+CO.,LTD+BAC+NINH+Vietnam",4.5,,
WOOJU VINA,"Lot 76-85 Zone A, KCN Dinh Huong - Tay Bac Ga, Dong Linh, Thanh Hoa",THANH HOA,+84947046829,제조업,https://www.google.com/maps/search/WOOJU+VINA+THANH+HOA+Vietnam,4.4,,
"WOOKYUNG VINA CO., LTD","KCN Khac Niem, Khac Niem, Bac Ninh",BAC NINH,+84961349586,"전자, 전기 제조업","https://www.google.com/maps/search/WOOKYUNG+VINA+CO.,+LTD+BAC+NINH+Vietnam",4.6,,
WOON INTERNATIONAL VIETNAM JOINT STOCK COMPANY,"KCN Dong Lang, Phu Ninh, Phu Ninh, Phu Tho",PHU THO,+842103970935,제조업,https://www.google.com/maps/search/WOON+INTERNATIONAL+VIETNAM+JOINT+STOCK+COMPANY+PHU+THO+Vietnam,,,
"WOONG JIN Co.,Ltd","Lot 9, Thuy Van I.Z, Viet Tri, Phu Tho",PHU THO,+842103857833,제조업,"https://www.google.com/maps/search/WOONG+JIN+Co.,Ltd+PHU+THO+Vietnam",4.2,,
"WOORI TAX & ACCOUNTING CO.,LTD","3506, 35F, Keangnam Landmark 72 Building, Nam Tu Liem, Hanoi",HA NOI,+842438378549,법무.회계.투자자문,"https://www.google.com/maps/search/WOORI+TAX+&+ACCOUNTING+CO.,LTD+HA+NOI+Vietnam",,,
WOORI TECH VINA,"Road N2-4, Dai Dong Hoan Son I.Z, Hoan Son, Tien Du, Bac Ninh",BAC NINH,+842223848128,"전자, 전기 제조업",https://www.google.com/maps/search/WOORI+TECH+VINA+BAC+NINH+Vietnam,4.1,,
WOOSUNG ELECTRONICS VIETNAM,"Trang Due Industrial zone, Hai Phong",HAI PHONG,,제조업,https://www.google.com/maps/search/WOOSUNG+ELECTRONICS+VIETNAM+HAI+PHONG+Vietnam,4.0,,
WOOSUNG G&P VINA LIMITED LIABILITY COMPANY,"KCN Nguyen Gon, Cai Dan, Song Cong, Thai Nguyen",THAI NGUYEN,+842083662573,"유통, 도소매, 무역",https://www.google.com/maps/search/WOOSUNG+G&P+VINA+LIMITED+LIABILITY+COMPANY+THAI+NGUYEN+Vietnam,4.3,,
WOOSUNG SPECIAL VIETNAM COMPANY LIMITED,"Room 601, 6th floor, Building No. 8, Lot 28A Le Hong Phong, Dong Khe, Ngo Quyen, Hai Phong",HAI PHONG,+842258831367,"환경, 설비, 기계",https://www.google.com/maps/search/WOOSUNG+SPECIAL+VIETNAM+COMPANY+LIMITED+HAI+PHONG+Vietnam,4.6,,
"WOOSUNGVM CO.,LTD","Lo K2 KCN Trang Due, Hong Phong, An Duong, Hai Phong",HAI PHONG,+848433572640,"전자, 전기 제조업","https://www.google.com/maps/search/WOOSUNGVM+CO.,LTD+HAI+PHONG+Vietnam",,,
"Works Corporation.,LTD.",경기도 시흥시 범안로266번길44(계수동),HO CHI MINH,+841047198254,제조업,"https://www.google.com/maps/search/Works+Corporation.,LTD.+HO+CHI+MINH+Vietnam",4.7,,
"Worksmate Co., Ltd","No 6 Nguyen Hoang, Tu Liem, Hanoi",HA NOI,+84936868700,"통신, IT, SW","https://www.google.com/maps/search/Worksmate+Co.,+Ltd+HA+NOI+Vietnam",4.5,,
"WORLD CHEMICAL Co.,Ltd","Huong Canh I.Z, Binh Xuyen, VINH PHUC",VINH PHUC,+842113592539,제조업,"https://www.google.com/maps/search/WORLD+CHEMICAL+Co.,Ltd+VINH+PHUC+Vietnam",4.1,,
WORLD JOB MESSENGER,"05, Lot TT02, Mon City, Nam Tu Liem, Hanoi",HA NOI,+842471097668,기타,https://www.google.com/maps/search/WORLD+JOB+MESSENGER+HA+NOI+Vietnam,4.3,,
WORLD MOLD TECH,"Duong B2, Khu B, Khu Cong Nghiep Pho Noi A, Huyen Van Lam, Tinh Hung Yen",HUNG YEN,+842213967782,제조업,https://www.google.com/maps/search/WORLD+MOLD+TECH+HUNG+YEN+Vietnam,4.1,,
"WORLDTOP VINA CO.,LTD","Lot CN5, Hop Thinh Industrial Cluster, Hop Thinh, Hiep Hoa, Bac Giang",BAC GIANG,+849046153403,"전자, 전기 제조업","https://www.google.com/maps/search/WORLDTOP+VINA+CO.,LTD+BAC+GIANG+Vietnam",4.3,,
"WORLDWIDE LOGISTICS VN CO.,LTD - HA NOI BRANCH","11 Floor, 24T Hapulico Center Building, No 1 Nguyen Huy Tuong Str, Thanh Xuan Dist, Ha Noi",HA NOI,+842466643987,"물류, 운수, 여행업","https://www.google.com/maps/search/WORLDWIDE+LOGISTICS+VN+CO.,LTD+-+HA+NOI+BRANCH+HA+NOI+Vietnam",4.6,,
"WU XIN VINA CO.,LTD","1st Floor, A3 Building, lot 3, Hoa Long - Kinh Bac, Kinh Bac, Bac Ninh",BAC NINH,+84977930041,"유통, 도소매, 무역","https://www.google.com/maps/search/WU+XIN+VINA+CO.,LTD+BAC+NINH+Vietnam",4.5,,
Wyndham Cam Ranh,"KN Cam Ranh Co. Ltd, Long Beach, Cam Ranh Peninsula, Cam Nghia Ward, Khanh Hoa Province, Vietnam.",KHANH HOA,+842433659999,"숙박, 요식, 급식",https://www.google.com/maps/search/Wyndham+Cam+Ranh+KHANH+HOA+Vietnam,4.5,,
XIN CHAO RENT,"No. 419, Unit 17A, Lang Thuong, Dong Da, Hanoi BRANCH: Add 2 : 87 Nguyen Khang, Cau Giay, Hanoi Add 3 : R901, No66, Lane1, Quan Nhan, Thanh Xuan, Hanoi",HA NOI,+84981317000,"유통, 도소매, 무역",https://www.google.com/maps/search/XIN+CHAO+RENT+HA+NOI+Vietnam,4.6,,
XUAN CAU HOLDINGS JSC,"Level 18, VCCI Tower, 9 Dao Duy Anh Street, Dong Da District, Hanoi, Vietnam",HA NOI,+842437475266,기타,https://www.google.com/maps/search/XUAN+CAU+HOLDINGS+JSC+HA+NOI+Vietnam,4.6,,
Y&K TECH,"Que Vo Extension I.Z, Phuong Lieu, Que Vo, Bac Ninh",BAC NINH,+84917776518,"전자, 전기 제조업",https://www.google.com/maps/search/Y&K+TECH+BAC+NINH+Vietnam,4.0,,
"Y.H. Co.,Ltd","Dong Van I I.Z, Dong Van, Duy Tien, Ha Nam",HA NAM,+842263583080,제조업,"https://www.google.com/maps/search/Y.H.+Co.,Ltd+HA+NAM+Vietnam",3.9,,
"YAKJIN VIETNAM CO.,LTD","Lot B6, Thuy Van IZ, Viet Tri, Phu Tho",PHU THO,+842103955785,"섬유, 의류, 봉제 제조","https://www.google.com/maps/search/YAKJIN+VIETNAM+CO.,LTD+PHU+THO+Vietnam",4.1,,
"YAMAGATA SOLUTIONS VIETNAM CO., LTD.","Room 503, the 5th floor, ICON4 Tower, 243A De La Thanh, Lang Thuong Ward, Dong Da District, Ha Noi, Viet Nam",HA NOI,+842435251540,"유통, 도소매, 무역","https://www.google.com/maps/search/YAMAGATA+SOLUTIONS+VIETNAM+CO.,+LTD.+HA+NOI+Vietnam",3.9,,
"YB TECH VINA CO.,LTD","Lot KT1-C, Que Vo I.P, Nam Son, Bac Ninh",BAC NINH,+84372263287,"전자, 전기 제조업","https://www.google.com/maps/search/YB+TECH+VINA+CO.,LTD+BAC+NINH+Vietnam",4.7,,
YB VIETNAM COMPANY LIMITED,"Lot CN 15, CN 16 KCN Bai Ba , Son Cuong, Thanh Ba, Phu Tho",PHU THO,+842103673968,제조업,https://www.google.com/maps/search/YB+VIETNAM+COMPANY+LIMITED+PHU+THO+Vietnam,,,
"YB VINA CO., LTD","Km 92, Quốc lộ 5, An Trì, Phường Hùng Vương, Quận Hồng Bàng, Thành phố Hải Phòng, Việt Nam",HAI PHONG,+847087456245,건설 및 건설자재,"https://www.google.com/maps/search/YB+VINA+CO.,+LTD+HAI+PHONG+Vietnam",4.4,,
"YEEDO TRADING HA NOI CO.,LTD","Dong Van I.Z, Duy Tien, Ha Nam",HA NAM,+842263583100,"섬유, 의류, 봉제 제조","https://www.google.com/maps/search/YEEDO+TRADING+HA+NOI+CO.,LTD+HA+NAM+Vietnam",4.3,,
YEGA,"Lô 1, TT1, KĐT Mỹ Đình, Phạm Hùng, Nam Từ Liêm,Hà Nội",HA NOI,+84981399944,"숙박, 요식, 급식",https://www.google.com/maps/search/YEGA+HA+NOI+Vietnam,4.3,,
YEIL ACCOUNTING CORP,"1 Le Phung Hieu, Hoan Kiem, Hanoi",HA NOI,+842438241990,법무.회계.투자자문,https://www.google.com/maps/search/YEIL+ACCOUNTING+CORP+HA+NOI+Vietnam,4.7,,
YEJIN F&G VINA,"DT391, Quang Phuc, Tu ky, Hai Duong",HAI DUONG,+842203744696,"섬유, 의류, 봉제 제조",https://www.google.com/maps/search/YEJIN+F&G+VINA+HAI+DUONG+Vietnam,4.5,,
"YENANVINA CO.,LTD","Thuan Thanh 3 I.Z, Thuan Thanh, Bac Ninh",BAC NINH,+842223798727,"전자, 전기 제조업","https://www.google.com/maps/search/YENANVINA+CO.,LTD+BAC+NINH+Vietnam",3.8,,
"YEONGIL INDUSTRIAL EQUIPMENT VIETNAM Co.,Ltd","8th Floor, VNPT Building, 33 Ly Thai To, Ninh Xa, Bac Ninh",BAC NINH,+842223660400,"유통, 도소매, 무역","https://www.google.com/maps/search/YEONGIL+INDUSTRIAL+EQUIPMENT+VIETNAM+Co.,Ltd+BAC+NINH+Vietnam",4.3,,
YEPPI FLOWER,"So 38, ngo Simco, Pham Hung, My Dinh, Nam Tu Liem, Hanoi",HA NOI,+842432565079,"유통, 도소매, 무역",https://www.google.com/maps/search/YEPPI+FLOWER+HA+NOI+Vietnam,4.5,,
"YESUN TECH VIETNAM Co.,Ltd","Factory 2, Lot I-1, Trang Due I.P, in Dinh Vu - Cat Hai EZ, Hong Phong, An Duong, Hai Phong",HAI PHONG,+842252299901,제조업,"https://www.google.com/maps/search/YESUN+TECH+VIETNAM+Co.,Ltd+HAI+PHONG+Vietnam",4.3,,
YESUNG ELECTRONICS,"Lot B6, Dinh Tram I.Z, Bac Giang",BAC GIANG,+842043661352,"전자, 전기 제조업",https://www.google.com/maps/search/YESUNG+ELECTRONICS+BAC+GIANG+Vietnam,4.5,,
YESUNG VINA COMPANY LIMITED,"KCN Khac Niem, Khac Niem, Bac Ninh",BAC NINH,+84375581161,제조업,https://www.google.com/maps/search/YESUNG+VINA+COMPANY+LIMITED+BAC+NINH+Vietnam,,,
YG TECH VINA,"Lot C61-1, Dai Dong, Hoan Son I.Z, Tien Du, Bac Ninh",BAC NINH,+842223848557,"전자, 전기 제조업",https://www.google.com/maps/search/YG+TECH+VINA+BAC+NINH+Vietnam,,,
YG VINA,"Lô C2, Khu công nghiệp Gián Khẩu, Xã Gia Trấn, Huyện Gia Viễn, Tỉnh Ninh Bình, Việt Nam",NINH BINH,+842293651998,"전자, 전기 제조업",https://www.google.com/maps/search/YG+VINA+NINH+BINH+Vietnam,4.6,,
"YG-1 VIETNAM CO.,LTD","10th Floor, K3B, 6A Lane, Thanh Cong, Ba Dinh, Hanoi",HA NOI,+842437957233,"유통, 도소매, 무역","https://www.google.com/maps/search/YG-1+VIETNAM+CO.,LTD+HA+NOI+Vietnam",4.6,,
YIC VINA,"Chau Son I.Z, Phu Ly, Ha Nam",HA NAM,+842263889628,"섬유, 의류, 봉제 제조",https://www.google.com/maps/search/YIC+VINA+HA+NAM+Vietnam,3.8,,
YJ LINK VINA,"Thua dat B31 thuoc lo CN4, KCN An Duong, Hong Phong,  An Duong,  Hai Phong",HAI PHONG,+842252299420,"환경, 설비, 기계",https://www.google.com/maps/search/YJ+LINK+VINA+HAI+PHONG+Vietnam,4.3,,
YJE VINA,"Lot CN-16, Van Trung I.Z, Viet Yen, Bac Giang",BAC GIANG,+842043662900,제조업,https://www.google.com/maps/search/YJE+VINA+BAC+GIANG+Vietnam,4.5,,
YKJ VINA COMPANY LIMITED,"Hamlet 5, Nga Yen, Nga Son, Thanh Hoa",THANH HOA,+843578513880,"섬유, 의류, 봉제 제조",https://www.google.com/maps/search/YKJ+VINA+COMPANY+LIMITED+THANH+HOA+Vietnam,4.6,,
YKK VIETNAM HA NAM,"Dong Van III I.P, Hoang Dong, Duy Tien, Ha Nam",HA NAM,+842263580760,"섬유, 의류, 봉제 제조",https://www.google.com/maps/search/YKK+VIETNAM+HA+NAM+HA+NAM+Vietnam,4.1,,
YM TECH VINA COMPANY LIMITED,"No. 169, 208, An Dong, An Duong, Hai Phong",HAI PHONG,+842258830263,제조업,https://www.google.com/maps/search/YM+TECH+VINA+COMPANY+LIMITED+HAI+PHONG+Vietnam,4.5,,
YMP plus,"YMP plus, Khudat CN1C, khu cong ngniep Deep C 2A, Khu kinh te Dinh Vu-Cat hai,P. Dong hai 2, Q. Hai An, TP Hai Phong,Viet Nam",HAI PHONG,+842253978222,제조업,https://www.google.com/maps/search/YMP+plus+HAI+PHONG+Vietnam,4.3,,
YNC,"11th Floor Zen Tower, 12 Khuat Duy Tien, Thanh Xuan Trung, Thanh Xuan, Hanoi",HAI PHONG,,제조업,https://www.google.com/maps/search/YNC+HAI+PHONG+Vietnam,4.1,,
YOKOGAWA VIETNAM,"Level 10, Hoa Binh Tower, 106 Hoang Quoc Viet Street, Cau Giay District, Hanoi, Vietnam",HA NOI,+842437635115,"전자, 전기 제조업",https://www.google.com/maps/search/YOKOGAWA+VIETNAM+HA+NOI+Vietnam,4.5,,
"YONGBEE VINA Co.,Ltd","Lot 3, 5th floor, N01-T2 building, Ngoai Giao Doan, Xuan Tao, Bac Tu Liem, Hanoi.",HA NOI,+842466666232,"유통, 도소매, 무역","https://www.google.com/maps/search/YONGBEE+VINA+Co.,Ltd+HA+NOI+Vietnam",4.3,,
YONSEI SU DENTAL CLINIC,"10 Villa D, The Manor, My Dinh, Nam Tu Liem, Hanoi",HA NOI,+842432010015,"병원, 의약, 위생, 의료",https://www.google.com/maps/search/YONSEI+SU+DENTAL+CLINIC+HA+NOI+Vietnam,4.8,,
YOOCHANG VIETNAM,"Room No 2302, Viwaseen Tower, 48 To Huu Street, Trung Van Ward, Nam Tu Liem Districts, Hanoi,Viet nam",HA NOI,+842463298700,건설 및 건설자재,https://www.google.com/maps/search/YOOCHANG+VIETNAM+HA+NOI+Vietnam,3.9,,
"YOOCHUN INTERNATIONAL CO.,LTD","003 my hoang, nguyen van linh, district 7, HO CHI MINH",HO CHI MINH,+842854122623,"유통, 도소매, 무역","https://www.google.com/maps/search/YOOCHUN+INTERNATIONAL+CO.,LTD+HO+CHI+MINH+Vietnam",4.6,,
YOOJIN TS INVINA,"Room 312, 3rd floor, Thanh Dat 1 Building, No. 3 Le Thanh Tong, May To, Ngo Quyen, Hai Phong",HAI PHONG,+842253250359,"전자, 전기 제조업",https://www.google.com/maps/search/YOOJIN+TS+INVINA+HAI+PHONG+Vietnam,4.7,,
"YOOJIN TSIN VINA CO.,LTD","Room 312, 3rd floor, Thanh Dat 1 building, 3 Le Thanh Tong, May To, Ngo Quyen, Hai Phong",HAI PHONG,+842253250359,건설 및 건설자재,"https://www.google.com/maps/search/YOOJIN+TSIN+VINA+CO.,LTD+HAI+PHONG+Vietnam",3.8,,
"YOOJIN VINA CO.,LTD","Lot A7, Xuong Giang 2 I.P, Xuong Giang, Bac Giang",BAC GIANG,+842043825556,제조업,"https://www.google.com/maps/search/YOOJIN+VINA+CO.,LTD+BAC+GIANG+Vietnam",4.6,,
"YOOLIM SPECIALTY CHEMICALS VINA COMPANY LIMITED (YOOLIM VINA CO.,LTD)","X15, Lot P, KCN Dong Van II, Duy Minh, Duy Tien, Ha Nam",HA NAM,+84967188813,제조업,"https://www.google.com/maps/search/YOOLIM+SPECIALTY+CHEMICALS+VINA+COMPANY+LIMITED+(YOOLIM+VINA+CO.,LTD)+HA+NAM+Vietnam",4.1,,
"Yoon & Yang Law (Vietnam) LLC, Hanoi Office","9F, East Tower, Lotte Center Hanoi, 54 Lieu Giai, Cong Vi, Ba Dinh, Hanoi",HA NOI,+842473040001,법무.회계.투자자문,"https://www.google.com/maps/search/Yoon+&+Yang+Law+(Vietnam)+LLC,+Hanoi+Office+HA+NOI+Vietnam",4.4,,
"YOON IL VINA CO.,LTD","Lot C8-2, Que Vo I.P, Nam Son, Bac Ninh",BAC NINH,+842223634830,제조업,"https://www.google.com/maps/search/YOON+IL+VINA+CO.,LTD+BAC+NINH+Vietnam",,,
YOOSHIN ENGINEERING Corp,"24F, Vinaconex 9 tower, Pham Hung, Hanoi",HA NOI,+842437690256,건설 및 건설자재,https://www.google.com/maps/search/YOOSHIN+ENGINEERING+Corp+HA+NOI+Vietnam,4.1,,
YOOSUNG KN VIETNAM,서정언 대표이사 / SEO JEONG EON C.E.O,HA NOI,+842437878851,"전자, 전기 제조업",https://www.google.com/maps/search/YOOSUNG+KN+VIETNAM+HA+NOI+Vietnam,4.4,,
"YOU & I TECH CO.,LTD","Road TS11, Tien Son I.Z, Hoa Son, Tien Du, Bac Ninh",BAC NINH,+842223734847,제조업,"https://www.google.com/maps/search/YOU+&+I+TECH+CO.,LTD+BAC+NINH+Vietnam",4.6,,
YOUI PRECISION VINA COMPANY LIMITED,"Lot CN2, KCN Diem Thuy (Zone A), Diem Thuy, Phu Binh, Thai Nguyen",THAI NGUYEN,+84973497720,제조업,https://www.google.com/maps/search/YOUI+PRECISION+VINA+COMPANY+LIMITED+THAI+NGUYEN+Vietnam,4.5,,
"YOUJIN VINA STEEL CONSTRUCTION Co.,Ltd","18th SongDa Bldg, My Dinh 1, Nam Tu Liem, Ha Noi",HA NOI,+849365719060,건설 및 건설자재,"https://www.google.com/maps/search/YOUJIN+VINA+STEEL+CONSTRUCTION+Co.,Ltd+HA+NOI+Vietnam",4.7,,
YOUNG BK,Dong Van Industrial Zone I - Duy Tien District - Hanam,HA NAM,+842263583881,"전자, 전기 제조업",https://www.google.com/maps/search/YOUNG+BK+HA+NAM+Vietnam,4.6,,
YOUNG CHON COMPANY LIMITED,"KCN Thanh Minh, Thanh Minh, Phu Tho",PHU THO,+84962553922,제조업,https://www.google.com/maps/search/YOUNG+CHON+COMPANY+LIMITED+PHU+THO+Vietnam,4.7,,
Young D/C Vina,"LOT CN-2, Diem thuy industrial zone, Diem thuy commune, Phu Binh district Thai Nguyen Province, Vietnam",THAI NGUYEN,+842082490222,제조업,https://www.google.com/maps/search/Young+D/C+Vina+THAI+NGUYEN+Vietnam,4.6,,
YOUNG HAE VINA,"Ts27, Kcn Tien Son, Bac Ninh",BAC NINH,+842223734581,"전자, 전기 제조업",https://www.google.com/maps/search/YOUNG+HAE+VINA+BAC+NINH+Vietnam,,,
"YOUNG HO ENG VINA CO.,LTD","Lot CC3-1, Trang Due I.P, Dinh Vu - Cat Hai Economic Zone, Hong Phong, An Duong, Hai Phong",HAI PHONG,+842253597001,부동산개발.임대,"https://www.google.com/maps/search/YOUNG+HO+ENG+VINA+CO.,LTD+HAI+PHONG+Vietnam",3.9,,
YOUNG IN ELECTRONIC VIETNAM,"Dai Dong, Hoan Son, I.P, Hoan Son, Tien Du, Bac Ninh",BAC NINH,+842223847828,제조업,https://www.google.com/maps/search/YOUNG+IN+ELECTRONIC+VIETNAM+BAC+NINH+Vietnam,4.2,,
"YOUNG JIN ELEVATOR Co.,Ltd","No. 3, Khue My Dong 3, Khue My, Ngu Hanh Son, Da Nang",DA NANG,+842363539747,"환경, 설비, 기계","https://www.google.com/maps/search/YOUNG+JIN+ELEVATOR+Co.,Ltd+DA+NANG+Vietnam",4.1,,
YOUNG JIN VINA COMPANY LIMITED,"KCN Tam Thang, Tam Thang, Tam Ky, Quang Nam BRANCH: 49, Pocheon-ro 909beon-gil, Gunnae-myeon, Pocheon-si, Gyeonggi-do",QUANG NAM,+842352460461,제조업,https://www.google.com/maps/search/YOUNG+JIN+VINA+COMPANY+LIMITED+QUANG+NAM+Vietnam,4.5,,
YOUNG KWANG VINA,"Area 4, Phu Ninh, Phu Ninh, Phu Tho",PHU THO,+84975551110,제조업,https://www.google.com/maps/search/YOUNG+KWANG+VINA+PHU+THO+Vietnam,3.9,,
"YOUNG ONE CHEMICAL CO.,LTD","Tien Son I.Z, Tuong Giang, Tu Son, Bac Ninh",BAC NINH,+842223734016,제조업,"https://www.google.com/maps/search/YOUNG+ONE+CHEMICAL+CO.,LTD+BAC+NINH+Vietnam",4.6,,
"YOUNG POONG ELECTRONICS CO.,LTD","Lot CN06, Binh Xuyen II Industrial Park, Ba Hien, Binh Xuyen, VINH PHUC",VINH PHUC,+842113888833,"전자, 전기 제조업","https://www.google.com/maps/search/YOUNG+POONG+ELECTRONICS+CO.,LTD+VINH+PHUC+Vietnam",4.4,,
YOUNG SUNG VINA,"Lam Son ward, Hung Yen",HUNG YEN,+842213556388,제조업,https://www.google.com/maps/search/YOUNG+SUNG+VINA+HUNG+YEN+Vietnam,4.6,,
YOUNG WOO HI-TECH,"Lot KT1-B, KCN Que Vo I.Z, Nam Son, Bac Ninh",BAC NINH,+842226258688,"전자, 전기 제조업",https://www.google.com/maps/search/YOUNG+WOO+HI-TECH+BAC+NINH+Vietnam,4.2,,
YOUNG WOO TECH,"Lo 21 cum cong nghiep Noi Hoang (thue mot phan nha xuong so 03 cua cong ty co phan XNK Bac Giang), Noi Hoang, Yen Dung, Bac Giang",BAC GIANG,+84916245100,"전자, 전기 제조업",https://www.google.com/maps/search/YOUNG+WOO+TECH+BAC+GIANG+Vietnam,4.5,,
Young Woo Vina III,"KCN det may Pho Noi B, Phuong Di Su, Thi xa My Hao, Tinh Hung Yen",HUNG YEN,+842213900456,"섬유, 의류, 봉제 제조",https://www.google.com/maps/search/Young+Woo+Vina+III+HUNG+YEN+Vietnam,4.5,,
"YOUNGAN VINA CO.,LTD","Km3+900, Highway 183, An Dong Industrial Area, Nam Sach, Hai Duong",HAI DUONG,+842203759128,"섬유, 의류, 봉제 제조","https://www.google.com/maps/search/YOUNGAN+VINA+CO.,LTD+HAI+DUONG+Vietnam",4.3,,
"YOUNGHAN CO.,LTD","Lot 75, Zone A, Dinh Huong I.P, Tay Bac Ga ( Part 2), I.P, Thanh Hoa",THANH HOA,+842373219899,제조업,"https://www.google.com/maps/search/YOUNGHAN+CO.,LTD+THANH+HOA+Vietnam",4.5,,
"YOUNGJIN AST VINA CO.,LTD","Quang Minh IZ, Chi Dong Town, Me Linh dist, Hanoi",HA NOI,+842435251988,제조업,"https://www.google.com/maps/search/YOUNGJIN+AST+VINA+CO.,LTD+HA+NOI+Vietnam",,,
YOUNGJIN E&C JSC,"3rd Floor, B Tower, Keangnam Landmark Building, Me Tri Ward,Nam Tu Riem District, Ha Noi City, Vietnam",HA NOI,+842438580435,건설 및 건설자재,https://www.google.com/maps/search/YOUNGJIN+E&C+JSC+HA+NOI+Vietnam,4.1,,
"YOUNGJIN ELECTRICS CO.,LTD","Lot L8, Noi Hoang Industrial Complex, Noi Hoang, Yen Dung, Bac Giang",BAC GIANG,+84327318494,"전자, 전기 제조업","https://www.google.com/maps/search/YOUNGJIN+ELECTRICS+CO.,LTD+BAC+GIANG+Vietnam",4.4,,
YOUNGJIN HI-TECH VIETNAM,"Lot 01, KCN Diem Thuy , Phu Binh , Thai Nguyen",THAI NGUYEN,+842083931515,"전자, 전기 제조업",https://www.google.com/maps/search/YOUNGJIN+HI-TECH+VIETNAM+THAI+NGUYEN+Vietnam,4.4,,
YOUNGJIN HI-TECH VINA,"No.33, Street 10, Vsip Bac Ninh, Dai Dong, Tien Du, Bac Ninh",BAC NINH,+842223734806,"전자, 전기 제조업",https://www.google.com/maps/search/YOUNGJIN+HI-TECH+VINA+BAC+NINH+Vietnam,4.4,,
"YOUNGJIN VINA CO., LTD","Lot CN07-01, Yen Phong (Extend) Industrial Zone, Yen Trung Commune, Yen Phong District, Bac Ninh BRANCH: Lot CN06-01, Van Trung Industrial Zone, Van Trung Commune, Viet Yen District, Bac Giang",BAC GIANG,+842223688123,"전자, 전기 제조업","https://www.google.com/maps/search/YOUNGJIN+VINA+CO.,+LTD+BAC+GIANG+Vietnam",4.0,,
"YOUNGJIN VINA CO.,LTD","Lot CN07-01, Yen Phong (Extend) Industrial Zone, Yen Trung Commune, Yen Phong District, Bac Ninh Province BRANCH: Lot CN06-01, Van Trung Industrial Zone, Van Trung Commune, Viet Yen District, Bac Giang Province",BAC NINH,+842223688123,제조업,"https://www.google.com/maps/search/YOUNGJIN+VINA+CO.,LTD+BAC+NINH+Vietnam",3.8,,
YOUNGONE HUNG YEN,"Ta Thuong Hamlet, Chinh Nghia, Kim Dong, Hung Yen",HUNG YEN,+842213827699,"섬유, 의류, 봉제 제조",https://www.google.com/maps/search/YOUNGONE+HUNG+YEN+HUNG+YEN+Vietnam,4.2,,
"YOUNGONE NAM DINH CO., LTD","Lot O,P,Q,R N6 Road, Hoa Xa IP, My Xa Commune, Nam Dinh",NAM DINH,+842283670570,"섬유, 의류, 봉제 제조","https://www.google.com/maps/search/YOUNGONE+NAM+DINH+CO.,+LTD+NAM+DINH+Vietnam",4.2,,
YTG VINA,"CN4.3A, Dinh Vu I.Z, Dong Hai 2, Hai An, Hai Phong",HAI PHONG,+842258831163,제조업,https://www.google.com/maps/search/YTG+VINA+HAI+PHONG+Vietnam,4.0,,
YU JUNG YUNG NUNG JO HAP,"Nam Son, Tam Diep, Ninh Binh",NINH BINH,+842296278276,제조업,https://www.google.com/maps/search/YU+JUNG+YUNG+NUNG+JO+HAP+NINH+BINH+Vietnam,4.7,,
YU WON NRT,"KCN Dong Van I, Dong Van, Duy Tien, Ha Nam",HA NAM,+84984466924,"전자, 전기 제조업",https://www.google.com/maps/search/YU+WON+NRT+HA+NAM+Vietnam,4.6,,
"YUDO VIETNAM Co.,Ltd","Hap Linh IZ, Hap Linh, Bac Ninh",BAC NINH,,제조업,"https://www.google.com/maps/search/YUDO+VIETNAM+Co.,Ltd+BAC+NINH+Vietnam",4.4,,
YUHAN VINA,"Factory G7, Lot XN 06, Dai An Expansion I.Z, Lai Cach, Cam Giang, Hai Duong",HAI DUONG,+842203555855,"전자, 전기 제조업",https://www.google.com/maps/search/YUHAN+VINA+HAI+DUONG+Vietnam,4.2,,
YUIL SYSTEM VINA,"Dai Dong - Hoan Son, Tien Du, Bac Ninh",BAC NINH,+842223848368,제조업,https://www.google.com/maps/search/YUIL+SYSTEM+VINA+BAC+NINH+Vietnam,4.3,,
"YUIN Co.,Ltd","Quan Da, Dong Ly, My Dong, Thuy Nguyen, Hai Phong",HAI PHONG,+842253645621,"환경, 설비, 기계","https://www.google.com/maps/search/YUIN+Co.,Ltd+HAI+PHONG+Vietnam",4.4,,
YUJIN COMPRESSOR VIETNAM,"Lot 2 CN5, Minh Khai Small & Medium size I.Z, North Tu Liem, Hanoi",HA NOI,+842432009868,"환경, 설비, 기계",https://www.google.com/maps/search/YUJIN+COMPRESSOR+VIETNAM+HA+NOI+Vietnam,,,
"YUJIN ENC VINA CO.,LTD","Lot H1-01-5, Que Vo I.Z - expanded area (hire workshop from Kinh Bac Company), Nam Son, Bac Ninh",BAC NINH,+842223952533,"전자, 전기 제조업","https://www.google.com/maps/search/YUJIN+ENC+VINA+CO.,LTD+BAC+NINH+Vietnam",3.9,,
YUJIN HOIST VINA,"8th, Floor, TTC building, No.19 Duy Tan, Cau Giay, Hanoi",HA NOI,+84936246041,제조업,https://www.google.com/maps/search/YUJIN+HOIST+VINA+HA+NOI+Vietnam,4.3,,
YUJUNG VINA,"(thuê NX Kibaco) KCN Quế Võ mở rộng, xã Phương Liễu, Huyện Quế Võ, tỉnh Bắc Ninh",BAC NINH,+842223903065,제조업,https://www.google.com/maps/search/YUJUNG+VINA+BAC+NINH+Vietnam,4.4,,
"YULAY TECH VINA Co.,Ltd","Yen Phong I.Z, Yen Phong, Bac Ninh",BAC NINH,+842223699545,제조업,"https://www.google.com/maps/search/YULAY+TECH+VINA+Co.,Ltd+BAC+NINH+Vietnam",4.5,,
Yulchon Limited Liability Law Firm,"27th floor, East Wing, Lotte Center Hanoi, 54 Lieu Giai street, Cong Vi BRANCH: Unit 601-602, 6th Floor, Diamond Plaza, 34 Le Duan St., Ben Nghe Ward, Dist.1, HO CHI MINH",HA NOI,+842438378200,법무.회계.투자자문,https://www.google.com/maps/search/Yulchon+Limited+Liability+Law+Firm+HA+NOI+Vietnam,4.6,,
Yun Sung Polimar VINA,"Khu 10, Xã Phù Ninh, Huyện Phù Ninh, Tỉnh Phú Thọ, Việt Nam",PHU THO,+84984937628,제조업,https://www.google.com/maps/search/Yun+Sung+Polimar+VINA+PHU+THO+Vietnam,4.5,,
YURA COPORATION VINA,"Thôn Mộc Ty, Xã Trưng Trắc, Huyện Văn Lâm, Hưng Yên",HUNG YEN,+842213997555,제조업,https://www.google.com/maps/search/YURA+COPORATION+VINA+HUNG+YEN+Vietnam,4.7,,
YURA CORPORATION BAC NINH,"Cụm công nghiệp Tân Chi, Xã Tân Chi, Huyện Tiên Du, Tỉnh Bắc Ninh, Việt Nam",BAC NINH,+842223622961,제조업,https://www.google.com/maps/search/YURA+CORPORATION+BAC+NINH+BAC+NINH+Vietnam,4.4,,
"YURA TECH VIETNAM CO., LTD","Factory No. 5, Lot D10, D6 and N4 Streets, KCN Chau Son, Chau Son, Phu Ly, Ha Nam",HA NAM,+842262219998,"전자, 전기 제조업","https://www.google.com/maps/search/YURA+TECH+VIETNAM+CO.,+LTD+HA+NAM+Vietnam",4.3,,
"YUSEN LOGISTICS (VIETNAM) CO., LTD.","Room 805, HITC Bldg., 239 Xuan Thuy, Cau Giay, Hanoi",HA NOI,+842437684641,"물류, 운수, 여행업","https://www.google.com/maps/search/YUSEN+LOGISTICS+(VIETNAM)+CO.,+LTD.+HA+NOI+Vietnam",4.0,,
YUSHIN TECH VINA,"Lot B7, B8, Dinh Tram I.Z, Hoang Ninh, Viet Yen, Bac Giang",BAC GIANG,+842043661453,제조업,https://www.google.com/maps/search/YUSHIN+TECH+VINA+BAC+GIANG+Vietnam,4.1,,
Yusung Electronics Vina Company Limited,"Lot CN4-P2, Yen My Industrial Park, Tan Lap Commune, Yen My District, Hung Yen Province, Vietnam",HUNG YEN,+84868352223,제조업,https://www.google.com/maps/search/Yusung+Electronics+Vina+Company+Limited+HUNG+YEN+Vietnam,4.4,,
ZDL (VIET NAM) COMPANY LIMITED,"KCN Dong Van IV, Dai Cuong, Kim Bang, Ha Nam",HA NAM,+842263966420,"전자, 전기 제조업",https://www.google.com/maps/search/ZDL+(VIET+NAM)+COMPANY+LIMITED+HA+NAM+Vietnam,,,
"ZETC VIETNAM CO.,LTD","No.A10, To 14, Nhan My, My Dinh, Hanoi",HA NOI,+842462544818,"유통, 도소매, 무역","https://www.google.com/maps/search/ZETC+VIETNAM+CO.,LTD+HA+NOI+Vietnam",3.8,,
ZIIN ENGINEERING VIETNAM,"Lot CN 22, Bai Ba industrial cluster, Son Cuong, Thanh Ba, Phu Tho",PHU THO,+848248677900,제조업,https://www.google.com/maps/search/ZIIN+ENGINEERING+VIETNAM+PHU+THO+Vietnam,4.7,,
"ZIIU THAI NGUYEN CO., LTD","Lot CN3, KCN CN3-01 Diem Thuy, Diem Thuy, Phu Binh, Thai Nguyen",THAI NGUYEN,+84329478366,제조업,"https://www.google.com/maps/search/ZIIU+THAI+NGUYEN+CO.,+LTD+THAI+NGUYEN+Vietnam",4.5,,
ZIN VINA COMPANY LIMITED,"Lot 83, Map sheet no 68, Vo Cuong, Bac Ninh",BAC NINH,+84946832710,건설 및 건설자재,https://www.google.com/maps/search/ZIN+VINA+COMPANY+LIMITED+BAC+NINH+Vietnam,4.1,,
"ZIOVI DESIGN CO.,LTD","2F Today Rural Newspaper Tower, Duong Dinh Nghe, Yen Hoa, Cau Giay, Hanoi",HA NOI,+842432123501,건설 및 건설자재,"https://www.google.com/maps/search/ZIOVI+DESIGN+CO.,LTD+HA+NOI+Vietnam",,,
"Z-TON VINA Co.,Ltd","Lot D, Nomura I.Z, Hai Phong",HAI PHONG,+842253618643,제조업,"https://www.google.com/maps/search/Z-TON+VINA+Co.,Ltd+HAI+PHONG+Vietnam",4.3,,
"ZYJ CO.,LTD","Tu Ky, Hai Duong",HAI DUONG,+842213791907,"섬유, 의류, 봉제 제조","https://www.google.com/maps/search/ZYJ+CO.,LTD+HAI+DUONG+Vietnam",4.5,,
,Hap Linh industrial zone - Bac Ninh City - Bac Ninh Province,BAC NINH,+842223720364,제조업,https://www.google.com/maps/search/nan+BAC+NINH+Vietnam,4.4,,
