Tên Công Ty,Google Maps Link
216 Joint Stock Company,https://www.google.com/maps/search/216+Joint+Stock+Company+HA+NOI+Vietnam
21C HAN VINA,https://www.google.com/maps/search/21C+HAN+VINA+HA+NOI+Vietnam
"365 SYS CO.,LTD","https://www.google.com/maps/search/365+SYS+CO.,LTD+HA+NOI+Vietnam"
3D ART MUSEUM IN PARADISE DANANG,https://www.google.com/maps/search/3D+ART+MUSEUM+IN+PARADISE+DANANG+DA+NANG+Vietnam
"3H VINACOM Co.,Ltd","https://www.google.com/maps/search/3H+VINACOM+Co.,Ltd+BAC+NINH+Vietnam"
42 INTERNATIONAL,https://www.google.com/maps/search/42+INTERNATIONAL+HA+NOI+Vietnam
4M PARTNERS VIETNAM,https://www.google.com/maps/search/4M+PARTNERS+VIETNAM+HA+NOI+Vietnam
4P ELECTRONICS,https://www.google.com/maps/search/4P+ELECTRONICS+HAI+PHONG+Vietnam
88 TRADING AND CONSTRUCTION,https://www.google.com/maps/search/88+TRADING+AND+CONSTRUCTION+HUNG+YEN+Vietnam
"A ONE CONSTRUCTION Co.,Ltd","https://www.google.com/maps/search/A+ONE+CONSTRUCTION+Co.,Ltd+BAC+NINH+Vietnam"
"A&G CERAMICS COMPANY LIMITED (A&G CO., LTD)","https://www.google.com/maps/search/A&G+CERAMICS+COMPANY+LIMITED+(A&G+CO.,+LTD)+HA+NAM+Vietnam"
A&G Tech,https://www.google.com/maps/search/A&G+Tech+HA+NOI+Vietnam
AAA VIETNAM INVEST CONSULTING,https://www.google.com/maps/search/AAA+VIETNAM+INVEST+CONSULTING+HA+NOI+Vietnam
AASC AUDITING FIRM,https://www.google.com/maps/search/AASC+AUDITING+FIRM+HA+NOI+Vietnam
ABC EDUCATION CONSULTANCY SERVICE AND TRAINING,https://www.google.com/maps/search/ABC+EDUCATION+CONSULTANCY+SERVICE+AND+TRAINING+BAC+NINH+Vietnam
"ABC INTERNATIONAL JOINT VENTURE CO.,","https://www.google.com/maps/search/ABC+INTERNATIONAL+JOINT+VENTURE+CO.,+HA+NOI+Vietnam"
ABE INVEST CONSULTING JSC,https://www.google.com/maps/search/ABE+INVEST+CONSULTING+JSC+HA+NOI+Vietnam
"ACAVA VINA CO.,LTD","https://www.google.com/maps/search/ACAVA+VINA+CO.,LTD+THAI+BINH+Vietnam"
"ACE ANTENNA Co.,Ltd","https://www.google.com/maps/search/ACE+ANTENNA+Co.,Ltd+HA+NAM+Vietnam"
"ACE CUT SYSTEM Co.,Ltd","https://www.google.com/maps/search/ACE+CUT+SYSTEM+Co.,Ltd+BAC+NINH+Vietnam"
"ACE ENGINEERING VINA CO.,LTD","https://www.google.com/maps/search/ACE+ENGINEERING+VINA+CO.,LTD+BAC+NINH+Vietnam"
ACE GARMENT VINA,https://www.google.com/maps/search/ACE+GARMENT+VINA+BAC+GIANG+Vietnam
ACE GLOVE TRADING,https://www.google.com/maps/search/ACE+GLOVE+TRADING+NINH+BINH+Vietnam
ACE MART,https://www.google.com/maps/search/ACE+MART+HA+NOI+Vietnam
ACE VIET NAM EDU,https://www.google.com/maps/search/ACE+VIET+NAM+EDU+HA+NOI+Vietnam
"ACRO VINA Co.,Ltd","https://www.google.com/maps/search/ACRO+VINA+Co.,Ltd+VINH+PHUC+Vietnam"
"ACS LOGISTICS VINA Co.,Ltd","https://www.google.com/maps/search/ACS+LOGISTICS+VINA+Co.,Ltd+HA+NOI+Vietnam"
"AD ARCHITECTURE Co.,Ltd","https://www.google.com/maps/search/AD+ARCHITECTURE+Co.,Ltd+BAC+NINH+Vietnam"
ADD CONSTRUCTION GROUP,https://www.google.com/maps/search/ADD+CONSTRUCTION+GROUP+HA+NOI+Vietnam
ADD Group JSC,https://www.google.com/maps/search/ADD+Group+JSC+HA+NOI+Vietnam
ADEN SERVICES VIETNAM,https://www.google.com/maps/search/ADEN+SERVICES+VIETNAM+HA+NOI+Vietnam
"ADP GLOBAL EXPRESS CO.,LTD","https://www.google.com/maps/search/ADP+GLOBAL+EXPRESS+CO.,LTD+HA+NOI+Vietnam"
ADPIA. JSC,https://www.google.com/maps/search/ADPIA.+JSC+HA+NOI+Vietnam
ADVANCED VISION AUTOMATIC,https://www.google.com/maps/search/ADVANCED+VISION+AUTOMATIC+HA+NOI+Vietnam
AEGIS SYSTEM VIET NAM COMPANY LIMITED,https://www.google.com/maps/search/AEGIS+SYSTEM+VIET+NAM+COMPANY+LIMITED+HAI+PHONG+Vietnam
Aekyung Special Paint Hanoi,https://www.google.com/maps/search/Aekyung+Special+Paint+Hanoi+BAC+NINH+Vietnam
AGILITY,https://www.google.com/maps/search/AGILITY+HO+CHI+MINH+Vietnam
"Ah Tae ENG Co.,Ltd","https://www.google.com/maps/search/Ah+Tae+ENG+Co.,Ltd+HUNG+YEN+Vietnam"
AHN'S DELICE,https://www.google.com/maps/search/AHN'S+DELICE+HA+NOI+Vietnam
AIMMO Vietnam Company Limited,https://www.google.com/maps/search/AIMMO+Vietnam+Company+Limited+HA+NOI+Vietnam
"AIR QUAY VINA CO., LTD","https://www.google.com/maps/search/AIR+QUAY+VINA+CO.,+LTD+HA+NOI+Vietnam"
AISTV,https://www.google.com/maps/search/AISTV+HA+NOI+Vietnam
"AJ Co.,Ltd","https://www.google.com/maps/search/AJ+Co.,Ltd+HA+NOI+Vietnam"
AJ NETWORKS VIETNAM,https://www.google.com/maps/search/AJ+NETWORKS+VIETNAM+HA+NOI+Vietnam
"AJ RENTAL CO.,LTD","https://www.google.com/maps/search/AJ+RENTAL+CO.,LTD+HO+CHI+MINH+Vietnam"
AJ Total VN Phonoi Branch,https://www.google.com/maps/search/AJ+Total+VN+Phonoi+Branch+HA+NOI+Vietnam
AJU VINA,https://www.google.com/maps/search/AJU+VINA+THAI+NGUYEN+Vietnam
AK CHEMTECH HA NOI,https://www.google.com/maps/search/AK+CHEMTECH+HA+NOI+BAC+NINH+Vietnam
AK Interiors,https://www.google.com/maps/search/AK+Interiors+HA+NOI+Vietnam
"AKC VINA Co.,Ltd","https://www.google.com/maps/search/AKC+VINA+Co.,Ltd+BAC+NINH+Vietnam"
AKTS TECH COMPANY LIMITED,https://www.google.com/maps/search/AKTS+TECH+COMPANY+LIMITED+BAC+NINH+Vietnam
ALADDIN VINA,https://www.google.com/maps/search/ALADDIN+VINA+HA+NOI+Vietnam
"ALBATROSS CONSULTANCY SERVICES ONE MEMBER CO.,LTD","https://www.google.com/maps/search/ALBATROSS+CONSULTANCY+SERVICES+ONE+MEMBER+CO.,LTD+DA+NANG+Vietnam"
Alim global,https://www.google.com/maps/search/Alim+global+HA+NOI+Vietnam
Alliex Vietnam JSC,https://www.google.com/maps/search/Alliex+Vietnam+JSC+HA+NOI+Vietnam
ALMUS TECH,https://www.google.com/maps/search/ALMUS+TECH+BAC+NINH+Vietnam
ALMUS VINA,https://www.google.com/maps/search/ALMUS+VINA+PHU+THO+Vietnam
Alpha Green Tech Vina,https://www.google.com/maps/search/Alpha+Green+Tech+Vina+BAC+GIANG+Vietnam
ALPHA TO OMEGA LOGISTICS,https://www.google.com/maps/search/ALPHA+TO+OMEGA+LOGISTICS+HA+NOI+Vietnam
ALPS ALPINE Vietnam,https://www.google.com/maps/search/ALPS+ALPINE+Vietnam+HA+NOI+Vietnam
"ALTIMEDIA VIETNAM CO., LTD","https://www.google.com/maps/search/ALTIMEDIA+VIETNAM+CO.,+LTD+HA+NOI+Vietnam"
ALUKO HYUNDAI ALUMINUM VINA,https://www.google.com/maps/search/ALUKO+HYUNDAI+ALUMINUM+VINA+HUNG+YEN+Vietnam
ALUMINUM HAN VIET,https://www.google.com/maps/search/ALUMINUM+HAN+VIET+THAI+NGUYEN+Vietnam
"AM TELECOM Co.,Ltd","https://www.google.com/maps/search/AM+TELECOM+Co.,Ltd+BAC+GIANG+Vietnam"
AMATA CITY HALONG JSC,https://www.google.com/maps/search/AMATA+CITY+HALONG+JSC+QUANG+NINH+Vietnam
Amazon Corporate Services Vietnam Company Limited,https://www.google.com/maps/search/Amazon+Corporate+Services+Vietnam+Company+Limited+HA+NOI+Vietnam
AMI VINA,https://www.google.com/maps/search/AMI+VINA+HA+NOI+Vietnam
AMO VINA,https://www.google.com/maps/search/AMO+VINA+VINH+PHUC+Vietnam
An duong Group,https://www.google.com/maps/search/An+duong+Group+HA+NOI+Vietnam
AN PHAT HOLDINGS JSC,https://www.google.com/maps/search/AN+PHAT+HOLDINGS+JSC+HA+NOI+Vietnam
"AN RAINBOW DANANG CO.,LTD","https://www.google.com/maps/search/AN+RAINBOW+DANANG+CO.,LTD+DA+NANG+Vietnam"
AN STUDIO,https://www.google.com/maps/search/AN+STUDIO+HA+NOI+Vietnam
"ANAM ELECTRONICS VIETNAM CO.,LTD","https://www.google.com/maps/search/ANAM+ELECTRONICS+VIETNAM+CO.,LTD+HA+NAM+Vietnam"
ANC INTERNATIONAL,https://www.google.com/maps/search/ANC+INTERNATIONAL+HA+NOI+Vietnam
ANGEL VIETNAM JSC,https://www.google.com/maps/search/ANGEL+VIETNAM+JSC+HA+NOI+Vietnam
"ANH CONSULTING AND AUDITING CO.,LTD","https://www.google.com/maps/search/ANH+CONSULTING+AND+AUDITING+CO.,LTD+HA+NOI+Vietnam"
"Anh Vu Garment Im-Export Co., Ltd","https://www.google.com/maps/search/Anh+Vu+Garment+Im-Export+Co.,+Ltd+HUNG+YEN+Vietnam"
ANI VINA,https://www.google.com/maps/search/ANI+VINA+BAC+NINH+Vietnam
"ANYCOMTECH Co.,Ltd","https://www.google.com/maps/search/ANYCOMTECH+Co.,Ltd+HA+NOI+Vietnam"
ANYONE VINA,https://www.google.com/maps/search/ANYONE+VINA+BAC+NINH+Vietnam
"AO DAI TOUR CO.,LTD","https://www.google.com/maps/search/AO+DAI+TOUR+CO.,LTD+HA+NOI+Vietnam"
"AON VINA LTD. (f.k.a. Keangnam-Vina, LTD.)","https://www.google.com/maps/search/AON+VINA+LTD.+(f.k.a.+Keangnam-Vina,+LTD.)+HA+NOI+Vietnam"
"AONE ALFORM Co.,Ltd","https://www.google.com/maps/search/AONE+ALFORM+Co.,Ltd+KOREA+Vietnam"
AP SYSTEMS VIET NAM,https://www.google.com/maps/search/AP+SYSTEMS+VIET+NAM+BAC+NINH+Vietnam
"APOLLO TECH VINA CO.,LTD","https://www.google.com/maps/search/APOLLO+TECH+VINA+CO.,LTD+BAC+NINH+Vietnam"
"APPARELTECH VINH LOC CO., LTD","https://www.google.com/maps/search/APPARELTECH+VINH+LOC+CO.,+LTD+THANH+HOA+Vietnam"
"AQ PACIFIC CO.,LTD","https://www.google.com/maps/search/AQ+PACIFIC+CO.,LTD+BAC+NINH+Vietnam"
ARA FLOWER AND GIFT,https://www.google.com/maps/search/ARA+FLOWER+AND+GIFT+HA+NOI+Vietnam
ARIRANG,https://www.google.com/maps/search/ARIRANG+HA+NOI+Vietnam
"ARIRANG C&S Co.,Ltd","https://www.google.com/maps/search/ARIRANG+C&S+Co.,Ltd+HA+NOI+Vietnam"
ARIRANG VINA COMPANY LIMITED,https://www.google.com/maps/search/ARIRANG+VINA+COMPANY+LIMITED+QUANG+NINH+Vietnam
ARP VINA COMPANY LIMITED,https://www.google.com/maps/search/ARP+VINA+COMPANY+LIMITED+PHU+THO+Vietnam
"ARS CO.,LTD(KERN)","https://www.google.com/maps/search/ARS+CO.,LTD(KERN)+BAC+NINH+Vietnam"
"AS C&T Co.,Ltd","https://www.google.com/maps/search/AS+C&T+Co.,Ltd+BAC+NINH+Vietnam"
"AsahiKasei Advance Vietnam Co., ltd","https://www.google.com/maps/search/AsahiKasei+Advance+Vietnam+Co.,+ltd+HAI+PHONG+Vietnam"
ASCOTT VIETNAM,https://www.google.com/maps/search/ASCOTT+VIETNAM+HA+NOI+Vietnam
ASEA DAERYUN VINA,https://www.google.com/maps/search/ASEA+DAERYUN+VINA+THAI+NGUYEN+Vietnam
ASEAN LAW FIRM LLC,https://www.google.com/maps/search/ASEAN+LAW+FIRM+LLC+HA+NOI+Vietnam
ASENTEC VIETNAM Company Limited,https://www.google.com/maps/search/ASENTEC+VIETNAM+Company+Limited+PHU+THO+Vietnam
"Asetek Vina.Co,Ltd","https://www.google.com/maps/search/Asetek+Vina.Co,Ltd+BAC+GIANG+Vietnam"
ASGU,https://www.google.com/maps/search/ASGU+HA+NOI+Vietnam
ASIA ADVENTURE,https://www.google.com/maps/search/ASIA+ADVENTURE+HA+NOI+Vietnam
"ASIA BOLT VINA Co.,Ltd","https://www.google.com/maps/search/ASIA+BOLT+VINA+Co.,Ltd+BAC+GIANG+Vietnam"
ASIA GROUP CO.LTD,https://www.google.com/maps/search/ASIA+GROUP+CO.LTD+HA+NOI+Vietnam
"ASIA LCD SERVICE CO.,LTD","https://www.google.com/maps/search/ASIA+LCD+SERVICE+CO.,LTD+BAC+GIANG+Vietnam"
ASIANA AIRLINES,https://www.google.com/maps/search/ASIANA+AIRLINES+HA+NOI+Vietnam
ASIARCH ARCHITECTURE & CM,https://www.google.com/maps/search/ASIARCH+ARCHITECTURE+&+CM+HA+NOI+Vietnam
ASIA-SEED VIETNAM OFFICE,https://www.google.com/maps/search/ASIA-SEED+VIETNAM+OFFICE+QUANG+NINH+Vietnam
ASM INTERNATIONAL,https://www.google.com/maps/search/ASM+INTERNATIONAL+HA+NOI+Vietnam
ASONG INVEST,https://www.google.com/maps/search/ASONG+INVEST+HA+NOI+Vietnam
"ASTRONET CO.,LTD","https://www.google.com/maps/search/ASTRONET+CO.,LTD+HA+NOI+Vietnam"
A-SUNG INTERNATIONAL VINA,https://www.google.com/maps/search/A-SUNG+INTERNATIONAL+VINA+HA+NOI+Vietnam
"AT, Korea Agro-Fisheries & Food Trade Corporation","https://www.google.com/maps/search/AT,+Korea+Agro-Fisheries+&+Food+Trade+Corporation+HA+NOI+Vietnam"
"ATARIH PRECISION Co.,Ltd","https://www.google.com/maps/search/ATARIH+PRECISION+Co.,Ltd+HAI+DUONG+Vietnam"
ATEC SYSTEM VIET NAM COMPANY LIMITED,https://www.google.com/maps/search/ATEC+SYSTEM+VIET+NAM+COMPANY+LIMITED+HAI+PHONG+Vietnam
ATECH JSC,https://www.google.com/maps/search/ATECH+JSC+BAC+NINH+Vietnam
"ATEX GD VIETNAM CO.,LTD","https://www.google.com/maps/search/ATEX+GD+VIETNAM+CO.,LTD+HUNG+YEN+Vietnam"
ATT VIETNAM LOGISTICS,https://www.google.com/maps/search/ATT+VIETNAM+LOGISTICS+HA+NOI+Vietnam
ATUM VINA,https://www.google.com/maps/search/ATUM+VINA+BAC+GIANG+Vietnam
AUTODI VINA COMPANY LIMITED,https://www.google.com/maps/search/AUTODI+VINA+COMPANY+LIMITED+THANH+HOA+Vietnam
Autonics VNM,https://www.google.com/maps/search/Autonics+VNM+HA+NAM+Vietnam
"AZLAW CONSULTING CO.,LTD","https://www.google.com/maps/search/AZLAW+CONSULTING+CO.,LTD+HA+NOI+Vietnam"
B&H VINA,https://www.google.com/maps/search/B&H+VINA+PHU+THO+Vietnam
B&M INDUSTRY,https://www.google.com/maps/search/B&M+INDUSTRY+HA+NOI+Vietnam
B.S.C VINA COMPANY LIMITED.,https://www.google.com/maps/search/B.S.C+VINA+COMPANY+LIMITED.+BAC+NINH+Vietnam
BA SOFTTECH,https://www.google.com/maps/search/BA+SOFTTECH+HA+NOI+Vietnam
BachLien Joint stock company (VietMRO),https://www.google.com/maps/search/BachLien+Joint+stock+company+(VietMRO)+HA+NOI+Vietnam
"Bae, Kim & Lee Vietnam Limited Liability Law Company","https://www.google.com/maps/search/Bae,+Kim+&+Lee+Vietnam+Limited+Liability+Law+Company+HA+NOI+Vietnam"
BAEK IL VINA COMPANY LIMITED,https://www.google.com/maps/search/BAEK+IL+VINA+COMPANY+LIMITED+PHU+THO+Vietnam
Baekje Galbi,https://www.google.com/maps/search/Baekje+Galbi+HA+NOI+Vietnam
BALLOONSTIX KOREA VIETNAM REPRESENTATIVE OFFICE,https://www.google.com/maps/search/BALLOONSTIX+KOREA+VIETNAM+REPRESENTATIVE+OFFICE+HA+NOI+Vietnam
"Bando Vina Co., Ltd.","https://www.google.com/maps/search/Bando+Vina+Co.,+Ltd.+PHU+THO+Vietnam"
BANG JOO ELECTRONICS VIET NAM JSC,https://www.google.com/maps/search/BANG+JOO+ELECTRONICS+VIET+NAM+JSC+VINH+PHUC+Vietnam
BANGSUN VIETNAM,https://www.google.com/maps/search/BANGSUN+VIETNAM+VINH+PHUC+Vietnam
BANH BANH CAFE,https://www.google.com/maps/search/BANH+BANH+CAFE+HA+NOI+Vietnam
BAO NGOC AKITO INVESTMENT PRODUCTION Corp,https://www.google.com/maps/search/BAO+NGOC+AKITO+INVESTMENT+PRODUCTION+Corp+HA+NOI+Vietnam
"BAO SOLUTION Co.,Ltd","https://www.google.com/maps/search/BAO+SOLUTION+Co.,Ltd+HAI+DUONG+Vietnam"
BAO SON HOSPITAL,https://www.google.com/maps/search/BAO+SON+HOSPITAL+HA+NOI+Vietnam
BAROM AIR CARGO,https://www.google.com/maps/search/BAROM+AIR+CARGO+HA+NOI+Vietnam
BAROQUE VINA,https://www.google.com/maps/search/BAROQUE+VINA+HA+NOI+Vietnam
BAT Vietnam International Group Joint Stock Company,https://www.google.com/maps/search/BAT+Vietnam+International+Group+Joint+Stock+Company+HA+NOI+Vietnam
BBQ,https://www.google.com/maps/search/BBQ+PHU+THO+Vietnam
BBQ VIETNAM,https://www.google.com/maps/search/BBQ+VIETNAM+HA+NOI+Vietnam
BC SYSTEM,https://www.google.com/maps/search/BC+SYSTEM+BAC+NINH+Vietnam
"BCT VINA Co.,Ltd","https://www.google.com/maps/search/BCT+VINA+Co.,Ltd+HA+NOI+Vietnam"
"BDO AUDIT SERVICES CO.,LTD","https://www.google.com/maps/search/BDO+AUDIT+SERVICES+CO.,LTD+HA+NOI+Vietnam"
BELCAT VINA JSC,https://www.google.com/maps/search/BELCAT+VINA+JSC+BAC+GIANG+Vietnam
BELIEVE ZONE,https://www.google.com/maps/search/BELIEVE+ZONE+HAI+DUONG+Vietnam
"BENTEE CLOTHING,INC","https://www.google.com/maps/search/BENTEE+CLOTHING,INC+HA+NOI+Vietnam"
BEST BK(BBK),https://www.google.com/maps/search/BEST+BK(BBK)+HA+NAM+Vietnam
"BEST MANUFACTURING TECHNOLOGY CO.,LTD","https://www.google.com/maps/search/BEST+MANUFACTURING+TECHNOLOGY+CO.,LTD+BAC+GIANG+Vietnam"
BETECH E&C VINA COMPANY LIMITED,https://www.google.com/maps/search/BETECH+E&C+VINA+COMPANY+LIMITED+BAC+NINH+Vietnam
BETHEL INTERNATIONAL COMPANY LIMITED,https://www.google.com/maps/search/BETHEL+INTERNATIONAL+COMPANY+LIMITED+PHU+THO+Vietnam
BEXCO,https://www.google.com/maps/search/BEXCO+KOREA+Vietnam
BGK GROUP,https://www.google.com/maps/search/BGK+GROUP+HA+NOI+Vietnam
"BH FLEX VINA Co.,Ltd","https://www.google.com/maps/search/BH+FLEX+VINA+Co.,Ltd+VINH+PHUC+Vietnam"
BIDV,https://www.google.com/maps/search/BIDV+HA+NOI+Vietnam
BIDV HA NOI,https://www.google.com/maps/search/BIDV+HA+NOI+HA+NOI+Vietnam
BIG WAVE,https://www.google.com/maps/search/BIG+WAVE+HA+NOI+Vietnam
BIM GROUP,https://www.google.com/maps/search/BIM+GROUP+HA+NOI+Vietnam
Binh Minh Production Packaging & Trading Company Limited,https://www.google.com/maps/search/Binh+Minh+Production+Packaging+&+Trading+Company+Limited+BAC+NINH+Vietnam
"BION IMPORT-EXPORT ONE MEMBER CO.,LTD","https://www.google.com/maps/search/BION+IMPORT-EXPORT+ONE+MEMBER+CO.,LTD+DA+NANG+Vietnam"
"BIT E&M - HAI PHONG CO.,LTD","https://www.google.com/maps/search/BIT+E&M+-+HAI+PHONG+CO.,LTD+HAI+PHONG+Vietnam"
BIZENTRO COMPANY LIMITED,https://www.google.com/maps/search/BIZENTRO+COMPANY+LIMITED+HA+NOI+Vietnam
BIZLINK LAWYERS,https://www.google.com/maps/search/BIZLINK+LAWYERS+HA+NOI+Vietnam
BJ TECH VINA,https://www.google.com/maps/search/BJ+TECH+VINA+BAC+GIANG+Vietnam
BJSTEEL VIETNAM,https://www.google.com/maps/search/BJSTEEL+VIETNAM+THAI+NGUYEN+Vietnam
BKT Viet Nam,https://www.google.com/maps/search/BKT+Viet+Nam+HA+NOI+Vietnam
"BKT VINA CO.,LTD","https://www.google.com/maps/search/BKT+VINA+CO.,LTD+VINH+PHUC+Vietnam"
BLACKYAK,https://www.google.com/maps/search/BLACKYAK+HA+NOI+Vietnam
"BLISS TECH Co.,Ltd","https://www.google.com/maps/search/BLISS+TECH+Co.,Ltd+BAC+NINH+Vietnam"
"BLUE TEC VINA CO.,LTD","https://www.google.com/maps/search/BLUE+TEC+VINA+CO.,LTD+HAI+DUONG+Vietnam"
"BLUECOM VINA CO.,LTD","https://www.google.com/maps/search/BLUECOM+VINA+CO.,LTD+HAI+PHONG+Vietnam"
"BLUEMETALS CO.,LTD","https://www.google.com/maps/search/BLUEMETALS+CO.,LTD+HAI+PHONG+Vietnam"
"BLUESPACE VIETNAM CO., LTD","https://www.google.com/maps/search/BLUESPACE+VIETNAM+CO.,+LTD+HA+NOI+Vietnam"
BM VINA,https://www.google.com/maps/search/BM+VINA+HUNG+YEN+Vietnam
BMK VINA COMPANY LIMITED,https://www.google.com/maps/search/BMK+VINA+COMPANY+LIMITED+BAC+NINH+Vietnam
"BMP TRADING CO., LTD","https://www.google.com/maps/search/BMP+TRADING+CO.,+LTD+HA+NAM+Vietnam"
"BMS-THANH NAM Co.,Ltd","https://www.google.com/maps/search/BMS-THANH+NAM+Co.,Ltd+HA+NOI+Vietnam"
BN KMH HITECH,https://www.google.com/maps/search/BN+KMH+HITECH+BAC+NINH+Vietnam
BN TECH VINA,https://www.google.com/maps/search/BN+TECH+VINA+VINH+PHUC+Vietnam
BNR GLOBAL,https://www.google.com/maps/search/BNR+GLOBAL+HA+NOI+Vietnam
"BO MINH CONSTRUCTION Co.,Ltd","https://www.google.com/maps/search/BO+MINH+CONSTRUCTION+Co.,Ltd+HA+NOI+Vietnam"
"BOE KOREA CO.,LTD","https://www.google.com/maps/search/BOE+KOREA+CO.,LTD+HA+NOI+Vietnam"
"BOEUN CO.,LTD","https://www.google.com/maps/search/BOEUN+CO.,LTD+BAC+NINH+Vietnam"
BOK EUM TARP VINA COMPANY LIMITED,https://www.google.com/maps/search/BOK+EUM+TARP+VINA+COMPANY+LIMITED+PHU+THO+Vietnam
BOKUK VN,https://www.google.com/maps/search/BOKUK+VN+HA+NOI+Vietnam
Boma Resort Nha Trang,https://www.google.com/maps/search/Boma+Resort+Nha+Trang+KHANH+HOA+Vietnam
BON JUK BAC NINH COMPANY LIMITED,https://www.google.com/maps/search/BON+JUK+BAC+NINH+COMPANY+LIMITED+BAC+NINH+Vietnam
BON SOLUTIONS VINA COMPANY LIMITED,https://www.google.com/maps/search/BON+SOLUTIONS+VINA+COMPANY+LIMITED+BAC+NINH+Vietnam
BONA APPAREL,https://www.google.com/maps/search/BONA+APPAREL+HA+NOI+Vietnam
BONACON VINA,https://www.google.com/maps/search/BONACON+VINA+HA+NOI+Vietnam
"BONG SAN P&T Co.,Ltd","https://www.google.com/maps/search/BONG+SAN+P&T+Co.,Ltd+HAI+PHONG+Vietnam"
"BOO DEKO CO.,LTD","https://www.google.com/maps/search/BOO+DEKO+CO.,LTD+HA+NOI+Vietnam"
BOO YOUNG TOOL VINA,https://www.google.com/maps/search/BOO+YOUNG+TOOL+VINA+BAC+NINH+Vietnam
"BOO YOUNG VINA Co.,Ltd","https://www.google.com/maps/search/BOO+YOUNG+VINA+Co.,Ltd+HA+NOI+Vietnam"
Boogook Industries Vina,https://www.google.com/maps/search/Boogook+Industries+Vina+HA+NAM+Vietnam
BO-ON GLOVES VIET NAM COMPANY LIMITED,https://www.google.com/maps/search/BO-ON+GLOVES+VIET+NAM+COMPANY+LIMITED+PHU+THO+Vietnam
BORANET INC,https://www.google.com/maps/search/BORANET+INC+HA+NOI+Vietnam
BOSUNG ENG VIET NAM,https://www.google.com/maps/search/BOSUNG+ENG+VIET+NAM+HA+NOI+Vietnam
BOSUNG TECH VINA,https://www.google.com/maps/search/BOSUNG+TECH+VINA+BAC+GIANG+Vietnam
BQ TECH VINA COMPANY LIMITED,https://www.google.com/maps/search/BQ+TECH+VINA+COMPANY+LIMITED+BAC+NINH+Vietnam
"BRANCH OF CANA YOUNG CO.,LTD- DA NANG","https://www.google.com/maps/search/BRANCH+OF+CANA+YOUNG+CO.,LTD-+DA+NANG+QUANG+NAM+Vietnam"
BRANCH OF HANBIT VINA COMPANY LIMITED IN HAI PHONG,https://www.google.com/maps/search/BRANCH+OF+HANBIT+VINA+COMPANY+LIMITED+IN+HAI+PHONG+HAI+PHONG+Vietnam
"BRANCH OF LOTTECINEMA VIETNAM CO., LTD. IN BAC NINH CITY","https://www.google.com/maps/search/BRANCH+OF+LOTTECINEMA+VIETNAM+CO.,+LTD.+IN+BAC+NINH+CITY+BAC+NINH+Vietnam"
"BRANCH OF ZIIN ENGINEERING VIET NAM CO., LTD","https://www.google.com/maps/search/BRANCH+OF+ZIIN+ENGINEERING+VIET+NAM+CO.,+LTD+BAC+NINH+Vietnam"
BridgePower,https://www.google.com/maps/search/BridgePower+PHU+THO+Vietnam
BRITISH VIETNAMESE INTERNATIONAL SCHOOL HA NOI,https://www.google.com/maps/search/BRITISH+VIETNAMESE+INTERNATIONAL+SCHOOL+HA+NOI+HA+NOI+Vietnam
BROAD C&S,https://www.google.com/maps/search/BROAD+C&S+HA+NOI+Vietnam
BROADTEK VINA COMPANY LIMITED,https://www.google.com/maps/search/BROADTEK+VINA+COMPANY+LIMITED+BAC+NINH+Vietnam
"BROSS & PARTNERS,ADVOCATES & SOLICITORS","https://www.google.com/maps/search/BROSS+&+PARTNERS,ADVOCATES+&+SOLICITORS+HA+NOI+Vietnam"
"BRS VINA CO.,LTD","https://www.google.com/maps/search/BRS+VINA+CO.,LTD+BAC+NINH+Vietnam"
BRTECH VINA COMPANY LIMITED,https://www.google.com/maps/search/BRTECH+VINA+COMPANY+LIMITED+VINH+PHUC+Vietnam
"BS TECH VINA CO.,LTD","https://www.google.com/maps/search/BS+TECH+VINA+CO.,LTD+BAC+NINH+Vietnam"
"BSE VIETNAM CO.,LTD","https://www.google.com/maps/search/BSE+VIETNAM+CO.,LTD+HAI+DUONG+Vietnam"
BSL NETWORKS,https://www.google.com/maps/search/BSL+NETWORKS+HAI+PHONG+Vietnam
BSR VIETNAM,https://www.google.com/maps/search/BSR+VIETNAM+HA+NOI+Vietnam
BTB INTERNATIONAL COMPANY LIMITED,https://www.google.com/maps/search/BTB+INTERNATIONAL+COMPANY+LIMITED+DA+NANG+Vietnam
"BU GWANG VINA CO.,LTD","https://www.google.com/maps/search/BU+GWANG+VINA+CO.,LTD+BAC+NINH+Vietnam"
BU IL VINA LIMITED COMPANY,https://www.google.com/maps/search/BU+IL+VINA+LIMITED+COMPANY+HAI+PHONG+Vietnam
"BU KWANG VINA CO., LTD","https://www.google.com/maps/search/BU+KWANG+VINA+CO.,+LTD+PHU+THO+Vietnam"
BUIL,https://www.google.com/maps/search/BUIL+BAC+NINH+Vietnam
BUJEON VIETNAM ELECTRONICS,https://www.google.com/maps/search/BUJEON+VIETNAM+ELECTRONICS+BAC+NINH+Vietnam
BUMHAN CABLE & SYSTEM,https://www.google.com/maps/search/BUMHAN+CABLE+&+SYSTEM+DA+NANG+Vietnam
BUMIL ENG COMPANY LIMITED,https://www.google.com/maps/search/BUMIL+ENG+COMPANY+LIMITED+HAI+PHONG+Vietnam
BUMIL ENGINEERING & GENERAL CONSTRUCTION,https://www.google.com/maps/search/BUMIL+ENGINEERING+&+GENERAL+CONSTRUCTION+HA+NOI+Vietnam
BUMJIN ELECTRONICS VINA COMPANY LIMITED,https://www.google.com/maps/search/BUMJIN+ELECTRONICS+VINA+COMPANY+LIMITED+QUANG+NINH+Vietnam
BUMMI VIETNAM,https://www.google.com/maps/search/BUMMI+VIETNAM+HA+NOI+Vietnam
"BUMYANG INNO AIR CONDITIONING VIETNAM CO.,LTD","https://www.google.com/maps/search/BUMYANG+INNO+AIR+CONDITIONING+VIETNAM+CO.,LTD+HA+NOI+Vietnam"
BURIM CHEMICAL VINA,https://www.google.com/maps/search/BURIM+CHEMICAL+VINA+HA+NOI+Vietnam
"BURIM VINA CO.,LTD","https://www.google.com/maps/search/BURIM+VINA+CO.,LTD+HUNG+YEN+Vietnam"
BUSAN BANK HA NOI REPRESENTATIVE OFFICE,https://www.google.com/maps/search/BUSAN+BANK+HA+NOI+REPRESENTATIVE+OFFICE+HA+NOI+Vietnam
BUSINESS COST MANAGEMENT,https://www.google.com/maps/search/BUSINESS+COST+MANAGEMENT+HA+NOI+Vietnam
"BUY ALL FOOD CO.,LTD","https://www.google.com/maps/search/BUY+ALL+FOOD+CO.,LTD+HA+NOI+Vietnam"
BW INDUSTRIAL DEVELOPMENT JSC,https://www.google.com/maps/search/BW+INDUSTRIAL+DEVELOPMENT+JSC+HA+NOI+Vietnam
BYEOK JIN VINA COMPANY LIMITED,https://www.google.com/maps/search/BYEOK+JIN+VINA+COMPANY+LIMITED+THANH+HOA+Vietnam
"C&J TRADING CO.,LTD","https://www.google.com/maps/search/C&J+TRADING+CO.,LTD+HA+NOI+Vietnam"
"C&N VINA TAM ANH - KOREA CO.,LTD","https://www.google.com/maps/search/C&N+VINA+TAM+ANH+-+KOREA+CO.,LTD+QUANG+NAM+Vietnam"
"C&Y VINA CO.,LTD","https://www.google.com/maps/search/C&Y+VINA+CO.,LTD+BAC+NINH+Vietnam"
"CA DESIGN CO.,LTD","https://www.google.com/maps/search/CA+DESIGN+CO.,LTD+HA+NOI+Vietnam"
"CAIS VINA ELECTRONICS CO.,LTD","https://www.google.com/maps/search/CAIS+VINA+ELECTRONICS+CO.,LTD+HAI+PHONG+Vietnam"
"CAMMSYS VIETNAM CO.,LTD.","https://www.google.com/maps/search/CAMMSYS+VIETNAM+CO.,LTD.+VINH+PHUC+Vietnam"
Campus-K,https://www.google.com/maps/search/Campus-K+HA+NOI+Vietnam
"CANA ASAHI VINA Co.,Ltd","https://www.google.com/maps/search/CANA+ASAHI+VINA+Co.,Ltd+HA+NOI+Vietnam"
"CANAYOUNG CO.,LTD","https://www.google.com/maps/search/CANAYOUNG+CO.,LTD+DA+NANG+Vietnam"
"CAP GLOBAL CO., LTD","https://www.google.com/maps/search/CAP+GLOBAL+CO.,+LTD+HOA+BINH+Vietnam"
CAPELLA LAND JSC,https://www.google.com/maps/search/CAPELLA+LAND+JSC+HA+NOI+Vietnam
"CAPICHI VIETNAM CO., LTD","https://www.google.com/maps/search/CAPICHI+VIETNAM+CO.,+LTD+HA+NOI+Vietnam"
"CAPITALAND HOANG THANH CO.,LTD","https://www.google.com/maps/search/CAPITALAND+HOANG+THANH+CO.,LTD+HA+NOI+Vietnam"
"CARGO ROAD VIETNAM CO.,LTD","https://www.google.com/maps/search/CARGO+ROAD+VIETNAM+CO.,LTD+HA+NOI+Vietnam"
CARGO RUSH INTERNATIONAL,https://www.google.com/maps/search/CARGO+RUSH+INTERNATIONAL+HA+NOI+Vietnam
CARGOROWORLD NETWORKS VIETNAM,https://www.google.com/maps/search/CARGOROWORLD+NETWORKS+VIETNAM+HA+NOI+Vietnam
CARGOSTAR LOGIS VIETNAM,https://www.google.com/maps/search/CARGOSTAR+LOGIS+VIETNAM+HA+NOI+Vietnam
"CARPOST CO.,LTD","https://www.google.com/maps/search/CARPOST+CO.,LTD+HA+NOI+Vietnam"
CAS,https://www.google.com/maps/search/CAS+HA+NOI+Vietnam
CASTIS,https://www.google.com/maps/search/CASTIS+HA+NOI+Vietnam
CBRE VIETNAM,https://www.google.com/maps/search/CBRE+VIETNAM+HA+NOI+Vietnam
"CELL BIO HUMAN TECH VINA CO.,LTD","https://www.google.com/maps/search/CELL+BIO+HUMAN+TECH+VINA+CO.,LTD+QUANG+NAM+Vietnam"
"CENTURY GLOBAL VINA CO.,LTD","https://www.google.com/maps/search/CENTURY+GLOBAL+VINA+CO.,LTD+HA+NOI+Vietnam"
"CENTURY SANUP VINA CO.,LTD","https://www.google.com/maps/search/CENTURY+SANUP+VINA+CO.,LTD+HO+CHI+MINH+Vietnam"
CEO SUITE VIETNAM,https://www.google.com/maps/search/CEO+SUITE+VIETNAM+HA+NOI+Vietnam
"CES HOLDINGS VINA CO.,LTD","https://www.google.com/maps/search/CES+HOLDINGS+VINA+CO.,LTD+HA+NOI+Vietnam"
"CESCO VIETNAM CO.,LTD – HA NOI BRANCH","https://www.google.com/maps/search/CESCO+VIETNAM+CO.,LTD+–+HA+NOI+BRANCH+HA+NOI+Vietnam"
CHADIOSTECH VINA,https://www.google.com/maps/search/CHADIOSTECH+VINA+VINH+PHUC+Vietnam
CHAM VK COMPANY LIMITED,https://www.google.com/maps/search/CHAM+VK+COMPANY+LIMITED+DA+NANG+Vietnam
CHANG AN VINA,https://www.google.com/maps/search/CHANG+AN+VINA+THAI+NGUYEN+Vietnam
"CHANG SUNG ONE MEMBER CO,. LTD","https://www.google.com/maps/search/CHANG+SUNG+ONE+MEMBER+CO,.+LTD+BAC+GIANG+Vietnam"
CHANG SUNG VINA,https://www.google.com/maps/search/CHANG+SUNG+VINA+BAC+NINH+Vietnam
"CHANGIL VINA CO.,LTD","https://www.google.com/maps/search/CHANGIL+VINA+CO.,LTD+BAC+NINH+Vietnam"
CHANGWOO VINA ELECTRONICS,https://www.google.com/maps/search/CHANGWOO+VINA+ELECTRONICS+HA+NOI+Vietnam
CHAO HOI AN COMPANY LIMITED,https://www.google.com/maps/search/CHAO+HOI+AN+COMPANY+LIMITED+QUANG+NAM+Vietnam
CHD VINA COMPANY LIMITED,https://www.google.com/maps/search/CHD+VINA+COMPANY+LIMITED+BAC+NINH+Vietnam
"CHEIL INDUSTRIES INC. VIETNAM Co.,Ltd","https://www.google.com/maps/search/CHEIL+INDUSTRIES+INC.+VIETNAM+Co.,Ltd+BAC+NINH+Vietnam"
CHEMILENS VIETNAM JSC,https://www.google.com/maps/search/CHEMILENS+VIETNAM+JSC+HAI+DUONG+Vietnam
"CHEMTECH SOLUTION VINA CO.,LTD","https://www.google.com/maps/search/CHEMTECH+SOLUTION+VINA+CO.,LTD+BAC+NINH+Vietnam"
CHEONG SAN VINA,https://www.google.com/maps/search/CHEONG+SAN+VINA+BAC+GIANG+Vietnam
Cheong Song E&C,https://www.google.com/maps/search/Cheong+Song+E&C+BAC+NINH+Vietnam
CHEONGDAM RESTAURANT (TAESUNG GHTEC TRADING COMPANY LIMITED),https://www.google.com/maps/search/CHEONGDAM+RESTAURANT+(TAESUNG+GHTEC+TRADING+COMPANY+LIMITED)+BAC+NINH+Vietnam
"CHEONGHAK GLOVES VINA CO.,LTD","https://www.google.com/maps/search/CHEONGHAK+GLOVES+VINA+CO.,LTD+NAM+DINH+Vietnam"
CHEONIL LOGISTICS VIETNAM,https://www.google.com/maps/search/CHEONIL+LOGISTICS+VIETNAM+HA+NOI+Vietnam
"CHI HOSPITALITY INTERNATIONAL CO., LTD","https://www.google.com/maps/search/CHI+HOSPITALITY+INTERNATIONAL+CO.,+LTD+HA+NOI+Vietnam"
CHIA BAKERY & COFFEE,https://www.google.com/maps/search/CHIA+BAKERY+&+COFFEE+HA+NOI+Vietnam
Chicilon media,https://www.google.com/maps/search/Chicilon+media+HA+NOI+Vietnam
"CHONG RO HA NOI CO., LTD","https://www.google.com/maps/search/CHONG+RO+HA+NOI+CO.,+LTD+HA+NOI+Vietnam"
"CHOYANG TECH VINA CO.,LTD","https://www.google.com/maps/search/CHOYANG+TECH+VINA+CO.,LTD+HA+NOI+Vietnam"
"CHUN WOO CLEANING AND ENGINEERING Co.,Ltd","https://www.google.com/maps/search/CHUN+WOO+CLEANING+AND+ENGINEERING+Co.,Ltd+HA+NOI+Vietnam"
CHUNG AM VINA,https://www.google.com/maps/search/CHUNG+AM+VINA+HA+NOI+Vietnam
CHUNG YEON KOREAN MEDICINE CENTER IN HA NOI,https://www.google.com/maps/search/CHUNG+YEON+KOREAN+MEDICINE+CENTER+IN+HA+NOI+HA+NOI+Vietnam
CHUNGCHEONGNAM-DO ECONOMIC PROMOTION AGENCY IN HA NOI CITY(CEPA),https://www.google.com/maps/search/CHUNGCHEONGNAM-DO+ECONOMIC+PROMOTION+AGENCY+IN+HA+NOI+CITY(CEPA)+HA+NOI+Vietnam
"CHUNGDANG VINA CO, LTD","https://www.google.com/maps/search/CHUNGDANG+VINA+CO,+LTD+BAC+GIANG+Vietnam"
CHUNGHO VINA,https://www.google.com/maps/search/CHUNGHO+VINA+HA+NOI+Vietnam
CHUNGSOL COSCHEM VINA,https://www.google.com/maps/search/CHUNGSOL+COSCHEM+VINA+THAI+NGUYEN+Vietnam
"CHUNGWOO VINA CO.,LTD","https://www.google.com/maps/search/CHUNGWOO+VINA+CO.,LTD+BAC+NINH+Vietnam"
"ChungYang Foods Vietnam Co., Ltd","https://www.google.com/maps/search/ChungYang+Foods+Vietnam+Co.,+Ltd+HAI+PHONG+Vietnam"
"CJ KOREA EXPRESS FREIGHT VIETNAM CO.,LTD","https://www.google.com/maps/search/CJ+KOREA+EXPRESS+FREIGHT+VIETNAM+CO.,LTD+HA+NOI+Vietnam"
CJ SG SAFETY,https://www.google.com/maps/search/CJ+SG+SAFETY+HA+NOI+Vietnam
CJ VIETNAM,https://www.google.com/maps/search/CJ+VIETNAM+HO+CHI+MINH+Vietnam
CJ VINA AGRI,https://www.google.com/maps/search/CJ+VINA+AGRI+HA+NAM+Vietnam
CKD BIO CORP,https://www.google.com/maps/search/CKD+BIO+CORP+HA+NOI+Vietnam
"CKJ VINA CO.,LTD","https://www.google.com/maps/search/CKJ+VINA+CO.,LTD+HAI+DUONG+Vietnam"
"CKS ELECTRONICS CO.,LTD","https://www.google.com/maps/search/CKS+ELECTRONICS+CO.,LTD+BAC+NINH+Vietnam"
CLARK MATERIAL HANDLING VIET NAM,https://www.google.com/maps/search/CLARK+MATERIAL+HANDLING+VIET+NAM+HAI+DUONG+Vietnam
CLASSONE VINA,https://www.google.com/maps/search/CLASSONE+VINA+HA+NOI+Vietnam
CLEAN TECHNOLOGY SYSTEM,https://www.google.com/maps/search/CLEAN+TECHNOLOGY+SYSTEM+BINH+DUONG+Vietnam
"CLOVER FILTER VINA CO.,LTD","https://www.google.com/maps/search/CLOVER+FILTER+VINA+CO.,LTD+BAC+NINH+Vietnam"
C-MAT,https://www.google.com/maps/search/C-MAT+HAI+PHONG+Vietnam
"CMC GLOBAL Ltd.,","https://www.google.com/maps/search/CMC+GLOBAL+Ltd.,+HA+NOI+Vietnam"
CMES INC,https://www.google.com/maps/search/CMES+INC+HA+NOI+Vietnam
"CMH Co.,Ltd","https://www.google.com/maps/search/CMH+Co.,Ltd+HAI+DUONG+Vietnam"
"CMS VINA CO.,LTD","https://www.google.com/maps/search/CMS+VINA+CO.,LTD+HA+NOI+Vietnam"
CN PLUS VINA,https://www.google.com/maps/search/CN+PLUS+VINA+HOA+BINH+Vietnam
CNCTech Group Joint Stock company,https://www.google.com/maps/search/CNCTech+Group+Joint+Stock+company+VINH+PHUC+Vietnam
CNI VINA,https://www.google.com/maps/search/CNI+VINA+BAC+NINH+Vietnam
"CNM KH VIET NAM Co.,Ltd","https://www.google.com/maps/search/CNM+KH+VIET+NAM+Co.,Ltd+BAC+NINH+Vietnam"
"CNT SOLUTION VINA CO., LTD","https://www.google.com/maps/search/CNT+SOLUTION+VINA+CO.,+LTD+BAC+GIANG+Vietnam"
CO CUNG,https://www.google.com/maps/search/CO+CUNG+HA+NOI+Vietnam
"CO TECH VINA CO.,LTD","https://www.google.com/maps/search/CO+TECH+VINA+CO.,LTD+HOA+BINH+Vietnam"
"COACH TRAVEL Co.,Ltd","https://www.google.com/maps/search/COACH+TRAVEL+Co.,Ltd+HA+NOI+Vietnam"
"COANMY CO.,LTD","https://www.google.com/maps/search/COANMY+CO.,LTD+HA+NOI+Vietnam"
"Coasia Semi Vietnam Co., Ltd","https://www.google.com/maps/search/Coasia+Semi+Vietnam+Co.,+Ltd+HA+NOI+Vietnam"
"COCONUT AND PEOPLE CO.,LTD","https://www.google.com/maps/search/COCONUT+AND+PEOPLE+CO.,LTD+DA+NANG+Vietnam"
COGNEX VIET NAM,https://www.google.com/maps/search/COGNEX+VIET+NAM+HA+NOI+Vietnam
COGO TRADING SERVICES JSC,https://www.google.com/maps/search/COGO+TRADING+SERVICES+JSC+HA+NOI+Vietnam
"CO-LOVE Co.,Ltd","https://www.google.com/maps/search/CO-LOVE+Co.,Ltd+HA+NOI+Vietnam"
COMET VINA,https://www.google.com/maps/search/COMET+VINA+HAI+PHONG+Vietnam
"COMMO VINA Co.,Ltd","https://www.google.com/maps/search/COMMO+VINA+Co.,Ltd+HA+NOI+Vietnam"
COMPKOREA VINA,https://www.google.com/maps/search/COMPKOREA+VINA+BAC+NINH+Vietnam
COMS VINA,https://www.google.com/maps/search/COMS+VINA+BAC+NINH+Vietnam
COMS VINA,https://www.google.com/maps/search/COMS+VINA+BAC+NINH+Vietnam
C-ONE,https://www.google.com/maps/search/C-ONE+HA+NAM+Vietnam
Công ty TNHH DASAN Vi?t Nam,https://www.google.com/maps/search/Công+ty+TNHH+DASAN+Vi?t+Nam+HA+NOI+Vietnam
CONG TY TNHH ELENTEC VIET NAM,https://www.google.com/maps/search/CONG+TY+TNHH+ELENTEC+VIET+NAM+HA+NOI+Vietnam
Công ty TNHH Kyocera AVX Components (B?c Ninh),https://www.google.com/maps/search/Công+ty+TNHH+Kyocera+AVX+Components+(B?c+Ninh)+BAC+NINH+Vietnam
CONG TY TNHH UBIS VIET NAM,https://www.google.com/maps/search/CONG+TY+TNHH+UBIS+VIET+NAM+HA+NOI+Vietnam
"CONKAISER VINA CO.,LTD","https://www.google.com/maps/search/CONKAISER+VINA+CO.,LTD+BAC+GIANG+Vietnam"
COOLTECAN,https://www.google.com/maps/search/COOLTECAN+BAC+NINH+Vietnam
CORE - I VINA,https://www.google.com/maps/search/CORE+-+I+VINA+HA+NOI+Vietnam
CORE M-TECH VINA,https://www.google.com/maps/search/CORE+M-TECH+VINA+BAC+NINH+Vietnam
COREMSYS E&C VINA,https://www.google.com/maps/search/COREMSYS+E&C+VINA+HA+NOI+Vietnam
CORESEARCH VIETNAM,https://www.google.com/maps/search/CORESEARCH+VIETNAM+HA+NOI+Vietnam
CORTECH VINA,https://www.google.com/maps/search/CORTECH+VINA+HA+NOI+Vietnam
"COSME-V CO.,LTD","https://www.google.com/maps/search/COSME-V+CO.,LTD+DA+NANG+Vietnam"
COSMO D&C,https://www.google.com/maps/search/COSMO+D&C+PHU+THO+Vietnam
COSMO DEVELOPMENT COMPANY LIMITED,https://www.google.com/maps/search/COSMO+DEVELOPMENT+COMPANY+LIMITED+PHU+THO+Vietnam
COVATEC VIETNAM,https://www.google.com/maps/search/COVATEC+VIETNAM+BAC+NINH+Vietnam
Coway Vietnam,https://www.google.com/maps/search/Coway+Vietnam+HA+NOI+Vietnam
COWAY VINA,https://www.google.com/maps/search/COWAY+VINA+HA+NOI+Vietnam
"COWIN VINA CO.,LTD","https://www.google.com/maps/search/COWIN+VINA+CO.,LTD+HA+NOI+Vietnam"
CPRO VIETNAM COMPANY LIMITED,https://www.google.com/maps/search/CPRO+VIETNAM+COMPANY+LIMITED+BAC+NINH+Vietnam
CR INTERNATIONAL ANH QUANG,https://www.google.com/maps/search/CR+INTERNATIONAL+ANH+QUANG+HUNG+YEN+Vietnam
CRESYN HA NOI COMPANY LIMITED,https://www.google.com/maps/search/CRESYN+HA+NOI+COMPANY+LIMITED+BAC+NINH+Vietnam
"CROWE VIETNAM Co.,Ltd","https://www.google.com/maps/search/CROWE+VIETNAM+Co.,Ltd+HA+NOI+Vietnam"
CROWNE PLAZA WEST HA NOI,https://www.google.com/maps/search/CROWNE+PLAZA+WEST+HA+NOI+HA+NOI+Vietnam
CRUCIAL TEC VINA,https://www.google.com/maps/search/CRUCIAL+TEC+VINA+BAC+NINH+Vietnam
CRYSTAL DESIGN,https://www.google.com/maps/search/CRYSTAL+DESIGN+HA+NOI+Vietnam
"CTAC EJ (VIETNAM) ADVISORY CO., LTD","https://www.google.com/maps/search/CTAC+EJ+(VIETNAM)+ADVISORY+CO.,+LTD+HO+CHI+MINH+Vietnam"
C-TECH,https://www.google.com/maps/search/C-TECH+BAC+NINH+Vietnam
"CTR VINA CO.,LTD","https://www.google.com/maps/search/CTR+VINA+CO.,LTD+QUANG+NAM+Vietnam"
"CUBE E&C VINA Co.,Ltd","https://www.google.com/maps/search/CUBE+E&C+VINA+Co.,Ltd+HAI+PHONG+Vietnam"
Cube Tag Vina,https://www.google.com/maps/search/Cube+Tag+Vina+BAC+GIANG+Vietnam
CU-TECH VIETNAM,https://www.google.com/maps/search/CU-TECH+VIETNAM+HA+NAM+Vietnam
"CUUBAN., JSC","https://www.google.com/maps/search/CUUBAN.,+JSC+HA+NOI+Vietnam"
CYBER TECH,https://www.google.com/maps/search/CYBER+TECH+HA+NOI+Vietnam
D ANN-T (Able-Bamboo),https://www.google.com/maps/search/D+ANN-T+(Able-Bamboo)+BAC+NINH+Vietnam
D&D VINA,https://www.google.com/maps/search/D&D+VINA+HA+NOI+Vietnam
D&W PARTNERS,https://www.google.com/maps/search/D&W+PARTNERS+HA+NOI+Vietnam
D.F ZIN,https://www.google.com/maps/search/D.F+ZIN+NAM+DINH+Vietnam
D.R VINA COMPANY LIMITED,https://www.google.com/maps/search/D.R+VINA+COMPANY+LIMITED+QUANG+NAM+Vietnam
"DA GROUP URBAN & ARCHITECTURE CO.,LTD","https://www.google.com/maps/search/DA+GROUP+URBAN+&+ARCHITECTURE+CO.,LTD+HA+NOI+Vietnam"
DA NANG POCHA,https://www.google.com/maps/search/DA+NANG+POCHA+DA+NANG+Vietnam
"DA YOUNG VINA CO.,LTD","https://www.google.com/maps/search/DA+YOUNG+VINA+CO.,LTD+BAC+GIANG+Vietnam"
DACVN,https://www.google.com/maps/search/DACVN+DA+NANG+Vietnam
DADA E&C,https://www.google.com/maps/search/DADA+E&C+HA+NOI+Vietnam
DAE HWA VINA,https://www.google.com/maps/search/DAE+HWA+VINA+BAC+GIANG+Vietnam
DAE HYUN CHEM VINA COMPANY LIMITED,https://www.google.com/maps/search/DAE+HYUN+CHEM+VINA+COMPANY+LIMITED+BAC+NINH+Vietnam
Dae Lyuk Parker Russell Accounting Company,https://www.google.com/maps/search/Dae+Lyuk+Parker+Russell+Accounting+Company+HA+NOI+Vietnam
DAE MYOUNG GEC VIETNAM,https://www.google.com/maps/search/DAE+MYOUNG+GEC+VIETNAM+HA+NOI+Vietnam
"DAE MYUNG VIETNAM CO.,LTD","https://www.google.com/maps/search/DAE+MYUNG+VIETNAM+CO.,LTD+BAC+NINH+Vietnam"
"DAE RYANG VINA INDUSTRY Co.,Ltd","https://www.google.com/maps/search/DAE+RYANG+VINA+INDUSTRY+Co.,Ltd+DA+NANG+Vietnam"
"DAE RYONG VINA CO., LTD","https://www.google.com/maps/search/DAE+RYONG+VINA+CO.,+LTD+PHU+THO+Vietnam"
DAE SANG TECH VINA,https://www.google.com/maps/search/DAE+SANG+TECH+VINA+BAC+NINH+Vietnam
"DAE SHIN TRANSPORTATION CO.,LTD","https://www.google.com/maps/search/DAE+SHIN+TRANSPORTATION+CO.,LTD+HA+NOI+Vietnam"
DAE SUN VINA CONS,https://www.google.com/maps/search/DAE+SUN+VINA+CONS+BAC+NINH+Vietnam
"DAE YANG NGHIA HUNG GARMENT CO.,LTD","https://www.google.com/maps/search/DAE+YANG+NGHIA+HUNG+GARMENT+CO.,LTD+NAM+DINH+Vietnam"
"DAE YANG VINA Co.,Ltd","https://www.google.com/maps/search/DAE+YANG+VINA+Co.,Ltd+PHU+THO+Vietnam"
Dae Yeon K.C,https://www.google.com/maps/search/Dae+Yeon+K.C+HUNG+YEN+Vietnam
"DAE YOUNG CHEMICAL VINA CO.,LTD","https://www.google.com/maps/search/DAE+YOUNG+CHEMICAL+VINA+CO.,LTD+BAC+NINH+Vietnam"
DAEDONG VIETNAM TOTAL TRADING,https://www.google.com/maps/search/DAEDONG+VIETNAM+TOTAL+TRADING+HA+NOI+Vietnam
DAEDONG VINA,https://www.google.com/maps/search/DAEDONG+VINA+HA+NAM+Vietnam
"DAEDUCK VIETNAM Co.,Ltd","https://www.google.com/maps/search/DAEDUCK+VIETNAM+Co.,Ltd+VINH+PHUC+Vietnam"
DAEHAN ELECTRICS,https://www.google.com/maps/search/DAEHAN+ELECTRICS+HUNG+YEN+Vietnam
DAEHAN VINA ENGINEERING LIMITED COMPANY,https://www.google.com/maps/search/DAEHAN+VINA+ENGINEERING+LIMITED+COMPANY+HAI+PHONG+Vietnam
"DAEHEUNG CO.,LTD","https://www.google.com/maps/search/DAEHEUNG+CO.,LTD+BAC+NINH+Vietnam"
DAEHEUNG VIETNAM COMPANY LIMITED,https://www.google.com/maps/search/DAEHEUNG+VIETNAM+COMPANY+LIMITED+BAC+NINH+Vietnam
DAEHO SPECIAL STEEL VINA,https://www.google.com/maps/search/DAEHO+SPECIAL+STEEL+VINA+HAI+DUONG+Vietnam
DAEHYUNSTJB VINA,https://www.google.com/maps/search/DAEHYUNSTJB+VINA+BAC+NINH+Vietnam
DAEHYUP ST,https://www.google.com/maps/search/DAEHYUP+ST+BAC+NINH+Vietnam
"DAEIL TECH VINA CO.,LTD","https://www.google.com/maps/search/DAEIL+TECH+VINA+CO.,LTD+BAC+NINH+Vietnam"
DAEJIN SANUP VIETNAM,https://www.google.com/maps/search/DAEJIN+SANUP+VIETNAM+HA+NOI+Vietnam
DAEJIN TECH,https://www.google.com/maps/search/DAEJIN+TECH+HA+NOI+Vietnam
DAEJINSUN VINA,https://www.google.com/maps/search/DAEJINSUN+VINA+NINH+BINH+Vietnam
Daekhon Vina,https://www.google.com/maps/search/Daekhon+Vina+BAC+NINH+Vietnam
"DAELIM ENC CO.,LTD","https://www.google.com/maps/search/DAELIM+ENC+CO.,LTD+HA+NOI+Vietnam"
"DAELIM INDUSTRIAL CO.,LTD","https://www.google.com/maps/search/DAELIM+INDUSTRIAL+CO.,LTD+HA+NOI+Vietnam"
"DAEMYUNG CONSTRUCTION CO.,LTD","https://www.google.com/maps/search/DAEMYUNG+CONSTRUCTION+CO.,LTD+HA+NOI+Vietnam"
DAERIM TECH VINA,https://www.google.com/maps/search/DAERIM+TECH+VINA+THAI+NGUYEN+Vietnam
DAESANG DUC VIET JSC,https://www.google.com/maps/search/DAESANG+DUC+VIET+JSC+HA+NOI+Vietnam
DAESIN,https://www.google.com/maps/search/DAESIN+THAI+NGUYEN+Vietnam
DAESIN GLOBAL,https://www.google.com/maps/search/DAESIN+GLOBAL+HA+NOI+Vietnam
DAESIN IMPORT EXPORT EXCHANGE SERVICE COMPANY LIMITED,https://www.google.com/maps/search/DAESIN+IMPORT+EXPORT+EXCHANGE+SERVICE+COMPANY+LIMITED+HA+NOI+Vietnam
"DAESUN VINA CO.,LTD","https://www.google.com/maps/search/DAESUN+VINA+CO.,LTD+HAI+PHONG+Vietnam"
DAESUNG DNC VINA,https://www.google.com/maps/search/DAESUNG+DNC+VINA+HA+NOI+Vietnam
DAESUNG HI-TECH VINA CO.LTD,https://www.google.com/maps/search/DAESUNG+HI-TECH+VINA+CO.LTD+BAC+NINH+Vietnam
"DAEWON ADVISORY Co.,Ltd","https://www.google.com/maps/search/DAEWON+ADVISORY+Co.,Ltd+HA+NOI+Vietnam"
"DAEWON E&C CO.,LTD","https://www.google.com/maps/search/DAEWON+E&C+CO.,LTD+HA+NOI+Vietnam"
DAEWOO E&C REPRESENTATIVE OFFICE,https://www.google.com/maps/search/DAEWOO+E&C+REPRESENTATIVE+OFFICE+HA+NOI+Vietnam
DAEWOO ENGINEERING&CONSTRUCTION VIETNAM (DECV),https://www.google.com/maps/search/DAEWOO+ENGINEERING&CONSTRUCTION+VIETNAM+(DECV)+HA+NOI+Vietnam
DAEWOO INVESTMENT & DEVELOPMENT,https://www.google.com/maps/search/DAEWOO+INVESTMENT+&+DEVELOPMENT+HA+NOI+Vietnam
"DAEYANG BG CO.,LTD","https://www.google.com/maps/search/DAEYANG+BG+CO.,LTD+BAC+GIANG+Vietnam"
DAEYANG E&A,https://www.google.com/maps/search/DAEYANG+E&A+HA+NOI+Vietnam
DAEYANG HA NOI,https://www.google.com/maps/search/DAEYANG+HA+NOI+HA+NOI+Vietnam
Daeyu Vina,https://www.google.com/maps/search/Daeyu+Vina+HA+NAM+Vietnam
DAHAM,https://www.google.com/maps/search/DAHAM+THAI+NGUYEN+Vietnam
"DAHAM VINA CO.,LTD","https://www.google.com/maps/search/DAHAM+VINA+CO.,LTD+THAI+NGUYEN+Vietnam"
DAHAN HOIAN,https://www.google.com/maps/search/DAHAN+HOIAN+QUANG+NAM+Vietnam
DAI AN JSC,https://www.google.com/maps/search/DAI+AN+JSC+HAI+DUONG+Vietnam
DAI HA LAW FIRM,https://www.google.com/maps/search/DAI+HA+LAW+FIRM+HA+NOI+Vietnam
Dai Minh Trading Service & Tourism Company Limitted,https://www.google.com/maps/search/Dai+Minh+Trading+Service+&+Tourism+Company+Limitted+HA+NOI+Vietnam
"DAI NAM Environment Co.,Ltd","https://www.google.com/maps/search/DAI+NAM+Environment+Co.,Ltd+BAC+NINH+Vietnam"
DAI SON TRADING& FORWARDING,https://www.google.com/maps/search/DAI+SON+TRADING&+FORWARDING+HA+NOI+Vietnam
"DAI THANH E&M TECHNOLOGY CO.,LTD","https://www.google.com/maps/search/DAI+THANH+E&M+TECHNOLOGY+CO.,LTD+HA+NOI+Vietnam"
DAIHA CONSULTING,https://www.google.com/maps/search/DAIHA+CONSULTING+HA+NOI+Vietnam
DAIJIN EXPRESS VIETNAM,https://www.google.com/maps/search/DAIJIN+EXPRESS+VIETNAM+HA+NOI+Vietnam
"DAIJIN VINA CO.,LTD","https://www.google.com/maps/search/DAIJIN+VINA+CO.,LTD+DA+NANG+Vietnam"
"DAIN TOYS VINA CO.,LTD","https://www.google.com/maps/search/DAIN+TOYS+VINA+CO.,LTD+HAI+DUONG+Vietnam"
"DAISIN VINA CO., LTD","https://www.google.com/maps/search/DAISIN+VINA+CO.,+LTD+HUNG+YEN+Vietnam"
DAL TECH,https://www.google.com/maps/search/DAL+TECH+BAC+NINH+Vietnam
DAMO VINA,https://www.google.com/maps/search/DAMO+VINA+VINH+PHUC+Vietnam
Dang Khoa Vietnam Co Ltd,https://www.google.com/maps/search/Dang+Khoa+Vietnam+Co+Ltd+NAM+DINH+Vietnam
DAO SEN GOLF,https://www.google.com/maps/search/DAO+SEN+GOLF+HA+NOI+Vietnam
DAON ENG VINA LIMITED COMPANY,https://www.google.com/maps/search/DAON+ENG+VINA+LIMITED+COMPANY+BAC+NINH+Vietnam
"DAON VIETNAM CO., LTD","https://www.google.com/maps/search/DAON+VIETNAM+CO.,+LTD+PHU+THO+Vietnam"
DARAM,https://www.google.com/maps/search/DARAM+HA+NOI+Vietnam
"DASA ENGINEERING Co.,ltd","https://www.google.com/maps/search/DASA+ENGINEERING+Co.,ltd+HA+NOI+Vietnam"
DASAN,https://www.google.com/maps/search/DASAN+HA+NAM+Vietnam
"DASUKA LOGISTICS CO.,LTD","https://www.google.com/maps/search/DASUKA+LOGISTICS+CO.,LTD+BAC+NINH+Vietnam"
DAUM & JUNG AN,https://www.google.com/maps/search/DAUM+&+JUNG+AN+NAM+DINH+Vietnam
DAVIMODE,https://www.google.com/maps/search/DAVIMODE+HA+NOI+Vietnam
DAVO VINA,https://www.google.com/maps/search/DAVO+VINA+PHU+THO+Vietnam
DAWON ELECTRONIC VINA,https://www.google.com/maps/search/DAWON+ELECTRONIC+VINA+BAC+GIANG+Vietnam
DAWON VINA,https://www.google.com/maps/search/DAWON+VINA+BAC+GIANG+Vietnam
DAYEON BIJOU VIETNAM,https://www.google.com/maps/search/DAYEON+BIJOU+VIETNAM+HA+NAM+Vietnam
DAYOU AP VINA COMPANY LIMITED,https://www.google.com/maps/search/DAYOU+AP+VINA+COMPANY+LIMITED+THANH+HOA+Vietnam
"DAYUN VINA CO.,LTD","https://www.google.com/maps/search/DAYUN+VINA+CO.,LTD+VINH+PHUC+Vietnam"
DB INSURANCE,https://www.google.com/maps/search/DB+INSURANCE+HA+NOI+Vietnam
DBSR VINA LIMITED COMPANY,https://www.google.com/maps/search/DBSR+VINA+LIMITED+COMPANY+PHU+THO+Vietnam
DEEP C INDUSTRIAL ZONES,https://www.google.com/maps/search/DEEP+C+INDUSTRIAL+ZONES+HAI+PHONG+Vietnam
"DEER'S INNOVATION VINA CO.,LTD","https://www.google.com/maps/search/DEER'S+INNOVATION+VINA+CO.,LTD+BAC+GIANG+Vietnam"
DELCO CONSTRUCTION AND INVESTMENT JOINT STOCK COMPANY,https://www.google.com/maps/search/DELCO+CONSTRUCTION+AND+INVESTMENT+JOINT+STOCK+COMPANY+HA+NOI+Vietnam
"DELIVERY K CO.,LTD","https://www.google.com/maps/search/DELIVERY+K+CO.,LTD+DA+NANG+Vietnam"
Deloitte Vietnam,https://www.google.com/maps/search/Deloitte+Vietnam+HA+NOI+Vietnam
"DEOKBU INTERNATIONAL CO.,LTD.","https://www.google.com/maps/search/DEOKBU+INTERNATIONAL+CO.,LTD.+HUNG+YEN+Vietnam"
"DEOKWON VINA Co.,Ltd","https://www.google.com/maps/search/DEOKWON+VINA+Co.,Ltd+BAC+NINH+Vietnam"
DESCENTE KOREA,https://www.google.com/maps/search/DESCENTE+KOREA+HA+NOI+Vietnam
DESIGN 2.1,https://www.google.com/maps/search/DESIGN+2.1+HA+NOI+Vietnam
DESIGN COUNCIL BUSAN,https://www.google.com/maps/search/DESIGN+COUNCIL+BUSAN+KOREA+Vietnam
DESIGN METAL VINA COMPANY LIMITED,https://www.google.com/maps/search/DESIGN+METAL+VINA+COMPANY+LIMITED+THAI+NGUYEN+Vietnam
"DFK VIETNAM AUDITING & CONSULTING CO.,LTD","https://www.google.com/maps/search/DFK+VIETNAM+AUDITING+&+CONSULTING+CO.,LTD+HA+NOI+Vietnam"
DGMV,https://www.google.com/maps/search/DGMV+NINH+BINH+Vietnam
DH Innorex Vina Company Limited,https://www.google.com/maps/search/DH+Innorex+Vina+Company+Limited+HAI+PHONG+Vietnam
DH TEXTILE COMPANY LIMITED,https://www.google.com/maps/search/DH+TEXTILE+COMPANY+LIMITED+QUANG+NAM+Vietnam
"DHA INTERNATIONAL CO.,LTD","https://www.google.com/maps/search/DHA+INTERNATIONAL+CO.,LTD+HA+NOI+Vietnam"
DHL GLOBAL FORWARDING VIETNAM,https://www.google.com/maps/search/DHL+GLOBAL+FORWARDING+VIETNAM+HA+NOI+Vietnam
"DIABELL VINA CO.,LTD","https://www.google.com/maps/search/DIABELL+VINA+CO.,LTD+BAC+GIANG+Vietnam"
DIC VINA,https://www.google.com/maps/search/DIC+VINA+BAC+NINH+Vietnam
DIDIMDOL LOGISTICS HA NOI,https://www.google.com/maps/search/DIDIMDOL+LOGISTICS+HA+NOI+HA+NOI+Vietnam
"DIOS INVESTMENT VINA CO.,LTD","https://www.google.com/maps/search/DIOS+INVESTMENT+VINA+CO.,LTD+HA+NOI+Vietnam"
DIOSTECH VINA,https://www.google.com/maps/search/DIOSTECH+VINA+VINH+PHUC+Vietnam
"DITECH CO.,LTD","https://www.google.com/maps/search/DITECH+CO.,LTD+HUNG+YEN+Vietnam"
"DIVIDE GROUP Co.,Ltd","https://www.google.com/maps/search/DIVIDE+GROUP+Co.,Ltd+DA+NANG+Vietnam"
DK Consulting Vietnam,https://www.google.com/maps/search/DK+Consulting+Vietnam+HA+NOI+Vietnam
"DK INTERNATIONAL Co.,Ltd","https://www.google.com/maps/search/DK+INTERNATIONAL+Co.,Ltd+PHU+THO+Vietnam"
DK VIET NAM COMPANY LIMITED,https://www.google.com/maps/search/DK+VIET+NAM+COMPANY+LIMITED+HA+NAM+Vietnam
DKSH VIETNAM,https://www.google.com/maps/search/DKSH+VIETNAM+HA+NOI+Vietnam
D-MAX HA NOI,https://www.google.com/maps/search/D-MAX+HA+NOI+BAC+NINH+Vietnam
"DMK GLOBAL VINA CO., LTD.","https://www.google.com/maps/search/DMK+GLOBAL+VINA+CO.,+LTD.+HA+NAM+Vietnam"
DMK HOLDINGS COMPANY LIMITED,https://www.google.com/maps/search/DMK+HOLDINGS+COMPANY+LIMITED+BAC+NINH+Vietnam
DMR VINA,https://www.google.com/maps/search/DMR+VINA+HA+NAM+Vietnam
DND TECHH VINA COMPANY LIMITED,https://www.google.com/maps/search/DND+TECHH+VINA+COMPANY+LIMITED+BAC+NINH+Vietnam
"DNS VINA CO.,LTD","https://www.google.com/maps/search/DNS+VINA+CO.,LTD+HA+NOI+Vietnam"
"DOALLTECH VIETNAM CO., LTD","https://www.google.com/maps/search/DOALLTECH+VIETNAM+CO.,+LTD+HA+NOI+Vietnam"
"DOHWA ENGINEERING Co.,Ltd","https://www.google.com/maps/search/DOHWA+ENGINEERING+Co.,Ltd+HA+NOI+Vietnam"
DOLCE BY WYNDHAM HA NOI GOLDEN LAKE,https://www.google.com/maps/search/DOLCE+BY+WYNDHAM+HA+NOI+GOLDEN+LAKE+HA+NOI+Vietnam
DOLPHIN SEA AIR SERVICES,https://www.google.com/maps/search/DOLPHIN+SEA+AIR+SERVICES+HO+CHI+MINH+Vietnam
DOLPHIN SEA AIR SERVICES CORPORATION,https://www.google.com/maps/search/DOLPHIN+SEA+AIR+SERVICES+CORPORATION+HA+NOI+Vietnam
DONG DO FIRE FIGHTING INVESTMENT CONSTRUCTION JOINT STOCK COMPANY,https://www.google.com/maps/search/DONG+DO+FIRE+FIGHTING+INVESTMENT+CONSTRUCTION+JOINT+STOCK+COMPANY+HO+CHI+MINH+Vietnam
"Dong Hanh C&T Co., Ltd","https://www.google.com/maps/search/Dong+Hanh+C&T+Co.,+Ltd+HA+NOI+Vietnam"
DONG HWA Hanoi COMPANY LIMITED,https://www.google.com/maps/search/DONG+HWA+Hanoi+COMPANY+LIMITED+HA+NOI+Vietnam
"DONG LANG TASCO INFRASTRUCTURE DEVELOPMENT CO.,LTD","https://www.google.com/maps/search/DONG+LANG+TASCO+INFRASTRUCTURE+DEVELOPMENT+CO.,LTD+PHU+THO+Vietnam"
"DONG MYUNG CONSTRUCTION Co.,Ltd","https://www.google.com/maps/search/DONG+MYUNG+CONSTRUCTION+Co.,Ltd+BINH+DUONG+Vietnam"
DONG NAM VINA,https://www.google.com/maps/search/DONG+NAM+VINA+HA+NOI+Vietnam
DONG SAN VINA PRECISION,https://www.google.com/maps/search/DONG+SAN+VINA+PRECISION+VINH+PHUC+Vietnam
"Dong Shin Coil Co.,Ltd.","https://www.google.com/maps/search/Dong+Shin+Coil+Co.,Ltd.+HA+NAM+Vietnam"
DONG SUNG VINA,https://www.google.com/maps/search/DONG+SUNG+VINA+THAI+NGUYEN+Vietnam
"DONG YANG E&P VIETNAM CO.,LTD","https://www.google.com/maps/search/DONG+YANG+E&P+VIETNAM+CO.,LTD+HUNG+YEN+Vietnam"
Dong Yang Electronics Hai Phong,https://www.google.com/maps/search/Dong+Yang+Electronics+Hai+Phong+HAI+PHONG+Vietnam
DONG YANG ST VINA,https://www.google.com/maps/search/DONG+YANG+ST+VINA+NAM+DINH+Vietnam
DONG YANG VINA INDUSTRY COMPANY LIMITED,https://www.google.com/maps/search/DONG+YANG+VINA+INDUSTRY+COMPANY+LIMITED+HAI+PHONG+Vietnam
"DONG-A AUDIT & ADVISORY CO., LTD.","https://www.google.com/maps/search/DONG-A+AUDIT+&+ADVISORY+CO.,+LTD.+HA+NOI+Vietnam"
DONG-A E&C,https://www.google.com/maps/search/DONG-A+E&C+VINH+PHUC+Vietnam
"DONG-A HWASUNG VINA CO.,LTD","https://www.google.com/maps/search/DONG-A+HWASUNG+VINA+CO.,LTD+HAI+PHONG+Vietnam"
DONGAH ELECOMM VIETNAM,https://www.google.com/maps/search/DONGAH+ELECOMM+VIETNAM+HOA+BINH+Vietnam
"DONGAH ELECTRIC COMPONENTS VINA CO., LTD","https://www.google.com/maps/search/DONGAH+ELECTRIC+COMPONENTS+VINA+CO.,+LTD+HA+NAM+Vietnam"
DONGBANG LOGISTICS VINA,https://www.google.com/maps/search/DONGBANG+LOGISTICS+VINA+HAI+PHONG+Vietnam
DONGDAEMUN YUPDDUK,https://www.google.com/maps/search/DONGDAEMUN+YUPDDUK+HA+NOI+Vietnam
DONGDO ELECTRONICS HAI PHONG,https://www.google.com/maps/search/DONGDO+ELECTRONICS+HAI+PHONG+HAI+PHONG+Vietnam
DONG-EUI MEDICAL CENTER,https://www.google.com/maps/search/DONG-EUI+MEDICAL+CENTER+KOREA+Vietnam
"DONGEUN ENGINEERING VINA CO.,LTD","https://www.google.com/maps/search/DONGEUN+ENGINEERING+VINA+CO.,LTD+HA+NOI+Vietnam"
"DONGGUK VINA Co.,Ltd","https://www.google.com/maps/search/DONGGUK+VINA+Co.,Ltd+HA+NOI+Vietnam"
DONGHO E&C,https://www.google.com/maps/search/DONGHO+E&C+HA+NOI+Vietnam
"DONGIL RUBBER BELT VIETNAM CO.,LTD","https://www.google.com/maps/search/DONGIL+RUBBER+BELT+VIETNAM+CO.,LTD+HA+NOI+Vietnam"
"DONGJIN INTERNATIONAL VINA CO.,LTD","https://www.google.com/maps/search/DONGJIN+INTERNATIONAL+VINA+CO.,LTD+HA+NOI+Vietnam"
DongJin Techwin,https://www.google.com/maps/search/DongJin+Techwin+HAI+PHONG+Vietnam
DONGJIN VIETNAM,https://www.google.com/maps/search/DONGJIN+VIETNAM+BAC+GIANG+Vietnam
DONGJOO E&C,https://www.google.com/maps/search/DONGJOO+E&C+HA+NOI+Vietnam
DONGKANG TECH VIETNAM,https://www.google.com/maps/search/DONGKANG+TECH+VIETNAM+HAI+PHONG+Vietnam
DONGKUK VIET NAM,https://www.google.com/maps/search/DONGKUK+VIET+NAM+PHU+THO+Vietnam
DONGNAM PETRO VINA,https://www.google.com/maps/search/DONGNAM+PETRO+VINA+HAI+PHONG+Vietnam
"DONGSIN VINA HA NOI CO.,LTD","https://www.google.com/maps/search/DONGSIN+VINA+HA+NOI+CO.,LTD+BAC+NINH+Vietnam"
"DONGSUELOGISTICS CO.,LTD","https://www.google.com/maps/search/DONGSUELOGISTICS+CO.,LTD+HA+NOI+Vietnam"
DONGWHA VIETNAM,https://www.google.com/maps/search/DONGWHA+VIETNAM+THAI+NGUYEN+Vietnam
DONGWON GLOVE VINA,https://www.google.com/maps/search/DONGWON+GLOVE+VINA+PHU+THO+Vietnam
DONGYANG E&C,https://www.google.com/maps/search/DONGYANG+E&C+HA+NOI+Vietnam
"DONGYANG ELECTRONICS VIETNAM CO.,LTD","https://www.google.com/maps/search/DONGYANG+ELECTRONICS+VIETNAM+CO.,LTD+VINH+PHUC+Vietnam"
"DONGYANGNONGSAN INVESTMENT TRADING CO.,LTD","https://www.google.com/maps/search/DONGYANGNONGSAN+INVESTMENT+TRADING+CO.,LTD+HA+NOI+Vietnam"
"DOOJI VINA CO.,LTD","https://www.google.com/maps/search/DOOJI+VINA+CO.,LTD+QUANG+NAM+Vietnam"
DOORA LOGISTICS,https://www.google.com/maps/search/DOORA+LOGISTICS+HA+NOI+Vietnam
DOORIEN VINA,https://www.google.com/maps/search/DOORIEN+VINA+THAI+NGUYEN+Vietnam
DOOSAN HEAVY INDUSTRIES VIETNAM,https://www.google.com/maps/search/DOOSAN+HEAVY+INDUSTRIES+VIETNAM+QUANG+NGAI+Vietnam
DOOSAN VINA HAI PHONG,https://www.google.com/maps/search/DOOSAN+VINA+HAI+PHONG+HAI+PHONG+Vietnam
"DOOSAN WOOD Co.,Ltd","https://www.google.com/maps/search/DOOSAN+WOOD+Co.,Ltd+PHU+THO+Vietnam"
DOOSUN VIET NAM,https://www.google.com/maps/search/DOOSUN+VIET+NAM+THAI+NGUYEN+Vietnam
DOOSUNG TECH,https://www.google.com/maps/search/DOOSUNG+TECH+BAC+NINH+Vietnam
DOOSUNG VINA MOTOR COMPANY LIMITED,https://www.google.com/maps/search/DOOSUNG+VINA+MOTOR+COMPANY+LIMITED+BAC+NINH+Vietnam
"DOOWON TECH VINA CO., LTD","https://www.google.com/maps/search/DOOWON+TECH+VINA+CO.,+LTD+BAC+GIANG+Vietnam"
"DORCO VINA CO., LTD(HA NAM)","https://www.google.com/maps/search/DORCO+VINA+CO.,+LTD(HA+NAM)+HA+NAM+Vietnam"
DORCO VINA HUNG YEN,https://www.google.com/maps/search/DORCO+VINA+HUNG+YEN+HUNG+YEN+Vietnam
"DOREMI VIETNAM CO., LTD","https://www.google.com/maps/search/DOREMI+VIETNAM+CO.,+LTD+THAI+NGUYEN+Vietnam"
DOUL ASIA ARCHITECH AND PARTNERS,https://www.google.com/maps/search/DOUL+ASIA+ARCHITECH+AND+PARTNERS+HA+NOI+Vietnam
DOUL INTERNATIONAL VIET NAM,https://www.google.com/maps/search/DOUL+INTERNATIONAL+VIET+NAM+HA+NOI+Vietnam
DOUM E&C,https://www.google.com/maps/search/DOUM+E&C+HA+NOI+Vietnam
DOVLE VINA,https://www.google.com/maps/search/DOVLE+VINA+HA+NOI+Vietnam
Dow Chemical Vietnam LLC,https://www.google.com/maps/search/Dow+Chemical+Vietnam+LLC+HA+NOI+Vietnam
"DOWON Co.,Ltd","https://www.google.com/maps/search/DOWON+Co.,Ltd+BAC+NINH+Vietnam"
"DOWOO VIETNAM CO.,LTD","https://www.google.com/maps/search/DOWOO+VIETNAM+CO.,LTD+HA+NOI+Vietnam"
DR TECH VINA COMPANY LIMITED,https://www.google.com/maps/search/DR+TECH+VINA+COMPANY+LIMITED+BAC+NINH+Vietnam
DREAM PLASTIC,https://www.google.com/maps/search/DREAM+PLASTIC+HA+NAM+Vietnam
"DREAMTECH VIETNAM CO.,LTD","https://www.google.com/maps/search/DREAMTECH+VIETNAM+CO.,LTD+BAC+NINH+Vietnam"
"DS GLOBAL CO.,LTD.","https://www.google.com/maps/search/DS+GLOBAL+CO.,LTD.+HAI+DUONG+Vietnam"
DS HI-TECH VINA COMPANY LIMITED,https://www.google.com/maps/search/DS+HI-TECH+VINA+COMPANY+LIMITED+THANH+HOA+Vietnam
"DS INTECH VINA Co.,ltd","https://www.google.com/maps/search/DS+INTECH+VINA+Co.,ltd+BAC+NINH+Vietnam"
DS INV,https://www.google.com/maps/search/DS+INV+HAI+DUONG+Vietnam
"DSM VIETNAM CO.,LTD","https://www.google.com/maps/search/DSM+VIETNAM+CO.,LTD+HUNG+YEN+Vietnam"
"DSNOMURA VINA Co.,Ltd","https://www.google.com/maps/search/DSNOMURA+VINA+Co.,Ltd+BAC+NINH+Vietnam"
"DSP VINA CO.,LTD","https://www.google.com/maps/search/DSP+VINA+CO.,LTD+HA+NOI+Vietnam"
"DST VINA CO.,LTD","https://www.google.com/maps/search/DST+VINA+CO.,LTD+VINH+PHUC+Vietnam"
"D-Steel Vina Korea Co.,Ltd","https://www.google.com/maps/search/D-Steel+Vina+Korea+Co.,Ltd+HA+NAM+Vietnam"
DUALI INC,https://www.google.com/maps/search/DUALI+INC+HA+NOI+Vietnam
"DUCKSAN VINA CO.,LTD","https://www.google.com/maps/search/DUCKSAN+VINA+CO.,LTD+QUANG+NAM+Vietnam"
DUCKSHIN HOUSING VIETNAM,https://www.google.com/maps/search/DUCKSHIN+HOUSING+VIETNAM+HAI+PHONG+Vietnam
DUNAM CHEMISTRY VINA,https://www.google.com/maps/search/DUNAM+CHEMISTRY+VINA+HAI+PHONG+Vietnam
"DUO VINA CO.,LTD","https://www.google.com/maps/search/DUO+VINA+CO.,LTD+BAC+GIANG+Vietnam"
"DURING VIETNAM CO.,LTD","https://www.google.com/maps/search/DURING+VIETNAM+CO.,LTD+HAI+DUONG+Vietnam"
"DUSCO VINA STEEL WIRE CO.,LTD","https://www.google.com/maps/search/DUSCO+VINA+STEEL+WIRE+CO.,LTD+HAI+DUONG+Vietnam"
DUY ANH FASHION AND COSMETICS JOINT STOCK COMPANY,https://www.google.com/maps/search/DUY+ANH+FASHION+AND+COSMETICS+JOINT+STOCK+COMPANY+HO+CHI+MINH+Vietnam
Dwight School Hanoi (Kleos Education Management Liability Limited Company),https://www.google.com/maps/search/Dwight+School+Hanoi+(Kleos+Education+Management+Liability+Limited+Company)+HA+NOI+Vietnam
"DY FOOD CO.,LTD","https://www.google.com/maps/search/DY+FOOD+CO.,LTD+VINH+PHUC+Vietnam"
DYT VINA,https://www.google.com/maps/search/DYT+VINA+BAC+GIANG+Vietnam
E1 Terminal Vietnam,https://www.google.com/maps/search/E1+Terminal+Vietnam+QUANG+NINH+Vietnam
Eager Kenner Hitech,https://www.google.com/maps/search/Eager+Kenner+Hitech+HAI+PHONG+Vietnam
EASTIN HOTEL & RESIDENCES HA NOI,https://www.google.com/maps/search/EASTIN+HOTEL+&+RESIDENCES+HA+NOI+HA+NOI+Vietnam
E-CARGOWAY LOGISTICS VIET NAM,https://www.google.com/maps/search/E-CARGOWAY+LOGISTICS+VIET+NAM+HA+NOI+Vietnam
"E-CHEM CO.,LTD","https://www.google.com/maps/search/E-CHEM+CO.,LTD+HA+NOI+Vietnam"
ECO KOREA,https://www.google.com/maps/search/ECO+KOREA+THAI+NGUYEN+Vietnam
Eco logipack,https://www.google.com/maps/search/Eco+logipack+HA+NOI+Vietnam
Ecolab,https://www.google.com/maps/search/Ecolab+HO+CHI+MINH+Vietnam
"ECOS ELECTRONIC Co.,Ltd VIETNAM","https://www.google.com/maps/search/ECOS+ELECTRONIC+Co.,Ltd+VIETNAM+BAC+NINH+Vietnam"
E-DAM TECH VIETNAM COMPANY LIMITED,https://www.google.com/maps/search/E-DAM+TECH+VIETNAM+COMPANY+LIMITED+HAI+PHONG+Vietnam
EDIOS,https://www.google.com/maps/search/EDIOS+BAC+NINH+Vietnam
"EDU PUZZLE CO.,LTD","https://www.google.com/maps/search/EDU+PUZZLE+CO.,LTD+HAI+PHONG+Vietnam"
"EG TECH VIETNAM CO.,LTD","https://www.google.com/maps/search/EG+TECH+VIETNAM+CO.,LTD+BAC+GIANG+Vietnam"
EHWA GLOBAL,https://www.google.com/maps/search/EHWA+GLOBAL+HAI+DUONG+Vietnam
"EHWA TECH CO.,LTD","https://www.google.com/maps/search/EHWA+TECH+CO.,LTD+BAC+NINH+Vietnam"
Eirene Properties & Advertising,https://www.google.com/maps/search/Eirene+Properties+&+Advertising+HA+NOI+Vietnam
"EJ Thien Ha Co., Ltd.","https://www.google.com/maps/search/EJ+Thien+Ha+Co.,+Ltd.+HA+NOI+Vietnam"
E-JUNG AUDITING COMPANY HA NOI,https://www.google.com/maps/search/E-JUNG+AUDITING+COMPANY+HA+NOI+HA+NOI+Vietnam
"EL TECH VINA CO.,LTD","https://www.google.com/maps/search/EL+TECH+VINA+CO.,LTD+VINH+PHUC+Vietnam"
Electro M Vina,https://www.google.com/maps/search/Electro+M+Vina+PHU+THO+Vietnam
ELENSYS VIETNAM VINA,https://www.google.com/maps/search/ELENSYS+VIETNAM+VINA+BAC+NINH+Vietnam
ELENTEC VIET NAM,https://www.google.com/maps/search/ELENTEC+VIET+NAM+HA+NOI+Vietnam
ELI INTER VN,https://www.google.com/maps/search/ELI+INTER+VN+HA+NOI+Vietnam
ELIM VIET LIMITED COMPANY,https://www.google.com/maps/search/ELIM+VIET+LIMITED+COMPANY+PHU+THO+Vietnam
"ELIMTECH VINA CO.,LTD","https://www.google.com/maps/search/ELIMTECH+VINA+CO.,LTD+BAC+NINH+Vietnam"
ELITE GROUP HA NOI,https://www.google.com/maps/search/ELITE+GROUP+HA+NOI+HA+NAM+Vietnam
ELK DUMO VINA,https://www.google.com/maps/search/ELK+DUMO+VINA+VINH+PHUC+Vietnam
"ELPO VINA CO.,LTD","https://www.google.com/maps/search/ELPO+VINA+CO.,LTD+PHU+THO+Vietnam"
EMBOSSA,https://www.google.com/maps/search/EMBOSSA+HAI+DUONG+Vietnam
E-MIT VINA,https://www.google.com/maps/search/E-MIT+VINA+HA+NOI+Vietnam
EMK VINA COMPANY LIMITED,https://www.google.com/maps/search/EMK+VINA+COMPANY+LIMITED+HA+NAM+Vietnam
"EMTEC VINA THAI NGUYEN CO.,LTD","https://www.google.com/maps/search/EMTEC+VINA+THAI+NGUYEN+CO.,LTD+THAI+NGUYEN+Vietnam"
"EM-TECH VIETNAM Co.,Ltd","https://www.google.com/maps/search/EM-TECH+VIETNAM+Co.,Ltd+BAC+NINH+Vietnam"
"EMW VIETNAM CO.,LTD","https://www.google.com/maps/search/EMW+VIETNAM+CO.,LTD+BAC+GIANG+Vietnam"
ENC TECH VINA LIMITED COMPANY,https://www.google.com/maps/search/ENC+TECH+VINA+LIMITED+COMPANY+BAC+NINH+Vietnam
"ENCORE HA NOI Co.,Ltd","https://www.google.com/maps/search/ENCORE+HA+NOI+Co.,Ltd+HA+NOI+Vietnam"
ENEX VINA,https://www.google.com/maps/search/ENEX+VINA+HA+NOI+Vietnam
ENTER.B NAM DINH,https://www.google.com/maps/search/ENTER.B+NAM+DINH+NAM+DINH+Vietnam
EO TECHNICS VIETNAM,https://www.google.com/maps/search/EO+TECHNICS+VIETNAM+BAC+NINH+Vietnam
"EO VINA CO.,LTD","https://www.google.com/maps/search/EO+VINA+CO.,LTD+VINH+PHUC+Vietnam"
"E-PARKS CO.,LTD","https://www.google.com/maps/search/E-PARKS+CO.,LTD+BAC+GIANG+Vietnam"
ERANG VINA COMPANY LIMITED,https://www.google.com/maps/search/ERANG+VINA+COMPANY+LIMITED+THAI+NGUYEN+Vietnam
ERNST & YOUNG VIETNAM LIMITED,https://www.google.com/maps/search/ERNST+&+YOUNG+VIETNAM+LIMITED+HA+NOI+Vietnam
"ESD KOREA VINA CO.,LTD","https://www.google.com/maps/search/ESD+KOREA+VINA+CO.,LTD+BAC+NINH+Vietnam"
ESEL VINA COMPANY LIMITED,https://www.google.com/maps/search/ESEL+VINA+COMPANY+LIMITED+BAC+NINH+Vietnam
ESSA,https://www.google.com/maps/search/ESSA+HA+NAM+Vietnam
"ESTEC PHU THO Co.,Ltd","https://www.google.com/maps/search/ESTEC+PHU+THO+Co.,Ltd+PHU+THO+Vietnam"
ETECH VIETNAM COMPANY LIMITED,https://www.google.com/maps/search/ETECH+VIETNAM+COMPANY+LIMITED+BAC+GIANG+Vietnam
"ETF Co.,Ltd","https://www.google.com/maps/search/ETF+Co.,Ltd+BAC+NINH+Vietnam"
Etoile de Seoul Company,https://www.google.com/maps/search/Etoile+de+Seoul+Company+HA+NOI+Vietnam
"E-TOPS HIGH TECH CO.,LTD","https://www.google.com/maps/search/E-TOPS+HIGH+TECH+CO.,LTD+HUNG+YEN+Vietnam"
"ETS VINA CO.,LTD","https://www.google.com/maps/search/ETS+VINA+CO.,LTD+BAC+NINH+Vietnam"
"EUNMIN S&D VIETNAM CO.,LTD","https://www.google.com/maps/search/EUNMIN+S&D+VIETNAM+CO.,LTD+HA+NOI+Vietnam"
"EUNSEONG ELECTRONICS VINA CO.,LTD","https://www.google.com/maps/search/EUNSEONG+ELECTRONICS+VINA+CO.,LTD+HAI+PHONG+Vietnam"
EUNSUN VINA,https://www.google.com/maps/search/EUNSUN+VINA+VINH+PHUC+Vietnam
EUSU LOGISTICS,https://www.google.com/maps/search/EUSU+LOGISTICS+HA+NOI+Vietnam
EVERPIA JSC.,https://www.google.com/maps/search/EVERPIA+JSC.+HUNG+YEN+Vietnam
"EXA VIETNAM CO., LTD","https://www.google.com/maps/search/EXA+VIETNAM+CO.,+LTD+HA+NOI+Vietnam"
EXAX VINA,https://www.google.com/maps/search/EXAX+VINA+BAC+NINH+Vietnam
EXSO,https://www.google.com/maps/search/EXSO+HA+NOI+Vietnam
EXTRANS VIETNAM,https://www.google.com/maps/search/EXTRANS+VIETNAM+HA+NOI+Vietnam
"EYE CAP VINA CO., LTD.","https://www.google.com/maps/search/EYE+CAP+VINA+CO.,+LTD.+HUNG+YEN+Vietnam"
EZ CONSULTING AND INVESTMENT COMPANY LIMITED,https://www.google.com/maps/search/EZ+CONSULTING+AND+INVESTMENT+COMPANY+LIMITED+HA+NOI+Vietnam
"EZ TECH CO.,LTD","https://www.google.com/maps/search/EZ+TECH+CO.,LTD+BAC+NINH+Vietnam"
FA SYSTEMS,https://www.google.com/maps/search/FA+SYSTEMS+BAC+GIANG+Vietnam
"FABCHEM VINA CO., LTD","https://www.google.com/maps/search/FABCHEM+VINA+CO.,+LTD+PHU+THO+Vietnam"
FABINNO VINA,https://www.google.com/maps/search/FABINNO+VINA+PHU+THO+Vietnam
FAMILY MEDICAL PRACTICE,https://www.google.com/maps/search/FAMILY+MEDICAL+PRACTICE+HA+NOI+Vietnam
"FARRO SERVICE Co.,Ltd","https://www.google.com/maps/search/FARRO+SERVICE+Co.,Ltd+HA+NOI+Vietnam"
"FASHION PIN UP VINA Co.,Ltd","https://www.google.com/maps/search/FASHION+PIN+UP+VINA+Co.,Ltd+HAI+DUONG+Vietnam"
"FC LOGISTICS (VIETNAM) CO., LTD","https://www.google.com/maps/search/FC+LOGISTICS+(VIETNAM)+CO.,+LTD+HA+NOI+Vietnam"
FDS JUNGDO Vina,https://www.google.com/maps/search/FDS+JUNGDO+Vina+BAC+NINH+Vietnam
FEDEX EXPRESS,https://www.google.com/maps/search/FEDEX+EXPRESS+KOREA+Vietnam
"FELIX METAL TECH CO., LTD","https://www.google.com/maps/search/FELIX+METAL+TECH+CO.,+LTD+HAI+PHONG+Vietnam"
FIDUS CUSTOMS VIETNAM,https://www.google.com/maps/search/FIDUS+CUSTOMS+VIETNAM+HA+NOI+Vietnam
"FINAL VINA CO.,LTD","https://www.google.com/maps/search/FINAL+VINA+CO.,LTD+VINH+PHUC+Vietnam"
FIND MOLD,https://www.google.com/maps/search/FIND+MOLD+KOREA+Vietnam
FINE ELECCOM VINA,https://www.google.com/maps/search/FINE+ELECCOM+VINA+BAC+GIANG+Vietnam
FINE LAND APPAREL VIETNAM,https://www.google.com/maps/search/FINE+LAND+APPAREL+VIETNAM+BAC+GIANG+Vietnam
FINETECH VINA TECHNOLOGY,https://www.google.com/maps/search/FINETECH+VINA+TECHNOLOGY+BAC+NINH+Vietnam
FINETEK VIETNAM,https://www.google.com/maps/search/FINETEK+VIETNAM+HA+NAM+Vietnam
FIVE AVENUE.COM,https://www.google.com/maps/search/FIVE+AVENUE.COM+KOREA+Vietnam
FLAMINGO HOSPITALITY MANAGEMENT JSC,https://www.google.com/maps/search/FLAMINGO+HOSPITALITY+MANAGEMENT+JSC+HA+NOI+Vietnam
FLC BISCOM CRUISE AND GOLFCOURSE INVESTMENT JSC,https://www.google.com/maps/search/FLC+BISCOM+CRUISE+AND+GOLFCOURSE+INVESTMENT+JSC+HA+NOI+Vietnam
FLC Hotel & Resort Management One Member Company Limited,https://www.google.com/maps/search/FLC+Hotel+&+Resort+Management+One+Member+Company+Limited+HA+NOI+Vietnam
"FLECON VIET NAM Co.,Ltd","https://www.google.com/maps/search/FLECON+VIET+NAM+Co.,Ltd+PHU+THO+Vietnam"
FLEX GOLF,https://www.google.com/maps/search/FLEX+GOLF+HA+NOI+Vietnam
FLOSVINA,https://www.google.com/maps/search/FLOSVINA+HA+NOI+Vietnam
FNC Food service,https://www.google.com/maps/search/FNC+Food+service+VINH+PHUC+Vietnam
"F-ONE GLOBAL FOODS CO., LTD","https://www.google.com/maps/search/F-ONE+GLOBAL+FOODS+CO.,+LTD+QUANG+NINH+Vietnam"
F-ONE GLOBAL FOODS COMPANY LIMITED,https://www.google.com/maps/search/F-ONE+GLOBAL+FOODS+COMPANY+LIMITED+QUANG+NINH+Vietnam
FOREMART VIETNAM,https://www.google.com/maps/search/FOREMART+VIETNAM+HUNG+YEN+Vietnam
"FOSECA VIETNAM Co.,Ltd","https://www.google.com/maps/search/FOSECA+VIETNAM+Co.,Ltd+BAC+NINH+Vietnam"
Fraser Residence Hanoi,https://www.google.com/maps/search/Fraser+Residence+Hanoi+HA+NOI+Vietnam
Fraser Suites Hanoi,https://www.google.com/maps/search/Fraser+Suites+Hanoi+HA+NOI+Vietnam
"FREELANCE SERVICE  CO.,LTD","https://www.google.com/maps/search/FREELANCE+SERVICE++CO.,LTD+DA+NANG+Vietnam"
FRIENDS GOLF HOLDINGS VN,https://www.google.com/maps/search/FRIENDS+GOLF+HOLDINGS+VN+HA+NOI+Vietnam
FSK L&S VIETNAM,https://www.google.com/maps/search/FSK+L&S+VIETNAM+HA+NOI+Vietnam
FTE Ba Dinh Hotel,https://www.google.com/maps/search/FTE+Ba+Dinh+Hotel+HA+NOI+Vietnam
FUJIFILM BUSINESS INNOVATION VIETNAM,https://www.google.com/maps/search/FUJIFILM+BUSINESS+INNOVATION+VIETNAM+HA+NOI+Vietnam
"FUNIK ULTRAHARD TOOLS CO.,LTD","https://www.google.com/maps/search/FUNIK+ULTRAHARD+TOOLS+CO.,LTD+HA+NOI+Vietnam"
FUTURE WATERTREAMENT,https://www.google.com/maps/search/FUTURE+WATERTREAMENT+HA+NOI+Vietnam
"FUTURECORE VINA CO.,LTD","https://www.google.com/maps/search/FUTURECORE+VINA+CO.,LTD+VINH+PHUC+Vietnam"
G&G KOREA COMPANY LIMITED,https://www.google.com/maps/search/G&G+KOREA+COMPANY+LIMITED+BAC+NINH+Vietnam
G.S Electronics,https://www.google.com/maps/search/G.S+Electronics+THAI+NGUYEN+Vietnam
G.S VIETNAM,https://www.google.com/maps/search/G.S+VIETNAM+VINH+PHUC+Vietnam
"G2G VINA CO.,LTD","https://www.google.com/maps/search/G2G+VINA+CO.,LTD+BAC+NINH+Vietnam"
GAJU VINA,https://www.google.com/maps/search/GAJU+VINA+BAC+NINH+Vietnam
GALTEX INTERNATIONAL LTD (? I-MAR VIETNAM INTERNATIONAL LTD),https://www.google.com/maps/search/GALTEX+INTERNATIONAL+LTD+(?+I-MAR+VIETNAM+INTERNATIONAL+LTD)+HA+NOI+Vietnam
GANSAM ARCHITECTS & PARTNERS,https://www.google.com/maps/search/GANSAM+ARCHITECTS+&+PARTNERS+HA+NOI+Vietnam
GAPADENT VIET NAM COMPANY LIMITED,https://www.google.com/maps/search/GAPADENT+VIET+NAM+COMPANY+LIMITED+QUANG+NAM+Vietnam
GARAM SPORTS,https://www.google.com/maps/search/GARAM+SPORTS+NAM+DINH+Vietnam
GARNET NAM DINH,https://www.google.com/maps/search/GARNET+NAM+DINH+NAM+DINH+Vietnam
GAW NP INDUSTRIAL,https://www.google.com/maps/search/GAW+NP+INDUSTRIAL+HO+CHI+MINH+Vietnam
GBS,https://www.google.com/maps/search/GBS+HA+NOI+Vietnam
"GCL HA NOI CO., LTD.","https://www.google.com/maps/search/GCL+HA+NOI+CO.,+LTD.+HA+NOI+Vietnam"
GCOOP VietNam,https://www.google.com/maps/search/GCOOP+VietNam+HA+NOI+Vietnam
GE VIET NAM SERVICES AND TRADING JOINT STOCK COMPANY,https://www.google.com/maps/search/GE+VIET+NAM+SERVICES+AND+TRADING+JOINT+STOCK+COMPANY+BAC+NINH+Vietnam
"GEMOPIA VINA CO.,LTD","https://www.google.com/maps/search/GEMOPIA+VINA+CO.,LTD+HA+NOI+Vietnam"
"GENERAL MOTORS VIETNAM Co.,Ltd","https://www.google.com/maps/search/GENERAL+MOTORS+VIETNAM+Co.,Ltd+HA+NOI+Vietnam"
GENESIS VIET NAM,https://www.google.com/maps/search/GENESIS+VIET+NAM+HA+NOI+Vietnam
"GEO NATION VIETNAM CO.,LTD","https://www.google.com/maps/search/GEO+NATION+VIETNAM+CO.,LTD+BAC+NINH+Vietnam"
"GEORIM TECH VINA CO.,LTD","https://www.google.com/maps/search/GEORIM+TECH+VINA+CO.,LTD+BAC+NINH+Vietnam"
GET SYSTEM VINA COMPANY LIMITED,https://www.google.com/maps/search/GET+SYSTEM+VINA+COMPANY+LIMITED+HAI+PHONG+Vietnam
"GEUNEUL-JIP CO.,LTD","https://www.google.com/maps/search/GEUNEUL-JIP+CO.,LTD+HA+NOI+Vietnam"
GEYANG VINA,https://www.google.com/maps/search/GEYANG+VINA+BAC+NINH+Vietnam
GG HAI DUONG CO.LTD,https://www.google.com/maps/search/GG+HAI+DUONG+CO.LTD+HAI+DUONG+Vietnam
"GG VIETNAM CO.,LTD","https://www.google.com/maps/search/GG+VIETNAM+CO.,LTD+HUNG+YEN+Vietnam"
"GIAVU MEDICAL CO.,LTD","https://www.google.com/maps/search/GIAVU+MEDICAL+CO.,LTD+HA+NOI+Vietnam"
GIE VIET NAM COMPANY LIMITED,https://www.google.com/maps/search/GIE+VIET+NAM+COMPANY+LIMITED+HAI+PHONG+Vietnam
"GIGALANE Co.,Ltd","https://www.google.com/maps/search/GIGALANE+Co.,Ltd+BAC+NINH+Vietnam"
Gigalane Vina,https://www.google.com/maps/search/Gigalane+Vina+BAC+GIANG+Vietnam
"GIZA E&C .,JSC","https://www.google.com/maps/search/GIZA+E&C+.,JSC+HA+NOI+Vietnam"
"GK FINECHEM VIETNAM CO.,LTD","https://www.google.com/maps/search/GK+FINECHEM+VIETNAM+CO.,LTD+HA+NOI+Vietnam"
GK INTERNATIONAL,https://www.google.com/maps/search/GK+INTERNATIONAL+HA+NOI+Vietnam
GK TRADING COMPANY LIMITED,https://www.google.com/maps/search/GK+TRADING+COMPANY+LIMITED+BAC+NINH+Vietnam
"GLASS TECH VINA Co.,Ltd","https://www.google.com/maps/search/GLASS+TECH+VINA+Co.,Ltd+BAC+GIANG+Vietnam"
GLCC COMPANY LIMITED,https://www.google.com/maps/search/GLCC+COMPANY+LIMITED+HAI+PHONG+Vietnam
GLINE,https://www.google.com/maps/search/GLINE+BAC+GIANG+Vietnam
"GLK VINA CO., LTD?","https://www.google.com/maps/search/GLK+VINA+CO.,+LTD?+HA+NOI+Vietnam"
"GLOBAL AL TEC VINA CO., LTD","https://www.google.com/maps/search/GLOBAL+AL+TEC+VINA+CO.,+LTD+HA+NAM+Vietnam"
GLOBAL DEVELOPMENT JSC (GDVN),https://www.google.com/maps/search/GLOBAL+DEVELOPMENT+JSC+(GDVN)+HA+NOI+Vietnam
GLOBAL ENG VIETNAM LIMITED COMPANY,https://www.google.com/maps/search/GLOBAL+ENG+VIETNAM+LIMITED+COMPANY+HAI+PHONG+Vietnam
GLOBAL HITECH SOLUTION,https://www.google.com/maps/search/GLOBAL+HITECH+SOLUTION+HUNG+YEN+Vietnam
GLOBAL JPC VINA COMPANY LIMITED,https://www.google.com/maps/search/GLOBAL+JPC+VINA+COMPANY+LIMITED+BAC+NINH+Vietnam
"GLOBAL PLANNING PARTNERS Co.,Ltd","https://www.google.com/maps/search/GLOBAL+PLANNING+PARTNERS+Co.,Ltd+DA+NANG+Vietnam"
"GLOBAL PLANNING PARTNERS CO.,LTD","https://www.google.com/maps/search/GLOBAL+PLANNING+PARTNERS+CO.,LTD+DA+NANG+Vietnam"
GLOBAL SOURCENET LTD,https://www.google.com/maps/search/GLOBAL+SOURCENET+LTD+HUNG+YEN+Vietnam
GLOBAL SOURCING INTERNATIONAL,https://www.google.com/maps/search/GLOBAL+SOURCING+INTERNATIONAL+NGHE+AN+Vietnam
GLOBAL SOURCING INTERNATIONAL ( HÀN QU?C ),https://www.google.com/maps/search/GLOBAL+SOURCING+INTERNATIONAL+(+HÀN+QU?C+)+NGHE+AN+Vietnam
"GLOBAL TRADE NETWORKS VIETNAM CO.,LTD","https://www.google.com/maps/search/GLOBAL+TRADE+NETWORKS+VIETNAM+CO.,LTD+HA+NOI+Vietnam"
GLONICS VIETNAM,https://www.google.com/maps/search/GLONICS+VIETNAM+THAI+NGUYEN+Vietnam
GLORY LABEL VINA,https://www.google.com/maps/search/GLORY+LABEL+VINA+HUNG+YEN+Vietnam
GLOVELAND VINA,https://www.google.com/maps/search/GLOVELAND+VINA+BAC+GIANG+Vietnam
GLT VINA COMPANY LIMITED,https://www.google.com/maps/search/GLT+VINA+COMPANY+LIMITED+BAC+NINH+Vietnam
GM CLEAN TECH VINA,https://www.google.com/maps/search/GM+CLEAN+TECH+VINA+BAC+NINH+Vietnam
GM GROUP,https://www.google.com/maps/search/GM+GROUP+HA+NOI+Vietnam
G-MAX VINA,https://www.google.com/maps/search/G-MAX+VINA+BAC+NINH+Vietnam
"GMB JL VN Co.,ltd","https://www.google.com/maps/search/GMB+JL+VN+Co.,ltd+HA+NOI+Vietnam"
"GMS VINA CO.,LTD","https://www.google.com/maps/search/GMS+VINA+CO.,LTD+HA+NAM+Vietnam"
"GNCENERGY VINA.,JSC","https://www.google.com/maps/search/GNCENERGY+VINA.,JSC+HA+NOI+Vietnam"
GNK INC,https://www.google.com/maps/search/GNK+INC+KOREA+Vietnam
GNP VINA TRADING COMPANY LIMITED,https://www.google.com/maps/search/GNP+VINA+TRADING+COMPANY+LIMITED+BAC+NINH+Vietnam
GNS VINA,https://www.google.com/maps/search/GNS+VINA+HAI+PHONG+Vietnam
GOC VINA,https://www.google.com/maps/search/GOC+VINA+BAC+NINH+Vietnam
"GOGURYEO CO.,LTD","https://www.google.com/maps/search/GOGURYEO+CO.,LTD+DA+NANG+Vietnam"
GOJUMONG VIETNAM,https://www.google.com/maps/search/GOJUMONG+VIETNAM+HA+NOI+Vietnam
GOLD IDEA DEVELOPMENT INVESTMENT JOINT STOCK COMPANY,https://www.google.com/maps/search/GOLD+IDEA+DEVELOPMENT+INVESTMENT+JOINT+STOCK+COMPANY+HA+NOI+Vietnam
GOLD-SENGSU,https://www.google.com/maps/search/GOLD-SENGSU+HA+NOI+Vietnam
"GOLFZON VINA CO.,LTD","https://www.google.com/maps/search/GOLFZON+VINA+CO.,LTD+HA+NOI+Vietnam"
Good Neighbors International in Vietnam,https://www.google.com/maps/search/Good+Neighbors+International+in+Vietnam+HA+NOI+Vietnam
GORYO VIET NAM,https://www.google.com/maps/search/GORYO+VIET+NAM+NINH+BINH+Vietnam
GORYO VIETNAM,https://www.google.com/maps/search/GORYO+VIETNAM+NINH+BINH+Vietnam
GOSHEN VINA,https://www.google.com/maps/search/GOSHEN+VINA+HAI+PHONG+Vietnam
GRACE HOTEL,https://www.google.com/maps/search/GRACE+HOTEL+THAI+NGUYEN+Vietnam
GRADICO,https://www.google.com/maps/search/GRADICO+HA+NOI+Vietnam
Grand K Hotel Suites Hanoi,https://www.google.com/maps/search/Grand+K+Hotel+Suites+Hanoi+HA+NOI+Vietnam
GRAND MERCURE HA NOI,https://www.google.com/maps/search/GRAND+MERCURE+HA+NOI+HA+NOI+Vietnam
GRAND PLAZA HA NOI HOTEL,https://www.google.com/maps/search/GRAND+PLAZA+HA+NOI+HOTEL+HA+NOI+Vietnam
"GREEN FOOD INVESTMENT & DEVELOPMENT CO.,LTD","https://www.google.com/maps/search/GREEN+FOOD+INVESTMENT+&+DEVELOPMENT+CO.,LTD+HA+NOI+Vietnam"
GREEN PARK NBX DEVELOPMENT Co.,https://www.google.com/maps/search/GREEN+PARK+NBX+DEVELOPMENT+Co.+VINH+PHUC+Vietnam
GREENSUM VIETNAM,https://www.google.com/maps/search/GREENSUM+VIETNAM+HA+NOI+Vietnam
GS ENGINEERING & CONSTRUCTION,https://www.google.com/maps/search/GS+ENGINEERING+&+CONSTRUCTION+HA+NOI+Vietnam
GS TECH VINA COMPANY LIMITED,https://www.google.com/maps/search/GS+TECH+VINA+COMPANY+LIMITED+BAC+NINH+Vietnam
GSD VINA,https://www.google.com/maps/search/GSD+VINA+BAC+NINH+Vietnam
GSF VINA,https://www.google.com/maps/search/GSF+VINA+HA+NOI+Vietnam
GSI VINA COMPANY LIMITED,https://www.google.com/maps/search/GSI+VINA+COMPANY+LIMITED+BAC+NINH+Vietnam
GSR VINA,https://www.google.com/maps/search/GSR+VINA+VINH+PHUC+Vietnam
GST CALIBRATION CENTER,https://www.google.com/maps/search/GST+CALIBRATION+CENTER+HAI+PHONG+Vietnam
GT WILL VINA,https://www.google.com/maps/search/GT+WILL+VINA+NINH+BINH+Vietnam
GU VINA,https://www.google.com/maps/search/GU+VINA+BAC+GIANG+Vietnam
GU&I VINA,https://www.google.com/maps/search/GU&I+VINA+THAI+NGUYEN+Vietnam
GUNHO ELECTRONICS VIETNAM,https://www.google.com/maps/search/GUNHO+ELECTRONICS+VIETNAM+BAC+NINH+Vietnam
GUNNGARD VINA SAFE,https://www.google.com/maps/search/GUNNGARD+VINA+SAFE+HA+NOI+Vietnam
GV ENTERTAIMENT,https://www.google.com/maps/search/GV+ENTERTAIMENT+HA+NOI+Vietnam
GWANGJIN VINA,https://www.google.com/maps/search/GWANGJIN+VINA+BAC+NINH+Vietnam
"GWANGSHIN VINA CO.,LTD","https://www.google.com/maps/search/GWANGSHIN+VINA+CO.,LTD+BAC+GIANG+Vietnam"
H & P HYDROTECH LTD COMPANY,https://www.google.com/maps/search/H+&+P+HYDROTECH+LTD+COMPANY+HA+NOI+Vietnam
H Tower Hotel  Apartment,https://www.google.com/maps/search/H+Tower+Hotel++Apartment+HAI+PHONG+Vietnam
H&CARE(?.Foss Vietnam),https://www.google.com/maps/search/H&CARE(?.Foss+Vietnam)+HA+NOI+Vietnam
H&F DB.LOD INNO VIET COMPANY LIMITED,https://www.google.com/maps/search/H&F+DB.LOD+INNO+VIET+COMPANY+LIMITED+HAI+PHONG+Vietnam
H&S TECH.LTD,https://www.google.com/maps/search/H&S+TECH.LTD+BAC+NINH+Vietnam
HA ANH TECH,https://www.google.com/maps/search/HA+ANH+TECH+HA+NOI+Vietnam
"HA DONG CO.,LTD","https://www.google.com/maps/search/HA+DONG+CO.,LTD+HA+NOI+Vietnam"
HA NAM ELECTRICITY VINA,https://www.google.com/maps/search/HA+NAM+ELECTRICITY+VINA+BAC+NINH+Vietnam
HA NAMICRON VINA,https://www.google.com/maps/search/HA+NAMICRON+VINA+BAC+GIANG+Vietnam
HA NOI BDS114,https://www.google.com/maps/search/HA+NOI+BDS114+HA+NOI+Vietnam
HA NOI DAEWOO HOTEL,https://www.google.com/maps/search/HA+NOI+DAEWOO+HOTEL+HA+NOI+Vietnam
"HA NOI GLOBAL DESIGN Co.,Ltd","https://www.google.com/maps/search/HA+NOI+GLOBAL+DESIGN+Co.,Ltd+HA+NOI+Vietnam"
HA NOI GOLF CLUB JSC,https://www.google.com/maps/search/HA+NOI+GOLF+CLUB+JSC+HA+NOI+Vietnam
HA NOI ONLINE REAL ESTATE,https://www.google.com/maps/search/HA+NOI+ONLINE+REAL+ESTATE+HA+NOI+Vietnam
HA NOI OUTLET,https://www.google.com/maps/search/HA+NOI+OUTLET+HA+NOI+Vietnam
HA NOI SEOUL TRADITIONAL MEDICINE CLINIC,https://www.google.com/maps/search/HA+NOI+SEOUL+TRADITIONAL+MEDICINE+CLINIC+HA+NOI+Vietnam
"HA NOI SUNGHO ELECTRONICS CO., LTD","https://www.google.com/maps/search/HA+NOI+SUNGHO+ELECTRONICS+CO.,+LTD+BAC+GIANG+Vietnam"
HA VAN MEDICAL AND EDUCATION SERVICES JSC,https://www.google.com/maps/search/HA+VAN+MEDICAL+AND+EDUCATION+SERVICES+JSC+HA+NOI+Vietnam
"HABOK CO., LTD","https://www.google.com/maps/search/HABOK+CO.,+LTD+BAC+GIANG+Vietnam"
HADANBI VINA,https://www.google.com/maps/search/HADANBI+VINA+THAI+NGUYEN+Vietnam
"HAEHWA VINA CO., LTD","https://www.google.com/maps/search/HAEHWA+VINA+CO.,+LTD+PHU+THO+Vietnam"
"HAEIN VIETNAM CO.,LTD","https://www.google.com/maps/search/HAEIN+VIETNAM+CO.,LTD+BAC+NINH+Vietnam"
"HAEINCNS VINA CO.,LTD","https://www.google.com/maps/search/HAEINCNS+VINA+CO.,LTD+VINH+PHUC+Vietnam"
"HAENGSUNG ELECTRONICS VIETNAM CO.,LTD","https://www.google.com/maps/search/HAENGSUNG+ELECTRONICS+VIETNAM+CO.,LTD+HAI+PHONG+Vietnam"
HAEOREUM & CONSTRUCTION,https://www.google.com/maps/search/HAEOREUM+&+CONSTRUCTION+HA+NOI+Vietnam
HAESUNG IN VINA,https://www.google.com/maps/search/HAESUNG+IN+VINA+BAC+NINH+Vietnam
Haesung VINA,https://www.google.com/maps/search/Haesung+VINA+VINH+PHUC+Vietnam
HAEWON,https://www.google.com/maps/search/HAEWON+HA+NOI+Vietnam
"HAEWON VINA Co.,Ltd","https://www.google.com/maps/search/HAEWON+VINA+Co.,Ltd+HAI+PHONG+Vietnam"
HAHAE VIETNAM CORP,https://www.google.com/maps/search/HAHAE+VIETNAM+CORP+HAI+DUONG+Vietnam
HAI PHONG ELECTRIAL INDUSTRIAL JSC (HEIJCO),https://www.google.com/maps/search/HAI+PHONG+ELECTRIAL+INDUSTRIAL+JSC+(HEIJCO)+HAI+PHONG+Vietnam
HAI PHONG STEEL FLOWER CO. LTD,https://www.google.com/maps/search/HAI+PHONG+STEEL+FLOWER+CO.+LTD+HAI+PHONG+Vietnam
HAILY SME LOGISTICS,https://www.google.com/maps/search/HAILY+SME+LOGISTICS+HA+NAM+Vietnam
"HAIM CO.,LTD","https://www.google.com/maps/search/HAIM+CO.,LTD+DA+NANG+Vietnam"
HAISUNG VINA,https://www.google.com/maps/search/HAISUNG+VINA+HA+NOI+Vietnam
"HAIVINA  Co.,Ltd","https://www.google.com/maps/search/HAIVINA++Co.,Ltd+NGHE+AN+Vietnam"
"HAIVINA CO.,LTD.","https://www.google.com/maps/search/HAIVINA+CO.,LTD.+HAI+DUONG+Vietnam"
"HAIVINA HONG LINH Co.,Ltd","https://www.google.com/maps/search/HAIVINA+HONG+LINH+Co.,Ltd+HA+TINH+Vietnam"
"HALLA ELECTRONICS VINA CO.,LTD","https://www.google.com/maps/search/HALLA+ELECTRONICS+VINA+CO.,LTD+HAI+PHONG+Vietnam"
HAN - VIET MOLD VINA COMPANY LIMITED,https://www.google.com/maps/search/HAN+-+VIET+MOLD+VINA+COMPANY+LIMITED+THAI+NGUYEN+Vietnam
HAN BIT NANO MEDICAL,https://www.google.com/maps/search/HAN+BIT+NANO+MEDICAL+HA+NOI+Vietnam
HAN CHANG E&C,https://www.google.com/maps/search/HAN+CHANG+E&C+HA+NOI+Vietnam
"HAN SHIN CO.,LTD","https://www.google.com/maps/search/HAN+SHIN+CO.,LTD+HA+NOI+Vietnam"
"HAN SUNG HA RAM CO.,LTD","https://www.google.com/maps/search/HAN+SUNG+HA+RAM+CO.,LTD+HUNG+YEN+Vietnam"
HAN TECHNOLOGY INNOVATION VI?T NAM,https://www.google.com/maps/search/HAN+TECHNOLOGY+INNOVATION+VI?T+NAM+HA+NOI+Vietnam
"HAN VIET COLORCOM CO.,LTD","https://www.google.com/maps/search/HAN+VIET+COLORCOM+CO.,LTD+PHU+THO+Vietnam"
"HAN VIET RUBBER ROLL CO.,LTD","https://www.google.com/maps/search/HAN+VIET+RUBBER+ROLL+CO.,LTD+PHU+THO+Vietnam"
HANA E&C,https://www.google.com/maps/search/HANA+E&C+HA+NOI+Vietnam
"HANA ENG CO., LTD","https://www.google.com/maps/search/HANA+ENG+CO.,+LTD+HA+NOI+Vietnam"
"HANA ENG VINA CO.,LTD","https://www.google.com/maps/search/HANA+ENG+VINA+CO.,LTD+BAC+NINH+Vietnam"
HANA KOVI INC,https://www.google.com/maps/search/HANA+KOVI+INC+BAC+GIANG+Vietnam
"HANA MICRON VIETNAM CO., LTD","https://www.google.com/maps/search/HANA+MICRON+VIETNAM+CO.,+LTD+BAC+NINH+Vietnam"
HANA MOTORS,https://www.google.com/maps/search/HANA+MOTORS+HAI+DUONG+Vietnam
HANBO ENC VINA,https://www.google.com/maps/search/HANBO+ENC+VINA+VINH+PHUC+Vietnam
HANCCO VINA LIMITED COMPANY,https://www.google.com/maps/search/HANCCO+VINA+LIMITED+COMPANY+HA+NOI+Vietnam
"HANCHANGENPLA VINA Co.,Ltd","https://www.google.com/maps/search/HANCHANGENPLA+VINA+Co.,Ltd+BAC+NINH+Vietnam"
HANCOOK,https://www.google.com/maps/search/HANCOOK+DA+NANG+Vietnam
HANDS HANDS,https://www.google.com/maps/search/HANDS+HANDS+BAC+GIANG+Vietnam
"Hangang Mechatronics Vina Co., ltd","https://www.google.com/maps/search/Hangang+Mechatronics+Vina+Co.,+ltd+HA+NOI+Vietnam"
"HANGANG VINA Co.,Ltd","https://www.google.com/maps/search/HANGANG+VINA+Co.,Ltd+HA+NAM+Vietnam"
"HANGUKGONGGI VINA Co.,Ltd","https://www.google.com/maps/search/HANGUKGONGGI+VINA+Co.,Ltd+BAC+NINH+Vietnam"
"HANIL CONSTRUCTION & INVESTMENT Co.,Ltd","https://www.google.com/maps/search/HANIL+CONSTRUCTION+&+INVESTMENT+Co.,Ltd+HA+NOI+Vietnam"
HANJIN GLOBAL LOGISTICS VIETNAM,https://www.google.com/maps/search/HANJIN+GLOBAL+LOGISTICS+VIETNAM+HO+CHI+MINH+Vietnam
HANJIN VIETNAM CHEMICAL,https://www.google.com/maps/search/HANJIN+VIETNAM+CHEMICAL+BAC+NINH+Vietnam
HANJUNG COMPANY LIMITED,https://www.google.com/maps/search/HANJUNG+COMPANY+LIMITED+BAC+NINH+Vietnam
HANJUTECH VINA,https://www.google.com/maps/search/HANJUTECH+VINA+BAC+NINH+Vietnam
"HANKO ABRASIVES Co.,Ltd","https://www.google.com/maps/search/HANKO+ABRASIVES+Co.,Ltd+HA+NOI+Vietnam"
HANKOOK AL TEC VINA,https://www.google.com/maps/search/HANKOOK+AL+TEC+VINA+HA+NAM+Vietnam
"HANKOOK TOWER CRANE CO.,LTD","https://www.google.com/maps/search/HANKOOK+TOWER+CRANE+CO.,LTD+HA+NOI+Vietnam"
HANKYONG CNT,https://www.google.com/maps/search/HANKYONG+CNT+BAC+NINH+Vietnam
HANLA,https://www.google.com/maps/search/HANLA+HA+NOI+Vietnam
"HANLIM CO., LTD","https://www.google.com/maps/search/HANLIM+CO.,+LTD+BAC+NINH+Vietnam"
HANMI,https://www.google.com/maps/search/HANMI+HAI+PHONG+Vietnam
"HANMIFLEXIBLE VINA CO.,LTD","https://www.google.com/maps/search/HANMIFLEXIBLE+VINA+CO.,LTD+HAI+PHONG+Vietnam"
HANNAM INC,https://www.google.com/maps/search/HANNAM+INC+VINH+PHUC+Vietnam
Hanoi Reinsurance Joint Stock Corporation (Hanoi Re),https://www.google.com/maps/search/Hanoi+Reinsurance+Joint+Stock+Corporation+(Hanoi+Re)+HA+NOI+Vietnam
Hanoi seowonintech,https://www.google.com/maps/search/Hanoi+seowonintech+BAC+NINH+Vietnam
"Hanoi You steel Co., Ltd","https://www.google.com/maps/search/Hanoi+You+steel+Co.,+Ltd+BAC+NINH+Vietnam"
HANS FASHION,https://www.google.com/maps/search/HANS+FASHION+NINH+BINH+Vietnam
"Hansae Hanoi Co., Ltd.","https://www.google.com/maps/search/Hansae+Hanoi+Co.,+Ltd.+HA+NOI+Vietnam"
"HANSEO VINA Co.,Ltd","https://www.google.com/maps/search/HANSEO+VINA+Co.,Ltd+BAC+NINH+Vietnam"
HANSHIN COMPANY LIMITED,https://www.google.com/maps/search/HANSHIN+COMPANY+LIMITED+HA+NOI+Vietnam
HANSHIN ENGINEERING & CONSTRUCTION,https://www.google.com/maps/search/HANSHIN+ENGINEERING+&+CONSTRUCTION+HA+NOI+Vietnam
HANSHIN POLYMER,https://www.google.com/maps/search/HANSHIN+POLYMER+BAC+NINH+Vietnam
HANSHIN VIETNAM E&C,https://www.google.com/maps/search/HANSHIN+VIETNAM+E&C+BAC+NINH+Vietnam
"HANSHIN VINA CO., LTD","https://www.google.com/maps/search/HANSHIN+VINA+CO.,+LTD+HA+NAM+Vietnam"
"HANSOL ELECTRONICS VIETNAM CO., LTD","https://www.google.com/maps/search/HANSOL+ELECTRONICS+VIETNAM+CO.,+LTD+THAI+NGUYEN+Vietnam"
HANSOL HARNESS VINA COMPANY LIMITED,https://www.google.com/maps/search/HANSOL+HARNESS+VINA+COMPANY+LIMITED+THAI+NGUYEN+Vietnam
"HANSOL VINA CO.,LTD","https://www.google.com/maps/search/HANSOL+VINA+CO.,LTD+BAC+GIANG+Vietnam"
HANSUNG CONSTRUCTION VINA,https://www.google.com/maps/search/HANSUNG+CONSTRUCTION+VINA+HA+NOI+Vietnam
HANSUNG P.T.C VINA LIMITED LIABILITY COMPANY,https://www.google.com/maps/search/HANSUNG+P.T.C+VINA+LIMITED+LIABILITY+COMPANY+HAI+PHONG+Vietnam
HANTEC VINA COMPANY LIMITED,https://www.google.com/maps/search/HANTEC+VINA+COMPANY+LIMITED+BAC+NINH+Vietnam
"HANVI VINA CO.,LTD","https://www.google.com/maps/search/HANVI+VINA+CO.,LTD+DA+NANG+Vietnam"
"HANVIET INTERNATIONAL TRADING CO.,LTD","https://www.google.com/maps/search/HANVIET+INTERNATIONAL+TRADING+CO.,LTD+HA+NOI+Vietnam"
HANWHA AERO ENGINES,https://www.google.com/maps/search/HANWHA+AERO+ENGINES+HA+NOI+Vietnam
Hanwha Energy Corporation Vietnam,https://www.google.com/maps/search/Hanwha+Energy+Corporation+Vietnam+HA+NOI+Vietnam
HANWHA POWER SYSTEMS VIETNAM,https://www.google.com/maps/search/HANWHA+POWER+SYSTEMS+VIETNAM+HA+NOI+Vietnam
HANWHA TECHWIN AUTOMATION VIETNAM COMPANY LIMITED,https://www.google.com/maps/search/HANWHA+TECHWIN+AUTOMATION+VIETNAM+COMPANY+LIMITED+BAC+NINH+Vietnam
"HANWHA VISION VIETNAM Co., Ltd","https://www.google.com/maps/search/HANWHA+VISION+VIETNAM+Co.,+Ltd+BAC+NINH+Vietnam"
HANYANG DIGITECH VINA,https://www.google.com/maps/search/HANYANG+DIGITECH+VINA+PHU+THO+Vietnam
HANYOUNG NUX,https://www.google.com/maps/search/HANYOUNG+NUX+HO+CHI+MINH+Vietnam
Hanyoung Worldwrap,https://www.google.com/maps/search/Hanyoung+Worldwrap+HA+NAM+Vietnam
HAPPY COOK,https://www.google.com/maps/search/HAPPY+COOK+HA+NOI+Vietnam
HAPPY L&B VIET NAM,https://www.google.com/maps/search/HAPPY+L&B+VIET+NAM+HA+NOI+Vietnam
"HAPPY PEACE ONE MEMBER CO.,LTD","https://www.google.com/maps/search/HAPPY+PEACE+ONE+MEMBER+CO.,LTD+HUNG+YEN+Vietnam"
HASECA,https://www.google.com/maps/search/HASECA+HA+NOI+Vietnam
HAVY KOVI COMPANY LIMITED,https://www.google.com/maps/search/HAVY+KOVI+COMPANY+LIMITED+DA+NANG+Vietnam
"HB TECH Co.,Ltd","https://www.google.com/maps/search/HB+TECH+Co.,Ltd+BAC+NINH+Vietnam"
"HBS TECH VINA Co.,Ltd","https://www.google.com/maps/search/HBS+TECH+VINA+Co.,Ltd+HAI+PHONG+Vietnam"
H-DIAMOND VINA,https://www.google.com/maps/search/H-DIAMOND+VINA+BAC+NINH+Vietnam
"HEATCO., JSC","https://www.google.com/maps/search/HEATCO.,+JSC+HA+NOI+Vietnam"
"HEERAE VINA CO.,LTD","https://www.google.com/maps/search/HEERAE+VINA+CO.,LTD+HA+NOI+Vietnam"
HEESUNG ELECTRONICS VIETNAM,https://www.google.com/maps/search/HEESUNG+ELECTRONICS+VIETNAM+HAI+PHONG+Vietnam
HEKAMI VIETNAM,https://www.google.com/maps/search/HEKAMI+VIETNAM+HA+NOI+Vietnam
"HELLO BACNINH CO.,LTD","https://www.google.com/maps/search/HELLO+BACNINH+CO.,LTD+BAC+NINH+Vietnam"
"Henkel Adhesive Technologies Vietnam Co., Ltd","https://www.google.com/maps/search/Henkel+Adhesive+Technologies+Vietnam+Co.,+Ltd+BAC+NINH+Vietnam"
HEXAGON,https://www.google.com/maps/search/HEXAGON+HA+NOI+Vietnam
HEYUM VINA,https://www.google.com/maps/search/HEYUM+VINA+BAC+NINH+Vietnam
"HHJ VINA Co.,Ltd","https://www.google.com/maps/search/HHJ+VINA+Co.,Ltd+BAC+GIANG+Vietnam"
"HI BRAND CO.,LTD","https://www.google.com/maps/search/HI+BRAND+CO.,LTD+HA+NOI+Vietnam"
"HI VINA CO.,LTD","https://www.google.com/maps/search/HI+VINA+CO.,LTD+HO+CHI+MINH+Vietnam"
"HIAB KANGLIM VINA CO.,LTD","https://www.google.com/maps/search/HIAB+KANGLIM+VINA+CO.,LTD+HA+NOI+Vietnam"
HICO VIET NAM,https://www.google.com/maps/search/HICO+VIET+NAM+HA+NAM+Vietnam
HIGH DIGITAL TECH VINA,https://www.google.com/maps/search/HIGH+DIGITAL+TECH+VINA+BAC+NINH+Vietnam
"HILIM-BLS VINA Co.,Ltd","https://www.google.com/maps/search/HILIM-BLS+VINA+Co.,Ltd+BAC+NINH+Vietnam"
HIQ VINA,https://www.google.com/maps/search/HIQ+VINA+HA+NOI+Vietnam
"HITECH Co.,Ltd","https://www.google.com/maps/search/HITECH+Co.,Ltd+HA+NOI+Vietnam"
"HITEJINRO VIETNAM Co.,Ltd","https://www.google.com/maps/search/HITEJINRO+VIETNAM+Co.,Ltd+HA+NOI+Vietnam"
HI-TEX,https://www.google.com/maps/search/HI-TEX+NGHE+AN+Vietnam
HITEX.ONE VINA COMPANY LIMITED,https://www.google.com/maps/search/HITEX.ONE+VINA+COMPANY+LIMITED+QUANG+NAM+Vietnam
HIVE VINA LIMITED COMPANY,https://www.google.com/maps/search/HIVE+VINA+LIMITED+COMPANY+BAC+NINH+Vietnam
HJ CORP VINA,https://www.google.com/maps/search/HJ+CORP+VINA+BAC+NINH+Vietnam
HJ TECH COMPANY LIMITED,https://www.google.com/maps/search/HJ+TECH+COMPANY+LIMITED+BAC+NINH+Vietnam
"HJC VIETNAM CO., LTD","https://www.google.com/maps/search/HJC+VIETNAM+CO.,+LTD+VINH+PHUC+Vietnam"
"HJCV CO.,LTD","https://www.google.com/maps/search/HJCV+CO.,LTD+VINH+PHUC+Vietnam"
HK CHEM,https://www.google.com/maps/search/HK+CHEM+BAC+NINH+Vietnam
HK DONG-A VINA,https://www.google.com/maps/search/HK+DONG-A+VINA+THAI+NGUYEN+Vietnam
HK DR.FLOOR VIETNAM,https://www.google.com/maps/search/HK+DR.FLOOR+VIETNAM+HA+NOI+Vietnam
"HK ENG VINA Co.,Ltd","https://www.google.com/maps/search/HK+ENG+VINA+Co.,Ltd+HA+NOI+Vietnam"
"HK VINA CO.,LTD","https://www.google.com/maps/search/HK+VINA+CO.,LTD+HAI+DUONG+Vietnam"
"HKB VN CO.,LTD","https://www.google.com/maps/search/HKB+VN+CO.,LTD+HAI+DUONG+Vietnam"
HKT ELECTRONICS VIETNAM,https://www.google.com/maps/search/HKT+ELECTRONICS+VIETNAM+HAI+PHONG+Vietnam
"HKTM VINA Co.,Ltd","https://www.google.com/maps/search/HKTM+VINA+Co.,Ltd+HAI+PHONG+Vietnam"
"HM ALTECH VINA CO.,LTD","https://www.google.com/maps/search/HM+ALTECH+VINA+CO.,LTD+BAC+NINH+Vietnam"
"HMC TECH VINA Co.,Ltd","https://www.google.com/maps/search/HMC+TECH+VINA+Co.,Ltd+HA+NOI+Vietnam"
"HNJ-VINA CO.,LTD","https://www.google.com/maps/search/HNJ-VINA+CO.,LTD+THAI+BINH+Vietnam"
Hoa Binh Limited Company,https://www.google.com/maps/search/Hoa+Binh+Limited+Company+HA+NOI+Vietnam
HOA GAIN,https://www.google.com/maps/search/HOA+GAIN+HA+NOI+Vietnam
HOANG HUY H&G REAL ESTATE,https://www.google.com/maps/search/HOANG+HUY+H&G+REAL+ESTATE+HA+NOI+Vietnam
Hoiana Hotels (HOI AN SOUTH DEVELOPMENT LTD),https://www.google.com/maps/search/Hoiana+Hotels+(HOI+AN+SOUTH+DEVELOPMENT+LTD)+QUANG+NAM+Vietnam
"HOJEONG CO.,LTD","https://www.google.com/maps/search/HOJEONG+CO.,LTD+BAC+NINH+Vietnam"
HONG DANG VINA,https://www.google.com/maps/search/HONG+DANG+VINA+HA+NOI+Vietnam
"HONG JIN GLOBAL CO.,LTD","https://www.google.com/maps/search/HONG+JIN+GLOBAL+CO.,LTD+KOREA+Vietnam"
HONG NGOC HOSPITAL,https://www.google.com/maps/search/HONG+NGOC+HOSPITAL+HA+NOI+Vietnam
"HOON LAB CO.,LTD","https://www.google.com/maps/search/HOON+LAB+CO.,LTD+KOREA+Vietnam"
HOTEL DU PARC HA NOI,https://www.google.com/maps/search/HOTEL+DU+PARC+HA+NOI+HA+NOI+Vietnam
Hotel Nikko Hai Phong,https://www.google.com/maps/search/Hotel+Nikko+Hai+Phong+HAI+PHONG+Vietnam
"HOTEL PERLE D'ORIENT, MGALLERY","https://www.google.com/maps/search/HOTEL+PERLE+D'ORIENT,+MGALLERY+HAI+PHONG+Vietnam"
HOTEL SONG CONG LIMITED LIABILITY COMPANY,https://www.google.com/maps/search/HOTEL+SONG+CONG+LIMITED+LIABILITY+COMPANY+THAI+NGUYEN+Vietnam
HOYEON VINA COMPANY LIMITED,https://www.google.com/maps/search/HOYEON+VINA+COMPANY+LIMITED+BAC+NINH+Vietnam
"HP TECH VINA CO.,LTD","https://www.google.com/maps/search/HP+TECH+VINA+CO.,LTD+BAC+NINH+Vietnam"
HPK VIET NAM COMPANY LIMITED,https://www.google.com/maps/search/HPK+VIET+NAM+COMPANY+LIMITED+HAI+PHONG+Vietnam
"HQ PAPER CO.,LTD","https://www.google.com/maps/search/HQ+PAPER+CO.,LTD+BAC+NINH+Vietnam"
"HS CHEMICAL VIETNAM CO., LTD","https://www.google.com/maps/search/HS+CHEMICAL+VIETNAM+CO.,+LTD+BAC+NINH+Vietnam"
"HS HA NOI CO.,LTD","https://www.google.com/maps/search/HS+HA+NOI+CO.,LTD+BAC+NINH+Vietnam"
"HS TECH VINA Co.,Ltd","https://www.google.com/maps/search/HS+TECH+VINA+Co.,Ltd+BAC+NINH+Vietnam"
"HS VINA CO.,LTD","https://www.google.com/maps/search/HS+VINA+CO.,LTD+VINH+PHUC+Vietnam"
HSC TECH VINA,https://www.google.com/maps/search/HSC+TECH+VINA+THAI+NGUYEN+Vietnam
HSCOLOR LIMITED COMPANY,https://www.google.com/maps/search/HSCOLOR+LIMITED+COMPANY+HAI+PHONG+Vietnam
HSDC,https://www.google.com/maps/search/HSDC+HA+NOI+Vietnam
"HTCTECH CO.,LTD","https://www.google.com/maps/search/HTCTECH+CO.,LTD+HA+NAM+Vietnam"
HUCORD,https://www.google.com/maps/search/HUCORD+HA+NOI+Vietnam
HUMAN TECHNOLOGY INNOVATION,https://www.google.com/maps/search/HUMAN+TECHNOLOGY+INNOVATION+HA+NOI+Vietnam
HUMANCEL VIN,https://www.google.com/maps/search/HUMANCEL+VIN+HA+NOI+Vietnam
HUMINTECH VINA COMPANY LIMITED,https://www.google.com/maps/search/HUMINTECH+VINA+COMPANY+LIMITED+BAC+NINH+Vietnam
HWA SUNG VINA COMPANY LIMITED,https://www.google.com/maps/search/HWA+SUNG+VINA+COMPANY+LIMITED+PHU+THO+Vietnam
"HWACHEON GLOBAL SERVICE Co.,Ltd","https://www.google.com/maps/search/HWACHEON+GLOBAL+SERVICE+Co.,Ltd+HA+NOI+Vietnam"
"HWASEUNG TECH VINA CO.,LTD","https://www.google.com/maps/search/HWASEUNG+TECH+VINA+CO.,LTD+VINH+PHUC+Vietnam"
HWASEUNG VIETNAM HAIPHONG AUTOMOTIVE COMPANY LIMITED,https://www.google.com/maps/search/HWASEUNG+VIETNAM+HAIPHONG+AUTOMOTIVE+COMPANY+LIMITED+HAI+PHONG+Vietnam
HWICO,https://www.google.com/maps/search/HWICO+HA+NOI+Vietnam
HYB INVESTMENT PROMOTION GROUP JOINT STOCK COMPANY,https://www.google.com/maps/search/HYB+INVESTMENT+PROMOTION+GROUP+JOINT+STOCK+COMPANY+HA+NOI+Vietnam
"HYONJIN VIET NAM Co.,Ltd","https://www.google.com/maps/search/HYONJIN+VIET+NAM+Co.,Ltd+HAI+DUONG+Vietnam"
HYOSUNG QUANG NAM COMPANY LIMITED,https://www.google.com/maps/search/HYOSUNG+QUANG+NAM+COMPANY+LIMITED+QUANG+NAM+Vietnam
HYOSUNG TNS,https://www.google.com/maps/search/HYOSUNG+TNS+BAC+NINH+Vietnam
"HYOWON M&E CO.,LTD","https://www.google.com/maps/search/HYOWON+M&E+CO.,LTD+HAI+PHONG+Vietnam"
"HYUN BO VINA.,LTD","https://www.google.com/maps/search/HYUN+BO+VINA.,LTD+BAC+GIANG+Vietnam"
"HYUN JUNG VINA CO.,LTD","https://www.google.com/maps/search/HYUN+JUNG+VINA+CO.,LTD+BAC+NINH+Vietnam"
HYUN.BCS COMPANY LIMITED,https://www.google.com/maps/search/HYUN.BCS+COMPANY+LIMITED+BAC+NINH+Vietnam
HYUNDAE CONSULTING AND TRADING COMPANY LIMITED,https://www.google.com/maps/search/HYUNDAE+CONSULTING+AND+TRADING+COMPANY+LIMITED+DA+NANG+Vietnam
"HYUNDAE SHEET CO., LTD","https://www.google.com/maps/search/HYUNDAE+SHEET+CO.,+LTD+KOREA+Vietnam"
HYUNDAI CONSTRUCTION EQUIPMENT,https://www.google.com/maps/search/HYUNDAI+CONSTRUCTION+EQUIPMENT+HA+NOI+Vietnam
HYUNDAI DEVELOPMENT,https://www.google.com/maps/search/HYUNDAI+DEVELOPMENT+HA+NOI+Vietnam
HYUNDAI E&C VINA,https://www.google.com/maps/search/HYUNDAI+E&C+VINA+HA+NOI+Vietnam
"HYUNDAI KEFICO VIETNAM CO.,LTD","https://www.google.com/maps/search/HYUNDAI+KEFICO+VIETNAM+CO.,LTD+HAI+DUONG+Vietnam"
"HYUNDAI THANH CONG ELEVATOR VIETNAM Co.,Ltd","https://www.google.com/maps/search/HYUNDAI+THANH+CONG+ELEVATOR+VIETNAM+Co.,Ltd+HA+NOI+Vietnam"
HYUNDAI THANH CONG VIETNAM AUTO MANUFACTURING CORPORATION,https://www.google.com/maps/search/HYUNDAI+THANH+CONG+VIETNAM+AUTO+MANUFACTURING+CORPORATION+HA+NOI+Vietnam
"HYUNDAI TNR CO., LTD","https://www.google.com/maps/search/HYUNDAI+TNR+CO.,+LTD+HA+NAM+Vietnam"
HYUNG JOO VINA,https://www.google.com/maps/search/HYUNG+JOO+VINA+HUNG+YEN+Vietnam
"HYUNWOO VINA Co.,Ltd","https://www.google.com/maps/search/HYUNWOO+VINA+Co.,Ltd+VINH+PHUC+Vietnam"
HYVISION VINA,https://www.google.com/maps/search/HYVISION+VINA+BAC+NINH+Vietnam
I AM CHRIS COMPANY LIMITED,https://www.google.com/maps/search/I+AM+CHRIS+COMPANY+LIMITED+DA+NANG+Vietnam
IAN PRECISION VINA,https://www.google.com/maps/search/IAN+PRECISION+VINA+BAC+NINH+Vietnam
IAN VINA,https://www.google.com/maps/search/IAN+VINA+HA+NOI+Vietnam
"IBISS PC CAFE CO.,LTD","https://www.google.com/maps/search/IBISS+PC+CAFE+CO.,LTD+DA+NANG+Vietnam"
"I-BLE FNC VINA CO., LTD","https://www.google.com/maps/search/I-BLE+FNC+VINA+CO.,+LTD+HA+NAM+Vietnam"
IC FOOD SON LA,https://www.google.com/maps/search/IC+FOOD+SON+LA+SON+LA+Vietnam
"ICH CUBE  VIET NAM CO.,LTD","https://www.google.com/maps/search/ICH+CUBE++VIET+NAM+CO.,LTD+BAC+GIANG+Vietnam"
ICO JOB,https://www.google.com/maps/search/ICO+JOB+HA+NOI+Vietnam
"ICON INTERNATIONAL CO.,LTD","https://www.google.com/maps/search/ICON+INTERNATIONAL+CO.,LTD+HA+NOI+Vietnam"
ID TECH VINA,https://www.google.com/maps/search/ID+TECH+VINA+BAC+NINH+Vietnam
IDEC Group Vietnam,https://www.google.com/maps/search/IDEC+Group+Vietnam+HO+CHI+MINH+Vietnam
IDG CAPITAL VIET NAM JOIN STOCK COMPANY,https://www.google.com/maps/search/IDG+CAPITAL+VIET+NAM+JOIN+STOCK+COMPANY+HO+CHI+MINH+Vietnam
"IDT-VINA INDUSTRIAL Co.,Ltd","https://www.google.com/maps/search/IDT-VINA+INDUSTRIAL+Co.,Ltd+BAC+NINH+Vietnam"
IJ TECH,https://www.google.com/maps/search/IJ+TECH+HA+NAM+Vietnam
IKP Il Kwang Polymer – Viet Nam,https://www.google.com/maps/search/IKP+Il+Kwang+Polymer+–+Viet+Nam+HA+NOI+Vietnam
"ILDONG VINA Co.,Ltd","https://www.google.com/maps/search/ILDONG+VINA+Co.,Ltd+HAI+DUONG+Vietnam"
ILJIN DIAMOND VINA COMPANY LIMITED,https://www.google.com/maps/search/ILJIN+DIAMOND+VINA+COMPANY+LIMITED+HA+NAM+Vietnam
ILJIN DISPLAY,https://www.google.com/maps/search/ILJIN+DISPLAY+HA+NAM+Vietnam
ILKWANG VINA,https://www.google.com/maps/search/ILKWANG+VINA+BAC+NINH+Vietnam
ILLJIN COM VINA,https://www.google.com/maps/search/ILLJIN+COM+VINA+HA+NAM+Vietnam
"ILSHIN VINA CO.,LTD","https://www.google.com/maps/search/ILSHIN+VINA+CO.,LTD+HAI+DUONG+Vietnam"
ILSHINTECH VINA,https://www.google.com/maps/search/ILSHINTECH+VINA+HAI+PHONG+Vietnam
"ILSUNG VINA CO.,LTD","https://www.google.com/maps/search/ILSUNG+VINA+CO.,LTD+BAC+GIANG+Vietnam"
IM VINA,https://www.google.com/maps/search/IM+VINA+VINH+PHUC+Vietnam
IMARKET VIETNAM,https://www.google.com/maps/search/IMARKET+VIETNAM+HA+NOI+Vietnam
I-MEDICARE GENERAL CLINIC,https://www.google.com/maps/search/I-MEDICARE+GENERAL+CLINIC+HA+NOI+Vietnam
"IMMANUEL AUDITING CO.,LTD","https://www.google.com/maps/search/IMMANUEL+AUDITING+CO.,LTD+HA+NOI+Vietnam"
IMTECH VINA COMPANY LIMITED,https://www.google.com/maps/search/IMTECH+VINA+COMPANY+LIMITED+HAI+PHONG+Vietnam
"Ina Vina Co., Ltd","https://www.google.com/maps/search/Ina+Vina+Co.,+Ltd+HA+NOI+Vietnam"
"INABATA VIETNAM Co.,Ltd","https://www.google.com/maps/search/INABATA+VIETNAM+Co.,Ltd+HA+NOI+Vietnam"
"Indochina Kajima Development Co., Ltd","https://www.google.com/maps/search/Indochina+Kajima+Development+Co.,+Ltd+HA+NOI+Vietnam"
"INKEL VIETNAM Co.,Ltd","https://www.google.com/maps/search/INKEL+VIETNAM+Co.,Ltd+HA+NOI+Vietnam"
"INNO FLEX VINA Co.,Ltd","https://www.google.com/maps/search/INNO+FLEX+VINA+Co.,Ltd+VINH+PHUC+Vietnam"
INNO TECH COMPANY LIMITED,https://www.google.com/maps/search/INNO+TECH+COMPANY+LIMITED+BAC+NINH+Vietnam
"INNO TECHNOLOGY VINA CO., LTD.","https://www.google.com/maps/search/INNO+TECHNOLOGY+VINA+CO.,+LTD.+BAC+GIANG+Vietnam"
"INNOCHIPS VINA CO., LTD","https://www.google.com/maps/search/INNOCHIPS+VINA+CO.,+LTD+PHU+THO+Vietnam"
INNOCOM VINA COMPANY LIMITED,https://www.google.com/maps/search/INNOCOM+VINA+COMPANY+LIMITED+BAC+NINH+Vietnam
INNOVATION HUB,https://www.google.com/maps/search/INNOVATION+HUB+HA+NOI+Vietnam
INO INTECH,https://www.google.com/maps/search/INO+INTECH+BAC+NINH+Vietnam
"INOX FACTORY CO.,LTD.","https://www.google.com/maps/search/INOX+FACTORY+CO.,LTD.+HA+NOI+Vietnam"
"INSOL VINA Co.,Ltd","https://www.google.com/maps/search/INSOL+VINA+Co.,Ltd+BAC+NINH+Vietnam"
"INSUNG HIVINA Co.,Ltd","https://www.google.com/maps/search/INSUNG+HIVINA+Co.,Ltd+HAI+PHONG+Vietnam"
"INTECH KOREA CO.,LTD","https://www.google.com/maps/search/INTECH+KOREA+CO.,LTD+HO+CHI+MINH+Vietnam"
INTER LOGO,https://www.google.com/maps/search/INTER+LOGO+HUNG+YEN+Vietnam
InterContinental Danang Sun Peninsula Resort,https://www.google.com/maps/search/InterContinental+Danang+Sun+Peninsula+Resort+DA+NANG+Vietnam
"INTERFLEX VINA Co.,Ltd","https://www.google.com/maps/search/INTERFLEX+VINA+Co.,Ltd+VINH+PHUC+Vietnam"
"INTERMAX VIETNAM CO., LTD","https://www.google.com/maps/search/INTERMAX+VIETNAM+CO.,+LTD+BAC+GIANG+Vietnam"
INTERNATIONAL DRIVINGRANGE,https://www.google.com/maps/search/INTERNATIONAL+DRIVINGRANGE+BAC+NINH+Vietnam
International School Partnership (ISP),https://www.google.com/maps/search/International+School+Partnership+(ISP)+HA+NOI+Vietnam
"INTERNATIONAL SOS VIETNAM CO.,LTD","https://www.google.com/maps/search/INTERNATIONAL+SOS+VIETNAM+CO.,LTD+HA+NOI+Vietnam"
INTERSACK VIETNAM,https://www.google.com/maps/search/INTERSACK+VIETNAM+HA+NAM+Vietnam
"INTOPS VIETNAM CO.,LTD","https://www.google.com/maps/search/INTOPS+VIETNAM+CO.,LTD+BAC+NINH+Vietnam"
"INTRADING HA NOI LOGISTICS Co., Ltd","https://www.google.com/maps/search/INTRADING+HA+NOI+LOGISTICS+Co.,+Ltd+HA+NOI+Vietnam"
INTRO RESIDENCE HOTEL,https://www.google.com/maps/search/INTRO+RESIDENCE+HOTEL+HAI+PHONG+Vietnam
INTROTOP COMPANY LIMITED,https://www.google.com/maps/search/INTROTOP+COMPANY+LIMITED+PHU+THO+Vietnam
IPN VINA,https://www.google.com/maps/search/IPN+VINA+HA+NAM+Vietnam
IRE DS VINA,https://www.google.com/maps/search/IRE+DS+VINA+BAC+NINH+Vietnam
IS LOGO,https://www.google.com/maps/search/IS+LOGO+HUNG+YEN+Vietnam
"IS TECH CO.,LTD","https://www.google.com/maps/search/IS+TECH+CO.,LTD+BAC+NINH+Vietnam"
ISCVINA MANUFACTURING COMPANY LIMITED,https://www.google.com/maps/search/ISCVINA+MANUFACTURING+COMPANY+LIMITED+VINH+PHUC+Vietnam
ISIRIUS VINA,https://www.google.com/maps/search/ISIRIUS+VINA+HO+CHI+MINH+Vietnam
ISSAC SECURITY,https://www.google.com/maps/search/ISSAC+SECURITY+HA+NOI+Vietnam
"ITM SEMICONDUCTOR VN CO.,LTD","https://www.google.com/maps/search/ITM+SEMICONDUCTOR+VN+CO.,LTD+BAC+NINH+Vietnam"
J CUBE VINA COMPANY LIMITED,https://www.google.com/maps/search/J+CUBE+VINA+COMPANY+LIMITED+BAC+NINH+Vietnam
J SQUARE KOREA,https://www.google.com/maps/search/J+SQUARE+KOREA+HA+NOI+Vietnam
J&B DRIVE VINA LIMITED COMPANY,https://www.google.com/maps/search/J&B+DRIVE+VINA+LIMITED+COMPANY+HAI+PHONG+Vietnam
"J&K VINA CO.,LTD","https://www.google.com/maps/search/J&K+VINA+CO.,LTD+HAI+DUONG+Vietnam"
"J&L TECH VINA Co.,Ltd","https://www.google.com/maps/search/J&L+TECH+VINA+Co.,Ltd+BAC+NINH+Vietnam"
J&P,https://www.google.com/maps/search/J&P+PHU+THO+Vietnam
"J.I VINA CO.,LTD","https://www.google.com/maps/search/J.I+VINA+CO.,LTD+HA+NOI+Vietnam"
"J.PLUS CO.,LTD","https://www.google.com/maps/search/J.PLUS+CO.,LTD+HAI+DUONG+Vietnam"
"JA VINA CO.,LTD","https://www.google.com/maps/search/JA+VINA+CO.,LTD+HA+NOI+Vietnam"
"JAANH VINA CO.,LTD","https://www.google.com/maps/search/JAANH+VINA+CO.,LTD+BAC+NINH+Vietnam"
JABEZ VINA COMPANY LIMITED,https://www.google.com/maps/search/JABEZ+VINA+COMPANY+LIMITED+PHU+THO+Vietnam
JAE EUN TECH VINA,https://www.google.com/maps/search/JAE+EUN+TECH+VINA+THAI+NGUYEN+Vietnam
JAEHYUN VINA,https://www.google.com/maps/search/JAEHYUN+VINA+HA+NAM+Vietnam
JAEWOO VINA COMPANY LIMITED,https://www.google.com/maps/search/JAEWOO+VINA+COMPANY+LIMITED+PHU+THO+Vietnam
"JAEYOUNG VINA CO.,LTD","https://www.google.com/maps/search/JAEYOUNG+VINA+CO.,LTD+BAC+NINH+Vietnam"
JAHON INTERNATIONAL,https://www.google.com/maps/search/JAHON+INTERNATIONAL+HA+NOI+Vietnam
"JAHWA VINA CO.,LTD.","https://www.google.com/maps/search/JAHWA+VINA+CO.,LTD.+VINH+PHUC+Vietnam"
"JANG JUNG VINA Co.,Ltd","https://www.google.com/maps/search/JANG+JUNG+VINA+Co.,Ltd+HUNG+YEN+Vietnam"
JANGWONTECH VINA,https://www.google.com/maps/search/JANGWONTECH+VINA+BAC+NINH+Vietnam
"JAO VI COMPANY., LIMITED.","https://www.google.com/maps/search/JAO+VI+COMPANY.,+LIMITED.+PHU+THO+Vietnam"
JAPAN KOREA 2,https://www.google.com/maps/search/JAPAN+KOREA+2+VINH+PHUC+Vietnam
"JASTECH VIETNAM MANUFACTURING CO., LTD","https://www.google.com/maps/search/JASTECH+VIETNAM+MANUFACTURING+CO.,+LTD+BAC+NINH+Vietnam"
JASUNG VINA,https://www.google.com/maps/search/JASUNG+VINA+HA+NAM+Vietnam
"JAUD (Design Associates) Co., LTD","https://www.google.com/maps/search/JAUD+(Design+Associates)+Co.,+LTD+HA+NOI+Vietnam"
"JAY JAY VINA CO.,LTD","https://www.google.com/maps/search/JAY+JAY+VINA+CO.,LTD+QUANG+NAM+Vietnam"
JCA VINA,https://www.google.com/maps/search/JCA+VINA+HA+NOI+Vietnam
"JCV CORP CO., LTD","https://www.google.com/maps/search/JCV+CORP+CO.,+LTD+HAI+PHONG+Vietnam"
"JD CUBE CO.,LTD","https://www.google.com/maps/search/JD+CUBE+CO.,LTD+BAC+NINH+Vietnam"
"JD TECHWIN VINA Co.,Ltd","https://www.google.com/maps/search/JD+TECHWIN+VINA+Co.,Ltd+HAI+PHONG+Vietnam"
JD VINA,https://www.google.com/maps/search/JD+VINA+THAI+NGUYEN+Vietnam
JDI TELECOM VINA,https://www.google.com/maps/search/JDI+TELECOM+VINA+VINH+PHUC+Vietnam
JDL VN,https://www.google.com/maps/search/JDL+VN+HA+NOI+Vietnam
JEBSEN & JESSEN PACKAGING VIETNAM,https://www.google.com/maps/search/JEBSEN+&+JESSEN+PACKAGING+VIETNAM+BAC+NINH+Vietnam
JEHIL VINA,https://www.google.com/maps/search/JEHIL+VINA+BAC+NINH+Vietnam
JEIL C&C COMPANY LIMITED,https://www.google.com/maps/search/JEIL+C&C+COMPANY+LIMITED+THAI+NGUYEN+Vietnam
"JEIL FILTER VINA CO.,LTD","https://www.google.com/maps/search/JEIL+FILTER+VINA+CO.,LTD+BAC+NINH+Vietnam"
JEIL JERSEY VINA,https://www.google.com/maps/search/JEIL+JERSEY+VINA+THAI+BINH+Vietnam
"JEIL PANEL VINA CO.,LTDJEIL ENGINEERING VINA CO.,LTD","https://www.google.com/maps/search/JEIL+PANEL+VINA+CO.,LTDJEIL+ENGINEERING+VINA+CO.,LTD+HA+NOI+Vietnam"
JEIL PETRO,https://www.google.com/maps/search/JEIL+PETRO+HUNG+YEN+Vietnam
"JEIL PHU THO CO.,LTD","https://www.google.com/maps/search/JEIL+PHU+THO+CO.,LTD+PHU+THO+Vietnam"
"JEIL SAFETY Co.,Ltd","https://www.google.com/maps/search/JEIL+SAFETY+Co.,Ltd+HA+NOI+Vietnam"
JEIO VINA,https://www.google.com/maps/search/JEIO+VINA+HA+NAM+Vietnam
JEJU AIR,https://www.google.com/maps/search/JEJU+AIR+BAC+NINH+Vietnam
"JEONGKWAN VINA CO.,LTD","https://www.google.com/maps/search/JEONGKWAN+VINA+CO.,LTD+BAC+GIANG+Vietnam"
JEXPRESS,https://www.google.com/maps/search/JEXPRESS+HA+NOI+Vietnam
"JF GLOBAL CO.,LTD","https://www.google.com/maps/search/JF+GLOBAL+CO.,LTD+NAM+DINH+Vietnam"
"JF TECH VINA Co.,Ltd","https://www.google.com/maps/search/JF+TECH+VINA+Co.,Ltd+HA+NOI+Vietnam"
JG VIETNAM,https://www.google.com/maps/search/JG+VIETNAM+BAC+NINH+Vietnam
JH LIGHTING VINA,https://www.google.com/maps/search/JH+LIGHTING+VINA+HAI+PHONG+Vietnam
JH VINA,https://www.google.com/maps/search/JH+VINA+PHU+THO+Vietnam
JHBBT - VINA,https://www.google.com/maps/search/JHBBT+-+VINA+VINH+PHUC+Vietnam
"JHC F&B Co.,Ltd","https://www.google.com/maps/search/JHC+F&B+Co.,Ltd+HAI+PHONG+Vietnam"
JHCOS VINA,https://www.google.com/maps/search/JHCOS+VINA+BAC+NINH+Vietnam
"JIGTECH VINA Co.,Ltd","https://www.google.com/maps/search/JIGTECH+VINA+Co.,Ltd+BAC+NINH+Vietnam"
"JIGUCHON INVESTMENT CO.,LTD","https://www.google.com/maps/search/JIGUCHON+INVESTMENT+CO.,LTD+DA+NANG+Vietnam"
JIN AIR,https://www.google.com/maps/search/JIN+AIR+HA+NOI+Vietnam
JIN CHEMICAL,https://www.google.com/maps/search/JIN+CHEMICAL+BAC+NINH+Vietnam
JIN HEALTHY LIFE,https://www.google.com/maps/search/JIN+HEALTHY+LIFE+HA+NOI+Vietnam
JIN LOGIS,https://www.google.com/maps/search/JIN+LOGIS+HA+NOI+Vietnam
"JINMYUNG HITECH Co.,Ltd","https://www.google.com/maps/search/JINMYUNG+HITECH+Co.,Ltd+BAC+NINH+Vietnam"
JINSUNG HITEC VINA COMPANY LIMITED,https://www.google.com/maps/search/JINSUNG+HITEC+VINA+COMPANY+LIMITED+QUANG+NINH+Vietnam
"JINSUNG VINA CO.,LTD","https://www.google.com/maps/search/JINSUNG+VINA+CO.,LTD+PHU+THO+Vietnam"
JINYANG VINA,https://www.google.com/maps/search/JINYANG+VINA+HA+NAM+Vietnam
JINYOUNG G&T,https://www.google.com/maps/search/JINYOUNG+G&T+HA+NAM+Vietnam
JIPYONG VIETNAM – HA NOI BRANCH,https://www.google.com/maps/search/JIPYONG+VIETNAM+–+HA+NOI+BRANCH+HA+NOI+Vietnam
"JK HA NAM CO., LTD","https://www.google.com/maps/search/JK+HA+NAM+CO.,+LTD+HA+NAM+Vietnam"
JK PARTNERS,https://www.google.com/maps/search/JK+PARTNERS+HA+NOI+Vietnam
"JKTECH VINA CO.,LTD","https://www.google.com/maps/search/JKTECH+VINA+CO.,LTD+BAC+GIANG+Vietnam"
"J-Land Korea Co.,LTD","https://www.google.com/maps/search/J-Land+Korea+Co.,LTD+BAC+GIANG+Vietnam"
"JM BEA TRICE VIAN CO.,LTD","https://www.google.com/maps/search/JM+BEA+TRICE+VIAN+CO.,LTD+HAI+DUONG+Vietnam"
JM INTERNATIONAL VINA,https://www.google.com/maps/search/JM+INTERNATIONAL+VINA+HA+NOI+Vietnam
"JMC VIETNAM CO.,LTD","https://www.google.com/maps/search/JMC+VIETNAM+CO.,LTD+BAC+GIANG+Vietnam"
JMT VN,https://www.google.com/maps/search/JMT+VN+BAC+NINH+Vietnam
JNB LOGISTIC,https://www.google.com/maps/search/JNB+LOGISTIC+HA+NOI+Vietnam
"JNC VIETNAM Co.,Ltd","https://www.google.com/maps/search/JNC+VIETNAM+Co.,Ltd+HA+NOI+Vietnam"
JND Human Resource,https://www.google.com/maps/search/JND+Human+Resource+HA+NOI+Vietnam
JNTC VINA,https://www.google.com/maps/search/JNTC+VINA+PHU+THO+Vietnam
"JOBPRO CO.,LTD","https://www.google.com/maps/search/JOBPRO+CO.,LTD+HA+NOI+Vietnam"
"JOCHU TECHNOLOGY (VIETNAM) CO., LTD.","https://www.google.com/maps/search/JOCHU+TECHNOLOGY+(VIETNAM)+CO.,+LTD.+HA+NAM+Vietnam"
"Join Logix Vietnam Co.,Ltd","https://www.google.com/maps/search/Join+Logix+Vietnam+Co.,Ltd+HA+NOI+Vietnam"
"J-ONE Co.,Ltd","https://www.google.com/maps/search/J-ONE+Co.,Ltd+BAC+GIANG+Vietnam"
"JONGRO BBQ CO.,LTD","https://www.google.com/maps/search/JONGRO+BBQ+CO.,LTD+DA+NANG+Vietnam"
JOOYON TNS VINA COMPANY LIMITED,https://www.google.com/maps/search/JOOYON+TNS+VINA+COMPANY+LIMITED+HA+NOI+Vietnam
JOSUNG VINA,https://www.google.com/maps/search/JOSUNG+VINA+BAC+NINH+Vietnam
JP LawGroup,https://www.google.com/maps/search/JP+LawGroup+HA+NOI+Vietnam
"J-PACK TRADING Co.,Ltd– HA NOI OFFICE -","https://www.google.com/maps/search/J-PACK+TRADING+Co.,Ltd–+HA+NOI+OFFICE+-+HA+NOI+Vietnam"
JPC VINA,https://www.google.com/maps/search/JPC+VINA+HAI+PHONG+Vietnam
JS Automotive Vina,https://www.google.com/maps/search/JS+Automotive+Vina+PHU+THO+Vietnam
JS HITECH VINA COMPANY LIMITED,https://www.google.com/maps/search/JS+HITECH+VINA+COMPANY+LIMITED+BAC+NINH+Vietnam
JSF VINA,https://www.google.com/maps/search/JSF+VINA+PHU+THO+Vietnam
JSJ VINA,https://www.google.com/maps/search/JSJ+VINA+THAI+NGUYEN+Vietnam
JSK VINA,https://www.google.com/maps/search/JSK+VINA+BAC+NINH+Vietnam
JT SENSOR,https://www.google.com/maps/search/JT+SENSOR+HA+NAM+Vietnam
"J-TEC SOLUTION VINA Co.,Ltd","https://www.google.com/maps/search/J-TEC+SOLUTION+VINA+Co.,Ltd+BAC+NINH+Vietnam"
"J-TECH VINA CO., LTD","https://www.google.com/maps/search/J-TECH+VINA+CO.,+LTD+VINH+PHUC+Vietnam"
JTS VINA COMPANY LIMITED,https://www.google.com/maps/search/JTS+VINA+COMPANY+LIMITED+HAI+PHONG+Vietnam
JUKWANG PRECISION VINA,https://www.google.com/maps/search/JUKWANG+PRECISION+VINA+THAI+NGUYEN+Vietnam
JUMAK,https://www.google.com/maps/search/JUMAK+BAC+NINH+Vietnam
"JUN TECH VINA CO.,LTD","https://www.google.com/maps/search/JUN+TECH+VINA+CO.,LTD+BAC+NINH+Vietnam"
"JUNA Co.,Ltd","https://www.google.com/maps/search/JUNA+Co.,Ltd+HA+NAM+Vietnam"
Jungho Vietnam,https://www.google.com/maps/search/Jungho+Vietnam+BAC+NINH+Vietnam
Jung-il Accounting Corporation,https://www.google.com/maps/search/Jung-il+Accounting+Corporation+HA+NOI+Vietnam
JUNGJIN VINA,https://www.google.com/maps/search/JUNGJIN+VINA+THAI+NGUYEN+Vietnam
"JUNGWON ELECTRONICS VIETNAM CO., LTD.","https://www.google.com/maps/search/JUNGWON+ELECTRONICS+VIETNAM+CO.,+LTD.+HA+NAM+Vietnam"
JUNNY VINA,https://www.google.com/maps/search/JUNNY+VINA+HA+NOI+Vietnam
JW AGENCY,https://www.google.com/maps/search/JW+AGENCY+BAC+GIANG+Vietnam
"JWORLD VINA CO.,LTD","https://www.google.com/maps/search/JWORLD+VINA+CO.,LTD+BAC+NINH+Vietnam"
JY HA NAM,https://www.google.com/maps/search/JY+HA+NAM+HA+NAM+Vietnam
"JY HNS VINA CO.,LTD","https://www.google.com/maps/search/JY+HNS+VINA+CO.,LTD+VINH+PHUC+Vietnam"
JY PLASTEEL,https://www.google.com/maps/search/JY+PLASTEEL+HA+NAM+Vietnam
"JY PLASTIC CO., LTD","https://www.google.com/maps/search/JY+PLASTIC+CO.,+LTD+HA+NAM+Vietnam"
"JY TECH CO.,LTD","https://www.google.com/maps/search/JY+TECH+CO.,LTD+BAC+NINH+Vietnam"
JYS LOGISTICS,https://www.google.com/maps/search/JYS+LOGISTICS+HA+NOI+Vietnam
K ONE PACK (K ONE STICKER COMPANY),https://www.google.com/maps/search/K+ONE+PACK+(K+ONE+STICKER+COMPANY)+HA+NOI+Vietnam
K STAR ANH SERVICES AND TRADING JOINT STOCK COMPANY,https://www.google.com/maps/search/K+STAR+ANH+SERVICES+AND+TRADING+JOINT+STOCK+COMPANY+HA+NOI+Vietnam
K&J VIETNAM COMPANY LIMITED,https://www.google.com/maps/search/K&J+VIETNAM+COMPANY+LIMITED+HAI+PHONG+Vietnam
K&K GLOBAL TRADING (K-MARKET),https://www.google.com/maps/search/K&K+GLOBAL+TRADING+(K-MARKET)+HA+NOI+Vietnam
K&PE ELECTRONICS VIETNAM,https://www.google.com/maps/search/K&PE+ELECTRONICS+VIETNAM+HAI+PHONG+Vietnam
K.Y.C ELECTRONICS VINA COMPANY LIMITED,https://www.google.com/maps/search/K.Y.C+ELECTRONICS+VINA+COMPANY+LIMITED+HAI+PHONG+Vietnam
"KAI INTERNATIONAL VIETNAM CO.,LTD","https://www.google.com/maps/search/KAI+INTERNATIONAL+VIETNAM+CO.,LTD+HUNG+YEN+Vietnam"
KAIROS VINA - BAC NINH,https://www.google.com/maps/search/KAIROS+VINA+-+BAC+NINH+BAC+NINH+Vietnam
KAIZEN CREATIVE VIET NAM COMPANY,https://www.google.com/maps/search/KAIZEN+CREATIVE+VIET+NAM+COMPANY+HO+CHI+MINH+Vietnam
KAKA,https://www.google.com/maps/search/KAKA+HA+NOI+Vietnam
"KANEGABO Co.,Ltd","https://www.google.com/maps/search/KANEGABO+Co.,Ltd+BAC+GIANG+Vietnam"
"KANG WON DUCT VINA CO.,LTD","https://www.google.com/maps/search/KANG+WON+DUCT+VINA+CO.,LTD+BAC+NINH+Vietnam"
KANGENG TRADING AND SERVICE COMPANY LIMITED,https://www.google.com/maps/search/KANGENG+TRADING+AND+SERVICE+COMPANY+LIMITED+BAC+NINH+Vietnam
KANG'S CHICKEN COMPANY LIMITED,https://www.google.com/maps/search/KANG'S+CHICKEN+COMPANY+LIMITED+DA+NANG+Vietnam
"KANGYIN ELECTRONIC TECHNOLOGY CO.,LTD","https://www.google.com/maps/search/KANGYIN+ELECTRONIC+TECHNOLOGY+CO.,LTD+HA+NAM+Vietnam"
KAPS TEX VINA JOINT STOCK COMPANY,https://www.google.com/maps/search/KAPS+TEX+VINA+JOINT+STOCK+COMPANY+PHU+THO+Vietnam
KARA VIETNAM,https://www.google.com/maps/search/KARA+VIETNAM+HA+NAM+Vietnam
KAS HA NOI AIR & SEA TRANSPORT,https://www.google.com/maps/search/KAS+HA+NOI+AIR+&+SEA+TRANSPORT+HA+NOI+Vietnam
K-Asset Group,https://www.google.com/maps/search/K-Asset+Group+HA+NOI+Vietnam
KAV INTERNATIONAL,https://www.google.com/maps/search/KAV+INTERNATIONAL+HO+CHI+MINH+Vietnam
KBI COSMOLINK VINA,https://www.google.com/maps/search/KBI+COSMOLINK+VINA+VINH+PHUC+Vietnam
"KBL VIETNAM Co.,Ltd","https://www.google.com/maps/search/KBL+VIETNAM+Co.,Ltd+HA+NOI+Vietnam"
"KC COTTRELL VIETNAM CO.,LTD","https://www.google.com/maps/search/KC+COTTRELL+VIETNAM+CO.,LTD+HA+NOI+Vietnam"
KC GREEN ENVIRO SERVICES JOINT STOCK COMPANY (KC GREEN),https://www.google.com/maps/search/KC+GREEN+ENVIRO+SERVICES+JOINT+STOCK+COMPANY+(KC+GREEN)+THAI+NGUYEN+Vietnam
KC VINA,https://www.google.com/maps/search/KC+VINA+THAI+NGUYEN+Vietnam
KCAB INTERNATIONAL,https://www.google.com/maps/search/KCAB+INTERNATIONAL+HA+NOI+Vietnam
"K-Certi VINA Co.,Ltd","https://www.google.com/maps/search/K-Certi+VINA+Co.,Ltd+HA+NOI+Vietnam"
KCI VINA,https://www.google.com/maps/search/KCI+VINA+VINH+PHUC+Vietnam
KCM LOGISTICS VINA,https://www.google.com/maps/search/KCM+LOGISTICS+VINA+HA+NOI+Vietnam
"KCT VIETNAM CO.,LTD","https://www.google.com/maps/search/KCT+VIETNAM+CO.,LTD+HA+NAM+Vietnam"
"KCT VINA CO.,LTD","https://www.google.com/maps/search/KCT+VINA+CO.,LTD+BAC+NINH+Vietnam"
"KCTC VIETNAM HA NOI Co.,Ltd","https://www.google.com/maps/search/KCTC+VIETNAM+HA+NOI+Co.,Ltd+HA+NOI+Vietnam"
KD SPORTS COMPANY LIMITED,https://www.google.com/maps/search/KD+SPORTS+COMPANY+LIMITED+BAC+GIANG+Vietnam
"KD&C CORPORATION CO., LTD","https://www.google.com/maps/search/KD&C+CORPORATION+CO.,+LTD+QUANG+NINH+Vietnam"
KDEVINA COMPANY LIMITED,https://www.google.com/maps/search/KDEVINA+COMPANY+LIMITED+HAI+PHONG+Vietnam
"KDV CO.,LTD","https://www.google.com/maps/search/KDV+CO.,LTD+QUANG+NAM+Vietnam"
KEB HANA BANK HA NOI BRANCH,https://www.google.com/maps/search/KEB+HANA+BANK+HA+NOI+BRANCH+HA+NOI+Vietnam
"KEN LOGISTICS Co.,Ltd","https://www.google.com/maps/search/KEN+LOGISTICS+Co.,Ltd+HA+NOI+Vietnam"
KENNAMETAL VIETNAM LLC,https://www.google.com/maps/search/KENNAMETAL+VIETNAM+LLC+HA+NOI+Vietnam
KEO SAN VINA,https://www.google.com/maps/search/KEO+SAN+VINA+HAI+PHONG+Vietnam
"KEOSAN VINA ELECTRONICS CO.,LTD","https://www.google.com/maps/search/KEOSAN+VINA+ELECTRONICS+CO.,LTD+BAC+GIANG+Vietnam"
KEPCO KDN VIETNAM,https://www.google.com/maps/search/KEPCO+KDN+VIETNAM+HA+NOI+Vietnam
KEPCO SOUTHEAST ASIA OFFICE,https://www.google.com/maps/search/KEPCO+SOUTHEAST+ASIA+OFFICE+HA+NOI+Vietnam
"KESAN VIET NAM CO.,LTD","https://www.google.com/maps/search/KESAN+VIET+NAM+CO.,LTD+DA+NANG+Vietnam"
KESCO(KOREA ELECTRICAL SAFETY CORPORATION Representative Office in Hanoi),https://www.google.com/maps/search/KESCO(KOREA+ELECTRICAL+SAFETY+CORPORATION+Representative+Office+in+Hanoi)+HA+NOI+Vietnam
KESCO.E&G,https://www.google.com/maps/search/KESCO.E&G+HA+NOI+Vietnam
KET VIETNAM(KOREA ELECTRIC TERMINAL VIETNAM),https://www.google.com/maps/search/KET+VIETNAM(KOREA+ELECTRIC+TERMINAL+VIETNAM)+THAI+NGUYEN+Vietnam
KEXIM VLC Hanoi Representative Office,https://www.google.com/maps/search/KEXIM+VLC+Hanoi+Representative+Office+HA+NOI+Vietnam
"KEYSTONE CO.,LTD","https://www.google.com/maps/search/KEYSTONE+CO.,LTD+HA+NOI+Vietnam"
KFHI(Korea Food for the Hungry International),https://www.google.com/maps/search/KFHI(Korea+Food+for+the+Hungry+International)+HA+NOI+Vietnam
KFQ VIETNAM,https://www.google.com/maps/search/KFQ+VIETNAM+HA+NOI+Vietnam
KFS VINA,https://www.google.com/maps/search/KFS+VINA+HAI+PHONG+Vietnam
"KG VINA CO.,LTD","https://www.google.com/maps/search/KG+VINA+CO.,LTD+NINH+BINH+Vietnam"
KGL VIETNAM,https://www.google.com/maps/search/KGL+VIETNAM+HA+NOI+Vietnam
KGS ????,https://www.google.com/maps/search/KGS+????+HA+NOI+Vietnam
"KH E&C CO.,LTD","https://www.google.com/maps/search/KH+E&C+CO.,LTD+HA+NOI+Vietnam"
KH VATEC,https://www.google.com/maps/search/KH+VATEC+THAI+NGUYEN+Vietnam
"KHELTEC VINA CO., LTD","https://www.google.com/maps/search/KHELTEC+VINA+CO.,+LTD+THAI+NGUYEN+Vietnam"
KIDO HA NOI,https://www.google.com/maps/search/KIDO+HA+NOI+HUNG+YEN+Vietnam
"KIDO SPORTS VINA Co.,Ltd","https://www.google.com/maps/search/KIDO+SPORTS+VINA+Co.,Ltd+PHU+THO+Vietnam"
KIM VIET HAN,https://www.google.com/maps/search/KIM+VIET+HAN+BAC+NINH+Vietnam
KIM&CHANG,https://www.google.com/maps/search/KIM&CHANG+HO+CHI+MINH+Vietnam
KIMC JSC,https://www.google.com/maps/search/KIMC+JSC+HA+NOI+Vietnam
"KIMHANNAM CO.,LTD","https://www.google.com/maps/search/KIMHANNAM+CO.,LTD+HA+NOI+Vietnam"
KIMS CLINIC & HEALTH CARE,https://www.google.com/maps/search/KIMS+CLINIC+&+HEALTH+CARE+HA+NOI+Vietnam
KIMSUN VINA,https://www.google.com/maps/search/KIMSUN+VINA+HA+NOI+Vietnam
KISHIN VIETNAM,https://www.google.com/maps/search/KISHIN+VIETNAM+BAC+NINH+Vietnam
KiSung Tech Co.Ltd,https://www.google.com/maps/search/KiSung+Tech+Co.Ltd+HUNG+YEN+Vietnam
KITCHEN VINA,https://www.google.com/maps/search/KITCHEN+VINA+HA+NOI+Vietnam
KITECH Vietnam Office,https://www.google.com/maps/search/KITECH+Vietnam+Office+HO+CHI+MINH+Vietnam
"KJ TEC Co.,Ltd","https://www.google.com/maps/search/KJ+TEC+Co.,Ltd+BAC+NINH+Vietnam"
"KJ TECH CO.,LTD","https://www.google.com/maps/search/KJ+TECH+CO.,LTD+BAC+GIANG+Vietnam"
"KJTT CO.,LTD","https://www.google.com/maps/search/KJTT+CO.,LTD+HA+NOI+Vietnam"
KKGLOBAL VIETNAM JSC,https://www.google.com/maps/search/KKGLOBAL+VIETNAM+JSC+HA+NOI+Vietnam
"KM ACT CO.,LTD.","https://www.google.com/maps/search/KM+ACT+CO.,LTD.+BAC+NINH+Vietnam"
KMG VINA,https://www.google.com/maps/search/KMG+VINA+BAC+NINH+Vietnam
"KMW Viet Nam Co., Ltd.","https://www.google.com/maps/search/KMW+Viet+Nam+Co.,+Ltd.+HA+NAM+Vietnam"
KNATECO VIETNAM,https://www.google.com/maps/search/KNATECO+VIETNAM+HA+NOI+Vietnam
KNI E&C,https://www.google.com/maps/search/KNI+E&C+HA+NOI+Vietnam
"KNK VINA CO.,LTD","https://www.google.com/maps/search/KNK+VINA+CO.,LTD+BAC+NINH+Vietnam"
KNL ACCOUNTING & LAW,https://www.google.com/maps/search/KNL+ACCOUNTING+&+LAW+HA+NOI+Vietnam
"KNP Finance Service Co.,Ltd","https://www.google.com/maps/search/KNP+Finance+Service+Co.,Ltd+HA+NOI+Vietnam"
"KNP PRO FINANCE CO.,LTD","https://www.google.com/maps/search/KNP+PRO+FINANCE+CO.,LTD+HA+NOI+Vietnam"
KOAS VIETNAM,https://www.google.com/maps/search/KOAS+VIETNAM+HA+NOI+Vietnam
"KOBELCO COMPRESSORS VIET NAM Co.,Ltd","https://www.google.com/maps/search/KOBELCO+COMPRESSORS+VIET+NAM+Co.,Ltd+HA+NOI+Vietnam"
KOGAS,https://www.google.com/maps/search/KOGAS+HA+NOI+Vietnam
KOICA VIETNAM,https://www.google.com/maps/search/KOICA+VIETNAM+HA+NOI+Vietnam
KOJIS VINA LIMITED COMPANY,https://www.google.com/maps/search/KOJIS+VINA+LIMITED+COMPANY+HAI+PHONG+Vietnam
"KOKWANG INDUSTRY VIETNAM Co.,Ltd","https://www.google.com/maps/search/KOKWANG+INDUSTRY+VIETNAM+Co.,Ltd+HUNG+YEN+Vietnam"
KOLON GLOBAL Corp,https://www.google.com/maps/search/KOLON+GLOBAL+Corp+HA+NOI+Vietnam
"KOMELON VINA CO., LTD","https://www.google.com/maps/search/KOMELON+VINA+CO.,+LTD+HA+NAM+Vietnam"
"KOMES VINA Co.,Ltd","https://www.google.com/maps/search/KOMES+VINA+Co.,Ltd+BAC+NINH+Vietnam"
KOMOS VINA,https://www.google.com/maps/search/KOMOS+VINA+HA+NAM+Vietnam
KONA,https://www.google.com/maps/search/KONA+HA+NOI+Vietnam
"KONA PARTNER CO.,LTD.","https://www.google.com/maps/search/KONA+PARTNER+CO.,LTD.+HA+NOI+Vietnam"
KONET EXPRESS,https://www.google.com/maps/search/KONET+EXPRESS+HA+NOI+Vietnam
KONICA MINOLTA BUSINESS SOLUTIONS VIETNAM COMPANY LIMITED HA NOI BRANCH,https://www.google.com/maps/search/KONICA+MINOLTA+BUSINESS+SOLUTIONS+VIETNAM+COMPANY+LIMITED+HA+NOI+BRANCH+HA+NOI+Vietnam
KOPAC JSC,https://www.google.com/maps/search/KOPAC+JSC+HUNG+YEN+Vietnam
KOPIA VIETNAM,https://www.google.com/maps/search/KOPIA+VIETNAM+HA+NOI+Vietnam
KORCHINA LOGISTICS,https://www.google.com/maps/search/KORCHINA+LOGISTICS+HA+NOI+Vietnam
"KORCHINA TNC VIETNAM CO.,LTD","https://www.google.com/maps/search/KORCHINA+TNC+VIETNAM+CO.,LTD+HA+NOI+Vietnam"
"KOREA - VIETNAM LINKS TRADE CO.,LTD","https://www.google.com/maps/search/KOREA+-+VIETNAM+LINKS+TRADE+CO.,LTD+HA+NOI+Vietnam"
KOREA APPAREL TESTING AND RESEARCH,https://www.google.com/maps/search/KOREA+APPAREL+TESTING+AND+RESEARCH+HA+NOI+Vietnam
KOREA BBQ GOGUBNAM RESTAURANT,https://www.google.com/maps/search/KOREA+BBQ+GOGUBNAM+RESTAURANT+DA+NANG+Vietnam
KOREA CIRCUIT VINA,https://www.google.com/maps/search/KOREA+CIRCUIT+VINA+VINH+PHUC+Vietnam
KOREA CONSTRUCTION,https://www.google.com/maps/search/KOREA+CONSTRUCTION+HA+NOI+Vietnam
Korea Development Bank,https://www.google.com/maps/search/Korea+Development+Bank+HA+NOI+Vietnam
"KOREA HEAT TREATMENT CO.,LTD","https://www.google.com/maps/search/KOREA+HEAT+TREATMENT+CO.,LTD+BAC+NINH+Vietnam"
"KOREA INVESTMENT & DEVELOPMENT CO.,LTD","https://www.google.com/maps/search/KOREA+INVESTMENT+&+DEVELOPMENT+CO.,LTD+DA+NANG+Vietnam"
KOREA METROLOGY SYSTEM VINA COMPANY LIMITED,https://www.google.com/maps/search/KOREA+METROLOGY+SYSTEM+VINA+COMPANY+LIMITED+BAC+NINH+Vietnam
KOREA NONG HYUP RED GINSENG,https://www.google.com/maps/search/KOREA+NONG+HYUP+RED+GINSENG+HA+NOI+Vietnam
"KOREA PLASTIC MART CO.,LTD","https://www.google.com/maps/search/KOREA+PLASTIC+MART+CO.,LTD+HA+NOI+Vietnam"
KOREA REFORM CULTURE FOUNDATION,https://www.google.com/maps/search/KOREA+REFORM+CULTURE+FOUNDATION+KOREA+Vietnam
"KOREA RENTAL VINA Co.,Ltd","https://www.google.com/maps/search/KOREA+RENTAL+VINA+Co.,Ltd+HA+NOI+Vietnam"
"KOREA TECH ENGINEERING CO.,LTED","https://www.google.com/maps/search/KOREA+TECH+ENGINEERING+CO.,LTED+HA+NOI+Vietnam"
KOREA TESTING CERTIFICATION(KTC),https://www.google.com/maps/search/KOREA+TESTING+CERTIFICATION(KTC)+HA+NOI+Vietnam
KOREA TOTAL LOGISTICS VIETNAM,https://www.google.com/maps/search/KOREA+TOTAL+LOGISTICS+VIETNAM+HA+NOI+Vietnam
KOREA TOURISM ORGANIZATION VIETNAM,https://www.google.com/maps/search/KOREA+TOURISM+ORGANIZATION+VIETNAM+HA+NOI+Vietnam
"Koreagift vietnam CO.,LTD","https://www.google.com/maps/search/Koreagift+vietnam+CO.,LTD+HA+NOI+Vietnam"
KOREAN AIR HA NOI OFFICE,https://www.google.com/maps/search/KOREAN+AIR+HA+NOI+OFFICE+HA+NOI+Vietnam
KOREAN AIR VIETNAM,https://www.google.com/maps/search/KOREAN+AIR+VIETNAM+HO+CHI+MINH+Vietnam
KOREAN CULTURAL CENTER,https://www.google.com/maps/search/KOREAN+CULTURAL+CENTER+HA+NOI+Vietnam
KOREAN TECHNOLOGY COMMERCIALIZATION ASSOCIATION,https://www.google.com/maps/search/KOREAN+TECHNOLOGY+COMMERCIALIZATION+ASSOCIATION+NGHE+AN+Vietnam
KORTEK,https://www.google.com/maps/search/KORTEK+HA+NAM+Vietnam
"KOR-VI PACK CO.,LTD","https://www.google.com/maps/search/KOR-VI+PACK+CO.,LTD+PHU+THO+Vietnam"
"KOS HA NOI CO., LTD","https://www.google.com/maps/search/KOS+HA+NOI+CO.,+LTD+HA+NAM+Vietnam"
"KOSCA CONSTRUCTION Co.,Ltd","https://www.google.com/maps/search/KOSCA+CONSTRUCTION+Co.,Ltd+HA+NOI+Vietnam"
KOSME (Korea SMEs and Startups Agency),https://www.google.com/maps/search/KOSME+(Korea+SMEs+and+Startups+Agency)+HA+NOI+Vietnam
"KOSPO(KOREA SOUTHERN POWER CO.,LTD.)","https://www.google.com/maps/search/KOSPO(KOREA+SOUTHERN+POWER+CO.,LTD.)+HA+NOI+Vietnam"
Kostat Vina,https://www.google.com/maps/search/Kostat+Vina+BAC+NINH+Vietnam
KOTITI VN-E&E Branch,https://www.google.com/maps/search/KOTITI+VN-E&E+Branch+HA+NOI+Vietnam
KOTRA SOUTH EAST ASIA & OCEANIA HEAD OFFICE/KOTRA HA NOI,https://www.google.com/maps/search/KOTRA+SOUTH+EAST+ASIA+&+OCEANIA+HEAD+OFFICE/KOTRA+HA+NOI+HA+NOI+Vietnam
"KOVI FA VINA CO.,LTD","https://www.google.com/maps/search/KOVI+FA+VINA+CO.,LTD+BAC+NINH+Vietnam"
KOVIE HAI PHONG HOTEL,https://www.google.com/maps/search/KOVIE+HAI+PHONG+HOTEL+HAI+PHONG+Vietnam
KOVIFA,https://www.google.com/maps/search/KOVIFA+BAC+NINH+Vietnam
"KOVINA ELECON CO.,LTD","https://www.google.com/maps/search/KOVINA+ELECON+CO.,LTD+HA+NOI+Vietnam"
KOVINA INVESTMENT TRADING SERVICES JSC,https://www.google.com/maps/search/KOVINA+INVESTMENT+TRADING+SERVICES+JSC+HA+NOI+Vietnam
KOVIT VIETNAM JSC,https://www.google.com/maps/search/KOVIT+VIETNAM+JSC+HA+NOI+Vietnam
"KP ENGINEERING & CONSTRUC TION Co.,Ltd / KOREA PANEL","https://www.google.com/maps/search/KP+ENGINEERING+&+CONSTRUC+TION+Co.,Ltd+/+KOREA+PANEL+BAC+NINH+Vietnam"
"KPC Co.,Ltd","https://www.google.com/maps/search/KPC+Co.,Ltd+PHU+THO+Vietnam"
KPE VINA COMPANY LIMITED,https://www.google.com/maps/search/KPE+VINA+COMPANY+LIMITED+THAI+NGUYEN+Vietnam
"KPEG VIET NAM CO., LTD","https://www.google.com/maps/search/KPEG+VIET+NAM+CO.,+LTD+HA+NOI+Vietnam"
KPF VINA,https://www.google.com/maps/search/KPF+VINA+HAI+DUONG+Vietnam
KPM TECH VINA,https://www.google.com/maps/search/KPM+TECH+VINA+HA+NOI+Vietnam
KPMG LIMITED,https://www.google.com/maps/search/KPMG+LIMITED+HA+NOI+Vietnam
KPMG LIMITED,https://www.google.com/maps/search/KPMG+LIMITED+HA+NOI+Vietnam
KPTU VINA,https://www.google.com/maps/search/KPTU+VINA+THAI+NGUYEN+Vietnam
"KR EMS VIETNAM Co.,Ltd","https://www.google.com/maps/search/KR+EMS+VIETNAM+Co.,Ltd+HAI+PHONG+Vietnam"
"KR VINA CO.,LTD.","https://www.google.com/maps/search/KR+VINA+CO.,LTD.+HA+NOI+Vietnam"
KS Tech.,https://www.google.com/maps/search/KS+Tech.+PHU+THO+Vietnam
KSA POLYMER HA NOI JSC,https://www.google.com/maps/search/KSA+POLYMER+HA+NOI+JSC+PHU+THO+Vietnam
KSC SPINDLE VINA COMPANY LIMITED,https://www.google.com/maps/search/KSC+SPINDLE+VINA+COMPANY+LIMITED+BAC+NINH+Vietnam
KSD VINA,https://www.google.com/maps/search/KSD+VINA+THAI+NGUYEN+Vietnam
"KSG VINA Co.,Ltd","https://www.google.com/maps/search/KSG+VINA+Co.,Ltd+HA+NOI+Vietnam"
"KST VINA CO.,LTD","https://www.google.com/maps/search/KST+VINA+CO.,LTD+BAC+NINH+Vietnam"
"KT HEALTHCARE VINA CO., LTD","https://www.google.com/maps/search/KT+HEALTHCARE+VINA+CO.,+LTD+HA+NOI+Vietnam"
K-Tarp,https://www.google.com/maps/search/K-Tarp+PHU+THO+Vietnam
"KTC ELECTRONICS VIETNAM CO.,LTD","https://www.google.com/maps/search/KTC+ELECTRONICS+VIETNAM+CO.,LTD+BAC+NINH+Vietnam"
"KTECH VIETNAM TECHNICAL CO.,LTD","https://www.google.com/maps/search/KTECH+VIETNAM+TECHNICAL+CO.,LTD+HA+NOI+Vietnam"
"K-TECH VINA CO.,LTD","https://www.google.com/maps/search/K-TECH+VINA+CO.,LTD+BAC+NINH+Vietnam"
KTI E&C,https://www.google.com/maps/search/KTI+E&C+HA+NOI+Vietnam
"KTM VIET NAM CO.,LTD","https://www.google.com/maps/search/KTM+VIET+NAM+CO.,LTD+BAC+NINH+Vietnam"
K-TOUR,https://www.google.com/maps/search/K-TOUR+HA+NOI+Vietnam
KTR VIETNAM OFFICE,https://www.google.com/maps/search/KTR+VIETNAM+OFFICE+HA+NOI+Vietnam
KU GTEP,https://www.google.com/maps/search/KU+GTEP+HA+NOI+Vietnam
KUKBO DESIGN / KUKBO VINA,https://www.google.com/maps/search/KUKBO+DESIGN+/+KUKBO+VINA+HA+NOI+Vietnam
"KUKDONG LOGISTICS CO.,LTD","https://www.google.com/maps/search/KUKDONG+LOGISTICS+CO.,LTD+HA+NOI+Vietnam"
"KUKJAE INDUSTRIES VIETNAM Co.,Ltd","https://www.google.com/maps/search/KUKJAE+INDUSTRIES+VIETNAM+Co.,Ltd+HA+NOI+Vietnam"
KUM YOUNG E&C,https://www.google.com/maps/search/KUM+YOUNG+E&C+HA+NOI+Vietnam
"KUMGA ENGINEERING TECHNOLOGY SERVICE Co.,Ltd","https://www.google.com/maps/search/KUMGA+ENGINEERING+TECHNOLOGY+SERVICE+Co.,Ltd+HA+NOI+Vietnam"
Kumho Samco Buslines,https://www.google.com/maps/search/Kumho+Samco+Buslines+HA+NOI+Vietnam
KUMHO VIET THANH,https://www.google.com/maps/search/KUMHO+VIET+THANH+HA+NOI+Vietnam
"KUMKANG ENERTECH VINA CO.,LTD","https://www.google.com/maps/search/KUMKANG+ENERTECH+VINA+CO.,LTD+HA+NOI+Vietnam"
"KUMNAM PRINT CO.,LTD","https://www.google.com/maps/search/KUMNAM+PRINT+CO.,LTD+VINH+PHUC+Vietnam"
"KUNHWA ENGINEERING & CONSULTING Co.,Ltd","https://www.google.com/maps/search/KUNHWA+ENGINEERING+&+CONSULTING+Co.,Ltd+HA+NOI+Vietnam"
"KUNYOUNG MATERIALS VINA CO.,LTD","https://www.google.com/maps/search/KUNYOUNG+MATERIALS+VINA+CO.,LTD+BAC+NINH+Vietnam"
"KURITA-GK VIETNAM CO., LTD","https://www.google.com/maps/search/KURITA-GK+VIETNAM+CO.,+LTD+HA+NOI+Vietnam"
KV TECH COMPANY LIMITED,https://www.google.com/maps/search/KV+TECH+COMPANY+LIMITED+BAC+NINH+Vietnam
KV VENDING,https://www.google.com/maps/search/KV+VENDING+BAC+NINH+Vietnam
KVC LOGISTICS & TRADING,https://www.google.com/maps/search/KVC+LOGISTICS+&+TRADING+HA+NOI+Vietnam
KVC VIET NAM JSC,https://www.google.com/maps/search/KVC+VIET+NAM+JSC+HA+NOI+Vietnam
"K-VIN STAR CO.,JSC","https://www.google.com/maps/search/K-VIN+STAR+CO.,JSC+HA+NOI+Vietnam"
KVISION TOURS,https://www.google.com/maps/search/KVISION+TOURS+HA+NOI+Vietnam
KWAN EUM TECH VINA,https://www.google.com/maps/search/KWAN+EUM+TECH+VINA+BAC+NINH+Vietnam
"KWANG DONG VINA CO.,LTD","https://www.google.com/maps/search/KWANG+DONG+VINA+CO.,LTD+DA+NANG+Vietnam"
"KWANG SEONG PUNGRYUK VINA CO.,LTD","https://www.google.com/maps/search/KWANG+SEONG+PUNGRYUK+VINA+CO.,LTD+VINH+PHUC+Vietnam"
KWANGJIN VIETNAM,https://www.google.com/maps/search/KWANGJIN+VIETNAM+HUNG+YEN+Vietnam
KWANGJU BANK,https://www.google.com/maps/search/KWANGJU+BANK+HA+NOI+Vietnam
K-WATER,https://www.google.com/maps/search/K-WATER+HA+NOI+Vietnam
K-WON VINA,https://www.google.com/maps/search/K-WON+VINA+BAC+NINH+Vietnam
"KYEONG DONG CO.,LTD","https://www.google.com/maps/search/KYEONG+DONG+CO.,LTD+BAC+NINH+Vietnam"
"kyeong Jin Harness Vina Co.,LTD","https://www.google.com/maps/search/kyeong+Jin+Harness+Vina+Co.,LTD+HA+NAM+Vietnam"
KYOCERA AVX Components (Bac Giang) Company Limited,https://www.google.com/maps/search/KYOCERA+AVX+Components+(Bac+Giang)+Company+Limited+BAC+GIANG+Vietnam
KYOUNG WON HM VIETNAM COMPANY LIMITED,https://www.google.com/maps/search/KYOUNG+WON+HM+VIETNAM+COMPANY+LIMITED+PHU+THO+Vietnam
"KYUNG SUN INDUSTRIAL CO.,LTD","https://www.google.com/maps/search/KYUNG+SUN+INDUSTRIAL+CO.,LTD+HA+NOI+Vietnam"
KYUNGIL OPTICS,https://www.google.com/maps/search/KYUNGIL+OPTICS+VINH+PHUC+Vietnam
KYUNGNAM CHEMICAL VINA,https://www.google.com/maps/search/KYUNGNAM+CHEMICAL+VINA+HAI+PHONG+Vietnam
"L&PK CONSULTING, ACCOUNTING COMPANY","https://www.google.com/maps/search/L&PK+CONSULTING,+ACCOUNTING+COMPANY+HA+NOI+Vietnam"
L’OR PREMIUM OUTLET,https://www.google.com/maps/search/L’OR+PREMIUM+OUTLET+HA+NOI+Vietnam
LAFIEN VINA,https://www.google.com/maps/search/LAFIEN+VINA+DA+NANG+Vietnam
"LAGUNA BEACH CO.,LTD","https://www.google.com/maps/search/LAGUNA+BEACH+CO.,LTD+HA+NOI+Vietnam"
LAGUNA LANGCO,https://www.google.com/maps/search/LAGUNA+LANGCO+HUE+Vietnam
Law2B LLC,https://www.google.com/maps/search/Law2B+LLC+HA+NOI+Vietnam
"LCT Co.,Ltd","https://www.google.com/maps/search/LCT+Co.,Ltd+BAC+NINH+Vietnam"
LDK VINA,https://www.google.com/maps/search/LDK+VINA+HA+NOI+Vietnam
LE BAO MINH HA NOI BRANCH,https://www.google.com/maps/search/LE+BAO+MINH+HA+NOI+BRANCH+HA+NOI+Vietnam
LED PRO VKO,https://www.google.com/maps/search/LED+PRO+VKO+HA+NOI+Vietnam
Lee & Ko Vietnam LLC (Hanoi Office),https://www.google.com/maps/search/Lee+&+Ko+Vietnam+LLC+(Hanoi+Office)+HA+NOI+Vietnam
LEEHO VINA,https://www.google.com/maps/search/LEEHO+VINA+PHU+THO+Vietnam
"LEETECH (VIETNAM) CO.,LTD","https://www.google.com/maps/search/LEETECH+(VIETNAM)+CO.,LTD+HA+NAM+Vietnam"
"LEGEND HEROES VN CO., LTD","https://www.google.com/maps/search/LEGEND+HEROES+VN+CO.,+LTD+HA+NOI+Vietnam"
LEO ELECTRONICS (VIETNAM) LTD,https://www.google.com/maps/search/LEO+ELECTRONICS+(VIETNAM)+LTD+HAI+DUONG+Vietnam
LEO JINS,https://www.google.com/maps/search/LEO+JINS+HA+NAM+Vietnam
"LF DA NANG CO.,LTD","https://www.google.com/maps/search/LF+DA+NANG+CO.,LTD+DA+NANG+Vietnam"
LFD VINA,https://www.google.com/maps/search/LFD+VINA+HA+NOI+Vietnam
"LG CHEM HAI PHONG VIETNAM CO.,LTD","https://www.google.com/maps/search/LG+CHEM+HAI+PHONG+VIETNAM+CO.,LTD+HAI+PHONG+Vietnam"
LG DISPLAY VIETNAM,https://www.google.com/maps/search/LG+DISPLAY+VIETNAM+HAI+PHONG+Vietnam
LG ELECTRONICS VIETNAM,https://www.google.com/maps/search/LG+ELECTRONICS+VIETNAM+HA+NOI+Vietnam
"LG ELECTRONICS VIETNAM HAI PHONG CO.,LTD","https://www.google.com/maps/search/LG+ELECTRONICS+VIETNAM+HAI+PHONG+CO.,LTD+HAI+PHONG+Vietnam"
LG Innotek Vietnam,https://www.google.com/maps/search/LG+Innotek+Vietnam+HAI+PHONG+Vietnam
"LG VINA COSMETICS CO.,LTD","https://www.google.com/maps/search/LG+VINA+COSMETICS+CO.,LTD+HAI+PHONG+Vietnam"
LI TONG GROUP,https://www.google.com/maps/search/LI+TONG+GROUP+HA+NOI+Vietnam
"LIAAN VINA CO.,LTD","https://www.google.com/maps/search/LIAAN+VINA+CO.,LTD+HA+NAM+Vietnam"
LIAN TECH,https://www.google.com/maps/search/LIAN+TECH+BAC+GIANG+Vietnam
LIFE BRIDGE VIETNAM,https://www.google.com/maps/search/LIFE+BRIDGE+VIETNAM+HUNG+YEN+Vietnam
"Life Plaza Co., Ltd","https://www.google.com/maps/search/Life+Plaza+Co.,+Ltd+HA+NOI+Vietnam"
"LIFTEC VIETNAM CO.,LTD","https://www.google.com/maps/search/LIFTEC+VIETNAM+CO.,LTD+HA+NOI+Vietnam"
Lilymag Flower & Garden Vietnam,https://www.google.com/maps/search/Lilymag+Flower+&+Garden+Vietnam+HA+NOI+Vietnam
Linea Aqua Vietnam (PVT) LTD,https://www.google.com/maps/search/Linea+Aqua+Vietnam+(PVT)+LTD+HUNG+YEN+Vietnam
"LISAL VINACO.,LTD","https://www.google.com/maps/search/LISAL+VINACO.,LTD+HA+NAM+Vietnam"
LISTONE E&C,https://www.google.com/maps/search/LISTONE+E&C+HA+NOI+Vietnam
LIVE AGAIN VIETNAM,https://www.google.com/maps/search/LIVE+AGAIN+VIETNAM+HA+NOI+Vietnam
LIWU LAW FIRM VIETNAM,https://www.google.com/maps/search/LIWU+LAW+FIRM+VIETNAM+HA+NOI+Vietnam
LK Vietnam,https://www.google.com/maps/search/LK+Vietnam+HA+NOI+Vietnam
LKT VINA,https://www.google.com/maps/search/LKT+VINA+HAI+PHONG+Vietnam
LMS VINA,https://www.google.com/maps/search/LMS+VINA+HAI+DUONG+Vietnam
LOCK & LOCK HN,https://www.google.com/maps/search/LOCK+&+LOCK+HN+HA+NOI+Vietnam
LOGISVALLEY HTNS LIMITED COMPANY,https://www.google.com/maps/search/LOGISVALLEY+HTNS+LIMITED+COMPANY+HAI+PHONG+Vietnam
LOGOS Law LLC,https://www.google.com/maps/search/LOGOS+Law+LLC+HA+NOI+Vietnam
LONG BIEN INVESTMENT Corp,https://www.google.com/maps/search/LONG+BIEN+INVESTMENT+Corp+HO+CHI+MINH+Vietnam
"LOTTE ENGINEERING & CONSTRUCTION VIETNAM Co.,Ltd","https://www.google.com/maps/search/LOTTE+ENGINEERING+&+CONSTRUCTION+VIETNAM+Co.,Ltd+HA+NOI+Vietnam"
LOTTE FINANCE,https://www.google.com/maps/search/LOTTE+FINANCE+HA+NOI+Vietnam
LOTTE PHU KHANH DUTY FREE TRADING COMPANY LIMITED,https://www.google.com/maps/search/LOTTE+PHU+KHANH+DUTY+FREE+TRADING+COMPANY+LIMITED+HA+NOI+Vietnam
"LOTTE RENTAL(VIETNAM) CO., LTD","https://www.google.com/maps/search/LOTTE+RENTAL(VIETNAM)+CO.,+LTD+HO+CHI+MINH+Vietnam"
"LOTTECINEMA VIETNAM CO.,LTD","https://www.google.com/maps/search/LOTTECINEMA+VIETNAM+CO.,LTD+HAI+PHONG+Vietnam"
LS ELECTRIC VIETNAM,https://www.google.com/maps/search/LS+ELECTRIC+VIETNAM+HA+NOI+Vietnam
"LS EV CO.,LTD","https://www.google.com/maps/search/LS+EV+CO.,LTD+BAC+NINH+Vietnam"
LS METAL VINA,https://www.google.com/maps/search/LS+METAL+VINA+HAI+PHONG+Vietnam
LS MTRON,https://www.google.com/maps/search/LS+MTRON+HA+NOI+Vietnam
LS VINA CABLE&SYSTEM,https://www.google.com/maps/search/LS+VINA+CABLE&SYSTEM+HAI+PHONG+Vietnam
"LSCOM VINA CO.,LTD","https://www.google.com/maps/search/LSCOM+VINA+CO.,LTD+VINH+PHUC+Vietnam"
"LUCKY ST VINA CO.,LTD","https://www.google.com/maps/search/LUCKY+ST+VINA+CO.,LTD+HUNG+YEN+Vietnam"
LUONG DIEN ELECTRONIC VIETNAM,https://www.google.com/maps/search/LUONG+DIEN+ELECTRONIC+VIETNAM+HA+NOI+Vietnam
LX International Hanoi Representative Office,https://www.google.com/maps/search/LX+International+Hanoi+Representative+Office+HA+NOI+Vietnam
"M AND K VINA CO.,LTD","https://www.google.com/maps/search/M+AND+K+VINA+CO.,LTD+BAC+NINH+Vietnam"
"M&C ELECTRONICS VINA CO.,LTD","https://www.google.com/maps/search/M&C+ELECTRONICS+VINA+CO.,LTD+BAC+NINH+Vietnam"
M&S SOLUTIONS,https://www.google.com/maps/search/M&S+SOLUTIONS+HAI+PHONG+Vietnam
M2B E&C,https://www.google.com/maps/search/M2B+E&C+HA+NOI+Vietnam
"MAKITECH CO.,LTD","https://www.google.com/maps/search/MAKITECH+CO.,LTD+QUANG+NAM+Vietnam"
Manpower Group,https://www.google.com/maps/search/Manpower+Group+HA+NOI+Vietnam
"MANSEON GLOBAL GARMENT CO.,LTD","https://www.google.com/maps/search/MANSEON+GLOBAL+GARMENT+CO.,LTD+THANH+HOA+Vietnam"
"MAPAL HITECO Vietnam CO., Ltd","https://www.google.com/maps/search/MAPAL+HITECO+Vietnam+CO.,+Ltd+HA+NOI+Vietnam"
MARITIME COMMERCIAL JOINT STOCK BANK (MSB),https://www.google.com/maps/search/MARITIME+COMMERCIAL+JOINT+STOCK+BANK+(MSB)+HA+NOI+Vietnam
"MARPOSS VIETNAM CO.,LTD","https://www.google.com/maps/search/MARPOSS+VIETNAM+CO.,LTD+HA+NOI+Vietnam"
MARSH & MCLENNAN COMPANIES,https://www.google.com/maps/search/MARSH+&+MCLENNAN+COMPANIES+HA+NOI+Vietnam
MARU VIETNAM COMPANY LIMITED,https://www.google.com/maps/search/MARU+VIETNAM+COMPANY+LIMITED+HA+NOI+Vietnam
"MASS C&G Co., Ltd","https://www.google.com/maps/search/MASS+C&G+Co.,+Ltd+HA+NOI+Vietnam"
"MASSLAM VINA CO.,LTD","https://www.google.com/maps/search/MASSLAM+VINA+CO.,LTD+BAC+NINH+Vietnam"
"MASTER VINA Co.,Ltd","https://www.google.com/maps/search/MASTER+VINA+Co.,Ltd+NINH+BINH+Vietnam"
"MAT BAO BPO., JSC","https://www.google.com/maps/search/MAT+BAO+BPO.,+JSC+HA+NOI+Vietnam"
MAX INTERNATIONAL INC,https://www.google.com/maps/search/MAX+INTERNATIONAL+INC+KOREA+Vietnam
"MAX PLANNING CO.,LTD","https://www.google.com/maps/search/MAX+PLANNING+CO.,LTD+HA+NOI+Vietnam"
"MAXCORE CO.,LTD","https://www.google.com/maps/search/MAXCORE+CO.,LTD+HA+NOI+Vietnam"
MAXNETWORK VINA COMPANY LIMITED,https://www.google.com/maps/search/MAXNETWORK+VINA+COMPANY+LIMITED+HAI+PHONG+Vietnam
MAXPEED VIETNAM,https://www.google.com/maps/search/MAXPEED+VIETNAM+HA+NOI+Vietnam
MAXPEED VINA,https://www.google.com/maps/search/MAXPEED+VINA+HAI+PHONG+Vietnam
MAY YEN THE,https://www.google.com/maps/search/MAY+YEN+THE+BAC+GIANG+Vietnam
"MBI Co.,Ltd","https://www.google.com/maps/search/MBI+Co.,Ltd+KOREA+Vietnam"
"MBI MOTORS Co.,Ltd","https://www.google.com/maps/search/MBI+MOTORS+Co.,Ltd+HA+NOI+Vietnam"
"MBICO VINA Co.,Ltd","https://www.google.com/maps/search/MBICO+VINA+Co.,Ltd+THAI+NGUYEN+Vietnam"
"MCNEX VINA CO.,LTD","https://www.google.com/maps/search/MCNEX+VINA+CO.,LTD+NINH+BINH+Vietnam"
"MCSP VINA CO.,LTD","https://www.google.com/maps/search/MCSP+VINA+CO.,LTD+THAI+NGUYEN+Vietnam"
MDA E&C,https://www.google.com/maps/search/MDA+E&C+HA+NOI+Vietnam
MECTECH VINA COMPANY LIMITED,https://www.google.com/maps/search/MECTECH+VINA+COMPANY+LIMITED+PHU+THO+Vietnam
Mega Technology & Solution Vietnam,https://www.google.com/maps/search/Mega+Technology+&+Solution+Vietnam+BAC+NINH+Vietnam
MEKONG LIMITED LIABILITY COMPANY,https://www.google.com/maps/search/MEKONG+LIMITED+LIABILITY+COMPANY+HA+NOI+Vietnam
MELFAS VINA COMPANY LIMITED,https://www.google.com/maps/search/MELFAS+VINA+COMPANY+LIMITED+THAI+NGUYEN+Vietnam
MELIA HA NOI HOTEL,https://www.google.com/maps/search/MELIA+HA+NOI+HOTEL+HA+NOI+Vietnam
MENATURE OUTDOOR VIETNAM LTD,https://www.google.com/maps/search/MENATURE+OUTDOOR+VIETNAM+LTD+HA+NAM+Vietnam
MEOK SSAM KOREAN KITCHEN,https://www.google.com/maps/search/MEOK+SSAM+KOREAN+KITCHEN+DA+NANG+Vietnam
Mercure Hai Phong,https://www.google.com/maps/search/Mercure+Hai+Phong+HAI+PHONG+Vietnam
Messer Hai Phong Industrial Gases,https://www.google.com/maps/search/Messer+Hai+Phong+Industrial+Gases+HA+NOI+Vietnam
META DESIGN,https://www.google.com/maps/search/META+DESIGN+HA+NOI+Vietnam
MG-TRADE VINA COMPANY LIMITED,https://www.google.com/maps/search/MG-TRADE+VINA+COMPANY+LIMITED+DA+NANG+Vietnam
MICHANG VIETNAM,https://www.google.com/maps/search/MICHANG+VIETNAM+HAI+PHONG+Vietnam
"MICO TECH VIETNAM Co.,Ltd","https://www.google.com/maps/search/MICO+TECH+VIETNAM+Co.,Ltd+HA+NAM+Vietnam"
"MIDO CHEMICAL VINA CO.,LTD","https://www.google.com/maps/search/MIDO+CHEMICAL+VINA+CO.,LTD+BAC+NINH+Vietnam"
"MIDO-VINA CO.,LTD","https://www.google.com/maps/search/MIDO-VINA+CO.,LTD+THAI+BINH+Vietnam"
MIGHTYGEN VN,https://www.google.com/maps/search/MIGHTYGEN+VN+HA+NOI+Vietnam
MILTON JOINT STOCK COMPANY,https://www.google.com/maps/search/MILTON+JOINT+STOCK+COMPANY+PHU+QUOC+Vietnam
"MING SHIN (Viet Nam) Co.,Ltd","https://www.google.com/maps/search/MING+SHIN+(Viet+Nam)+Co.,Ltd+HUNG+YEN+Vietnam"
"MINH DAI Co.,Ltd","https://www.google.com/maps/search/MINH+DAI+Co.,Ltd+BAC+NINH+Vietnam"
"MINJAE FASHION Co.,Ltd","https://www.google.com/maps/search/MINJAE+FASHION+Co.,Ltd+HA+NAM+Vietnam"
MIR TECH COMPANY LIMITED,https://www.google.com/maps/search/MIR+TECH+COMPANY+LIMITED+DA+NANG+Vietnam
"MIRAE AIR COND.PLANT VINA CO.,LTD","https://www.google.com/maps/search/MIRAE+AIR+COND.PLANT+VINA+CO.,LTD+HA+NOI+Vietnam"
"MIRAE CONSTRUCTION CO.,LTD","https://www.google.com/maps/search/MIRAE+CONSTRUCTION+CO.,LTD+HA+NOI+Vietnam"
"MIRAE EIC VIETNAM CO.,LTD","https://www.google.com/maps/search/MIRAE+EIC+VIETNAM+CO.,LTD+BAC+NINH+Vietnam"
MIRAE FIBER JSC,https://www.google.com/maps/search/MIRAE+FIBER+JSC+HUNG+YEN+Vietnam
MIRAE HIGHTECH VINA COMPANY LIMITED,https://www.google.com/maps/search/MIRAE+HIGHTECH+VINA+COMPANY+LIMITED+BAC+NINH+Vietnam
MIRAE SOONGWON VINA COMPANY LIMITED,https://www.google.com/maps/search/MIRAE+SOONGWON+VINA+COMPANY+LIMITED+PHU+THO+Vietnam
MIRAE VINA,https://www.google.com/maps/search/MIRAE+VINA+HAI+PHONG+Vietnam
MIRAE VINA MACHINE ELECTRONIC LIMITED COMPANY,https://www.google.com/maps/search/MIRAE+VINA+MACHINE+ELECTRONIC+LIMITED+COMPANY+HAI+PHONG+Vietnam
"MIRAE-BAC CO.,TLD","https://www.google.com/maps/search/MIRAE-BAC+CO.,TLD+HA+NOI+Vietnam"
"MIRETECH VIET NAM CO., LTD","https://www.google.com/maps/search/MIRETECH+VIET+NAM+CO.,+LTD+HA+NAM+Vietnam"
MIRINE,https://www.google.com/maps/search/MIRINE+HA+NOI+Vietnam
"MISO CO.,LTD","https://www.google.com/maps/search/MISO+CO.,LTD+HA+NOI+Vietnam"
MISUMI VIETNAM,https://www.google.com/maps/search/MISUMI+VIETNAM+BAC+NINH+Vietnam
MIT CONSTRUCTION,https://www.google.com/maps/search/MIT+CONSTRUCTION+HA+NOI+Vietnam
"MIT FUSION EXPRESS Co.,Ltd","https://www.google.com/maps/search/MIT+FUSION+EXPRESS+Co.,Ltd+HA+NOI+Vietnam"
Mitsubishi Materials Trading Corp. Hanoi office,https://www.google.com/maps/search/Mitsubishi+Materials+Trading+Corp.+Hanoi+office+HA+NOI+Vietnam
"MIWON VIETNAM CO., LTD.","https://www.google.com/maps/search/MIWON+VIETNAM+CO.,+LTD.+HA+NOI+Vietnam"
"MJ ART GROUP CO.,LTD","https://www.google.com/maps/search/MJ+ART+GROUP+CO.,LTD+DA+NANG+Vietnam"
MK METAL VINA,https://www.google.com/maps/search/MK+METAL+VINA+BAC+GIANG+Vietnam
"MK NOAH VINA CO., LTD","https://www.google.com/maps/search/MK+NOAH+VINA+CO.,+LTD+PHU+THO+Vietnam"
MK TECH VINA COMPANY LIMITED,https://www.google.com/maps/search/MK+TECH+VINA+COMPANY+LIMITED+HAI+PHONG+Vietnam
"MMT VINA Co., Ltd.","https://www.google.com/maps/search/MMT+VINA+Co.,+Ltd.+BAC+NINH+Vietnam"
MNK VIETNAM,https://www.google.com/maps/search/MNK+VIETNAM+HA+NOI+Vietnam
"MOBASE VIETNAM CO.,LTD","https://www.google.com/maps/search/MOBASE+VIETNAM+CO.,LTD+BAC+NINH+Vietnam"
"MODA CO.,LTD","https://www.google.com/maps/search/MODA+CO.,LTD+DA+NANG+Vietnam"
MODERN SYSTEM VN,https://www.google.com/maps/search/MODERN+SYSTEM+VN+BAC+NINH+Vietnam
MODOO TECH,https://www.google.com/maps/search/MODOO+TECH+HAI+PHONG+Vietnam
MOLDPIA,https://www.google.com/maps/search/MOLDPIA+HA+NOI+Vietnam
MOOLSO E&C,https://www.google.com/maps/search/MOOLSO+E&C+HA+NOI+Vietnam
"MOON CHANG VINA CO.,LTD","https://www.google.com/maps/search/MOON+CHANG+VINA+CO.,LTD+QUANG+NAM+Vietnam"
MOTREX VIETNAM,https://www.google.com/maps/search/MOTREX+VIETNAM+HA+NOI+Vietnam
"MPD VINA CO., LTD","https://www.google.com/maps/search/MPD+VINA+CO.,+LTD+HA+NAM+Vietnam"
MR. DAKGALBI AEON MALL HAI PHONG,https://www.google.com/maps/search/MR.+DAKGALBI+AEON+MALL+HAI+PHONG+HAI+PHONG+Vietnam
MR.MONKEY TOOL VIET NAM COMPANY LIMITED,https://www.google.com/maps/search/MR.MONKEY+TOOL+VIET+NAM+COMPANY+LIMITED+THAI+NGUYEN+Vietnam
"MRO TRADE & SERVICE Co.,Ltd","https://www.google.com/maps/search/MRO+TRADE+&+SERVICE+Co.,Ltd+HA+NOI+Vietnam"
"MRP VINA CO.,LTD","https://www.google.com/maps/search/MRP+VINA+CO.,LTD+BAC+GIANG+Vietnam"
"MS COSMO CO.,LTD.","https://www.google.com/maps/search/MS+COSMO+CO.,LTD.+HUNG+YEN+Vietnam"
"MSA VN CO.,LTD","https://www.google.com/maps/search/MSA+VN+CO.,LTD+HA+NOI+Vietnam"
"MSA YB Co.,Ltd.","https://www.google.com/maps/search/MSA+YB+Co.,Ltd.+TUYEN+QUANG+Vietnam"
"MSK VINA CO.,LTD","https://www.google.com/maps/search/MSK+VINA+CO.,LTD+HUNG+YEN+Vietnam"
MTL VIETNAM COMPANY LIMITED,https://www.google.com/maps/search/MTL+VIETNAM+COMPANY+LIMITED+HA+NOI+Vietnam
MTV DAMOA VINA COMPANY LIMITED,https://www.google.com/maps/search/MTV+DAMOA+VINA+COMPANY+LIMITED+BAC+NINH+Vietnam
MTV SUNNY BREAD CAFE COMPANY LIMITED,https://www.google.com/maps/search/MTV+SUNNY+BREAD+CAFE+COMPANY+LIMITED+DA+NANG+Vietnam
MXN VINA COMPANY LIMITED,https://www.google.com/maps/search/MXN+VINA+COMPANY+LIMITED+BAC+NINH+Vietnam
MYDA CONSTRUCTION,https://www.google.com/maps/search/MYDA+CONSTRUCTION+HA+NOI+Vietnam
MYEONGSUNG VINA COMPANY LIMITED,https://www.google.com/maps/search/MYEONGSUNG+VINA+COMPANY+LIMITED+PHU+THO+Vietnam
MYONGSHIN TECH VINA,https://www.google.com/maps/search/MYONGSHIN+TECH+VINA+HAI+DUONG+Vietnam
"MYOSUNG TRADING CO.,LTD","https://www.google.com/maps/search/MYOSUNG+TRADING+CO.,LTD+HA+NOI+Vietnam"
"MYUNGBO VINA CO.,LTD","https://www.google.com/maps/search/MYUNGBO+VINA+CO.,LTD+BAC+GIANG+Vietnam"
MYUNGJIN ELECTRONIC VINA,https://www.google.com/maps/search/MYUNGJIN+ELECTRONIC+VINA+THAI+NGUYEN+Vietnam
"MYUNGSUNG HA NOI CO., LTD","https://www.google.com/maps/search/MYUNGSUNG+HA+NOI+CO.,+LTD+HA+NAM+Vietnam"
N.A.C.F.(National Agricultural Cooperative Federation),https://www.google.com/maps/search/N.A.C.F.(National+Agricultural+Cooperative+Federation)+HA+NOI+Vietnam
"N.I.VINA CO.,LTD","https://www.google.com/maps/search/N.I.VINA+CO.,LTD+HA+NOI+Vietnam"
NAGASE VIETNAM,https://www.google.com/maps/search/NAGASE+VIETNAM+HA+NOI+Vietnam
"NAKWON CO.,LTD","https://www.google.com/maps/search/NAKWON+CO.,LTD+HA+NOI+Vietnam"
NAM A BANK,https://www.google.com/maps/search/NAM+A+BANK+HA+NOI+Vietnam
Nam Binh Xuyen Green Park,https://www.google.com/maps/search/Nam+Binh+Xuyen+Green+Park+VINH+PHUC+Vietnam
"NAM KANG PHU THO Co.,Ltd","https://www.google.com/maps/search/NAM+KANG+PHU+THO+Co.,Ltd+PHU+THO+Vietnam"
"NAM LEE Co.,Ltd","https://www.google.com/maps/search/NAM+LEE+Co.,Ltd+HAI+DUONG+Vietnam"
"NAM SUNG VINA CO.,LTD","https://www.google.com/maps/search/NAM+SUNG+VINA+CO.,LTD+NGHE+AN+Vietnam"
Nam Yang Global,https://www.google.com/maps/search/Nam+Yang+Global+HA+NOI+Vietnam
Nami Energy,https://www.google.com/maps/search/Nami+Energy+HO+CHI+MINH+Vietnam
NAMUGA,https://www.google.com/maps/search/NAMUGA+PHU+THO+Vietnam
"NAMYANG INNOTECH VINA CO.,LTD","https://www.google.com/maps/search/NAMYANG+INNOTECH+VINA+CO.,LTD+BAC+NINH+Vietnam"
NAMYANG NEXMO VIETNAM,https://www.google.com/maps/search/NAMYANG+NEXMO+VIETNAM+HAI+PHONG+Vietnam
"NANO CHEM TECH VIETNAM CO.,LTD","https://www.google.com/maps/search/NANO+CHEM+TECH+VIETNAM+CO.,LTD+BAC+NINH+Vietnam"
"NANO TECH CO,.LTD","https://www.google.com/maps/search/NANO+TECH+CO,.LTD+BAC+NINH+Vietnam"
"NANO TECH CO.,LTD","https://www.google.com/maps/search/NANO+TECH+CO.,LTD+BAC+NINH+Vietnam"
NANO TECH VINA,https://www.google.com/maps/search/NANO+TECH+VINA+VINH+PHUC+Vietnam
"NANOSYS VINA CO.,LTD","https://www.google.com/maps/search/NANOSYS+VINA+CO.,LTD+BAC+NINH+Vietnam"
"NATIONAL STATE INDUSTRIES VINA.,LTD","https://www.google.com/maps/search/NATIONAL+STATE+INDUSTRIES+VINA.,LTD+HA+NAM+Vietnam"
"NAUS VINA CO., LTD","https://www.google.com/maps/search/NAUS+VINA+CO.,+LTD+HA+NAM+Vietnam"
"NAWOO PRECISION ELECTRONCIS CO., LTD","https://www.google.com/maps/search/NAWOO+PRECISION+ELECTRONCIS+CO.,+LTD+HA+NOI+Vietnam"
"NAWOO VIET NAM CO.,LTD","https://www.google.com/maps/search/NAWOO+VIET+NAM+CO.,LTD+BAC+NINH+Vietnam"
NBK VN,https://www.google.com/maps/search/NBK+VN+HA+NAM+Vietnam
NC TECH VINA COMPANY LIMITED,https://www.google.com/maps/search/NC+TECH+VINA+COMPANY+LIMITED+HAI+PHONG+Vietnam
"NCC VINA CO.,LTD","https://www.google.com/maps/search/NCC+VINA+CO.,LTD+BAC+GIANG+Vietnam"
NDTC & PARTNERS,https://www.google.com/maps/search/NDTC+&+PARTNERS+HA+NOI+Vietnam
NE,https://www.google.com/maps/search/NE+HUNG+YEN+Vietnam
NEDEC VN,https://www.google.com/maps/search/NEDEC+VN+VINH+PHUC+Vietnam
"NEO GLOBAL DEVELOPMENT COMPANY LIMITED (NEO CO., LTD)","https://www.google.com/maps/search/NEO+GLOBAL+DEVELOPMENT+COMPANY+LIMITED+(NEO+CO.,+LTD)+HA+NAM+Vietnam"
"NETWORK CABLE VIETNAM CO.,LTD","https://www.google.com/maps/search/NETWORK+CABLE+VIETNAM+CO.,LTD+HA+NOI+Vietnam"
New Green World,https://www.google.com/maps/search/New+Green+World+HA+NOI+Vietnam
"NEW WAY LOGISTIC CO.,LTD","https://www.google.com/maps/search/NEW+WAY+LOGISTIC+CO.,LTD+HA+NOI+Vietnam"
"NEWFLEX TECHNOLOGY VINA CO.,LTD","https://www.google.com/maps/search/NEWFLEX+TECHNOLOGY+VINA+CO.,LTD+VINH+PHUC+Vietnam"
NEWLAND DISCOVERY TRAVEL,https://www.google.com/maps/search/NEWLAND+DISCOVERY+TRAVEL+HA+NOI+Vietnam
NEWONE TECH,https://www.google.com/maps/search/NEWONE+TECH+THAI+NGUYEN+Vietnam
Nexcon Vina,https://www.google.com/maps/search/Nexcon+Vina+BAC+NINH+Vietnam
"NEXIA STT CO., LTD","https://www.google.com/maps/search/NEXIA+STT+CO.,+LTD+HA+NOI+Vietnam"
NEXITRANS VN,https://www.google.com/maps/search/NEXITRANS+VN+HAI+PHONG+Vietnam
NEXSTAR VINA COMPANY LIMITED,https://www.google.com/maps/search/NEXSTAR+VINA+COMPANY+LIMITED+PHU+THO+Vietnam
"NEXTEC VINA CO.,LTD","https://www.google.com/maps/search/NEXTEC+VINA+CO.,LTD+BAC+NINH+Vietnam"
"NEXTPLUS VINA CO.,LTD","https://www.google.com/maps/search/NEXTPLUS+VINA+CO.,LTD+HUNG+YEN+Vietnam"
NEXTWAY VIETNAM,https://www.google.com/maps/search/NEXTWAY+VIETNAM+BAC+NINH+Vietnam
NEXUS TECHNOLOGIES & CABLE COMPANY LIMITED,https://www.google.com/maps/search/NEXUS+TECHNOLOGIES+&+CABLE+COMPANY+LIMITED+LAO+CAI+Vietnam
NFT FLEX KOVI COMPANY LIMITED,https://www.google.com/maps/search/NFT+FLEX+KOVI+COMPANY+LIMITED+BAC+NINH+Vietnam
"NGAN HA CO.,LTD","https://www.google.com/maps/search/NGAN+HA+CO.,LTD+HUNG+YEN+Vietnam"
N-GROUP COMPANY LIMITED,https://www.google.com/maps/search/N-GROUP+COMPANY+LIMITED+BAC+NINH+Vietnam
Nguyen Gia Tourist and Aviation services JSC.,https://www.google.com/maps/search/Nguyen+Gia+Tourist+and+Aviation+services+JSC.+HA+NOI+Vietnam
NH SECURITIES VIETNAM,https://www.google.com/maps/search/NH+SECURITIES+VIETNAM+HA+NOI+Vietnam
"NH Trading Co., Ltd.","https://www.google.com/maps/search/NH+Trading+Co.,+Ltd.+HA+NOI+Vietnam"
NHA HANG GA TAN SAM,https://www.google.com/maps/search/NHA+HANG+GA+TAN+SAM+HA+NOI+Vietnam
Nhà hàng H?nh phúc,https://www.google.com/maps/search/Nhà+hàng+H?nh+phúc+HA+NOI+Vietnam
NHAN DUYEN,https://www.google.com/maps/search/NHAN+DUYEN+HA+NOI+Vietnam
NHAT LAM SERVICES & TRADING JSC,https://www.google.com/maps/search/NHAT+LAM+SERVICES+&+TRADING+JSC+HA+NOI+Vietnam
"NHAT LO PHAT 168 CO.,LTD","https://www.google.com/maps/search/NHAT+LO+PHAT+168+CO.,LTD+HA+NOI+Vietnam"
"NHAT TAN PRODUCTION, TRADING & SERVICE CO.,LTD","https://www.google.com/maps/search/NHAT+TAN+PRODUCTION,+TRADING+&+SERVICE+CO.,LTD+HA+NOI+Vietnam"
"NHC INTERNATIONAL CO.,LTD","https://www.google.com/maps/search/NHC+INTERNATIONAL+CO.,LTD+HA+NOI+Vietnam"
NICE Info Vietnam,https://www.google.com/maps/search/NICE+Info+Vietnam+HA+NOI+Vietnam
"NICE LMS VINA CO.,LTD","https://www.google.com/maps/search/NICE+LMS+VINA+CO.,LTD+HAI+DUONG+Vietnam"
NIFLEX VINA,https://www.google.com/maps/search/NIFLEX+VINA+BAC+NINH+Vietnam
"NISHIO RENT ALL VIETNAM CO.,LTD","https://www.google.com/maps/search/NISHIO+RENT+ALL+VIETNAM+CO.,LTD+HA+NOI+Vietnam"
"NISSIN VIETNAM INTERNATIONAL CO.,LTD","https://www.google.com/maps/search/NISSIN+VIETNAM+INTERNATIONAL+CO.,LTD+HA+NOI+Vietnam"
Nitto Denko Tape Materials (Vietnam) Co Ltd,https://www.google.com/maps/search/Nitto+Denko+Tape+Materials+(Vietnam)+Co+Ltd+HA+NOI+Vietnam
"NITTO VIETNAM CO.,LTD","https://www.google.com/maps/search/NITTO+VIETNAM+CO.,LTD+BAC+NINH+Vietnam"
NOBLE MOMENT CAFE,https://www.google.com/maps/search/NOBLE+MOMENT+CAFE+HA+NOI+Vietnam
NODA VIETNAM,https://www.google.com/maps/search/NODA+VIETNAM+HA+NOI+Vietnam
NOLBU BULGOGI,https://www.google.com/maps/search/NOLBU+BULGOGI+DA+NANG+Vietnam
NONG SAN JW COMPANY LIMITED,https://www.google.com/maps/search/NONG+SAN+JW+COMPANY+LIMITED+TUYEN+QUANG+Vietnam
NON-STOP EXPRESS INT’L INC.,https://www.google.com/maps/search/NON-STOP+EXPRESS+INT’L+INC.+HA+NOI+Vietnam
NORFOLK HATEXCO,https://www.google.com/maps/search/NORFOLK+HATEXCO+HA+NOI+Vietnam
NOROO-NANPAO PAINTS & COATINGS VIETNAM,https://www.google.com/maps/search/NOROO-NANPAO+PAINTS+&+COATINGS+VIETNAM+HA+NOI+Vietnam
NOVA VISION KOREA,https://www.google.com/maps/search/NOVA+VISION+KOREA+HA+NOI+Vietnam
"NOVATECH VINA Co.,Ltd","https://www.google.com/maps/search/NOVATECH+VINA+Co.,Ltd+BAC+NINH+Vietnam"
NOVOTEL SUITES HA NOI,https://www.google.com/maps/search/NOVOTEL+SUITES+HA+NOI+HA+NOI+Vietnam
"NPC VINA CO., LTD","https://www.google.com/maps/search/NPC+VINA+CO.,+LTD+HA+NOI+Vietnam"
NPD VINA,https://www.google.com/maps/search/NPD+VINA+THAI+NGUYEN+Vietnam
NPI VIETNAM,https://www.google.com/maps/search/NPI+VIETNAM+HA+NAM+Vietnam
NRG&C NARET ELECTRONIC,https://www.google.com/maps/search/NRG&C+NARET+ELECTRONIC+HUNG+YEN+Vietnam
NS BLUESCOPE VIETNAM,https://www.google.com/maps/search/NS+BLUESCOPE+VIETNAM+HO+CHI+MINH+Vietnam
"NS TECH VINA CO.,LTD","https://www.google.com/maps/search/NS+TECH+VINA+CO.,LTD+VINH+PHUC+Vietnam"
"NSM HV CO., LTD","https://www.google.com/maps/search/NSM+HV+CO.,+LTD+BAC+GIANG+Vietnam"
NSM TECH HAI PHONG COMPANY LIMITED,https://www.google.com/maps/search/NSM+TECH+HAI+PHONG+COMPANY+LIMITED+HAI+PHONG+Vietnam
"NST D&C CO.,LTD","https://www.google.com/maps/search/NST+D&C+CO.,LTD+HA+NOI+Vietnam"
"NSTA VINA CO.,LTD","https://www.google.com/maps/search/NSTA+VINA+CO.,LTD+BAC+NINH+Vietnam"
"NSTECH VINA CO.,LTD","https://www.google.com/maps/search/NSTECH+VINA+CO.,LTD+VINH+PHUC+Vietnam"
NTP-TECH JOINT STOCK COMPANY,https://www.google.com/maps/search/NTP-TECH+JOINT+STOCK+COMPANY+HA+NOI+Vietnam
NTS,https://www.google.com/maps/search/NTS+HA+NOI+Vietnam
NTS VINA,https://www.google.com/maps/search/NTS+VINA+VINH+PHUC+Vietnam
NUBICOM VINA,https://www.google.com/maps/search/NUBICOM+VINA+BAC+NINH+Vietnam
NURITECH VN,https://www.google.com/maps/search/NURITECH+VN+BAC+GIANG+Vietnam
NY HOA VIET COMPANY LIMITED,https://www.google.com/maps/search/NY+HOA+VIET+COMPANY+LIMITED+THANH+HOA+Vietnam
"O SUNG RF VINA Co.,Ltd","https://www.google.com/maps/search/O+SUNG+RF+VINA+Co.,Ltd+BAC+NINH+Vietnam"
Oakwood Residence Hanoi,https://www.google.com/maps/search/Oakwood+Residence+Hanoi+HA+NOI+Vietnam
"OCC VINA CO.,LTD","https://www.google.com/maps/search/OCC+VINA+CO.,LTD+QUANG+NAM+Vietnam"
"ODT VINA CO., LTD","https://www.google.com/maps/search/ODT+VINA+CO.,+LTD+HA+NOI+Vietnam"
OFFIART,https://www.google.com/maps/search/OFFIART+HA+NOI+Vietnam
OGK,https://www.google.com/maps/search/OGK+PHU+THO+Vietnam
OH SYSTEM,https://www.google.com/maps/search/OH+SYSTEM+HA+NOI+Vietnam
OHSUNG VINA,https://www.google.com/maps/search/OHSUNG+VINA+HAI+PHONG+Vietnam
"OIL KOREA VIETNAM CO.,LTD","https://www.google.com/maps/search/OIL+KOREA+VIETNAM+CO.,LTD+LONG+AN+Vietnam"
OKAMURA INTERNATIONAL VIETNAM,https://www.google.com/maps/search/OKAMURA+INTERNATIONAL+VIETNAM+HA+NOI+Vietnam
OLIVE,https://www.google.com/maps/search/OLIVE+HA+NOI+Vietnam
OMNISYSTEM VN JSC,https://www.google.com/maps/search/OMNISYSTEM+VN+JSC+HA+NOI+Vietnam
OMRON VIETNAM,https://www.google.com/maps/search/OMRON+VIETNAM+HA+NOI+Vietnam
"ON THE SALON ONE MEMBER CO.,LTD","https://www.google.com/maps/search/ON+THE+SALON+ONE+MEMBER+CO.,LTD+DA+NANG+Vietnam"
"ONE CROSS CLOTHING,INC","https://www.google.com/maps/search/ONE+CROSS+CLOTHING,INC+HA+NOI+Vietnam"
"ONE F&P VINA CO.,LTD","https://www.google.com/maps/search/ONE+F&P+VINA+CO.,LTD+BAC+NINH+Vietnam"
ONE LAY UP TECH VINA,https://www.google.com/maps/search/ONE+LAY+UP+TECH+VINA+BAC+NINH+Vietnam
ONE SYSTEM VINA COMPANY LIMITED,https://www.google.com/maps/search/ONE+SYSTEM+VINA+COMPANY+LIMITED+BAC+NINH+Vietnam
"ONE TECH CO., LTD","https://www.google.com/maps/search/ONE+TECH+CO.,+LTD+HA+NAM+Vietnam"
ONECHANG VINA,https://www.google.com/maps/search/ONECHANG+VINA+BAC+GIANG+Vietnam
Onefood Vietnam Trading,https://www.google.com/maps/search/Onefood+Vietnam+Trading+HA+NOI+Vietnam
Onekey Land Viet Nam Co. Ltd,https://www.google.com/maps/search/Onekey+Land+Viet+Nam+Co.+Ltd+HA+NOI+Vietnam
ONEWOO GARMENT COMPANY LIMITED,https://www.google.com/maps/search/ONEWOO+GARMENT+COMPANY+LIMITED+QUANG+NAM+Vietnam
Onsen Fuji Group Join Stock Company,https://www.google.com/maps/search/Onsen+Fuji+Group+Join+Stock+Company+HA+NOI+Vietnam
"OPTOSON Co.,Ltd","https://www.google.com/maps/search/OPTOSON+Co.,Ltd+VINH+PHUC+Vietnam"
OPTRONTEC VINA,https://www.google.com/maps/search/OPTRONTEC+VINA+VINH+PHUC+Vietnam
"ORCHEM VINA CO.,LTD","https://www.google.com/maps/search/ORCHEM+VINA+CO.,LTD+VINH+PHUC+Vietnam"
ORFE VIET NAM,https://www.google.com/maps/search/ORFE+VIET+NAM+BAC+NINH+Vietnam
ORGANO (VIET NAM) COMPANY LIMITED,https://www.google.com/maps/search/ORGANO+(VIET+NAM)+COMPANY+LIMITED+HA+NOI+Vietnam
ORION FOOD VINA,https://www.google.com/maps/search/ORION+FOOD+VINA+HA+NOI+Vietnam
ORISEL VIETNAM,https://www.google.com/maps/search/ORISEL+VIETNAM+HAI+DUONG+Vietnam
"OS POWER VIETNAM Co.,Ltd","https://www.google.com/maps/search/OS+POWER+VIETNAM+Co.,Ltd+HA+NOI+Vietnam"
"OSL ENG VINA CO.,LTD","https://www.google.com/maps/search/OSL+ENG+VINA+CO.,LTD+HA+NOI+Vietnam"
O-SUNG VINA,https://www.google.com/maps/search/O-SUNG+VINA+BAC+NINH+Vietnam
OTOKI VIETNAM,https://www.google.com/maps/search/OTOKI+VIETNAM+HA+NOI+Vietnam
"OURHOME VN CO.,LTD","https://www.google.com/maps/search/OURHOME+VN+CO.,LTD+HAI+PHONG+Vietnam"
"P&Q VINA Co.,Ltd","https://www.google.com/maps/search/P&Q+VINA+Co.,Ltd+BAC+NINH+Vietnam"
PAC SEA & AIR,https://www.google.com/maps/search/PAC+SEA+&+AIR+HA+NOI+Vietnam
PACIFIC AIR AGENCY,https://www.google.com/maps/search/PACIFIC+AIR+AGENCY+KOREA+Vietnam
PACIFIC CONTAINER SHIPPING JSC,https://www.google.com/maps/search/PACIFIC+CONTAINER+SHIPPING+JSC+HA+NOI+Vietnam
PALDO VINA,https://www.google.com/maps/search/PALDO+VINA+HA+NOI+Vietnam
PAN KOREA VINA,https://www.google.com/maps/search/PAN+KOREA+VINA+BAC+NINH+Vietnam
PANAKOR LOGISTICS,https://www.google.com/maps/search/PANAKOR+LOGISTICS+HA+NOI+Vietnam
PANALPINA WORLD,https://www.google.com/maps/search/PANALPINA+WORLD+HA+NOI+Vietnam
PANASIA VIETNAM,https://www.google.com/maps/search/PANASIA+VIETNAM+HA+NOI+Vietnam
PANKO E&D,https://www.google.com/maps/search/PANKO+E&D+QUANG+NAM+Vietnam
PANKO TAM THANG,https://www.google.com/maps/search/PANKO+TAM+THANG+QUANG+NAM+Vietnam
PANLOF,https://www.google.com/maps/search/PANLOF+NINH+BINH+Vietnam
"PANPACIFIC CO.,LTD","https://www.google.com/maps/search/PANPACIFIC+CO.,LTD+HA+NOI+Vietnam"
PANTOS LOGISTICS VIETNAM,https://www.google.com/maps/search/PANTOS+LOGISTICS+VIETNAM+HAI+PHONG+Vietnam
PANTRA VINA,https://www.google.com/maps/search/PANTRA+VINA+HAI+PHONG+Vietnam
PARAN SFS,https://www.google.com/maps/search/PARAN+SFS+HA+NOI+Vietnam
PARIS BAGUETTE,https://www.google.com/maps/search/PARIS+BAGUETTE+HA+NOI+Vietnam
PARK ELECTRONICS VINA,https://www.google.com/maps/search/PARK+ELECTRONICS+VINA+HA+NAM+Vietnam
PARK’S MANUFACTURING,https://www.google.com/maps/search/PARK’S+MANUFACTURING+HA+NOI+Vietnam
PARTNER ENG VINA,https://www.google.com/maps/search/PARTNER+ENG+VINA+HA+NAM+Vietnam
PARTRON VINA,https://www.google.com/maps/search/PARTRON+VINA+VINH+PHUC+Vietnam
PDE,https://www.google.com/maps/search/PDE+HA+NOI+Vietnam
"PDT VINA Co.,Ltd","https://www.google.com/maps/search/PDT+VINA+Co.,Ltd+BAC+NINH+Vietnam"
Persolkelly,https://www.google.com/maps/search/Persolkelly+HA+NOI+Vietnam
Pet Story,https://www.google.com/maps/search/Pet+Story+HA+NOI+Vietnam
PGL Logistics,https://www.google.com/maps/search/PGL+Logistics+HA+NOI+Vietnam
PHC VIET NAM COMPANY LIMITED,https://www.google.com/maps/search/PHC+VIET+NAM+COMPANY+LIMITED+HAI+PHONG+Vietnam
PHILKO VINA,https://www.google.com/maps/search/PHILKO+VINA+BAC+GIANG+Vietnam
PHO WAY COMPANY LIMITED,https://www.google.com/maps/search/PHO+WAY+COMPANY+LIMITED+QUANG+NAM+Vietnam
Phoenix Golf Resort,https://www.google.com/maps/search/Phoenix+Golf+Resort+HOA+BINH+Vietnam
PHU HUNG TRADING & SERVICE JSC,https://www.google.com/maps/search/PHU+HUNG+TRADING+&+SERVICE+JSC+HA+NOI+Vietnam
"PHU KHANH DUTY FREE TRADING CO.,LTD","https://www.google.com/maps/search/PHU+KHANH+DUTY+FREE+TRADING+CO.,LTD+DA+NANG+Vietnam"
PHUONG DONG GOLF,https://www.google.com/maps/search/PHUONG+DONG+GOLF+HA+NOI+Vietnam
PHUONG TRANG SPECIAL STEEL,https://www.google.com/maps/search/PHUONG+TRANG+SPECIAL+STEEL+HA+NOI+Vietnam
PI TECH VINA COMPANY LIMITED,https://www.google.com/maps/search/PI+TECH+VINA+COMPANY+LIMITED+BAC+NINH+Vietnam
PIBS VINA COMPANY LIMITED,https://www.google.com/maps/search/PIBS+VINA+COMPANY+LIMITED+THAI+NGUYEN+Vietnam
"PIEL INTERNATIONAL CO.,LTD","https://www.google.com/maps/search/PIEL+INTERNATIONAL+CO.,LTD+KOREA+Vietnam"
"PIKOR ASEAN Co.,LTD","https://www.google.com/maps/search/PIKOR+ASEAN+Co.,LTD+HA+NOI+Vietnam"
"PIM VINA Co., LTD","https://www.google.com/maps/search/PIM+VINA+Co.,+LTD+NAM+DINH+Vietnam"
"PINEWOODS CO.,LTD","https://www.google.com/maps/search/PINEWOODS+CO.,LTD+HA+NOI+Vietnam"
"PIONEER PLASTIC INDUSTRIAL CO., LTD","https://www.google.com/maps/search/PIONEER+PLASTIC+INDUSTRIAL+CO.,+LTD+HUNG+YEN+Vietnam"
PIZZA&,https://www.google.com/maps/search/PIZZA&+HA+NOI+Vietnam
PL TECH COMPANY LIMITED.,https://www.google.com/maps/search/PL+TECH+COMPANY+LIMITED.+BAC+NINH+Vietnam
"PLACHEM VINA CO.,LTD","https://www.google.com/maps/search/PLACHEM+VINA+CO.,LTD+BAC+NINH+Vietnam"
"Plan ADD Viet Nam Co., LTD","https://www.google.com/maps/search/Plan+ADD+Viet+Nam+Co.,+LTD+HA+NOI+Vietnam"
PLASCOM VINA,https://www.google.com/maps/search/PLASCOM+VINA+PHU+THO+Vietnam
Plastic Chemicals Group Joint Stock Company,https://www.google.com/maps/search/Plastic+Chemicals+Group+Joint+Stock+Company+HA+NOI+Vietnam
"PLK CHEMICAL CO., LTD","https://www.google.com/maps/search/PLK+CHEMICAL+CO.,+LTD+HA+NAM+Vietnam"
PLUS MART,https://www.google.com/maps/search/PLUS+MART+HA+NOI+Vietnam
PLUS ONE,https://www.google.com/maps/search/PLUS+ONE+HA+NOI+Vietnam
"PMC VINA CO.,LTD","https://www.google.com/maps/search/PMC+VINA+CO.,LTD+HAI+DUONG+Vietnam"
PMS VINA,https://www.google.com/maps/search/PMS+VINA+BAC+NINH+Vietnam
PNA VINA,https://www.google.com/maps/search/PNA+VINA+HA+NOI+Vietnam
PNP KOREA,https://www.google.com/maps/search/PNP+KOREA+HAI+DUONG+Vietnam
"PO SUNG MEC CO.,LTD","https://www.google.com/maps/search/PO+SUNG+MEC+CO.,LTD+HA+NOI+Vietnam"
"POCONS VINA CO.,LTD","https://www.google.com/maps/search/POCONS+VINA+CO.,LTD+BAC+NINH+Vietnam"
POLY TECH VINA,https://www.google.com/maps/search/POLY+TECH+VINA+NINH+BINH+Vietnam
"POLYMOS VIET NAM CO.,LTDLTD","https://www.google.com/maps/search/POLYMOS+VIET+NAM+CO.,LTDLTD+HA+NOI+Vietnam"
"POONG SHIN VINA CO.,LTD","https://www.google.com/maps/search/POONG+SHIN+VINA+CO.,LTD+THAI+BINH+Vietnam"
POONGCHIN VINA,https://www.google.com/maps/search/POONGCHIN+VINA+HA+NOI+Vietnam
"PORTAL SAFETY Co.,Ltd","https://www.google.com/maps/search/PORTAL+SAFETY+Co.,Ltd+BAC+NINH+Vietnam"
POSCO E&C,https://www.google.com/maps/search/POSCO+E&C+HA+NOI+Vietnam
POSCO INTERNATIONAL,https://www.google.com/maps/search/POSCO+INTERNATIONAL+HA+NOI+Vietnam
POSCO VIETNAM,https://www.google.com/maps/search/POSCO+VIETNAM+HA+NOI+Vietnam
"POSCO VIETNAM PROCESSING CENTER CO.,LTD","https://www.google.com/maps/search/POSCO+VIETNAM+PROCESSING+CENTER+CO.,LTD+HAI+DUONG+Vietnam"
POSCO VST,https://www.google.com/maps/search/POSCO+VST+DONG+NAI+Vietnam
POSCO YAMATO VINA,https://www.google.com/maps/search/POSCO+YAMATO+VINA+VUNG+TAU+Vietnam
Potique Hotel,https://www.google.com/maps/search/Potique+Hotel+KHANH+HOA+Vietnam
POWERLOGICS,https://www.google.com/maps/search/POWERLOGICS+VINH+PHUC+Vietnam
PREMIER CATERING SERVICE,https://www.google.com/maps/search/PREMIER+CATERING+SERVICE+HA+NOI+Vietnam
PREMIER VILLAGE RESORT,https://www.google.com/maps/search/PREMIER+VILLAGE+RESORT+DA+NANG+Vietnam
"PRETTL VIETNAM CO., LTD","https://www.google.com/maps/search/PRETTL+VIETNAM+CO.,+LTD+HAI+DUONG+Vietnam"
PREX VINH COMPANY LIMITED,https://www.google.com/maps/search/PREX+VINH+COMPANY+LIMITED+NGHE+AN+Vietnam
PRINTLOGIC,https://www.google.com/maps/search/PRINTLOGIC+HO+CHI+MINH+Vietnam
PROJECT FOR ENHANCING CAPACITY ON EXPRESSWAY O&M,https://www.google.com/maps/search/PROJECT+FOR+ENHANCING+CAPACITY+ON+EXPRESSWAY+O&M+HA+NOI+Vietnam
PROJECT MANAGEMENT INTERNATIONAL,https://www.google.com/maps/search/PROJECT+MANAGEMENT+INTERNATIONAL+HA+NOI+Vietnam
"PROMADE VINA CO.,LTD","https://www.google.com/maps/search/PROMADE+VINA+CO.,LTD+BAC+GIANG+Vietnam"
PROMISEON VIETNAM,https://www.google.com/maps/search/PROMISEON+VIETNAM+BAC+NINH+Vietnam
PT DAEHAN GLOBAL YEN DUNG JOINT STOCK COMPANY,https://www.google.com/maps/search/PT+DAEHAN+GLOBAL+YEN+DUNG+JOINT+STOCK+COMPANY+BAC+GIANG+Vietnam
PT VINA,https://www.google.com/maps/search/PT+VINA+VINH+PHUC+Vietnam
PUDADAC,https://www.google.com/maps/search/PUDADAC+HA+NOI+Vietnam
PULLMAN HA NOI HOTEL,https://www.google.com/maps/search/PULLMAN+HA+NOI+HOTEL+HA+NOI+Vietnam
PURETECH VIETNAM,https://www.google.com/maps/search/PURETECH+VIETNAM+HA+NOI+Vietnam
PURITECH,https://www.google.com/maps/search/PURITECH+HUNG+YEN+Vietnam
PUYOUNG VIETNAM,https://www.google.com/maps/search/PUYOUNG+VIETNAM+HUNG+YEN+Vietnam
"PV- INCONESS., Corp","https://www.google.com/maps/search/PV-+INCONESS.,+Corp+NINH+BINH+Vietnam"
"PYUNG AHN VINA CO., LTD","https://www.google.com/maps/search/PYUNG+AHN+VINA+CO.,+LTD+BAC+NINH+Vietnam"
QUANG BINH SURIMI,https://www.google.com/maps/search/QUANG+BINH+SURIMI+QUANG+BINH+Vietnam
QUANG MINH FOOD,https://www.google.com/maps/search/QUANG+MINH+FOOD+HUNG+YEN+Vietnam
RCE-VINA COMPANY LIMITED,https://www.google.com/maps/search/RCE-VINA+COMPANY+LIMITED+HA+NOI+Vietnam
RED APRON,https://www.google.com/maps/search/RED+APRON+HA+NOI+Vietnam
REFINE,https://www.google.com/maps/search/REFINE+PHU+THO+Vietnam
Regus The Sun,https://www.google.com/maps/search/Regus+The+Sun+HA+NOI+Vietnam
REMOTECH,https://www.google.com/maps/search/REMOTECH+BAC+NINH+Vietnam
"RENO SMI VN CO.,LTD","https://www.google.com/maps/search/RENO+SMI+VN+CO.,LTD+HA+NOI+Vietnam"
RESCON VIETNAM,https://www.google.com/maps/search/RESCON+VIETNAM+HAI+DUONG+Vietnam
RE-TECK,https://www.google.com/maps/search/RE-TECK+HAI+PHONG+Vietnam
REXTECH INC,https://www.google.com/maps/search/REXTECH+INC+HA+NOI+Vietnam
RFTech Thai Nguyen Company Limited,https://www.google.com/maps/search/RFTech+Thai+Nguyen+Company+Limited+THAI+NGUYEN+Vietnam
RHEAS VINA COMPANY LIMITED,https://www.google.com/maps/search/RHEAS+VINA+COMPANY+LIMITED+BAC+NINH+Vietnam
"RIO (QUANG NAM) SEWING THREADS CO., LTD","https://www.google.com/maps/search/RIO+(QUANG+NAM)+SEWING+THREADS+CO.,+LTD+QUANG+NAM+Vietnam"
ROL VINA,https://www.google.com/maps/search/ROL+VINA+BAC+GIANG+Vietnam
ROMON VINA COMPANY LIMITED,https://www.google.com/maps/search/ROMON+VINA+COMPANY+LIMITED+HAI+PHONG+Vietnam
Rouse Legal Vietnam Ltd.,https://www.google.com/maps/search/Rouse+Legal+Vietnam+Ltd.+HO+CHI+MINH+Vietnam
"ROY VINA CO.,LTD","https://www.google.com/maps/search/ROY+VINA+CO.,LTD+BAC+GIANG+Vietnam"
ROYGENT PARKS HA NOI,https://www.google.com/maps/search/ROYGENT+PARKS+HA+NOI+HA+NOI+Vietnam
"RSQUARE VIET NAM CO., LTD","https://www.google.com/maps/search/RSQUARE+VIET+NAM+CO.,+LTD+HA+NOI+Vietnam"
"RYONG IN VINA Co.,Ltd","https://www.google.com/maps/search/RYONG+IN+VINA+Co.,Ltd+BAC+NINH+Vietnam"
S & I VIETNAM CONSTRUCTION COMPANY LIMITED,https://www.google.com/maps/search/S+&+I+VIETNAM+CONSTRUCTION+COMPANY+LIMITED+HAI+PHONG+Vietnam
S&H VINA,https://www.google.com/maps/search/S&H+VINA+THANH+HOA+Vietnam
S.I TECH VIETNAM,https://www.google.com/maps/search/S.I+TECH+VIETNAM+BAC+NINH+Vietnam
"S.U.N.N.Y TECHNOLOGY BRANCH Co.,Ltd","https://www.google.com/maps/search/S.U.N.N.Y+TECHNOLOGY+BRANCH+Co.,Ltd+PHU+THO+Vietnam"
S-1 CORPORATION VIET NAM,https://www.google.com/maps/search/S-1+CORPORATION+VIET+NAM+BAC+NINH+Vietnam
S1 EXPRESS,https://www.google.com/maps/search/S1+EXPRESS+HA+NOI+Vietnam
SAEHAN GREEN VINA,https://www.google.com/maps/search/SAEHAN+GREEN+VINA+HA+NOI+Vietnam
SAEJONG VINA,https://www.google.com/maps/search/SAEJONG+VINA+HA+NOI+Vietnam
SAEKWANG ENG VINA,https://www.google.com/maps/search/SAEKWANG+ENG+VINA+BAC+GIANG+Vietnam
SAINT VINA,https://www.google.com/maps/search/SAINT+VINA+PHU+THO+Vietnam
"SALON D CO.,LTD","https://www.google.com/maps/search/SALON+D+CO.,LTD+DA+NANG+Vietnam"
"SAM IL CONSTRUCTION CO., LTD","https://www.google.com/maps/search/SAM+IL+CONSTRUCTION+CO.,+LTD+HA+NOI+Vietnam"
SAM KWANG AIR TECH,https://www.google.com/maps/search/SAM+KWANG+AIR+TECH+BAC+NINH+Vietnam
"SAM SUNG INDUSTRIAL Co.,Ltd","https://www.google.com/maps/search/SAM+SUNG+INDUSTRIAL+Co.,Ltd+BAC+NINH+Vietnam"
SAMA INDUSTRIES VINA,https://www.google.com/maps/search/SAMA+INDUSTRIES+VINA+BAC+GIANG+Vietnam
"SAMAS VINA CO., LTD","https://www.google.com/maps/search/SAMAS+VINA+CO.,+LTD+HA+NAM+Vietnam"
SAMCHULLY CARBOTECH VIETNAM,https://www.google.com/maps/search/SAMCHULLY+CARBOTECH+VIETNAM+HAI+DUONG+Vietnam
SAMDUCK KDP,https://www.google.com/maps/search/SAMDUCK+KDP+HA+NOI+Vietnam
SAMHWA PAINTS VINA,https://www.google.com/maps/search/SAMHWA+PAINTS+VINA+BAC+NINH+Vietnam
SAMHWA VIET NAM COMPANY LIMITED,https://www.google.com/maps/search/SAMHWA+VIET+NAM+COMPANY+LIMITED+PHU+THO+Vietnam
SAMHWA YANGHENG VINA,https://www.google.com/maps/search/SAMHWA+YANGHENG+VINA+THAI+NGUYEN+Vietnam
SAMIN VINA,https://www.google.com/maps/search/SAMIN+VINA+BAC+NINH+Vietnam
SAMJIN LND VINACO,https://www.google.com/maps/search/SAMJIN+LND+VINACO+VINH+PHUC+Vietnam
"SAMJU TRADE CO.,LTD","https://www.google.com/maps/search/SAMJU+TRADE+CO.,LTD+HO+CHI+MINH+Vietnam"
SAMJUVINA,https://www.google.com/maps/search/SAMJUVINA+THAI+NGUYEN+Vietnam
SAMKYOUNG VINA,https://www.google.com/maps/search/SAMKYOUNG+VINA+HA+NAM+Vietnam
"SAMPO VINA CO.,LTD","https://www.google.com/maps/search/SAMPO+VINA+CO.,LTD+BAC+NINH+Vietnam"
SAMSIN VINA,https://www.google.com/maps/search/SAMSIN+VINA+HA+NAM+Vietnam
SAMSON EPOXY,https://www.google.com/maps/search/SAMSON+EPOXY+HA+NOI+Vietnam
"Samsung Climate Control Vietnam Co., Ltd","https://www.google.com/maps/search/Samsung+Climate+Control+Vietnam+Co.,+Ltd+HA+NAM+Vietnam"
SAMSUNG DISPLAY VIETNAM,https://www.google.com/maps/search/SAMSUNG+DISPLAY+VIETNAM+BAC+NINH+Vietnam
SAMSUNG ELECTRONICS MECHANICS VIETNAM-SEMV,https://www.google.com/maps/search/SAMSUNG+ELECTRONICS+MECHANICS+VIETNAM-SEMV+THAI+NGUYEN+Vietnam
SAMSUNG ELECTRONICS VIETNAM,https://www.google.com/maps/search/SAMSUNG+ELECTRONICS+VIETNAM+BAC+NINH+Vietnam
SAMSUNG SDS VIETNAM,https://www.google.com/maps/search/SAMSUNG+SDS+VIETNAM+BAC+NINH+Vietnam
SAMSUNG VINA INSURANCE,https://www.google.com/maps/search/SAMSUNG+VINA+INSURANCE+HA+NOI+Vietnam
SAMSUNG WELSTORY VIETNAM,https://www.google.com/maps/search/SAMSUNG+WELSTORY+VIETNAM+BAC+NINH+Vietnam
"SAMWOO EMS VINA CO.,LTD","https://www.google.com/maps/search/SAMWOO+EMS+VINA+CO.,LTD+BAC+NINH+Vietnam"
SAMWOOELECO HA NOI,https://www.google.com/maps/search/SAMWOOELECO+HA+NOI+HA+NOI+Vietnam
SAMYANG ANIMAL CLINIC,https://www.google.com/maps/search/SAMYANG+ANIMAL+CLINIC+HA+NOI+Vietnam
"SAMYANG ANIPHARM CO.,LTD","https://www.google.com/maps/search/SAMYANG+ANIPHARM+CO.,LTD+HA+NOI+Vietnam"
SAN DUL CHE,https://www.google.com/maps/search/SAN+DUL+CHE+HA+NOI+Vietnam
"SANG-A FRONTEC VINA Co.,Ltd","https://www.google.com/maps/search/SANG-A+FRONTEC+VINA+Co.,Ltd+BAC+NINH+Vietnam"
"Sangwoo Vietnam Co., Ltd","https://www.google.com/maps/search/Sangwoo+Vietnam+Co.,+Ltd+NGHE+AN+Vietnam"
SANHA,https://www.google.com/maps/search/SANHA+BAC+GIANG+Vietnam
"SANICO VIETNAM Co.,Ltd","https://www.google.com/maps/search/SANICO+VIETNAM+Co.,Ltd+NINH+BINH+Vietnam"
"SANSHO JK-HA NOI CO.,LTD","https://www.google.com/maps/search/SANSHO+JK-HA+NOI+CO.,LTD+BAC+GIANG+Vietnam"
SANTOH VINA LOGISTICS,https://www.google.com/maps/search/SANTOH+VINA+LOGISTICS+HA+NOI+Vietnam
SAO DO INVESTMENT GROUP JSC,https://www.google.com/maps/search/SAO+DO+INVESTMENT+GROUP+JSC+HAI+PHONG+Vietnam
SAPA JADE HILL HOSPITALITY MANAGEMENT J.S.C,https://www.google.com/maps/search/SAPA+JADE+HILL+HOSPITALITY+MANAGEMENT+J.S.C+HA+NOI+Vietnam
Savills Vietnam,https://www.google.com/maps/search/Savills+Vietnam+HA+NOI+Vietnam
SB INVEST GROUP,https://www.google.com/maps/search/SB+INVEST+GROUP+HA+NOI+Vietnam
SBB medical service joint stock company,https://www.google.com/maps/search/SBB+medical+service+joint+stock+company+HA+NOI+Vietnam
SB-TECH VINA,https://www.google.com/maps/search/SB-TECH+VINA+HA+NOI+Vietnam
S-CONNECT BG VINA,https://www.google.com/maps/search/S-CONNECT+BG+VINA+BAC+GIANG+Vietnam
SD CHEMICAL VINA,https://www.google.com/maps/search/SD+CHEMICAL+VINA+BAC+NINH+Vietnam
SD GLOBAL VIETNAM Ltd,https://www.google.com/maps/search/SD+GLOBAL+VIETNAM+Ltd+HAI+DUONG+Vietnam
"SD INDUSTRIAL VINA CO.,LTD","https://www.google.com/maps/search/SD+INDUSTRIAL+VINA+CO.,LTD+HA+NOI+Vietnam"
SDS INDUSTRY,https://www.google.com/maps/search/SDS+INDUSTRY+HA+NAM+Vietnam
SDT VINA,https://www.google.com/maps/search/SDT+VINA+VINH+PHUC+Vietnam
SE MYUNG ELECTRIC & POWER,https://www.google.com/maps/search/SE+MYUNG+ELECTRIC+&+POWER+HA+NOI+Vietnam
"SEA HENG TECH VIETNAM Co.,Ltd","https://www.google.com/maps/search/SEA+HENG+TECH+VIETNAM+Co.,Ltd+BAC+NINH+Vietnam"
SEAH VINA,https://www.google.com/maps/search/SEAH+VINA+BAC+NINH+Vietnam
SEAHENGINEERING VIET NAM COMPANY LIMITED,https://www.google.com/maps/search/SEAHENGINEERING+VIET+NAM+COMPANY+LIMITED+BAC+GIANG+Vietnam
"SEAN E&C VINA Co.,Ltd","https://www.google.com/maps/search/SEAN+E&C+VINA+Co.,Ltd+THAI+NGUYEN+Vietnam"
"SEBANG CHAIN VINA CO.,LTD","https://www.google.com/maps/search/SEBANG+CHAIN+VINA+CO.,LTD+HA+NAM+Vietnam"
SEBANG VINA,https://www.google.com/maps/search/SEBANG+VINA+HUNG+YEN+Vietnam
"SEBOMEC VIETNAM Co.,Ltd","https://www.google.com/maps/search/SEBOMEC+VIETNAM+Co.,Ltd+HA+NOI+Vietnam"
SEBONG VINA CORP,https://www.google.com/maps/search/SEBONG+VINA+CORP+BAC+NINH+Vietnam
SEDO VINAKO,https://www.google.com/maps/search/SEDO+VINAKO+QUANG+NAM+Vietnam
SEGI VIET NAM,https://www.google.com/maps/search/SEGI+VIET+NAM+VINH+PHUC+Vietnam
SEGYUNG VINA,https://www.google.com/maps/search/SEGYUNG+VINA+BAC+NINH+Vietnam
SEHWA,https://www.google.com/maps/search/SEHWA+VINH+PHUC+Vietnam
SEHYUN TRADE,https://www.google.com/maps/search/SEHYUN+TRADE+BAC+NINH+Vietnam
SEIJIN BAGS VINA,https://www.google.com/maps/search/SEIJIN+BAGS+VINA+PHU+THO+Vietnam
SEIL M - TECH VINA COMPANY LIMITED,https://www.google.com/maps/search/SEIL+M+-+TECH+VINA+COMPANY+LIMITED+THANH+HOA+Vietnam
SEILENS,https://www.google.com/maps/search/SEILENS+HA+NOI+Vietnam
SEIN BLUE TEC VIETNAM,https://www.google.com/maps/search/SEIN+BLUE+TEC+VIETNAM+BAC+GIANG+Vietnam
"SEIN I&D VIETNAM CO., LTD.","https://www.google.com/maps/search/SEIN+I&D+VIETNAM+CO.,+LTD.+HA+NOI+Vietnam"
SEIN T&T VIETNAM,https://www.google.com/maps/search/SEIN+T&T+VIETNAM+HA+NOI+Vietnam
"SEIN TOGETHER KEE EUN CO., LTD","https://www.google.com/maps/search/SEIN+TOGETHER+KEE+EUN+CO.,+LTD+PHU+THO+Vietnam"
"SEIN VINA Co.,Ltd","https://www.google.com/maps/search/SEIN+VINA+Co.,Ltd+THAI+NGUYEN+Vietnam"
"SEJIN ELECTRONICS VINA CO.,LTD","https://www.google.com/maps/search/SEJIN+ELECTRONICS+VINA+CO.,LTD+VINH+PHUC+Vietnam"
SEJIN INDUSTRY VINA,https://www.google.com/maps/search/SEJIN+INDUSTRY+VINA+BAC+NINH+Vietnam
"SEJIN VINA CO.,LTD","https://www.google.com/maps/search/SEJIN+VINA+CO.,LTD+HAI+DUONG+Vietnam"
"SEJONG WISE VINA CO.,LTD","https://www.google.com/maps/search/SEJONG+WISE+VINA+CO.,LTD+BAC+GIANG+Vietnam"
SEJOONG ETG TRAVEL,https://www.google.com/maps/search/SEJOONG+ETG+TRAVEL+HUNG+YEN+Vietnam
SEJUNG VIET NAM,https://www.google.com/maps/search/SEJUNG+VIET+NAM+NINH+BINH+Vietnam
SEKONIX VINA,https://www.google.com/maps/search/SEKONIX+VINA+VINH+PHUC+Vietnam
SEKWANG VINA,https://www.google.com/maps/search/SEKWANG+VINA+THAI+NGUYEN+Vietnam
Sem Diamond,https://www.google.com/maps/search/Sem+Diamond+HAI+PHONG+Vietnam
SEM MICRO COMPANY LIMITED,https://www.google.com/maps/search/SEM+MICRO+COMPANY+LIMITED+HAI+PHONG+Vietnam
"SEMAPO VINA CO.,LTD","https://www.google.com/maps/search/SEMAPO+VINA+CO.,LTD+HUNG+YEN+Vietnam"
SEMBCORP,https://www.google.com/maps/search/SEMBCORP+HA+NOI+Vietnam
SEMITECH VINA,https://www.google.com/maps/search/SEMITECH+VINA+BAC+GIANG+Vietnam
"SEMO VIETNAM CONSTRUCTION Co.,Ltd","https://www.google.com/maps/search/SEMO+VIETNAM+CONSTRUCTION+Co.,Ltd+HA+NOI+Vietnam"
SENA TECH,https://www.google.com/maps/search/SENA+TECH+BAC+NINH+Vietnam
Seo Kwang Vina E.V.A Hanoi,https://www.google.com/maps/search/Seo+Kwang+Vina+E.V.A+Hanoi+HUNG+YEN+Vietnam
"SEO NAM CO.,LTD","https://www.google.com/maps/search/SEO+NAM+CO.,LTD+QUANG+NAM+Vietnam"
SEO-HO INC VINA,https://www.google.com/maps/search/SEO-HO+INC+VINA+HA+NOI+Vietnam
SEOHUI VIETNAM,https://www.google.com/maps/search/SEOHUI+VIETNAM+THAI+NGUYEN+Vietnam
SEOI VINA TRADE COMPANY LIMITED,https://www.google.com/maps/search/SEOI+VINA+TRADE+COMPANY+LIMITED+BAC+NINH+Vietnam
"SEOJIN AUTO CO., LTD","https://www.google.com/maps/search/SEOJIN+AUTO+CO.,+LTD+BAC+NINH+Vietnam"
"SEOJIN SYSTEM VINA CO.,LTD","https://www.google.com/maps/search/SEOJIN+SYSTEM+VINA+CO.,LTD+BAC+NINH+Vietnam"
"SEOJIN VIET NAM CO.,LTD","https://www.google.com/maps/search/SEOJIN+VIET+NAM+CO.,LTD+BAC+GIANG+Vietnam"
"SEOJIN VINA CO.,LTD","https://www.google.com/maps/search/SEOJIN+VINA+CO.,LTD+BAC+NINH+Vietnam"
"SEOKANG VINA CO.,LTD","https://www.google.com/maps/search/SEOKANG+VINA+CO.,LTD+PHU+THO+Vietnam"
"SEONG MIN INTERNATIONAL CO.,LTD","https://www.google.com/maps/search/SEONG+MIN+INTERNATIONAL+CO.,LTD+DA+NANG+Vietnam"
SEONG MO KOREA JOINT STOCK COMPANY,https://www.google.com/maps/search/SEONG+MO+KOREA+JOINT+STOCK+COMPANY+DA+NANG+Vietnam
SEONGHO TECH VINA,https://www.google.com/maps/search/SEONGHO+TECH+VINA+HAI+PHONG+Vietnam
SEOSIN ELECTRONICS VINA,https://www.google.com/maps/search/SEOSIN+ELECTRONICS+VINA+HA+NAM+Vietnam
SEOUL AQUA,https://www.google.com/maps/search/SEOUL+AQUA+HO+CHI+MINH+Vietnam
"SEOUL GUARANTEE INSURANCE Co.,Ltd - HA NOI BRANCH","https://www.google.com/maps/search/SEOUL+GUARANTEE+INSURANCE+Co.,Ltd+-+HA+NOI+BRANCH+HA+NOI+Vietnam"
"SEOUL I.E.VINA CO.,LTD","https://www.google.com/maps/search/SEOUL+I.E.VINA+CO.,LTD+HAI+DUONG+Vietnam"
SEOUL METAL VIETNAM,https://www.google.com/maps/search/SEOUL+METAL+VIETNAM+BAC+NINH+Vietnam
SEOUL PRINT VINA,https://www.google.com/maps/search/SEOUL+PRINT+VINA+VINH+PHUC+Vietnam
SEOUL REALESTATE & CONSULTING,https://www.google.com/maps/search/SEOUL+REALESTATE+&+CONSULTING+HA+NOI+Vietnam
Seoul Semiconductor Vina,https://www.google.com/maps/search/Seoul+Semiconductor+Vina+HA+NAM+Vietnam
"SEOWOO VINA CO.,LTD","https://www.google.com/maps/search/SEOWOO+VINA+CO.,LTD+BAC+NINH+Vietnam"
SERA ELEVATOR VINA,https://www.google.com/maps/search/SERA+ELEVATOR+VINA+THAI+NGUYEN+Vietnam
SERVEONE (VIETNAM),https://www.google.com/maps/search/SERVEONE+(VIETNAM)+HAI+PHONG+Vietnam
"SET VINA Co., Ltd.","https://www.google.com/maps/search/SET+VINA+Co.,+Ltd.+HA+NAM+Vietnam"
SEUM A&C VIETNAM,https://www.google.com/maps/search/SEUM+A&C+VIETNAM+HA+NOI+Vietnam
SEUNGWOO VINA Co. Ltd.,https://www.google.com/maps/search/SEUNGWOO+VINA+Co.+Ltd.+THAI+NGUYEN+Vietnam
SEWON VINA,https://www.google.com/maps/search/SEWON+VINA+BAC+NINH+Vietnam
"SEY CARTOON MANUFACTURING CO.,LTD","https://www.google.com/maps/search/SEY+CARTOON+MANUFACTURING+CO.,LTD+HA+NOI+Vietnam"
SEYOUNG VIETNAM,https://www.google.com/maps/search/SEYOUNG+VIETNAM+HAI+PHONG+Vietnam
"SG TECH VIETNAM CO.,LTD","https://www.google.com/maps/search/SG+TECH+VIETNAM+CO.,LTD+HA+NAM+Vietnam"
SH Innovation,https://www.google.com/maps/search/SH+Innovation+HA+NOI+Vietnam
SHC VINA,https://www.google.com/maps/search/SHC+VINA+BAC+GIANG+Vietnam
SHELLINE,https://www.google.com/maps/search/SHELLINE+HA+NOI+Vietnam
Sheraton Hai Phong,https://www.google.com/maps/search/Sheraton+Hai+Phong+HAI+PHONG+Vietnam
SHILLIM VIETNAM,https://www.google.com/maps/search/SHILLIM+VIETNAM+PHU+THO+Vietnam
SHIN CHANG VINA COMPANY LIMITED,https://www.google.com/maps/search/SHIN+CHANG+VINA+COMPANY+LIMITED+QUANG+NAM+Vietnam
SHIN HWA CONTECH VINA,https://www.google.com/maps/search/SHIN+HWA+CONTECH+VINA+THAI+NGUYEN+Vietnam
SHIN MYUNG FIRST,https://www.google.com/maps/search/SHIN+MYUNG+FIRST+NAM+DINH+Vietnam
SHIN SUNG C&T VINA,https://www.google.com/maps/search/SHIN+SUNG+C&T+VINA+THAI+NGUYEN+Vietnam
SHIN SUNG VINA,https://www.google.com/maps/search/SHIN+SUNG+VINA+BAC+GIANG+Vietnam
SHIN YONG,https://www.google.com/maps/search/SHIN+YONG+HUNG+YEN+Vietnam
"SHIN YONG VIETNAM CO.,LTD","https://www.google.com/maps/search/SHIN+YONG+VIETNAM+CO.,LTD+HAI+PHONG+Vietnam"
SHINA TECH VIETNAM,https://www.google.com/maps/search/SHINA+TECH+VIETNAM+BAC+GIANG+Vietnam
SHINE ART,https://www.google.com/maps/search/SHINE+ART+HA+NAM+Vietnam
"SHINEI CORONA VIETNAM Co.,Ltd","https://www.google.com/maps/search/SHINEI+CORONA+VIETNAM+Co.,Ltd+HUNG+YEN+Vietnam"
SHINHAN BANK VIETNAM,https://www.google.com/maps/search/SHINHAN+BANK+VIETNAM+HA+NOI+Vietnam
SHINHAN ELEVATOR VIETNAM,https://www.google.com/maps/search/SHINHAN+ELEVATOR+VIETNAM+HA+NOI+Vietnam
SHINHAN J&P,https://www.google.com/maps/search/SHINHAN+J&P+BAC+NINH+Vietnam
SHINHAN LIFE INSURANCE,https://www.google.com/maps/search/SHINHAN+LIFE+INSURANCE+HA+NOI+Vietnam
SHINHAN TECH VINA,https://www.google.com/maps/search/SHINHAN+TECH+VINA+HA+NOI+Vietnam
"SHINHEUNG VINA. CO., LTD","https://www.google.com/maps/search/SHINHEUNG+VINA.+CO.,+LTD+HAI+DUONG+Vietnam"
"SHINHO VINA CO.,LTD","https://www.google.com/maps/search/SHINHO+VINA+CO.,LTD+BAC+NINH+Vietnam"
SHINHWA TNS,https://www.google.com/maps/search/SHINHWA+TNS+NAM+DINH+Vietnam
"SHINHWA VINA CO.,LTD","https://www.google.com/maps/search/SHINHWA+VINA+CO.,LTD+BAC+NINH+Vietnam"
SHINKI SPECIAL TOOL,https://www.google.com/maps/search/SHINKI+SPECIAL+TOOL+HA+NOI+Vietnam
SHINPOONG TECH VINA,https://www.google.com/maps/search/SHINPOONG+TECH+VINA+THAI+NGUYEN+Vietnam
"SHINSUNG ELECTRONICS VINA CO.,LTD","https://www.google.com/maps/search/SHINSUNG+ELECTRONICS+VINA+CO.,LTD+HUNG+YEN+Vietnam"
SHINSUNG ENG (VIETNAM),https://www.google.com/maps/search/SHINSUNG+ENG+(VIETNAM)+HA+NOI+Vietnam
"SHINSUNG TECHNOLOGY VIETNAM CO.,LTD","https://www.google.com/maps/search/SHINSUNG+TECHNOLOGY+VIETNAM+CO.,LTD+THAI+NGUYEN+Vietnam"
SHINSUNG VINA,https://www.google.com/maps/search/SHINSUNG+VINA+BAC+GIANG+Vietnam
"SHINTECH VINA CO.,LTD","https://www.google.com/maps/search/SHINTECH+VINA+CO.,LTD+HA+NAM+Vietnam"
"SHINTS BVT CO.,LTD","https://www.google.com/maps/search/SHINTS+BVT+CO.,LTD+HAI+DUONG+Vietnam"
SHINUS VINA,https://www.google.com/maps/search/SHINUS+VINA+THAI+NGUYEN+Vietnam
SHINWALL TRAVEL,https://www.google.com/maps/search/SHINWALL+TRAVEL+HA+NOI+Vietnam
SHINWON EBENEZER HA NOI,https://www.google.com/maps/search/SHINWON+EBENEZER+HA+NOI+THAI+NGUYEN+Vietnam
SHINWON EBENEZER VIET NAM,https://www.google.com/maps/search/SHINWON+EBENEZER+VIET+NAM+VINH+PHUC+Vietnam
"SHINWOO INDUSTRIES VINA Co.,Ltd","https://www.google.com/maps/search/SHINWOO+INDUSTRIES+VINA+Co.,Ltd+HA+NOI+Vietnam"
SHINWOO P&C VINA,https://www.google.com/maps/search/SHINWOO+P&C+VINA+HA+NOI+Vietnam
SHINWOO TECH COMPANY LIMITED,https://www.google.com/maps/search/SHINWOO+TECH+COMPANY+LIMITED+BAC+NINH+Vietnam
SHINWOO TNC VINA,https://www.google.com/maps/search/SHINWOO+TNC+VINA+HA+NOI+Vietnam
"SHINYANG METAL VIET NAM CO.,LTD","https://www.google.com/maps/search/SHINYANG+METAL+VIET+NAM+CO.,LTD+HAI+DUONG+Vietnam"
SHINYANG TECH VINA,https://www.google.com/maps/search/SHINYANG+TECH+VINA+BAC+NINH+Vietnam
SHINYONG LOFARMA,https://www.google.com/maps/search/SHINYONG+LOFARMA+HA+NOI+Vietnam
SHL VINA TRADING,https://www.google.com/maps/search/SHL+VINA+TRADING+HA+NOI+Vietnam
SHTEK TECHNOLOGY JSC,https://www.google.com/maps/search/SHTEK+TECHNOLOGY+JSC+HA+NOI+Vietnam
SI FLEX VIETNAM,https://www.google.com/maps/search/SI+FLEX+VIETNAM+BAC+GIANG+Vietnam
"SI NETWORKS CO.,LTD","https://www.google.com/maps/search/SI+NETWORKS+CO.,LTD+HA+NOI+Vietnam"
SIANINTRO INC,https://www.google.com/maps/search/SIANINTRO+INC+KOREA+Vietnam
SILKROAD HA NOI JSC.,https://www.google.com/maps/search/SILKROAD+HA+NOI+JSC.+HAI+DUONG+Vietnam
SILVER MOUNTAIN LOGISTICS (VIETNAM),https://www.google.com/maps/search/SILVER+MOUNTAIN+LOGISTICS+(VIETNAM)+HA+NOI+Vietnam
SIMPLINE,https://www.google.com/maps/search/SIMPLINE+HA+NOI+Vietnam
SIN OH TECH,https://www.google.com/maps/search/SIN+OH+TECH+BAC+NINH+Vietnam
SINDOH VINA,https://www.google.com/maps/search/SINDOH+VINA+VINH+PHUC+Vietnam
SINDOH VINA MARKETING,https://www.google.com/maps/search/SINDOH+VINA+MARKETING+HA+NOI+Vietnam
Sindoh Vina Marketing,https://www.google.com/maps/search/Sindoh+Vina+Marketing+VINH+PHUC+Vietnam
SINGGREEN VINA,https://www.google.com/maps/search/SINGGREEN+VINA+HA+NOI+Vietnam
SINHAN YONG METAL,https://www.google.com/maps/search/SINHAN+YONG+METAL+HUNG+YEN+Vietnam
"SINHEUNG TECH CO,. LTD","https://www.google.com/maps/search/SINHEUNG+TECH+CO,.+LTD+HUNG+YEN+Vietnam"
"SINKWANG VINA CO.,LTD","https://www.google.com/maps/search/SINKWANG+VINA+CO.,LTD+PHU+THO+Vietnam"
SINKWANG VINA COMPANY LIMITED,https://www.google.com/maps/search/SINKWANG+VINA+COMPANY+LIMITED+PHU+THO+Vietnam
SINWOO VINA,https://www.google.com/maps/search/SINWOO+VINA+BAC+NINH+Vietnam
"SISEONG GLOBAL VINA CO.,LTD","https://www.google.com/maps/search/SISEONG+GLOBAL+VINA+CO.,LTD+BAC+NINH+Vietnam"
"SJ AUTOMOTIVE CO., LTD","https://www.google.com/maps/search/SJ+AUTOMOTIVE+CO.,+LTD+HA+NAM+Vietnam"
"SJ ELECTRONICS VINA CO.,LTD.","https://www.google.com/maps/search/SJ+ELECTRONICS+VINA+CO.,LTD.+VINH+PHUC+Vietnam"
"SJ Precision co., Ltd","https://www.google.com/maps/search/SJ+Precision+co.,+Ltd+HAI+PHONG+Vietnam"
"SJT VINA CO.,LTD","https://www.google.com/maps/search/SJT+VINA+CO.,LTD+BAC+NINH+Vietnam"
SK ECO PLANT,https://www.google.com/maps/search/SK+ECO+PLANT+HA+NOI+Vietnam
SK UNIVERSAL,https://www.google.com/maps/search/SK+UNIVERSAL+DA+NANG+Vietnam
SKC HI-TECH & MARKETING VINA,https://www.google.com/maps/search/SKC+HI-TECH+&+MARKETING+VINA+HA+NOI+Vietnam
SK-TECH,https://www.google.com/maps/search/SK-TECH+HA+NOI+Vietnam
SKY DENOV VINA,https://www.google.com/maps/search/SKY+DENOV+VINA+VINH+PHUC+Vietnam
SKY GARDEN HOTEL,https://www.google.com/maps/search/SKY+GARDEN+HOTEL+BAC+NINH+Vietnam
SKY LAKE RESORT & GOLF CLUB,https://www.google.com/maps/search/SKY+LAKE+RESORT+&+GOLF+CLUB+HA+NOI+Vietnam
SKY TRIP,https://www.google.com/maps/search/SKY+TRIP+HA+NOI+Vietnam
SKYCROSS VINA COMPANY LIMITED,https://www.google.com/maps/search/SKYCROSS+VINA+COMPANY+LIMITED+HAI+PHONG+Vietnam
SL ELECTRONICS VIETNAM,https://www.google.com/maps/search/SL+ELECTRONICS+VIETNAM+HAI+PHONG+Vietnam
SL GLOBAL VINA,https://www.google.com/maps/search/SL+GLOBAL+VINA+HA+NOI+Vietnam
"SLS CHEM & TECH CO.,LTD","https://www.google.com/maps/search/SLS+CHEM+&+TECH+CO.,LTD+BAC+NINH+Vietnam"
"SM ADM21 VINA CO.,LTD","https://www.google.com/maps/search/SM+ADM21+VINA+CO.,LTD+NINH+BINH+Vietnam"
"SM TECH VIETNAM CO.,LTD","https://www.google.com/maps/search/SM+TECH+VIETNAM+CO.,LTD+BAC+NINH+Vietnam"
SM TECH VINA ENGINEERING COMPANY LIMITED,https://www.google.com/maps/search/SM+TECH+VINA+ENGINEERING+COMPANY+LIMITED+HAI+PHONG+Vietnam
S-MAC HT,https://www.google.com/maps/search/S-MAC+HT+HA+NAM+Vietnam
"SMART CARGO SERVICE CO.,LTD","https://www.google.com/maps/search/SMART+CARGO+SERVICE+CO.,LTD+HA+NOI+Vietnam"
"SMART TD VINA CO.,LTD","https://www.google.com/maps/search/SMART+TD+VINA+CO.,LTD+BAC+NINH+Vietnam"
SMART TECH VINA COMPANY LIMITED,https://www.google.com/maps/search/SMART+TECH+VINA+COMPANY+LIMITED+BAC+GIANG+Vietnam
"SMART VINA CO., LTD","https://www.google.com/maps/search/SMART+VINA+CO.,+LTD+BAC+NINH+Vietnam"
SMARTHOMES,https://www.google.com/maps/search/SMARTHOMES+HA+NOI+Vietnam
Smartscore Vietnam LLC,https://www.google.com/maps/search/Smartscore+Vietnam+LLC+HA+NOI+Vietnam
"SMBL CO., LTD","https://www.google.com/maps/search/SMBL+CO.,+LTD+HA+NOI+Vietnam"
Smcity,https://www.google.com/maps/search/Smcity+HUE+Vietnam
SME LOGISTICS,https://www.google.com/maps/search/SME+LOGISTICS+HA+NAM+Vietnam
"SME VIETNAM CO.,LTD","https://www.google.com/maps/search/SME+VIETNAM+CO.,LTD+BAC+GIANG+Vietnam"
"SMEC VINA CO.,LTD","https://www.google.com/maps/search/SMEC+VINA+CO.,LTD+HA+NOI+Vietnam"
SMILE REAL ESTATE,https://www.google.com/maps/search/SMILE+REAL+ESTATE+HA+NOI+Vietnam
"SN HITEC VINA CO.,LTD","https://www.google.com/maps/search/SN+HITEC+VINA+CO.,LTD+BAC+NINH+Vietnam"
SN VINA,https://www.google.com/maps/search/SN+VINA+THAI+NGUYEN+Vietnam
SNA VIETNAM,https://www.google.com/maps/search/SNA+VIETNAM+BAC+NINH+Vietnam
SNG THAI NGUYEN COMPANY LIMITED,https://www.google.com/maps/search/SNG+THAI+NGUYEN+COMPANY+LIMITED+THAI+NGUYEN+Vietnam
SNJ VINA,https://www.google.com/maps/search/SNJ+VINA+PHU+THO+Vietnam
"SNS Korvina Co., Ltd","https://www.google.com/maps/search/SNS+Korvina+Co.,+Ltd+BAC+NINH+Vietnam"
SNS VIETNAM,https://www.google.com/maps/search/SNS+VIETNAM+HUNG+YEN+Vietnam
"SoilBuild Asset Managemenet & Service Co., Ltd.","https://www.google.com/maps/search/SoilBuild+Asset+Managemenet+&+Service+Co.,+Ltd.+HA+NOI+Vietnam"
"SOLA ETM SERVICE & TRADING Co.,Ltd","https://www.google.com/maps/search/SOLA+ETM+SERVICE+&+TRADING+Co.,Ltd+HA+NOI+Vietnam"
"SOLUM VINA CO.,LTD","https://www.google.com/maps/search/SOLUM+VINA+CO.,LTD+VINH+PHUC+Vietnam"
SONG DA AIT,https://www.google.com/maps/search/SONG+DA+AIT+HA+NOI+Vietnam
"SONG HAN CO.,LTD","https://www.google.com/maps/search/SONG+HAN+CO.,LTD+HA+NOI+Vietnam"
"SONGLIM INDUSTRY VINA Co.,Ltd","https://www.google.com/maps/search/SONGLIM+INDUSTRY+VINA+Co.,Ltd+BAC+GIANG+Vietnam"
SONGLIM VINA,https://www.google.com/maps/search/SONGLIM+VINA+BAC+NINH+Vietnam
SONO Belle HAI PHONG Golf & Resort,https://www.google.com/maps/search/SONO+Belle+HAI+PHONG+Golf+&+Resort+HAI+PHONG+Vietnam
SOOHYUN VINA COMPANY LIMITED,https://www.google.com/maps/search/SOOHYUN+VINA+COMPANY+LIMITED+BAC+NINH+Vietnam
Soon’s Cosmetic House,https://www.google.com/maps/search/Soon’s+Cosmetic+House+HA+NOI+Vietnam
Soosan enesol vina,https://www.google.com/maps/search/Soosan+enesol+vina+HA+NAM+Vietnam
SORHYANG COMPANY LIMITED,https://www.google.com/maps/search/SORHYANG+COMPANY+LIMITED+DA+NANG+Vietnam
SOVICO GROUP JOINT STOCK COMPANY,https://www.google.com/maps/search/SOVICO+GROUP+JOINT+STOCK+COMPANY+HO+CHI+MINH+Vietnam
"SP GLOBAL CO., LTD","https://www.google.com/maps/search/SP+GLOBAL+CO.,+LTD+HA+NOI+Vietnam"
"SPACE 21 FONEXIM CO.,LTD","https://www.google.com/maps/search/SPACE+21+FONEXIM+CO.,LTD+HA+NOI+Vietnam"
SPECIAL WHITE,https://www.google.com/maps/search/SPECIAL+WHITE+BAC+NINH+Vietnam
"SPHERE VINA CO., LTD","https://www.google.com/maps/search/SPHERE+VINA+CO.,+LTD+BAC+GIANG+Vietnam"
SPPS CORP,https://www.google.com/maps/search/SPPS+CORP+KOREA+Vietnam
SPRAY AUTO TECHNOLOGY VINA,https://www.google.com/maps/search/SPRAY+AUTO+TECHNOLOGY+VINA+BAC+NINH+Vietnam
SR HA NOI DAEDONG,https://www.google.com/maps/search/SR+HA+NOI+DAEDONG+BAC+NINH+Vietnam
SR TECH,https://www.google.com/maps/search/SR+TECH+THAI+NGUYEN+Vietnam
SSANGYONG ENGINEERING,https://www.google.com/maps/search/SSANGYONG+ENGINEERING+HA+NOI+Vietnam
SSNEWTECH VIETNAM,https://www.google.com/maps/search/SSNEWTECH+VIETNAM+THAI+NGUYEN+Vietnam
SSV EXPORT GARMENT COMPANY,https://www.google.com/maps/search/SSV+EXPORT+GARMENT+COMPANY+HAI+DUONG+Vietnam
"ST VINA CO.,LTD","https://www.google.com/maps/search/ST+VINA+CO.,LTD+BAC+NINH+Vietnam"
STAR Logistics VINA,https://www.google.com/maps/search/STAR+Logistics+VINA+HAI+PHONG+Vietnam
STC ENG VINA COMPANY LIMITED,https://www.google.com/maps/search/STC+ENG+VINA+COMPANY+LIMITED+PHU+THO+Vietnam
STECH VINA VN COMPANY LIMITED,https://www.google.com/maps/search/STECH+VINA+VN+COMPANY+LIMITED+THANH+HOA+Vietnam
STN VINA COMPANY LIMITED,https://www.google.com/maps/search/STN+VINA+COMPANY+LIMITED+BAC+NINH+Vietnam
STOKES INTERIOR,https://www.google.com/maps/search/STOKES+INTERIOR+HA+NOI+Vietnam
"SUECO VINA CO.,LTD","https://www.google.com/maps/search/SUECO+VINA+CO.,LTD+BAC+NINH+Vietnam"
"Sumika Electronic Materials Vietnam Co.,LTD","https://www.google.com/maps/search/Sumika+Electronic+Materials+Vietnam+Co.,LTD+BAC+NINH+Vietnam"
"SUMMIT JC VINA CO.,LTD","https://www.google.com/maps/search/SUMMIT+JC+VINA+CO.,LTD+HAI+DUONG+Vietnam"
SUMMIT SYSTEM VIETNAM COMPANY LIMITED,https://www.google.com/maps/search/SUMMIT+SYSTEM+VIETNAM+COMPANY+LIMITED+BAC+NINH+Vietnam
SUN MEDICAL CENTER VIET NAM,https://www.google.com/maps/search/SUN+MEDICAL+CENTER+VIET+NAM+HA+NOI+Vietnam
SUN TECHNOLOGY VINA COMPANY LIMITED,https://www.google.com/maps/search/SUN+TECHNOLOGY+VINA+COMPANY+LIMITED+BAC+NINH+Vietnam
SUNFLOWER INTERNATIONAL VILLAGE CORP,https://www.google.com/maps/search/SUNFLOWER+INTERNATIONAL+VILLAGE+CORP+HAI+PHONG+Vietnam
SUNG HYUN VINA JSC,https://www.google.com/maps/search/SUNG+HYUN+VINA+JSC+BINH+DUONG+Vietnam
"SUNG IL VINA CO., LTD","https://www.google.com/maps/search/SUNG+IL+VINA+CO.,+LTD+BAC+NINH+Vietnam"
"SUNG JIN APPAREL CO.,LTD","https://www.google.com/maps/search/SUNG+JIN+APPAREL+CO.,LTD+THAI+BINH+Vietnam"
"SUNG JIN VINA CO.,LTD","https://www.google.com/maps/search/SUNG+JIN+VINA+CO.,LTD+PHU+THO+Vietnam"
SUNG WON TECH,https://www.google.com/maps/search/SUNG+WON+TECH+VINH+PHUC+Vietnam
"SUNG WOO TECH VINA CO.,LTD","https://www.google.com/maps/search/SUNG+WOO+TECH+VINA+CO.,LTD+HAI+PHONG+Vietnam"
SUNG WOO VINA,https://www.google.com/maps/search/SUNG+WOO+VINA+BAC+GIANG+Vietnam
SUNGARD VIETNAM,https://www.google.com/maps/search/SUNGARD+VIETNAM+HA+NOI+Vietnam
SUNGDO ENG VIETNAM,https://www.google.com/maps/search/SUNGDO+ENG+VIETNAM+HA+NOI+Vietnam
"SUNGGOK VINA Co.,Ltd","https://www.google.com/maps/search/SUNGGOK+VINA+Co.,Ltd+BAC+NINH+Vietnam"
SUNGJI GROUP VIETNAM,https://www.google.com/maps/search/SUNGJI+GROUP+VIETNAM+HA+NOI+Vietnam
"SUNGJIN NICE VN Co.,Ltd","https://www.google.com/maps/search/SUNGJIN+NICE+VN+Co.,Ltd+HAI+DUONG+Vietnam"
SUNGMUN PRINT & TRIM,https://www.google.com/maps/search/SUNGMUN+PRINT+&+TRIM+HA+NOI+Vietnam
SUNGNAM VINA,https://www.google.com/maps/search/SUNGNAM+VINA+BAC+NINH+Vietnam
Sungshin Advisory,https://www.google.com/maps/search/Sungshin+Advisory+HA+NOI+Vietnam
SUNGSHIN F&b,https://www.google.com/maps/search/SUNGSHIN+F&b+HA+NOI+Vietnam
SUNGSHIN MATERIAL,https://www.google.com/maps/search/SUNGSHIN+MATERIAL+HA+NOI+Vietnam
"SUNGSHIN NETWORK CO.,LTD","https://www.google.com/maps/search/SUNGSHIN+NETWORK+CO.,LTD+HA+NOI+Vietnam"
SUNGSHIN VINA,https://www.google.com/maps/search/SUNGSHIN+VINA+HA+NOI+Vietnam
SUNGWOON INTERNATIONAL,https://www.google.com/maps/search/SUNGWOON+INTERNATIONAL+PHU+THO+Vietnam
SUNJAE VINA,https://www.google.com/maps/search/SUNJAE+VINA+THAI+NGUYEN+Vietnam
SUNJIN ENGINEERING & ARCHITECTURE,https://www.google.com/maps/search/SUNJIN+ENGINEERING+&+ARCHITECTURE+HA+NOI+Vietnam
"SUNJIN HA NOI CO.,LTD","https://www.google.com/maps/search/SUNJIN+HA+NOI+CO.,LTD+BAC+GIANG+Vietnam"
Sunjin Vina,https://www.google.com/maps/search/Sunjin+Vina+HA+NAM+Vietnam
SUNKANG,https://www.google.com/maps/search/SUNKANG+HUNG+YEN+Vietnam
SUNKYOUNG TECH COMPANY LIMITED,https://www.google.com/maps/search/SUNKYOUNG+TECH+COMPANY+LIMITED+BAC+NINH+Vietnam
"SUNKYUNG ENC VINA CO.,LTD","https://www.google.com/maps/search/SUNKYUNG+ENC+VINA+CO.,LTD+HA+NOI+Vietnam"
"SUNLIN ELECTRONICS CO., LTD","https://www.google.com/maps/search/SUNLIN+ELECTRONICS+CO.,+LTD+HA+NAM+Vietnam"
"SUNMYUNG GLOVE CO.,LTD","https://www.google.com/maps/search/SUNMYUNG+GLOVE+CO.,LTD+HA+NAM+Vietnam"
SUNNY BREAD CAFE,https://www.google.com/maps/search/SUNNY+BREAD+CAFE+DA+NANG+Vietnam
SUNNY OPTICS VINA,https://www.google.com/maps/search/SUNNY+OPTICS+VINA+THAI+NGUYEN+Vietnam
SUNTRAVEL,https://www.google.com/maps/search/SUNTRAVEL+HA+NOI+Vietnam
SUNWAY VINA,https://www.google.com/maps/search/SUNWAY+VINA+BAC+NINH+Vietnam
"SUP VINA CO.,LTD","https://www.google.com/maps/search/SUP+VINA+CO.,LTD+VINH+PHUC+Vietnam"
"SUSFINE VINA CO.,LTD","https://www.google.com/maps/search/SUSFINE+VINA+CO.,LTD+BAC+NINH+Vietnam"
"SW F&B CO.,LTD","https://www.google.com/maps/search/SW+F&B+CO.,LTD+HO+CHI+MINH+Vietnam"
"SWEETBOX - MART24 CO.,LTD","https://www.google.com/maps/search/SWEETBOX+-+MART24+CO.,LTD+DA+NANG+Vietnam"
SY CHEM VINA COMPANY LIMITED,https://www.google.com/maps/search/SY+CHEM+VINA+COMPANY+LIMITED+BAC+NINH+Vietnam
SY TECH VINA,https://www.google.com/maps/search/SY+TECH+VINA+BAC+NINH+Vietnam
"SY VINA CO.,LTD","https://www.google.com/maps/search/SY+VINA+CO.,LTD+VINH+PHUC+Vietnam"
"SYE VINA CO.,LTD","https://www.google.com/maps/search/SYE+VINA+CO.,LTD+VINH+PHUC+Vietnam"
"SYMKOS Co.,Ltd","https://www.google.com/maps/search/SYMKOS+Co.,Ltd+BAC+NINH+Vietnam"
Synopex Viet Nam JSC,https://www.google.com/maps/search/Synopex+Viet+Nam+JSC+BAC+NINH+Vietnam
SYPANEL VINA,https://www.google.com/maps/search/SYPANEL+VINA+HA+NOI+Vietnam
"SYSTEM RND VIETNAM CO.,LTD","https://www.google.com/maps/search/SYSTEM+RND+VIETNAM+CO.,LTD+HAI+PHONG+Vietnam"
"T&D TECH VINA CO., LTD","https://www.google.com/maps/search/T&D+TECH+VINA+CO.,+LTD+BAC+NINH+Vietnam"
T&F VINA,https://www.google.com/maps/search/T&F+VINA+BAC+NINH+Vietnam
"T&H Consultancy and Trading Co., Ltd.","https://www.google.com/maps/search/T&H+Consultancy+and+Trading+Co.,+Ltd.+HA+NOI+Vietnam"
"T&H LAW FIRM CO.,LTD","https://www.google.com/maps/search/T&H+LAW+FIRM+CO.,LTD+HA+NOI+Vietnam"
"TAC INVESTMENT Co.,Ltd","https://www.google.com/maps/search/TAC+INVESTMENT+Co.,Ltd+HA+NOI+Vietnam"
TAD TECH VINA,https://www.google.com/maps/search/TAD+TECH+VINA+BAC+NINH+Vietnam
"TAE IL VINA CO.,LTD","https://www.google.com/maps/search/TAE+IL+VINA+CO.,LTD+HAI+DUONG+Vietnam"
TAE KWANG TECH VINA COMPANY LIMITED,https://www.google.com/maps/search/TAE+KWANG+TECH+VINA+COMPANY+LIMITED+BAC+NINH+Vietnam
TAE KYOUNG HI-TECH VINA COMPANY LIMITED,https://www.google.com/maps/search/TAE+KYOUNG+HI-TECH+VINA+COMPANY+LIMITED+BAC+NINH+Vietnam
Taechang Precision Vina,https://www.google.com/maps/search/Taechang+Precision+Vina+PHU+THO+Vietnam
TAEHA VINA,https://www.google.com/maps/search/TAEHA+VINA+BAC+NINH+Vietnam
TAEIN VINA,https://www.google.com/maps/search/TAEIN+VINA+BAC+GIANG+Vietnam
TAEJUNGTEK VINA,https://www.google.com/maps/search/TAEJUNGTEK+VINA+BAC+NINH+Vietnam
"TAEKYUNG VINA CO.,LTD","https://www.google.com/maps/search/TAEKYUNG+VINA+CO.,LTD+HAI+DUONG+Vietnam"
TAESAN VIETNAM,https://www.google.com/maps/search/TAESAN+VIETNAM+BAC+NINH+Vietnam
"TAESUNG ENGINEERING VINA CO.,LTD","https://www.google.com/maps/search/TAESUNG+ENGINEERING+VINA+CO.,LTD+HAI+PHONG+Vietnam"
TAESUNG HITECH VINA,https://www.google.com/maps/search/TAESUNG+HITECH+VINA+HA+NAM+Vietnam
"TAEWON SOLTECH CO.,LTD","https://www.google.com/maps/search/TAEWON+SOLTECH+CO.,LTD+HA+NOI+Vietnam"
TAEWON TECH VINA,https://www.google.com/maps/search/TAEWON+TECH+VINA+BAC+NINH+Vietnam
TAEYANG ELECTRONIC VIETNAM,https://www.google.com/maps/search/TAEYANG+ELECTRONIC+VIETNAM+BAC+GIANG+Vietnam
TAEYANG VINA,https://www.google.com/maps/search/TAEYANG+VINA+HUNG+YEN+Vietnam
TAIRYONG VIETNAM,https://www.google.com/maps/search/TAIRYONG+VIETNAM+PHU+THO+Vietnam
"TAIWOO TECHNOLOGY SHENZHEN CO.,LTD","https://www.google.com/maps/search/TAIWOO+TECHNOLOGY+SHENZHEN+CO.,LTD+HAI+DUONG+Vietnam"
TAM VUONG CORP,https://www.google.com/maps/search/TAM+VUONG+CORP+HA+NOI+Vietnam
Tanmy Design,https://www.google.com/maps/search/Tanmy+Design+HA+NOI+Vietnam
TARP LINE HA NOI,https://www.google.com/maps/search/TARP+LINE+HA+NOI+PHU+THO+Vietnam
TARP LINE HA NOI,https://www.google.com/maps/search/TARP+LINE+HA+NOI+PHU+THO+Vietnam
Tarpia,https://www.google.com/maps/search/Tarpia+PHU+THO+Vietnam
Taseco Land Investment Joint Stock Company,https://www.google.com/maps/search/Taseco+Land+Investment+Joint+Stock+Company+HA+NOI+Vietnam
TBO VINA,https://www.google.com/maps/search/TBO+VINA+NAM+DINH+Vietnam
"TBS CAPITAL VN co.,ltd","https://www.google.com/maps/search/TBS+CAPITAL+VN+co.,ltd+HO+CHI+MINH+Vietnam"
TC & PARTNERS LAW FIRM,https://www.google.com/maps/search/TC+&+PARTNERS+LAW+FIRM+HA+NOI+Vietnam
TCE JEANS CO.LTD,https://www.google.com/maps/search/TCE+JEANS+CO.LTD+THANH+HOA+Vietnam
TDI ELECTRONICS VIETNAM,https://www.google.com/maps/search/TDI+ELECTRONICS+VIETNAM+HA+NAM+Vietnam
"TECH & INNOVATION Co.,Ltd","https://www.google.com/maps/search/TECH+&+INNOVATION+Co.,Ltd+BAC+NINH+Vietnam"
"TECH SOLUTION VINA Co.,Ltd","https://www.google.com/maps/search/TECH+SOLUTION+VINA+Co.,Ltd+BAC+NINH+Vietnam"
TECHCOM BANK,https://www.google.com/maps/search/TECHCOM+BANK+HA+NOI+Vietnam
"TECTYL INDUSTRIAL OIL EXPORT IMPORT TRADE CO.,LTD","https://www.google.com/maps/search/TECTYL+INDUSTRIAL+OIL+EXPORT+IMPORT+TRADE+CO.,LTD+HA+NOI+Vietnam"
TECTYL OIL & CHEMICALS VINA Hanoi Branch,https://www.google.com/maps/search/TECTYL+OIL+&+CHEMICALS+VINA+Hanoi+Branch+HA+NOI+Vietnam
TELCON VINA,https://www.google.com/maps/search/TELCON+VINA+HA+NAM+Vietnam
TELLUS TECH VINA,https://www.google.com/maps/search/TELLUS+TECH+VINA+HA+NOI+Vietnam
TEMSCO,https://www.google.com/maps/search/TEMSCO+HA+NOI+Vietnam
"TERATECH VIETNAM CO.,LTD","https://www.google.com/maps/search/TERATECH+VIETNAM+CO.,LTD+BAC+NINH+Vietnam"
TERATRON COMPANY LIMITED.,https://www.google.com/maps/search/TERATRON+COMPANY+LIMITED.+BAC+NINH+Vietnam
"TERRABEE VINA CO.,LTD","https://www.google.com/maps/search/TERRABEE+VINA+CO.,LTD+THAI+NGUYEN+Vietnam"
TERRASEM VINA,https://www.google.com/maps/search/TERRASEM+VINA+VINH+PHUC+Vietnam
TESTTECH VINA COMPANY LIMITED,https://www.google.com/maps/search/TESTTECH+VINA+COMPANY+LIMITED+THAI+NGUYEN+Vietnam
"TE-VINA PRIME Co., LTD","https://www.google.com/maps/search/TE-VINA+PRIME+Co.,+LTD+PHU+THO+Vietnam"
TEXMART VINA,https://www.google.com/maps/search/TEXMART+VINA+PHU+THO+Vietnam
"TEXON VIETNAM Co.,Ltd","https://www.google.com/maps/search/TEXON+VIETNAM+Co.,Ltd+BAC+NINH+Vietnam"
TH TOURS,https://www.google.com/maps/search/TH+TOURS+HA+NOI+Vietnam
THACO,https://www.google.com/maps/search/THACO+QUANG+NAM+Vietnam
THAI HA URBAN AND INDUSTRIAL PARK INVESTMENT JOINT STOCK COMPANY,https://www.google.com/maps/search/THAI+HA+URBAN+AND+INDUSTRIAL+PARK+INVESTMENT+JOINT+STOCK+COMPANY+HA+NAM+Vietnam
Thai Hoa Gloves,https://www.google.com/maps/search/Thai+Hoa+Gloves+THAI+NGUYEN+Vietnam
"THAO NGOC HA NOI CO.,LTD","https://www.google.com/maps/search/THAO+NGOC+HA+NOI+CO.,LTD+BAC+NINH+Vietnam"
"THE DREAM VINA CO.,LTD","https://www.google.com/maps/search/THE+DREAM+VINA+CO.,LTD+BAC+NINH+Vietnam"
THE EXPORT-IMPORT BANK OF KOREA,https://www.google.com/maps/search/THE+EXPORT-IMPORT+BANK+OF+KOREA+HA+NOI+Vietnam
THE FOOD VINA,https://www.google.com/maps/search/THE+FOOD+VINA+BAC+NINH+Vietnam
THE KITCHEN,https://www.google.com/maps/search/THE+KITCHEN+HA+NOI+Vietnam
"THE LEE & CO.,LTD","https://www.google.com/maps/search/THE+LEE+&+CO.,LTD+DA+NANG+Vietnam"
THE ONE TRADE COMPANY,https://www.google.com/maps/search/THE+ONE+TRADE+COMPANY+HA+NOI+Vietnam
"THE PRIME CO.,LTD","https://www.google.com/maps/search/THE+PRIME+CO.,LTD+BAC+NINH+Vietnam"
THE REPPRESENTATIVE OFFICE OF TOKYO KEIKI INC,https://www.google.com/maps/search/THE+REPPRESENTATIVE+OFFICE+OF+TOKYO+KEIKI+INC+HO+CHI+MINH+Vietnam
THE REPRESENTATIVE OFFICE OF GMS IN VINH PHUC,https://www.google.com/maps/search/THE+REPRESENTATIVE+OFFICE+OF+GMS+IN+VINH+PHUC+VINH+PHUC+Vietnam
"THE RICH COMPANY VIET NAM CO.,LTD","https://www.google.com/maps/search/THE+RICH+COMPANY+VIET+NAM+CO.,LTD+BAC+NINH+Vietnam"
THE S&S VINA COMPANY LIMITED,https://www.google.com/maps/search/THE+S&S+VINA+COMPANY+LIMITED+PHU+THO+Vietnam
THE STAY HOTEL,https://www.google.com/maps/search/THE+STAY+HOTEL+HAI+PHONG+Vietnam
THE TRAY HOTEL,https://www.google.com/maps/search/THE+TRAY+HOTEL+HAI+PHONG+Vietnam
THN AUTOPARTS VIETNAM COMPANY LIMITED,https://www.google.com/maps/search/THN+AUTOPARTS+VIETNAM+COMPANY+LIMITED+THANH+HOA+Vietnam
THO XUAN CORPORATION COMPANY LIMITED,https://www.google.com/maps/search/THO+XUAN+CORPORATION+COMPANY+LIMITED+THANH+HOA+Vietnam
"THT DEVELOPMENT CO., LTD","https://www.google.com/maps/search/THT+DEVELOPMENT+CO.,+LTD+HA+NOI+Vietnam"
TIC CORPORATION VINA COMPANY LIMITED,https://www.google.com/maps/search/TIC+CORPORATION+VINA+COMPANY+LIMITED+BAC+NINH+Vietnam
TIPACK VIETNAM,https://www.google.com/maps/search/TIPACK+VIETNAM+VINH+PHUC+Vietnam
"TJB VINA CO.,LTD","https://www.google.com/maps/search/TJB+VINA+CO.,LTD+PHU+THO+Vietnam"
"TJMEX CO.,LTD","https://www.google.com/maps/search/TJMEX+CO.,LTD+THAI+BINH+Vietnam"
"TKES CO.,LTD","https://www.google.com/maps/search/TKES+CO.,LTD+HUNG+YEN+Vietnam"
TMCENTER(TMC),https://www.google.com/maps/search/TMCENTER(TMC)+HA+NOI+Vietnam
TMS GROUP JSC,https://www.google.com/maps/search/TMS+GROUP+JSC+HA+NOI+Vietnam
TNHH H&G,https://www.google.com/maps/search/TNHH+H&G+HA+NOI+Vietnam
"TNT FLOWER CAFE CO.,LTD","https://www.google.com/maps/search/TNT+FLOWER+CAFE+CO.,LTD+DA+NANG+Vietnam"
toim vina,https://www.google.com/maps/search/toim+vina+HUNG+YEN+Vietnam
"TOOL KOREA VINA CO., LTD","https://www.google.com/maps/search/TOOL+KOREA+VINA+CO.,+LTD+HA+NOI+Vietnam"
TOOLTOP VINA,https://www.google.com/maps/search/TOOLTOP+VINA+BAC+NINH+Vietnam
TOP INTERCUBE ELECTRONICS VINA COMPANY LIMITED,https://www.google.com/maps/search/TOP+INTERCUBE+ELECTRONICS+VINA+COMPANY+LIMITED+VINH+PHUC+Vietnam
TOP RUN FAMILY,https://www.google.com/maps/search/TOP+RUN+FAMILY+HAI+PHONG+Vietnam
TOP SCREEN VINA,https://www.google.com/maps/search/TOP+SCREEN+VINA+BAC+NINH+Vietnam
TOPCV VIET NAM JOINT STOCK COMPANY,https://www.google.com/maps/search/TOPCV+VIET+NAM+JOINT+STOCK+COMPANY+HA+NOI+Vietnam
"TOPEC VIETNAM Co.,Ltd","https://www.google.com/maps/search/TOPEC+VIETNAM+Co.,Ltd+HA+NOI+Vietnam"
TOTAL ENVIRONMENT,https://www.google.com/maps/search/TOTAL+ENVIRONMENT+BAC+NINH+Vietnam
TOTAL VINA,https://www.google.com/maps/search/TOTAL+VINA+BAC+NINH+Vietnam
"TOTOBOOKING CO.,LTD","https://www.google.com/maps/search/TOTOBOOKING+CO.,LTD+DA+NANG+Vietnam"
TP BANK,https://www.google.com/maps/search/TP+BANK+HA+NOI+Vietnam
TPLUS TECHNOLOGY EXCHANGE AND INVESTMENT JSC,https://www.google.com/maps/search/TPLUS+TECHNOLOGY+EXCHANGE+AND+INVESTMENT+JSC+HA+NOI+Vietnam
TPS,https://www.google.com/maps/search/TPS+PHU+THO+Vietnam
"Trane Vietnam Service Co., Ltd","https://www.google.com/maps/search/Trane+Vietnam+Service+Co.,+Ltd+HA+NOI+Vietnam"
"TRANSON VIETNAM CO.,LTD","https://www.google.com/maps/search/TRANSON+VIETNAM+CO.,LTD+HOA+BINH+Vietnam"
"TRAVIS VINA ELEVATOR CO.,LTD","https://www.google.com/maps/search/TRAVIS+VINA+ELEVATOR+CO.,LTD+HA+NOI+Vietnam"
TRITON,https://www.google.com/maps/search/TRITON+NAM+DINH+Vietnam
"TRUWIN VINA CO.,LTD","https://www.google.com/maps/search/TRUWIN+VINA+CO.,LTD+BAC+NINH+Vietnam"
TRVH,https://www.google.com/maps/search/TRVH+HAI+PHONG+Vietnam
"TS ENC VINA CO.,LTD","https://www.google.com/maps/search/TS+ENC+VINA+CO.,LTD+HA+NOI+Vietnam"
TS FLEX COMPANY LIMITED,https://www.google.com/maps/search/TS+FLEX+COMPANY+LIMITED+PHU+THO+Vietnam
TS VINA,https://www.google.com/maps/search/TS+VINA+BAC+GIANG+Vietnam
"TTB VIETNAM MFG CO.,LTD","https://www.google.com/maps/search/TTB+VIETNAM+MFG+CO.,LTD+BAC+GIANG+Vietnam"
TTP Bengoshi law firm,https://www.google.com/maps/search/TTP+Bengoshi+law+firm+HA+NOI+Vietnam
TUNGSTEN VIETNAM JOINT STOCK COMPANY,https://www.google.com/maps/search/TUNGSTEN+VIETNAM+JOINT+STOCK+COMPANY+THAI+NGUYEN+Vietnam
"TUSEUNG TECH ELECTRONICS CO.,LTD","https://www.google.com/maps/search/TUSEUNG+TECH+ELECTRONICS+CO.,LTD+BAC+NINH+Vietnam"
"TUV RHEINLAND VIETNAM  CO.,LTD","https://www.google.com/maps/search/TUV+RHEINLAND+VIETNAM++CO.,LTD+HA+NOI+Vietnam"
T'WAY AIR,https://www.google.com/maps/search/T'WAY+AIR+HA+NOI+Vietnam
"TWIM A&T VINA CO.,LTD","https://www.google.com/maps/search/TWIM+A&T+VINA+CO.,LTD+BAC+NINH+Vietnam"
TWO H,https://www.google.com/maps/search/TWO+H+HAI+PHONG+Vietnam
TZ HITEC,https://www.google.com/maps/search/TZ+HITEC+HA+NAM+Vietnam
UBI PLASTIC PACKAGING,https://www.google.com/maps/search/UBI+PLASTIC+PACKAGING+BAC+NINH+Vietnam
UHY ACA AUDITING AND CONSULTING,https://www.google.com/maps/search/UHY+ACA+AUDITING+AND+CONSULTING+HA+NOI+Vietnam
"UIL ULTRASONIC VIETNAM Co.,Ltd","https://www.google.com/maps/search/UIL+ULTRASONIC+VIETNAM+Co.,Ltd+HAI+DUONG+Vietnam"
"UIL VIETNAM CO.,LTD","https://www.google.com/maps/search/UIL+VIETNAM+CO.,LTD+BAC+NINH+Vietnam"
"UJU VINA CO.,LTD","https://www.google.com/maps/search/UJU+VINA+CO.,LTD+VINH+PHUC+Vietnam"
"UNFOLD VINA CO., LTD","https://www.google.com/maps/search/UNFOLD+VINA+CO.,+LTD+BAC+GIANG+Vietnam"
UNI CONSULTING,https://www.google.com/maps/search/UNI+CONSULTING+HA+NOI+Vietnam
"UNI CORETECH VINA CO., LTD","https://www.google.com/maps/search/UNI+CORETECH+VINA+CO.,+LTD+HA+NAM+Vietnam"
"UNI TECH HN CO., LTD","https://www.google.com/maps/search/UNI+TECH+HN+CO.,+LTD+HA+NOI+Vietnam"
UNICO LOGISTICS VIET NAM,https://www.google.com/maps/search/UNICO+LOGISTICS+VIET+NAM+HA+NOI+Vietnam
"UNICOGLOBAL VN CO.,LTD","https://www.google.com/maps/search/UNICOGLOBAL+VN+CO.,LTD+BAC+GIANG+Vietnam"
UNIELFLEX VINA,https://www.google.com/maps/search/UNIELFLEX+VINA+VINH+PHUC+Vietnam
UNION ENV COMPANY LIMITED,https://www.google.com/maps/search/UNION+ENV+COMPANY+LIMITED+BAC+NINH+Vietnam
"UNI-PACK VIETNAM CO.,LTD","https://www.google.com/maps/search/UNI-PACK+VIETNAM+CO.,LTD+HUNG+YEN+Vietnam"
UNIQUE SOUND VIETNAM,https://www.google.com/maps/search/UNIQUE+SOUND+VIETNAM+HAI+DUONG+Vietnam
"UNI-TECH GREEN VINA Co.,Ltd","https://www.google.com/maps/search/UNI-TECH+GREEN+VINA+Co.,Ltd+BAC+NINH+Vietnam"
US COM LOGISTICS INC.,https://www.google.com/maps/search/US+COM+LOGISTICS+INC.+HA+NOI+Vietnam
UST VINA,https://www.google.com/maps/search/UST+VINA+DA+NANG+Vietnam
"U-TECH CO.,LTD","https://www.google.com/maps/search/U-TECH+CO.,LTD+BAC+GIANG+Vietnam"
UTI VINA,https://www.google.com/maps/search/UTI+VINA+THAI+NGUYEN+Vietnam
UUL LIGHT,https://www.google.com/maps/search/UUL+LIGHT+VINH+PHUC+Vietnam
"UVFLEX CO., LTD","https://www.google.com/maps/search/UVFLEX+CO.,+LTD+BAC+NINH+Vietnam"
"V ONE LOGISTICS HA NOI CO.,LTD","https://www.google.com/maps/search/V+ONE+LOGISTICS+HA+NOI+CO.,LTD+HA+NOI+Vietnam"
V.P.E,https://www.google.com/maps/search/V.P.E+HA+NOI+Vietnam
VACO AUDITING COMPANY LTD.,https://www.google.com/maps/search/VACO+AUDITING+COMPANY+LTD.+HA+NOI+Vietnam
"VALUEPLUS VINA CO.,LTD","https://www.google.com/maps/search/VALUEPLUS+VINA+CO.,LTD+BAC+NINH+Vietnam"
VAN TRI GOLF CLUB,https://www.google.com/maps/search/VAN+TRI+GOLF+CLUB+HA+NOI+Vietnam
VATECH VIET,https://www.google.com/maps/search/VATECH+VIET+HA+NOI+Vietnam
V-CITY 21 JSC,https://www.google.com/maps/search/V-CITY+21+JSC+HA+NOI+Vietnam
VDC-NET2E JSC,https://www.google.com/maps/search/VDC-NET2E+JSC+HA+NOI+Vietnam
VDS VIETNAM,https://www.google.com/maps/search/VDS+VIETNAM+BAC+NINH+Vietnam
"VEGA REX HA NOI CO.,LTD","https://www.google.com/maps/search/VEGA+REX+HA+NOI+CO.,LTD+HA+NOI+Vietnam"
"VEKO INTERNATIONAL Co.,Ltd","https://www.google.com/maps/search/VEKO+INTERNATIONAL+Co.,Ltd+HA+NOI+Vietnam"
VERY VINA,https://www.google.com/maps/search/VERY+VINA+HAI+DUONG+Vietnam
"VES VIETNAM Co.,Ltd","https://www.google.com/maps/search/VES+VIETNAM+Co.,Ltd+HA+NOI+Vietnam"
"VESCO PEST CONTROL Co.,LTD","https://www.google.com/maps/search/VESCO+PEST+CONTROL+Co.,LTD+HA+NOI+Vietnam"
"VFD VINA CO.,LTD","https://www.google.com/maps/search/VFD+VINA+CO.,LTD+HA+NOI+Vietnam"
Vibey,https://www.google.com/maps/search/Vibey+HA+NOI+Vietnam
"VICT ENG CO.,LTD","https://www.google.com/maps/search/VICT+ENG+CO.,LTD+VINH+PHUC+Vietnam"
VIDACO,https://www.google.com/maps/search/VIDACO+VINH+PHUC+Vietnam
"VIEKO INTERNATIONAL Co.,ltd","https://www.google.com/maps/search/VIEKO+INTERNATIONAL+Co.,ltd+HA+NOI+Vietnam"
"VIET HAN B & H CO.,LTD","https://www.google.com/maps/search/VIET+HAN+B+&+H+CO.,LTD+NAM+DINH+Vietnam"
Viet Hung Packaging,https://www.google.com/maps/search/Viet+Hung+Packaging+HUNG+YEN+Vietnam
VIET INDUSTRY GROUP JSC,https://www.google.com/maps/search/VIET+INDUSTRY+GROUP+JSC+HA+NOI+Vietnam
VIET KOREA TRADE,https://www.google.com/maps/search/VIET+KOREA+TRADE+HA+NOI+Vietnam
VIET NAM BH INC COMPANY LIMITED,https://www.google.com/maps/search/VIET+NAM+BH+INC+COMPANY+LIMITED+HAI+PHONG+Vietnam
VIET NAM DONG WON GLOVE COMPANY LIMITED,https://www.google.com/maps/search/VIET+NAM+DONG+WON+GLOVE+COMPANY+LIMITED+PHU+THO+Vietnam
"VIET NAM YOUNGJIN VINA FLEX Co.,Ltd","https://www.google.com/maps/search/VIET+NAM+YOUNGJIN+VINA+FLEX+Co.,Ltd+HAI+DUONG+Vietnam"
VIETECO,https://www.google.com/maps/search/VIETECO+HA+NOI+Vietnam
VIETKO VIETNAM,https://www.google.com/maps/search/VIETKO+VIETNAM+BAC+NINH+Vietnam
Vietlink law firm,https://www.google.com/maps/search/Vietlink+law+firm+HA+NOI+Vietnam
VIETNAM - YOUME,https://www.google.com/maps/search/VIETNAM+-+YOUME+HA+NAM+Vietnam
Vietnam Airlines JSC,https://www.google.com/maps/search/Vietnam+Airlines+JSC+HA+NOI+Vietnam
"VIETNAM BUWON CO.,LTD","https://www.google.com/maps/search/VIETNAM+BUWON+CO.,LTD+BAC+NINH+Vietnam"
VIETNAM ENDI. JSC CO,https://www.google.com/maps/search/VIETNAM+ENDI.+JSC+CO+HUNG+YEN+Vietnam
VIETNAM EVACOM TRADING,https://www.google.com/maps/search/VIETNAM+EVACOM+TRADING+HA+NOI+Vietnam
VIETNAM GEOSAN TECH,https://www.google.com/maps/search/VIETNAM+GEOSAN+TECH+BAC+GIANG+Vietnam
VIETNAM GISAN MOBILE,https://www.google.com/maps/search/VIETNAM+GISAN+MOBILE+BAC+GIANG+Vietnam
"VIETNAM HY GLOBAL Co.,Ltd","https://www.google.com/maps/search/VIETNAM+HY+GLOBAL+Co.,Ltd+HA+NOI+Vietnam"
VIETNAM INVEST CENTER,https://www.google.com/maps/search/VIETNAM+INVEST+CENTER+HA+NOI+Vietnam
"Vietnam investment and development Trang Anh Co.,ltd","https://www.google.com/maps/search/Vietnam+investment+and+development+Trang+Anh+Co.,ltd+HA+NOI+Vietnam"
VIETNAM KODSDOOR JSC,https://www.google.com/maps/search/VIETNAM+KODSDOOR+JSC+HA+NOI+Vietnam
Vietnam Korea Medical Corporation,https://www.google.com/maps/search/Vietnam+Korea+Medical+Corporation+HA+NOI+Vietnam
VIETNAM PROFESSIONAL MILK,https://www.google.com/maps/search/VIETNAM+PROFESSIONAL+MILK+HA+NOI+Vietnam
VIETNAM STEEL PIPE(Vinapipe),https://www.google.com/maps/search/VIETNAM+STEEL+PIPE(Vinapipe)+HAI+PHONG+Vietnam
VIETNAM UCT COMPANY LIMITED (UCT VIETNAM),https://www.google.com/maps/search/VIETNAM+UCT+COMPANY+LIMITED+(UCT+VIETNAM)+HA+NAM+Vietnam
"VIETNAM VIETSTANDARD CO.,LTD","https://www.google.com/maps/search/VIETNAM+VIETSTANDARD+CO.,LTD+HA+NOI+Vietnam"
"Vietnam-Korea International Cooperation JSC., (VKIC)","https://www.google.com/maps/search/Vietnam-Korea+International+Cooperation+JSC.,+(VKIC)+HA+NOI+Vietnam"
VIETNAM-SUNNY JEWEL,https://www.google.com/maps/search/VIETNAM-SUNNY+JEWEL+HA+NAM+Vietnam
Vietnhat E&C JSC,https://www.google.com/maps/search/Vietnhat+E&C+JSC+HA+NOI+Vietnam
VIGLACERA REAL ESTATE COMPANY,https://www.google.com/maps/search/VIGLACERA+REAL+ESTATE+COMPANY+HA+NOI+Vietnam
VIKO SAFETY & CONSTRUCTION,https://www.google.com/maps/search/VIKO+SAFETY+&+CONSTRUCTION+HA+NOI+Vietnam
VIKO TRANS CO.LTD,https://www.google.com/maps/search/VIKO+TRANS+CO.LTD+HA+NOI+Vietnam
"VIKO TRANS WORLDWIDE VIET NAM CO.,LTD","https://www.google.com/maps/search/VIKO+TRANS+WORLDWIDE+VIET+NAM+CO.,LTD+DA+NANG+Vietnam"
"VIKO WIRE CO.,LTD","https://www.google.com/maps/search/VIKO+WIRE+CO.,LTD+HUNG+YEN+Vietnam"
"VIKOM CO.,LTD.","https://www.google.com/maps/search/VIKOM+CO.,LTD.+HUNG+YEN+Vietnam"
Vina Anydo Electronics Company Limited,https://www.google.com/maps/search/Vina+Anydo+Electronics+Company+Limited+VINH+PHUC+Vietnam
VINA ARON COMPANY LIMITED,https://www.google.com/maps/search/VINA+ARON+COMPANY+LIMITED+PHU+THO+Vietnam
"VINA AUTOMOTIVE AIRCON MANUFACTURING Co.,Ltd","https://www.google.com/maps/search/VINA+AUTOMOTIVE+AIRCON+MANUFACTURING+Co.,Ltd+QUANG+NAM+Vietnam"
VINA BUHMWOO,https://www.google.com/maps/search/VINA+BUHMWOO+HA+NOI+Vietnam
VINA CENTURY,https://www.google.com/maps/search/VINA+CENTURY+HA+NOI+Vietnam
VINA CPK-BA THIEN 2 IP,https://www.google.com/maps/search/VINA+CPK-BA+THIEN+2+IP+VINH+PHUC+Vietnam
"VINA DAE-A CO.,LTD","https://www.google.com/maps/search/VINA+DAE-A+CO.,LTD+BAC+GIANG+Vietnam"
VINA DUAL ELECTRONICS,https://www.google.com/maps/search/VINA+DUAL+ELECTRONICS+HA+NOI+Vietnam
VINA FLY ASH & CONCRETE,https://www.google.com/maps/search/VINA+FLY+ASH+&+CONCRETE+HAI+DUONG+Vietnam
VINA KAILO,https://www.google.com/maps/search/VINA+KAILO+HA+NAM+Vietnam
"VINA KI GLOBAL Co.,Ltd","https://www.google.com/maps/search/VINA+KI+GLOBAL+Co.,Ltd+NAM+DINH+Vietnam"
"Vina Korea Co.,Ltd","https://www.google.com/maps/search/Vina+Korea+Co.,Ltd+VINH+PHUC+Vietnam"
VINA KOREA YOUNHAB,https://www.google.com/maps/search/VINA+KOREA+YOUNHAB+HA+NAM+Vietnam
"VINA KUMYANG Co.,Ltd","https://www.google.com/maps/search/VINA+KUMYANG+Co.,Ltd+VINH+PHUC+Vietnam"
VINA KYUNGSEUNG TRADING,https://www.google.com/maps/search/VINA+KYUNGSEUNG+TRADING+PHU+THO+Vietnam
VINA LEE ART JEWELRY,https://www.google.com/maps/search/VINA+LEE+ART+JEWELRY+HA+NAM+Vietnam
VINA MOON CHANG,https://www.google.com/maps/search/VINA+MOON+CHANG+BAC+GIANG+Vietnam
"VINA MT CO.,LTD","https://www.google.com/maps/search/VINA+MT+CO.,LTD+HA+NOI+Vietnam"
"VINA NEW TARPS Co.,Ltd","https://www.google.com/maps/search/VINA+NEW+TARPS+Co.,Ltd+QUANG+NINH+Vietnam"
"VINA OSP CO.,LTD","https://www.google.com/maps/search/VINA+OSP+CO.,LTD+HA+NOI+Vietnam"
VINA PIONEER INDUSTRIAL,https://www.google.com/maps/search/VINA+PIONEER+INDUSTRIAL+HUNG+YEN+Vietnam
"VINA SEKYO CO.,LTD","https://www.google.com/maps/search/VINA+SEKYO+CO.,LTD+HAI+DUONG+Vietnam"
"VINA TECHNO UNIQUE CO.,LTD","https://www.google.com/maps/search/VINA+TECHNO+UNIQUE+CO.,LTD+HA+NOI+Vietnam"
"VINA UNION CO.,LTD","https://www.google.com/maps/search/VINA+UNION+CO.,LTD+VINH+PHUC+Vietnam"
VINA YONG SEONG,https://www.google.com/maps/search/VINA+YONG+SEONG+BAC+NINH+Vietnam
VINALIFT,https://www.google.com/maps/search/VINALIFT+HA+NOI+Vietnam
"VINATECH VINA CO., LTD.","https://www.google.com/maps/search/VINATECH+VINA+CO.,+LTD.+BAC+NINH+Vietnam"
"VINH CHAU Co.,Ltd","https://www.google.com/maps/search/VINH+CHAU+Co.,Ltd+DA+NANG+Vietnam"
Vinhomes Serviced Residences - Vinhomes Joint Stock Company,https://www.google.com/maps/search/Vinhomes+Serviced+Residences+-+Vinhomes+Joint+Stock+Company+HA+NOI+Vietnam
VINMEC HOSPITAL,https://www.google.com/maps/search/VINMEC+HOSPITAL+HA+NOI+Vietnam
visafast,https://www.google.com/maps/search/visafast+HA+NOI+Vietnam
VISEC,https://www.google.com/maps/search/VISEC+HA+NOI+Vietnam
Vision Semicon Vietnam,https://www.google.com/maps/search/Vision+Semicon+Vietnam+BAC+NINH+Vietnam
"VISION SHIPPING VIETNAM CO., LTD","https://www.google.com/maps/search/VISION+SHIPPING+VIETNAM+CO.,+LTD+HA+NOI+Vietnam"
VIVID,https://www.google.com/maps/search/VIVID+PHU+THO+Vietnam
"VJONE GARMENT CO.,LTD","https://www.google.com/maps/search/VJONE+GARMENT+CO.,LTD+THAI+BINH+Vietnam"
VK REAL ESTATE CONSULTING,https://www.google.com/maps/search/VK+REAL+ESTATE+CONSULTING+HA+NOI+Vietnam
VKI IMPORT & REPORT TRADING JSC,https://www.google.com/maps/search/VKI+IMPORT+&+REPORT+TRADING+JSC+HO+CHI+MINH+Vietnam
"VKX CO.,LTD (VIETNAM KOREA EXCHANGE)","https://www.google.com/maps/search/VKX+CO.,LTD+(VIETNAM+KOREA+EXCHANGE)+HA+NOI+Vietnam"
"VN H2 GLOBAL CO.,LTD","https://www.google.com/maps/search/VN+H2+GLOBAL+CO.,LTD+DA+NANG+Vietnam"
VN SAFEWAY COMPANY LIMITED,https://www.google.com/maps/search/VN+SAFEWAY+COMPANY+LIMITED+DA+NANG+Vietnam
VNK DAE HO COM MERCE AND CONSTRUCTION INVESTMENT,https://www.google.com/maps/search/VNK+DAE+HO+COM+MERCE+AND+CONSTRUCTION+INVESTMENT+BAC+NINH+Vietnam
VNTRAVEL VIET NAM TOURISM JOINT STOCK COMPANY,https://www.google.com/maps/search/VNTRAVEL+VIET+NAM+TOURISM+JOINT+STOCK+COMPANY+HA+NOI+Vietnam
VP GLOBAL,https://www.google.com/maps/search/VP+GLOBAL+BAC+NINH+Vietnam
VPP CHEMICAL COMPANY LIMITED,https://www.google.com/maps/search/VPP+CHEMICAL+COMPANY+LIMITED+PHU+THO+Vietnam
VROS,https://www.google.com/maps/search/VROS+BAC+NINH+Vietnam
VSC-POSCO STEEL Corp,https://www.google.com/maps/search/VSC-POSCO+STEEL+Corp+HAI+PHONG+Vietnam
VSIP Industrial Park,https://www.google.com/maps/search/VSIP+Industrial+Park+BAC+NINH+Vietnam
"VTC SERVICE CO.,LTD","https://www.google.com/maps/search/VTC+SERVICE+CO.,LTD+HA+NOI+Vietnam"
VTCK VIETNAM JSC,https://www.google.com/maps/search/VTCK+VIETNAM+JSC+HA+NOI+Vietnam
"VTK HUNG YEN IP CO., LTD","https://www.google.com/maps/search/VTK+HUNG+YEN+IP+CO.,+LTD+HUNG+YEN+Vietnam"
WACKER SILICONES DESIL,https://www.google.com/maps/search/WACKER+SILICONES+DESIL+HA+NOI+Vietnam
WAF INTERNATIONAL,https://www.google.com/maps/search/WAF+INTERNATIONAL+HA+NOI+Vietnam
WATERZONE VIETNAM,https://www.google.com/maps/search/WATERZONE+VIETNAM+HA+NOI+Vietnam
WEDDING&,https://www.google.com/maps/search/WEDDING&+HA+NOI+Vietnam
WEDOO VINA,https://www.google.com/maps/search/WEDOO+VINA+HA+NOI+Vietnam
WELCRON VN,https://www.google.com/maps/search/WELCRON+VN+PHU+THO+Vietnam
WELL BEING COMPANY LIMITED,https://www.google.com/maps/search/WELL+BEING+COMPANY+LIMITED+DA+NANG+Vietnam
WELLMADEPAPER VINA COMPANY LIMITED,https://www.google.com/maps/search/WELLMADEPAPER+VINA+COMPANY+LIMITED+BAC+NINH+Vietnam
Western Pacific Joint Stock Company,https://www.google.com/maps/search/Western+Pacific+Joint+Stock+Company+HA+NOI+Vietnam
"WHA Industrial Management Services Vietnam Co., Ltd","https://www.google.com/maps/search/WHA+Industrial+Management+Services+Vietnam+Co.,+Ltd+HA+NOI+Vietnam"
"WIDIN VINA CO., LTD","https://www.google.com/maps/search/WIDIN+VINA+CO.,+LTD+BAC+GIANG+Vietnam"
WIDUS LAW FIRM,https://www.google.com/maps/search/WIDUS+LAW+FIRM+HA+NOI+Vietnam
WILL TECH VIETNAM,https://www.google.com/maps/search/WILL+TECH+VIETNAM+BAC+NINH+Vietnam
Willis Towers Watson,https://www.google.com/maps/search/Willis+Towers+Watson+HO+CHI+MINH+Vietnam
WINCO LAW FIRM,https://www.google.com/maps/search/WINCO+LAW+FIRM+HA+NOI+Vietnam
WINDTECH VIETNAM TECHNOLOGY JSC,https://www.google.com/maps/search/WINDTECH+VIETNAM+TECHNOLOGY+JSC+HA+NOI+Vietnam
Wink Hotel Da Nang,https://www.google.com/maps/search/Wink+Hotel+Da+Nang+DA+NANG+Vietnam
WINNERS VINA COMPANY LIMITED,https://www.google.com/maps/search/WINNERS+VINA+COMPANY+LIMITED+THANH+HOA+Vietnam
WISECOM VINA COMPANY LIMITED,https://www.google.com/maps/search/WISECOM+VINA+COMPANY+LIMITED+BAC+NINH+Vietnam
"WISH TREE VINA Co.,Ltd","https://www.google.com/maps/search/WISH+TREE+VINA+Co.,Ltd+HA+NAM+Vietnam"
"WITH VIETNAM CO.,LTD","https://www.google.com/maps/search/WITH+VIETNAM+CO.,LTD+BAC+NINH+Vietnam"
WITS VINA,https://www.google.com/maps/search/WITS+VINA+THAI+NGUYEN+Vietnam
WOLLYONG VIET NAM,https://www.google.com/maps/search/WOLLYONG+VIET+NAM+HA+NOI+Vietnam
"WOLSUNG HA NOI CO., LTD","https://www.google.com/maps/search/WOLSUNG+HA+NOI+CO.,+LTD+HUNG+YEN+Vietnam"
WONIL ELECTRONICS,https://www.google.com/maps/search/WONIL+ELECTRONICS+BAC+NINH+Vietnam
"WONJIN VINA Co.,Ltd","https://www.google.com/maps/search/WONJIN+VINA+Co.,Ltd+BAC+GIANG+Vietnam"
"WONPOONG C&S Co.,Ltd","https://www.google.com/maps/search/WONPOONG+C&S+Co.,Ltd+HA+NOI+Vietnam"
"WONTECH VIETNAM Co.,Ltd","https://www.google.com/maps/search/WONTECH+VIETNAM+Co.,Ltd+BAC+NINH+Vietnam"
WOO SUNG FRIEGHT VIETNAM,https://www.google.com/maps/search/WOO+SUNG+FRIEGHT+VIETNAM+HA+NOI+Vietnam
WOOIN INDUSTRIES LTD.,https://www.google.com/maps/search/WOOIN+INDUSTRIES+LTD.+NGHE+AN+Vietnam
"WOOIN VINA CO.,LTD","https://www.google.com/maps/search/WOOIN+VINA+CO.,LTD+NGHE+AN+Vietnam"
woojeon,https://www.google.com/maps/search/woojeon+BAC+NINH+Vietnam
WOOJIN ENGINEERING,https://www.google.com/maps/search/WOOJIN+ENGINEERING+VINH+PHUC+Vietnam
WOOJIN QPD VINA,https://www.google.com/maps/search/WOOJIN+QPD+VINA+THAI+NGUYEN+Vietnam
"WOOJINWTP VIETNAM CO.,LTD","https://www.google.com/maps/search/WOOJINWTP+VIETNAM+CO.,LTD+BAC+NINH+Vietnam"
WOOJU VINA,https://www.google.com/maps/search/WOOJU+VINA+THANH+HOA+Vietnam
"WOOKYUNG VINA CO., LTD","https://www.google.com/maps/search/WOOKYUNG+VINA+CO.,+LTD+BAC+NINH+Vietnam"
WOON INTERNATIONAL VIETNAM JOINT STOCK COMPANY,https://www.google.com/maps/search/WOON+INTERNATIONAL+VIETNAM+JOINT+STOCK+COMPANY+PHU+THO+Vietnam
"WOONG JIN Co.,Ltd","https://www.google.com/maps/search/WOONG+JIN+Co.,Ltd+PHU+THO+Vietnam"
"WOORI TAX & ACCOUNTING CO.,LTD","https://www.google.com/maps/search/WOORI+TAX+&+ACCOUNTING+CO.,LTD+HA+NOI+Vietnam"
WOORI TECH VINA,https://www.google.com/maps/search/WOORI+TECH+VINA+BAC+NINH+Vietnam
WOOSUNG ELECTRONICS VIETNAM,https://www.google.com/maps/search/WOOSUNG+ELECTRONICS+VIETNAM+HAI+PHONG+Vietnam
WOOSUNG G&P VINA LIMITED LIABILITY COMPANY,https://www.google.com/maps/search/WOOSUNG+G&P+VINA+LIMITED+LIABILITY+COMPANY+THAI+NGUYEN+Vietnam
WOOSUNG SPECIAL VIETNAM COMPANY LIMITED,https://www.google.com/maps/search/WOOSUNG+SPECIAL+VIETNAM+COMPANY+LIMITED+HAI+PHONG+Vietnam
"WOOSUNGVM CO.,LTD","https://www.google.com/maps/search/WOOSUNGVM+CO.,LTD+HAI+PHONG+Vietnam"
"Works Corporation.,LTD.","https://www.google.com/maps/search/Works+Corporation.,LTD.+HO+CHI+MINH+Vietnam"
"Worksmate Co., Ltd","https://www.google.com/maps/search/Worksmate+Co.,+Ltd+HA+NOI+Vietnam"
"WORLD CHEMICAL Co.,Ltd","https://www.google.com/maps/search/WORLD+CHEMICAL+Co.,Ltd+VINH+PHUC+Vietnam"
WORLD JOB MESSENGER,https://www.google.com/maps/search/WORLD+JOB+MESSENGER+HA+NOI+Vietnam
WORLD MOLD TECH,https://www.google.com/maps/search/WORLD+MOLD+TECH+HUNG+YEN+Vietnam
"WORLDTOP VINA CO.,LTD","https://www.google.com/maps/search/WORLDTOP+VINA+CO.,LTD+BAC+GIANG+Vietnam"
"WORLDWIDE LOGISTICS VN CO.,LTD - HA NOI BRANCH","https://www.google.com/maps/search/WORLDWIDE+LOGISTICS+VN+CO.,LTD+-+HA+NOI+BRANCH+HA+NOI+Vietnam"
"WU XIN VINA CO.,LTD","https://www.google.com/maps/search/WU+XIN+VINA+CO.,LTD+BAC+NINH+Vietnam"
Wyndham Cam Ranh,https://www.google.com/maps/search/Wyndham+Cam+Ranh+KHANH+HOA+Vietnam
XIN CHAO RENT,https://www.google.com/maps/search/XIN+CHAO+RENT+HA+NOI+Vietnam
XUAN CAU HOLDINGS JSC,https://www.google.com/maps/search/XUAN+CAU+HOLDINGS+JSC+HA+NOI+Vietnam
Y&K TECH,https://www.google.com/maps/search/Y&K+TECH+BAC+NINH+Vietnam
"Y.H. Co.,Ltd","https://www.google.com/maps/search/Y.H.+Co.,Ltd+HA+NAM+Vietnam"
"YAKJIN VIETNAM CO.,LTD","https://www.google.com/maps/search/YAKJIN+VIETNAM+CO.,LTD+PHU+THO+Vietnam"
"YAMAGATA SOLUTIONS VIETNAM CO., LTD.","https://www.google.com/maps/search/YAMAGATA+SOLUTIONS+VIETNAM+CO.,+LTD.+HA+NOI+Vietnam"
"YB TECH VINA CO.,LTD","https://www.google.com/maps/search/YB+TECH+VINA+CO.,LTD+BAC+NINH+Vietnam"
YB VIETNAM COMPANY LIMITED,https://www.google.com/maps/search/YB+VIETNAM+COMPANY+LIMITED+PHU+THO+Vietnam
"YB VINA CO., LTD","https://www.google.com/maps/search/YB+VINA+CO.,+LTD+HAI+PHONG+Vietnam"
"YEEDO TRADING HA NOI CO.,LTD","https://www.google.com/maps/search/YEEDO+TRADING+HA+NOI+CO.,LTD+HA+NAM+Vietnam"
YEGA,https://www.google.com/maps/search/YEGA+HA+NOI+Vietnam
YEIL ACCOUNTING CORP,https://www.google.com/maps/search/YEIL+ACCOUNTING+CORP+HA+NOI+Vietnam
YEJIN F&G VINA,https://www.google.com/maps/search/YEJIN+F&G+VINA+HAI+DUONG+Vietnam
"YENANVINA CO.,LTD","https://www.google.com/maps/search/YENANVINA+CO.,LTD+BAC+NINH+Vietnam"
"YEONGIL INDUSTRIAL EQUIPMENT VIETNAM Co.,Ltd","https://www.google.com/maps/search/YEONGIL+INDUSTRIAL+EQUIPMENT+VIETNAM+Co.,Ltd+BAC+NINH+Vietnam"
YEPPI FLOWER,https://www.google.com/maps/search/YEPPI+FLOWER+HA+NOI+Vietnam
"YESUN TECH VIETNAM Co.,Ltd","https://www.google.com/maps/search/YESUN+TECH+VIETNAM+Co.,Ltd+HAI+PHONG+Vietnam"
YESUNG ELECTRONICS,https://www.google.com/maps/search/YESUNG+ELECTRONICS+BAC+GIANG+Vietnam
YESUNG VINA COMPANY LIMITED,https://www.google.com/maps/search/YESUNG+VINA+COMPANY+LIMITED+BAC+NINH+Vietnam
YG TECH VINA,https://www.google.com/maps/search/YG+TECH+VINA+BAC+NINH+Vietnam
YG VINA,https://www.google.com/maps/search/YG+VINA+NINH+BINH+Vietnam
"YG-1 VIETNAM CO.,LTD","https://www.google.com/maps/search/YG-1+VIETNAM+CO.,LTD+HA+NOI+Vietnam"
YIC VINA,https://www.google.com/maps/search/YIC+VINA+HA+NAM+Vietnam
YJ LINK VINA,https://www.google.com/maps/search/YJ+LINK+VINA+HAI+PHONG+Vietnam
YJE VINA,https://www.google.com/maps/search/YJE+VINA+BAC+GIANG+Vietnam
YKJ VINA COMPANY LIMITED,https://www.google.com/maps/search/YKJ+VINA+COMPANY+LIMITED+THANH+HOA+Vietnam
YKK VIETNAM HA NAM,https://www.google.com/maps/search/YKK+VIETNAM+HA+NAM+HA+NAM+Vietnam
YM TECH VINA COMPANY LIMITED,https://www.google.com/maps/search/YM+TECH+VINA+COMPANY+LIMITED+HAI+PHONG+Vietnam
YMP plus,https://www.google.com/maps/search/YMP+plus+HAI+PHONG+Vietnam
YNC,https://www.google.com/maps/search/YNC+HAI+PHONG+Vietnam
YOKOGAWA VIETNAM,https://www.google.com/maps/search/YOKOGAWA+VIETNAM+HA+NOI+Vietnam
"YONGBEE VINA Co.,Ltd","https://www.google.com/maps/search/YONGBEE+VINA+Co.,Ltd+HA+NOI+Vietnam"
YONSEI SU DENTAL CLINIC,https://www.google.com/maps/search/YONSEI+SU+DENTAL+CLINIC+HA+NOI+Vietnam
YOOCHANG VIETNAM,https://www.google.com/maps/search/YOOCHANG+VIETNAM+HA+NOI+Vietnam
"YOOCHUN INTERNATIONAL CO.,LTD","https://www.google.com/maps/search/YOOCHUN+INTERNATIONAL+CO.,LTD+HO+CHI+MINH+Vietnam"
YOOJIN TS INVINA,https://www.google.com/maps/search/YOOJIN+TS+INVINA+HAI+PHONG+Vietnam
"YOOJIN TSIN VINA CO.,LTD","https://www.google.com/maps/search/YOOJIN+TSIN+VINA+CO.,LTD+HAI+PHONG+Vietnam"
"YOOJIN VINA CO.,LTD","https://www.google.com/maps/search/YOOJIN+VINA+CO.,LTD+BAC+GIANG+Vietnam"
"YOOLIM SPECIALTY CHEMICALS VINA COMPANY LIMITED (YOOLIM VINA CO.,LTD)","https://www.google.com/maps/search/YOOLIM+SPECIALTY+CHEMICALS+VINA+COMPANY+LIMITED+(YOOLIM+VINA+CO.,LTD)+HA+NAM+Vietnam"
"Yoon & Yang Law (Vietnam) LLC, Hanoi Office","https://www.google.com/maps/search/Yoon+&+Yang+Law+(Vietnam)+LLC,+Hanoi+Office+HA+NOI+Vietnam"
"YOON IL VINA CO.,LTD","https://www.google.com/maps/search/YOON+IL+VINA+CO.,LTD+BAC+NINH+Vietnam"
YOOSHIN ENGINEERING Corp,https://www.google.com/maps/search/YOOSHIN+ENGINEERING+Corp+HA+NOI+Vietnam
YOOSUNG KN VIETNAM,https://www.google.com/maps/search/YOOSUNG+KN+VIETNAM+HA+NOI+Vietnam
"YOU & I TECH CO.,LTD","https://www.google.com/maps/search/YOU+&+I+TECH+CO.,LTD+BAC+NINH+Vietnam"
YOUI PRECISION VINA COMPANY LIMITED,https://www.google.com/maps/search/YOUI+PRECISION+VINA+COMPANY+LIMITED+THAI+NGUYEN+Vietnam
"YOUJIN VINA STEEL CONSTRUCTION Co.,Ltd","https://www.google.com/maps/search/YOUJIN+VINA+STEEL+CONSTRUCTION+Co.,Ltd+HA+NOI+Vietnam"
YOUNG BK,https://www.google.com/maps/search/YOUNG+BK+HA+NAM+Vietnam
YOUNG CHON COMPANY LIMITED,https://www.google.com/maps/search/YOUNG+CHON+COMPANY+LIMITED+PHU+THO+Vietnam
Young D/C Vina,https://www.google.com/maps/search/Young+D/C+Vina+THAI+NGUYEN+Vietnam
YOUNG HAE VINA,https://www.google.com/maps/search/YOUNG+HAE+VINA+BAC+NINH+Vietnam
"YOUNG HO ENG VINA CO.,LTD","https://www.google.com/maps/search/YOUNG+HO+ENG+VINA+CO.,LTD+HAI+PHONG+Vietnam"
YOUNG IN ELECTRONIC VIETNAM,https://www.google.com/maps/search/YOUNG+IN+ELECTRONIC+VIETNAM+BAC+NINH+Vietnam
"YOUNG JIN ELEVATOR Co.,Ltd","https://www.google.com/maps/search/YOUNG+JIN+ELEVATOR+Co.,Ltd+DA+NANG+Vietnam"
YOUNG JIN VINA COMPANY LIMITED,https://www.google.com/maps/search/YOUNG+JIN+VINA+COMPANY+LIMITED+QUANG+NAM+Vietnam
YOUNG KWANG VINA,https://www.google.com/maps/search/YOUNG+KWANG+VINA+PHU+THO+Vietnam
"YOUNG ONE CHEMICAL CO.,LTD","https://www.google.com/maps/search/YOUNG+ONE+CHEMICAL+CO.,LTD+BAC+NINH+Vietnam"
"YOUNG POONG ELECTRONICS CO.,LTD","https://www.google.com/maps/search/YOUNG+POONG+ELECTRONICS+CO.,LTD+VINH+PHUC+Vietnam"
YOUNG SUNG VINA,https://www.google.com/maps/search/YOUNG+SUNG+VINA+HUNG+YEN+Vietnam
YOUNG WOO HI-TECH,https://www.google.com/maps/search/YOUNG+WOO+HI-TECH+BAC+NINH+Vietnam
YOUNG WOO TECH,https://www.google.com/maps/search/YOUNG+WOO+TECH+BAC+GIANG+Vietnam
Young Woo Vina III,https://www.google.com/maps/search/Young+Woo+Vina+III+HUNG+YEN+Vietnam
"YOUNGAN VINA CO.,LTD","https://www.google.com/maps/search/YOUNGAN+VINA+CO.,LTD+HAI+DUONG+Vietnam"
"YOUNGHAN CO.,LTD","https://www.google.com/maps/search/YOUNGHAN+CO.,LTD+THANH+HOA+Vietnam"
"YOUNGJIN AST VINA CO.,LTD","https://www.google.com/maps/search/YOUNGJIN+AST+VINA+CO.,LTD+HA+NOI+Vietnam"
YOUNGJIN E&C JSC,https://www.google.com/maps/search/YOUNGJIN+E&C+JSC+HA+NOI+Vietnam
"YOUNGJIN ELECTRICS CO.,LTD","https://www.google.com/maps/search/YOUNGJIN+ELECTRICS+CO.,LTD+BAC+GIANG+Vietnam"
YOUNGJIN HI-TECH VIETNAM,https://www.google.com/maps/search/YOUNGJIN+HI-TECH+VIETNAM+THAI+NGUYEN+Vietnam
YOUNGJIN HI-TECH VINA,https://www.google.com/maps/search/YOUNGJIN+HI-TECH+VINA+BAC+NINH+Vietnam
"YOUNGJIN VINA CO., LTD","https://www.google.com/maps/search/YOUNGJIN+VINA+CO.,+LTD+BAC+GIANG+Vietnam"
"YOUNGJIN VINA CO.,LTD","https://www.google.com/maps/search/YOUNGJIN+VINA+CO.,LTD+BAC+NINH+Vietnam"
YOUNGONE HUNG YEN,https://www.google.com/maps/search/YOUNGONE+HUNG+YEN+HUNG+YEN+Vietnam
"YOUNGONE NAM DINH CO., LTD","https://www.google.com/maps/search/YOUNGONE+NAM+DINH+CO.,+LTD+NAM+DINH+Vietnam"
YTG VINA,https://www.google.com/maps/search/YTG+VINA+HAI+PHONG+Vietnam
YU JUNG YUNG NUNG JO HAP,https://www.google.com/maps/search/YU+JUNG+YUNG+NUNG+JO+HAP+NINH+BINH+Vietnam
YU WON NRT,https://www.google.com/maps/search/YU+WON+NRT+HA+NAM+Vietnam
"YUDO VIETNAM Co.,Ltd","https://www.google.com/maps/search/YUDO+VIETNAM+Co.,Ltd+BAC+NINH+Vietnam"
YUHAN VINA,https://www.google.com/maps/search/YUHAN+VINA+HAI+DUONG+Vietnam
YUIL SYSTEM VINA,https://www.google.com/maps/search/YUIL+SYSTEM+VINA+BAC+NINH+Vietnam
"YUIN Co.,Ltd","https://www.google.com/maps/search/YUIN+Co.,Ltd+HAI+PHONG+Vietnam"
YUJIN COMPRESSOR VIETNAM,https://www.google.com/maps/search/YUJIN+COMPRESSOR+VIETNAM+HA+NOI+Vietnam
"YUJIN ENC VINA CO.,LTD","https://www.google.com/maps/search/YUJIN+ENC+VINA+CO.,LTD+BAC+NINH+Vietnam"
YUJIN HOIST VINA,https://www.google.com/maps/search/YUJIN+HOIST+VINA+HA+NOI+Vietnam
YUJUNG VINA,https://www.google.com/maps/search/YUJUNG+VINA+BAC+NINH+Vietnam
"YULAY TECH VINA Co.,Ltd","https://www.google.com/maps/search/YULAY+TECH+VINA+Co.,Ltd+BAC+NINH+Vietnam"
Yulchon Limited Liability Law Firm,https://www.google.com/maps/search/Yulchon+Limited+Liability+Law+Firm+HA+NOI+Vietnam
Yun Sung Polimar VINA,https://www.google.com/maps/search/Yun+Sung+Polimar+VINA+PHU+THO+Vietnam
YURA COPORATION VINA,https://www.google.com/maps/search/YURA+COPORATION+VINA+HUNG+YEN+Vietnam
YURA CORPORATION BAC NINH,https://www.google.com/maps/search/YURA+CORPORATION+BAC+NINH+BAC+NINH+Vietnam
"YURA TECH VIETNAM CO., LTD","https://www.google.com/maps/search/YURA+TECH+VIETNAM+CO.,+LTD+HA+NAM+Vietnam"
"YUSEN LOGISTICS (VIETNAM) CO., LTD.","https://www.google.com/maps/search/YUSEN+LOGISTICS+(VIETNAM)+CO.,+LTD.+HA+NOI+Vietnam"
YUSHIN TECH VINA,https://www.google.com/maps/search/YUSHIN+TECH+VINA+BAC+GIANG+Vietnam
Yusung Electronics Vina Company Limited,https://www.google.com/maps/search/Yusung+Electronics+Vina+Company+Limited+HUNG+YEN+Vietnam
ZDL (VIET NAM) COMPANY LIMITED,https://www.google.com/maps/search/ZDL+(VIET+NAM)+COMPANY+LIMITED+HA+NAM+Vietnam
"ZETC VIETNAM CO.,LTD","https://www.google.com/maps/search/ZETC+VIETNAM+CO.,LTD+HA+NOI+Vietnam"
ZIIN ENGINEERING VIETNAM,https://www.google.com/maps/search/ZIIN+ENGINEERING+VIETNAM+PHU+THO+Vietnam
"ZIIU THAI NGUYEN CO., LTD","https://www.google.com/maps/search/ZIIU+THAI+NGUYEN+CO.,+LTD+THAI+NGUYEN+Vietnam"
ZIN VINA COMPANY LIMITED,https://www.google.com/maps/search/ZIN+VINA+COMPANY+LIMITED+BAC+NINH+Vietnam
"ZIOVI DESIGN CO.,LTD","https://www.google.com/maps/search/ZIOVI+DESIGN+CO.,LTD+HA+NOI+Vietnam"
"Z-TON VINA Co.,Ltd","https://www.google.com/maps/search/Z-TON+VINA+Co.,Ltd+HAI+PHONG+Vietnam"
"ZYJ CO.,LTD","https://www.google.com/maps/search/ZYJ+CO.,LTD+HAI+DUONG+Vietnam"
,https://www.google.com/maps/search/nan+BAC+NINH+Vietnam
