label,companyName,companyAddress,phoneNumber,city,
건설 및 건설자재,ADD Group JSC,"No 6 Nguyen Hoang, Tu Liem, Hanoi",+84936868700,HA NOI,★★★★☆
건설 및 건설자재,"Plan ADD Viet Nam Co., LTD","No 6 Nguyen Hoang, Tu Liem, Hanoi",+84936868700,HA NOI,★★★★☆
"통신, IT, SW","Worksmate Co., Ltd","No 6 Nguyen Hoang, Tu Liem, Hanoi",+84936868700,HA NOI,★★★★☆
"교육, 매체, 인쇄, 광고","Life Plaza Co., Ltd","No 6 Nguyen Hoang, Tu Liem, Hanoi",+84936868700,HA NOI,★★★★☆
제조업,"DEER'S INNOVATION VINA CO.,LTD","Lot Cn-01, Van Trung I.Z, Viet Yen, Bac Giang",+84705305376,BAC GIANG,★★☆☆☆
제조업,MK METAL VINA,"Lo CN-08, Khu Cong nghiep Van Trung, Xa Van Trung, Huyen Viet Yen, Tinh Bac Giang",+842043526061,BAC GIANG,★★★☆☆
제조업,"PROMADE VINA CO.,LTD","Lo 15, 17 Cum cong nghiep Noi Hoang, Yen Dung, Bac Giang",+84983258063,BAC GIANG,★★☆☆☆
제조업,ACE GARMENT VINA,"516 Km 2, Hoang Hoa Tham, Song Mai, Bac Giang",+842043668912,BAC GIANG,★★★☆☆
제조업,Alpha Green Tech Vina,"CN-05 Hoa Phu industrial Zone, Chau Minh Hiep Hoa district, Bac Giang province. 회비 납부 일: 2019.1 회비 납부일: 2023.06",+84369807883,BAC GIANG,★★★★☆
제조업,"Asetek Vina.Co,Ltd","A3 plot Dinh Tram industrial, Hoang Ninh Commune, Viet Yen district, Bac Giang 회비 납부 일: 2022.4",+842043574886,BAC GIANG,★★★☆☆
제조업,"ASIA BOLT VINA Co.,Ltd","FJ20, FJ21 Song Khe, Noi Hoang I.Z, Tien Phong, Yen Dung, Bac Giang",+842043661564,BAC GIANG,★★☆☆☆
제조업,ATUM VINA,"Tan Van 3, Tan Dinh, Lang Giang, Bac Gian",+842043661199,BAC GIANG,★★☆☆☆
제조업,BJ TECH VINA,"Lo D1-D2 (thue nha xuong cua Cong ty TNHH Xuan Thu), KCN Dinh Tram, Hoang Ninh, Viet Yen, Bac Giang",+84898285166,BAC GIANG,★★☆☆☆
제조업,CHEONG SAN VINA,"Lot B4, Song Khe Noi Hoang IZ, Song Khe, Bac Giang 회비 납부 일: 2018,04",+842043855554,BAC GIANG,★★★☆☆
제조업,"CHUNGDANG VINA CO, LTD","Lot CN 5, Hop Thinh industrial cluster, Hop Thinh, Hiep Hoa, Bac Giang",+842042484868,BAC GIANG,★★☆☆☆
제조업,"CNT SOLUTION VINA CO., LTD","Lot 15 -17, Noi Hoang Industrial Complex, Noi Hoang, Yen Dung, Bac Giang",+842223903160,BAC GIANG,★★☆☆☆
제조업,Cube Tag Vina,"Lo CN-09, KCN Hoa Phu, Hiep Hoa, Bac Giang 회비 납부 일: 2021.04",+842043565551,BAC GIANG,★★★☆☆
제조업,"DIABELL VINA CO.,LTD","Lot CN-02, KCN Van Trung, Van Trung, Viet Yen, Bac Giang",+842043875015,BAC GIANG,★★☆☆☆
제조업,DYT VINA,"CN-10, Van Trung I.Z, Viet Yen , Bac Giang",+842043818335,BAC GIANG,★★★☆☆
제조업,ETECH VIETNAM COMPANY LIMITED,"Lot VI, Dong Vang, KCN Dinh Tram, Nenh Town, Viet Yen, Bac Giang",+842043666188,BAC GIANG,★★★★☆
제조업,FA SYSTEMS,"Factory CN-08-18, Van Trung Industrial Park, Van Trung Commune, Viet Yen District, Bac Giang Province, Vietnam 회비 납부 일: 2021.07",+842042484882,BAC GIANG,★★★☆☆
제조업,Gigalane Vina,"A Part of Lot CN-09, Van Trung IP, Van Trung Commune, Viet Yen District, Bac Giang Province 회비 납부 일: 20/10/2023",+842043668933,BAC GIANG,★★☆☆☆
제조업,"GLASS TECH VINA Co.,Ltd","Lot 3, Dinh Tram I.Z, Viet yen, Bac Giang",+842043661495,BAC GIANG,★★☆☆☆
제조업,GLINE,"Lot B7-B8, Dinh Tram I.P, Hoang Ninh, Bac Giang",+842043662868,BAC GIANG,★★☆☆☆
제조업,"HABOK CO., LTD","Dong Dinh industrial cluster, Cao Thuong commune, Tan Yen district, Bac Giang province",+842406548468,BAC GIANG,★★★☆☆
제조업,"HYUN BO VINA.,LTD","Dong vang, KCN Dinh Tram, huyen Viet Yen, Tinh Bac Giang",+842043661860,BAC GIANG,★★☆☆☆
제조업,"INNO TECHNOLOGY VINA CO., LTD.","Lo C8-C9, Khu cong nghiep Dinh Tram, Thi Tran Nenh, huyen Viet Yen, Tinh Bac Giang, Viet Nam BRANCH: Lo C8-C9, Khu cong nghiep Dinh Tram, Thi Tran Nenh, huyen Viet Yen, Tinh Bac Giang, Viet Nam 회비 납부 일: 2022.01 회비 납부일: 2023.11",+84966042290,BAC GIANG,★★☆☆☆
제조업,"J-ONE Co.,Ltd","Hoang Mai, Hoang Ninh, Viet Yen, Bac Giang",+842043661878,BAC GIANG,★★★☆☆
제조업,"KANEGABO Co.,Ltd","#E03, Lot CN-03, Van Trung I.Z, Viet Yen, Bac Giang",+842043818080,BAC GIANG,★★☆☆☆
제조업,"ROY VINA CO.,LTD","Lot 15-17, Noi Hoang Commune, Yen Dung District, Bac Giang Province",+842043755668,BAC GIANG,★★★☆☆
제조업,SAEKWANG ENG VINA,"Part of Lot CNSG-04, Van Trung I.Z, Viet Yen, Bac Giang",+842043766227,BAC GIANG,★★★★☆
제조업,SANHA,Voi-Yen My Industrial Zone Voi town – Lang Giang – Bac Giang 회비 납부 일: 2022.05 회비 납부일: 27/03/2'+8424,+84552802737,BAC GIANG,★★★☆☆
제조업,"SEOJIN VIET NAM CO.,LTD","Lot B1, B2, B3, B6, B7 Song Khe- Noi Hoang Industrial Park (in the North), Song Khe Commune, Bac Giang City, Bac Giang Province, Vietnam. 회비 납부 일: 2021.03 회비 납부일: 2022.03",+84866731889,BAC GIANG,★★☆☆☆
제조업,SHIN SUNG VINA,"Lot B1, Song Khe I.Z, Noi Hoang, Bac Giang",+842043523041,BAC GIANG,★★☆☆☆
제조업,SMART TECH VINA COMPANY LIMITED,"Lô D14-D15, KCN Đình Trám, Hồng Thái, Việt Yên, Bắc Giang BRANCH: Lô D14-D15, KCN Đình Trám, Hồng Thái, Việt Yên, Bắc Giang 회비 납부 일: 2022.01",+842403666258,BAC GIANG,★★☆☆☆
제조업,"SONGLIM INDUSTRY VINA Co.,Ltd","Lo CN5, CCN Hop Thinh, Huyen Hiep Hoa, Bac Giang",+84948850668,BAC GIANG,★★★☆☆
제조업,TAEIN VINA,"Lim Xuyen, Song Khe, Bac Giang",+842043556383,BAC GIANG,★★☆☆☆
제조업,"UNFOLD VINA CO., LTD","Lot 15 -17, Noi Hoang Industrial Complex, Noi Hoang, Yen Dung, Bac Giang",+842043764668,BAC GIANG,★★☆☆☆
제조업,"VINA DAE-A CO.,LTD","Lot CN-10, Hoa Phu Industrial Park, Mai Dinh, Hiep Hoa, Bac Giang",+842043563888,BAC GIANG,★★★☆☆
제조업,"WONJIN VINA Co.,Ltd","Lot CN 16, Van Trung I.Z, Viet Yen, Bac Giang",+842043665300,BAC GIANG,★★☆☆☆
제조업,YJE VINA,"Lot CN-16, Van Trung I.Z, Viet Yen, Bac Giang 회비 납부 일: 2020.10 회비 납부일: 2020.10",+842043662900,BAC GIANG,★★★☆☆
제조업,"YOOJIN VINA CO.,LTD","Lot A7, Xuong Giang 2 I.P, Xuong Giang, Bac Giang",+842043825556,BAC GIANG,★★★★☆
제조업,YUSHIN TECH VINA,"Lot B7, B8, Dinh Tram I.Z, Hoang Ninh, Viet Yen, Bac Giang",+842043661453,BAC GIANG,★★★☆☆
제조업,"3H VINACOM Co.,Ltd","TS-12 Road, Tien Son I.P, Tien Du, Bac Ninh 회비 납부 일: 2023.08 회비 납부일: 08/03/2'+8424",+842223714202,BAC NINH,★★☆☆☆
제조업,"ACE CUT SYSTEM Co.,Ltd","Que Vo I.Z, Phuong Lieu, Que Vo, Bac Ninh",+842223952300,BAC NINH,★★☆☆☆
제조업,Aekyung Special Paint Hanoi,"Yen Phong Industrial Park, Long Chau Commune, Yen Phong District, Bac Ninh Province 회비 납부 일: 2022.08",+842223699205,BAC NINH,★★☆☆☆
제조업,AK CHEMTECH HA NOI,"Yen Phong I.Z, Long Chau, Yen Phong, Bac Ninh 회비 납부 일: 2015,09 회비 납부일: 2022,08",+842223699205,BAC NINH,★★★☆☆
제조업,ANYONE VINA,"Lot M, M1, Que Vo I.P (Expanded area), Nam Son, Bac Ninh",+842226259898,BAC NINH,★★☆☆☆
제조업,"ARS CO.,LTD(KERN)","Que Vo Industrial Park ( Expanded Area), Phuong Lieu Commune, Que Vo District, Bac Ninh Province. 회비 납부 일: 2021.04 회비 납부일: 2021.04",+842223952562,BAC NINH,★★☆☆☆
제조업,B.S.C VINA COMPANY LIMITED.,"KCN Khac Niem, Khac Niem, Bac Ninh",+842413908818,BAC NINH,★★★☆☆
제조업,BC SYSTEM,"Dong Tho I.P, Dong Tho, Yen Phong, Bac Ninh 회비 납부 일: 2016.11",+842223883695,BAC NINH,★★☆☆☆
제조업,Binh Minh Production Packaging & Trading Company Limited,"Ha Man Industrial zone, Tri Qua Ward, Thuan Thanh District, Bac Ninh Province 회비 납부 일: 2018.08 회비 납부일: 2022.10",+842223793686,BAC NINH,★★★☆☆
제조업,"BLISS TECH Co.,Ltd","662, CCN Khac Niem, Bac Ninh",+842223896282,BAC NINH,★★★★☆
제조업,BN KMH HITECH,"Lot (VI) VI-7.3- Que Vo II I.P, Ngoc Xa, Que Vo, Bac Ninh",+842223903265,BAC NINH,★★★☆☆
제조업,BQ TECH VINA COMPANY LIMITED,"KCN Hap Linh, Khac Niem, Bac Ninh",+842223903205,BAC NINH,★★☆☆☆
제조업,"C&Y VINA CO.,LTD","G14, QUE VO, PHUONG LIEU, QUE VO, BAC NINH",+842223952159,BAC NINH,★★☆☆☆
제조업,C-TECH,"Lot 4, Tien Son Industrial Park (Expansion area ) , Tan Hong Ward , Tu Son Commune, Bac Ninh Province 회비 납부 일: 2021.04",+842223734838,BAC NINH,★★☆☆☆
제조업,"CHEMTECH SOLUTION VINA CO.,LTD","Tien Son I.P (expanded area), Dong Nguyen, Tu Son, Tien Du, Bac Ninh",+842223906244,BAC NINH,★★★☆☆
제조업,"CKS ELECTRONICS CO.,LTD","Khac Niem I.P, Khac Niem, Bac Ninh",+842223737819,BAC NINH,★★☆☆☆
제조업,"CNM KH VIET NAM Co.,Ltd","Lot A1, Dai Dong-Hoan Son I.Z, Hoan Son, Tien Du, Bac Ninh",+842226507000,BAC NINH,★★☆☆☆
제조업,COMPKOREA VINA,"Khu lien ke KCN Que Vo, thon Do Nha, Phuong Lieu, Que Vo, Bac Ninh 회비 납부 일: 2019.12 회비 납부일: 2020.12",+842223825229,BAC NINH,★★★☆☆
제조업,COMS VINA,"Que Vo Industrial Zone, Nam Son, Bac Ninh",+842223621816,BAC NINH,★★☆☆☆
제조업,COMS VINA,"Que Vo Industrial Zone, Nam Son Commune, Bac Ninh",+842223621816,BAC NINH,★★★☆☆
제조업,CORE M-TECH VINA,"Que Vo extend area IZ (Renthouse: My A Joint Stock company), Phuong Lieu commune, Que Vo District, Bac Ninh province 회비 납부 일: 2021.04",,BAC NINH,★★★★☆
제조업,CPRO VIETNAM COMPANY LIMITED,"KCN Dong Tho, Dong Tho, Yen Phong, Bac Ninh",+842223883906,BAC NINH,★★★☆☆
제조업,DAE SANG TECH VINA,"Lot G14, Road G1C, Que Vo I.Z, (Area Expansion), Phuong Lieu, Que Vo, Bac Ninh",+842226251898,BAC NINH,★★☆☆☆
제조업,"DAEHEUNG CO.,LTD","Hap Linh I.Z, Bac Ninh",+842223737812,BAC NINH,★★☆☆☆
제조업,DAEHEUNG VIETNAM COMPANY LIMITED,"Chi Ho, Tan chi, Tien Du, Bac Ninh",+843495585130,BAC NINH,★★☆☆☆
제조업,DAEHYUNSTJB VINA,"KCN Quế võ mở rộng, Xã Phương Liễu, Huyện Quế Võ, Tỉnh Bắc Ninh 회비 납부 일: 2021.04",+842223903078,BAC NINH,★★★☆☆
제조업,DAEHYUP ST,"Lot C6-1-1, Que Vo l.P, Nam Son, Bac Ninh 회비 납부 일: 2018.12 회비 납부일: 2020.04",+842223621806,BAC NINH,★★☆☆☆
제조업,DAESUNG HI-TECH VINA CO.LTD,"Duong TS9, KCN Tien Son, Thong Giang, Tu Son, Bac Ninh",+842223734412,BAC NINH,★★☆☆☆
제조업,DAL TECH,"Lô KT1-A-1, KCN Quế Võ (khu vực mở rộng), xã Nam Sơn, Thành phố Bắc Ninh 회비 납부 일: 2021.04",,BAC NINH,★★★☆☆
제조업,DND TECHH VINA COMPANY LIMITED,"KCN Hap Linh, Hap Linh, Bac Ninh",+84353101290,BAC NINH,★★☆☆☆
제조업,DOOSUNG VINA MOTOR COMPANY LIMITED,"TS 27 Street, KCN Tien Son, Tan Hong, Tu Son, Bac Ninh",+842223907979,BAC NINH,★★★☆☆
제조업,,Hap Linh industrial zone - Bac Ninh City - Bac Ninh Province,+842223720364,BAC NINH,★★★★☆
제조업,"DOWON Co.,Ltd","TS5/TS19 Road, Tien Son I.Z, Hoan Son, Tien Du, Bac Ninh",+842223734875,BAC NINH,★★★☆☆
제조업,DR TECH VINA COMPANY LIMITED,"Ba Huyen Street, National Highway 38, Bac Ninh",+842226556592,BAC NINH,★★☆☆☆
제조업,"DS INTECH VINA Co.,ltd","Ba Huyen, Road 18, Khac Niem, Bac Ninh",+842223908858,BAC NINH,★★☆☆☆
제조업,"ECOS ELECTRONIC Co.,Ltd VIETNAM","Dai Dong - Hoan Son I.P, Hoan Son, Tien Du, Bac Ninh",+842223848101,BAC NINH,★★☆☆☆
제조업,EDIOS,"Lot CN07-4, Yen Phong Extension I.Z, Yen Trung, Yen Phong, Bac Ninh",+842223699788,BAC NINH,★★★☆☆
제조업,EO TECHNICS VIETNAM,"BT22, HUD Urban Area, Le Thai To, Vo Cuong, Bac Ninh 회비 납부 일: 2015.1",+842223825774,BAC NINH,★★☆☆☆
제조업,"ESD KOREA VINA CO.,LTD","Que Vo I.P (expanded area), Nam Son, Bac Ninh",+842223793500,BAC NINH,★★☆☆☆
제조업,"ETF Co.,Ltd","Cong ty CP truong Phat Kinh Bac, Cum CN Hap Linh, Bac Ninh 회비 납부 일: 2016.01",+842223737229,BAC NINH,★★★☆☆
제조업,FINETECH VINA TECHNOLOGY,"Yen Phong Industrial Park,Dong Phong Commune, Yen Phong Dist.,Bac Ninh Province, Vietnam 회비 납부 일: 2021.03 회비 납부일: 2022.05",+842223699348,BAC NINH,★★☆☆☆
제조업,G-MAX VINA,"Que Vo I.Z, Phuong Lieu, Que Vo, Bac Ninh",+842223952177,BAC NINH,★★★☆☆
제조업,"G2G VINA CO.,LTD","Lot CN07-4, Yen Phong Entension I.Z, Yen Trung, Yen Phong, Bac Ninh",+842223699086,BAC NINH,★★★★☆
제조업,GAJU VINA,"TS 11, Tien Son I.Z, Tu Son Bac Ninh",+842223734454,BAC NINH,★★★☆☆
제조업,"GIGALANE Co.,Ltd","Lot C1-2, Que Vo Extension I,P, Phuong Lieu, Que Vo, Bac Ninh",+842223952900,BAC NINH,★★☆☆☆
제조업,GLT VINA COMPANY LIMITED,"KCN Que Vo, Phuong Lieu, Que Vo, Bac Ninh",+84968224219,BAC NINH,★★☆☆☆
제조업,GM CLEAN TECH VINA,"Dai Dong - Hoan Son I.Z, Tien Du, Bac Ninh",+842223848163,BAC NINH,★★☆☆☆
제조업,GSI VINA COMPANY LIMITED,"KCN Khac Niem, Khac Niem, Bac Ninh",+842223908212,BAC NINH,★★★☆☆
제조업,GWANGJIN VINA,"Lot G11 Que Vo industrial Park - Phuong Lieu Commune Que Vo Dist - Bac Ninh province, Viet Nam Telephone 회비 납부 일: 2021.04",+842223952398,BAC NINH,★★☆☆☆
제조업,H-DIAMOND VINA,"Que Vo extend area IZ (Renthouse: My A Joint Stock company), Phuong Lieu commune, Que Vo District, Bac Ninh province 회비 납부 일: 2021.04",,BAC NINH,★★☆☆☆
제조업,HAESUNG IN VINA,"QUE VO INDUSTRIAL PARK EXPANDED PHUONG LIEU CONMUNE, QUE VO DISTRICT, BAC NINH PROVINCE, VIET NAM 회비 납부 일: 2021.04 회비 납부일: 2023.04",+842223903235,BAC NINH,★★★☆☆
제조업,"HANA ENG VINA CO.,LTD","Lot III.8, Thuan Thanh 3 I.Z, Thanh Khuong, Thuan Thanh, Bac Ninh",+842223798472,BAC NINH,★★☆☆☆
제조업,"HANA MICRON VIETNAM CO., LTD","HANA MICRON VIETNAM, Yen Phong Industrial Zone , Long Chau, Yen Phong District 회비 납부 일: 2017.06 회비 납부일: 2022.12",+842223699391,BAC NINH,★★★☆☆
제조업,"HANCHANGENPLA VINA Co.,Ltd","Khac Niem I.C, Khac Niem, Bac Ninh",+842223908692,BAC NINH,★★★★☆
제조업,HANJIN VIETNAM CHEMICAL,"Yen Phong I.Z, Dong Phong, Yen Phong, Bac Ninh",+842223699380,BAC NINH,★★★☆☆
제조업,HANKYONG CNT,"Dai Dong - Hoan Son I.Z, Hoan Son, Tien Du, Bac Ninh",+849989520885,BAC NINH,★★☆☆☆
제조업,"HANLIM CO., LTD","Cụm Công nghiệp Khắc Niệm,  TP Bắc Ninh, Tỉnh Bắc Ninh",+842223737268,BAC NINH,★★☆☆☆
제조업,"Hanoi You steel Co., Ltd","Que Vo industrial zone, Phuong Lieu Commune, Que Vo District, Bac Ninh Province 회비 납부 일: 2021.04",+842223952684,BAC NINH,★★☆☆☆
제조업,"HANSEO VINA Co.,Ltd","Plot B2 Dai Dang-Hoan Son I.Z, Hoan Son, Tien Du, Bac Ninh 회비 납부 일: 2019.01 회비 납부일: 2019.01",+842223848826,BAC NINH,★★★☆☆
제조업,HANSHIN POLYMER,"Lot 4, Tan Hong, Hoan Son I.Z, Tan Hong, Bac Ninh",+842223764360,BAC NINH,★★☆☆☆
제조업,HANSHIN VIETNAM E&C,"Que Vo Extension I.Z, Phuong Lieu, Que Vo, Bac Ninh",+842223952029,BAC NINH,★★☆☆☆
제조업,HANTEC VINA COMPANY LIMITED,"Factory No. 6, KCN Khac Niem, Khac Niem, Bac Ninh",+842223907020,BAC NINH,★★★☆☆
제조업,"HB TECH Co.,Ltd","Lot K-1-3 Dai Dong, Hoan Son I.Z, Tan Hong, Tu Son, Bac Ninh",+842222220415,BAC NINH,★★☆☆☆
제조업,"HILIM-BLS VINA Co.,Ltd","Yen Phong I.P, Long Chau, Yen Phong, Bac Ninh",+842222246777,BAC NINH,★★★☆☆
제조업,HJ CORP VINA,"Tien Son I.Z, Tan Hong, Tu Son, Bac Ninh",+842223764624,BAC NINH,★★★★☆
제조업,HJ TECH COMPANY LIMITED,"Room 08-C4, Cat Tuong new building, Ly Thai To, Ninh Xa, Bac Ninh.",+84395876667,BAC NINH,★★★☆☆
제조업,"HOJEONG CO.,LTD","Lot C6-1-2 and Lot C6-1-3B, KCN Dai Dong - Hoan Son, Hoan Son, Tien Du, Bac Ninh",+842223907002,BAC NINH,★★☆☆☆
제조업,HOYEON VINA COMPANY LIMITED,"National Highway 38, Ba Huyen, Khac Niem, Bac Ninh",+842223508940,BAC NINH,★★☆☆☆
제조업,"HQ PAPER CO.,LTD","Lot 6, Tan Hong Hoang Son I.Z, Bac Ninh",+842432020260,BAC NINH,★★☆☆☆
제조업,"HS CHEMICAL VIETNAM CO., LTD","Lot CN2-1,Que Vo Industrial Zone 3, Que Vo District, Bac Ninh Province, Vietnam 회비 납부 일: 2021.04",+842223952003,BAC NINH,★★★☆☆
제조업,"HS HA NOI CO.,LTD","Lot 6, Tan Hong, Hoan Son, Tien Son Extension I.Z, Bac Ninh",+842223764581,BAC NINH,★★☆☆☆
제조업,"HS TECH VINA Co.,Ltd","Thuan Thanh 3 I.Z, Thanh Khuong, Thuan Thanh, Bac Ninh",+842223798398,BAC NINH,★★☆☆☆
제조업,HYVISION VINA,"Que Vo Industry Park(Inside MY A company), Phuong Lieu Hamlet, Que Vo Dist, Bac Ninh 회비 납부 일: 2020.05 회비 납부일: 2023.1",+842223903046,BAC NINH,★★★☆☆
제조업,"IDT-VINA INDUSTRIAL Co.,Ltd","Road N1, Lot C, Dai Dong, Hoan Son I.P, Dai Dong, Tien Du, Bac Ninh",+842223714210,BAC NINH,★★☆☆☆
제조업,INO INTECH,"Lot G11, Que Vo I.Z, Phuong Lieu, Que Vo, Bac Ninh",+842223952336,BAC NINH,★★★☆☆
제조업,"INSOL VINA Co.,Ltd","Que Vo Extension I.Z, Phuong Lieu, Que Vo, Bac Ninh",+842223952333,BAC NINH,★★★★☆
제조업,"INTOPS VIETNAM CO.,LTD","Intops Xưởng 1 KCN Yên Phong, Xã Long Châu, Huyện Yên Phong, Tỉnh Bắc Ninh, Việt Nam 회비 납부 일: 2021년 회비 납부일: 2022.03",+842223699800,BAC NINH,★★★☆☆
제조업,IRE DS VINA,"Khu liền kề Khu công nghiệp Quế Võ (thuộc Khu công nghiệp Quế Võ khu mở rộng), Xã Phương Liễu, Huyện Quế Võ, Tỉnh Bắc Ninh 회비 납부 일: 2021.04",+842222221225,BAC NINH,★★☆☆☆
제조업,J CUBE VINA COMPANY LIMITED,"Factory no 7, KCN Khac Niem, Khac Niem, Bac Ninh",+84969968805,BAC NINH,★★☆☆☆
제조업,"JAANH VINA CO.,LTD","Yen Phong IZ, Yen Trung, Yen Phong, Bac Ninh",+842223699078,BAC NINH,★★☆☆☆
제조업,JEBSEN & JESSEN PACKAGING VIETNAM,"Lot K1, Que Vo I.P, Van Duong, Bac Ninh",+842223634321,BAC NINH,★★★☆☆
제조업,JEHIL VINA,"Hap Linh I.P, Bac Ninh 회비 납부 일: 2015.04",+842223720218,BAC NINH,★★☆☆☆
제조업,"JEIL FILTER VINA CO.,LTD","Ba huyen, Khac Niem, Bac Ninh",+842223737455,BAC NINH,★★☆☆☆
제조업,"JIGTECH VINA Co.,Ltd","Khac Niem I.C, Khac Niem, Bac Ninh",+842223906476,BAC NINH,★★★☆☆
제조업,"JINMYUNG HITECH Co.,Ltd","Dai Dong, Hoan Son I.Z, Hoan Son, Tien Du, Bac Ninh",+842223848808,BAC NINH,★★☆☆☆
제조업,JS HITECH VINA COMPANY LIMITED,"Ba Huyen, Highway 38, Khac Niem, Bac Ninh",+842226277333,BAC NINH,★★★☆☆
제조업,KAIROS VINA - BAC NINH,"Dai Dong, Hoan Son, Tien Du, Bac Ninh 회비 납부 일: 2012.09",+842223848882,BAC NINH,★★★★☆
제조업,KISHIN VIETNAM,"Lot F4, Que Vo I.Z, Nam Son, Bac Ninh 회비 납부 일: 2019.10 회비 납부일: 2020.10",+842223903012,BAC NINH,★★★☆☆
제조업,"KM ACT CO.,LTD.","Lot CN6-5,Yen Phong Idustrial Zone (Expansion Area),Dung Liet commune,Yen Phong district Bac Ninh province. Vietnam 회비 납부 일: 2021.05 회비 납부일: 06/05/2'+8424",,BAC NINH,★★☆☆☆
제조업,"KOREA HEAT TREATMENT CO.,LTD","Lot 5, Tan Hong-Hoan Son I.Z, Tan Hong, Tu Son, Bac Ninh",+842223600229,BAC NINH,★★☆☆☆
제조업,Kostat Vina,"No.3A, 3B, Lot CN02-1, Yen Phong Industrial Park (Extended Phase), Yen Trung commune, Yen Phong District, Bac Ninh Province, Vietnam. 회비 납부 일: 2020.02 회비 납부일: 2021.02",,BAC NINH,★★☆☆☆
제조업,"KP ENGINEERING & CONSTRUC TION Co.,Ltd / KOREA PANEL","Dai Dong, Hoan Son I.Z, Hoan Son, Tien Du, Bac Ninh BRANCH: Tan Khai 45 Ha I.Z, Thanh Binh, Hon Quan, Binh Phuoc",+842223848148,BAC NINH,★★★☆☆
제조업,"LCT Co.,Ltd","Ba Huyen, 38 highway, Khac Niem, Bac Ninh",+842226531888,BAC NINH,★★☆☆☆
제조업,"MINH DAI Co.,Ltd","Yen Phong I.Z, Yen Phong, Bac Ninh 회비 납부 일: 2020.07 회비 납부일: 2020.07",+842223888180,BAC NINH,★★☆☆☆
제조업,"MMT VINA Co., Ltd.","Lô A1, KCN Đại Đồng - Hoàn Sơn, xã Hoàn Sơn, huyện Tiên Du, tỉnh Bắc Ninh 회비 납부 일: 2021.07 회비 납부일: 25/03/2'+8424",+84904401382,BAC NINH,★★★☆☆
제조업,"NAMYANG INNOTECH VINA CO.,LTD","Tien Son I.Z, Tan Hong, Tu Son, Bac Ninh",+842223764661,BAC NINH,★★☆☆☆
제조업,"NANO CHEM TECH VIETNAM CO.,LTD","Yen Phong I.Z, Long Chau, Yen Phong, Bac Ninh",+842223699525,BAC NINH,★★★☆☆
제조업,"NANO TECH CO.,LTD","KCN Quế Võ, Phường Vân Dương, TP Bắc Ninh, Tỉnh Bắc Ninh, Vietnam 회비 납부 일: 2023.02 회비 납부일: 2'+8424.01",+842223634730,BAC NINH,★★★★☆
제조업,"NITTO VIETNAM CO.,LTD","RBF Block, No.105 Huu Nghi, VSIP Bac Ninh, Phu Chan, Tu Son, Bac Ninh",+842223765260,BAC NINH,★★★☆☆
제조업,"NOVATECH VINA Co.,Ltd","Lo CN1-3, Khu cong nghiep, Que Vo 3, Viet Hung, Que Vo, Bac Ninh 회비 납부 일: 2019.06 회비 납부일: 2019.06",,BAC NINH,★★☆☆☆
제조업,"O SUNG RF VINA Co.,Ltd","Lo CN1-1, KCN Que Vo 3, Viet Hung, Que Vo, Bac Ninh",+842223904363,BAC NINH,★★☆☆☆
제조업,O-SUNG VINA,"Cum CN Khac Niem, Khac Niem, Bac Ninh",+842226536766,BAC NINH,★★☆☆☆
제조업,"ONE F&P VINA CO.,LTD","Lot C6-1 Que Vo I.Z, Nam Son, Bac Ninh",+842223611166,BAC NINH,★★★☆☆
제조업,ONE LAY UP TECH VINA,"Hap Linh I.C, Hap Linh, Bac Ninh",+842223908162,BAC NINH,★★☆☆☆
제조업,ONE SYSTEM VINA COMPANY LIMITED,"Lot D, KCN Dai Dong- Hoan Son, Hoan Son, Tien Du, Bac Ninh",+842222220071,BAC NINH,★★☆☆☆
제조업,"P&Q VINA Co.,Ltd","Yen Phong I.z, Yen Phong, Bac Ninh",+842223699586,BAC NINH,★★★☆☆
제조업,PAN KOREA VINA,"Expanded area, Que Vo Industrial Zone, Phuong Lieu Commune, Que Vo District, Bac Ninh Province, Viet Nam 회비 납부 일: 2021.04",+842223952332,BAC NINH,★★☆☆☆
제조업,"PYUNG AHN VINA CO., LTD","Lot III - 1.2, D3 Str., Que Vo 2 Industrial Zone, Ngoc Xa Commune, Que Vo District, Bac Ninh 회비 납부 일: 2017.01 회비 납부일: 2022.10",+842223623331,BAC NINH,★★★☆☆
제조업,"RYONG IN VINA Co.,Ltd","Lot K-1-1, Que Vo Ind.(expension area), Nam Son, Bac Ninh",+842223952181,BAC NINH,★★★★☆
제조업,S.I TECH VIETNAM,"Hap Linh I.P, Bac Ninh",+842223720881,BAC NINH,★★★☆☆
제조업,SAM KWANG AIR TECH,"Lo VII 4, KCN Thuan Thanh 3, Thanh Khuong, Thuan Thanh, Bac Ninh",+842223798801,BAC NINH,★★☆☆☆
제조업,"SAM SUNG INDUSTRIAL Co.,Ltd","Dai Dong - Hoan Son I.Z, Dai Dong, Tien Du, Bac Ninh",+842223734186,BAC NINH,★★☆☆☆
제조업,SAMHWA PAINTS VINA,"Lot 080A, No 11, Street 11, VSIP Bac Ninh Integrated Township and Industrial Park, Phu Chan Commune, Tu Son Town, Bac Ninh Province, Vietnam 회비 납부 일: 2016.04 회비 납부일: 2022.03",+842223764590,BAC NINH,★★☆☆☆
제조업,"SAMPO VINA CO.,LTD","Lot B8, Que Vo I.Z, Van Duong, Bac Ninh",+842226251900,BAC NINH,★★★☆☆
제조업,"SEA HENG TECH VIETNAM Co.,Ltd","Dai Dong, Hoan Son I.Z, Dai Dong, Tien Du, Bac Ninh",+842223848055,BAC NINH,★★☆☆☆
제조업,SEJIN INDUSTRY VINA,"Dai Dong - Hoan Son I.z, Tien Du, Bac Ninh",+842223846065,BAC NINH,★★☆☆☆
제조업,"SEOJIN AUTO CO., LTD","Lot J5, Dai Dong-Hoan Son Industrial Park, Tan Hong Ward, Tu Son City, Bac Ninh Province, Vietnam.",+84866731889,BAC NINH,★★★☆☆
제조업,"SEOJIN SYSTEM VINA CO.,LTD","Plot 23, TS5, Tien Son I.P, Tu Son, Bac Ninh",+842223734840,BAC NINH,★★☆☆☆
제조업,"SEOJIN VINA CO.,LTD","Road TS3, Tien Son Industrial Zone, Hoan Son Commune, Tien Du district, Bac Ninh Province 회비 납부 일: 2021.03 회비 납부일: 3.17",,BAC NINH,★★★☆☆
제조업,SEOUL METAL VIETNAM,"Yen Phong I.Z, Yen Phong, Bac Ninh",+842223699100,BAC NINH,★★★★☆
제조업,SHINHAN J&P,"Que Vo Extension I.Z, Phuong Lieu, Que Vo, Bac Ninh",+842223952509,BAC NINH,★★★☆☆
제조업,"SHINHWA VINA CO.,LTD","Thuan Thanh 3 I.P, Thanh Khuong, Thuan Thanh, Bac Ninh",+842223798505,BAC NINH,★★☆☆☆
제조업,SHINWOO TECH COMPANY LIMITED,"Roi Soc, Phu Chan, Tu Son, Bac Ninh",+842223765892,BAC NINH,★★☆☆☆
제조업,SINWOO VINA,"Que Vo I.Z, Phuong Lieu, Bac Ninh",+842223952343,BAC NINH,★★☆☆☆
제조업,"SM TECH VIETNAM CO.,LTD","Khac Niem I.Z, Khac Niem, Bac Ninh",+842223737231,BAC NINH,★★★☆☆
제조업,"SNS Korvina Co., Ltd","1F, V-City Bld., 03 Le Thai To Street, Vo Cuong Ward, Bac Ninh city 회비 납부 일: 08/03/2'+8424 회비 납부일: 08/03/2'+8424",+842222221579,BAC NINH,★★☆☆☆
제조업,SONGLIM VINA,"Thua dat so 276, to ban do so 2, P Vo Cuong, Bac Ninh",+842226511470,BAC NINH,★★☆☆☆
제조업,SOOHYUN VINA COMPANY LIMITED,"Factory 2, land No. 662, Khac Niem industrial cluster, Khac Niem, Bac Ninh",+842223908111,BAC NINH,★★★☆☆
제조업,SPRAY AUTO TECHNOLOGY VINA,"Que Vo Extension I.Z, Phuong Lieu, Que Vo, Bac Ninh",+84902012136,BAC NINH,★★☆☆☆
제조업,"ST VINA CO.,LTD","Lot II-4.2, Road D3, Que Vo II Industrial Zone, Ngoc Xa commune, Que Vo District, Bac Ninh Province, Vietnam 회비 납부 일: 2020.05 회비 납부일: 2023.12",+84222623886,BAC NINH,★★★☆☆
제조업,"SUNG IL VINA CO., LTD","Lot H3-2 Adjacent areas Que Vo, I.Z, Phuong Mao, Que Vo, Bac Ninh 회비 납부 일: 2021.04 회비 납부일: 2022.06",+842222220266,BAC NINH,★★★★☆
제조업,"SUNGGOK VINA Co.,Ltd","Lot 16, Residential Area, Que Vo I.Z, Phuong Lieu, Que Vo, Bac Ninh",+842223903282,BAC NINH,★★★☆☆
제조업,SUNGNAM VINA,"KCN Que Vo mo rong, Phuong Lieu, Que Vo, Bac Ninh 회비 납부 일: 2021.01 회비 납부일: 2'+8424.01",+842223952080,BAC NINH,★★☆☆☆
제조업,SUNKYOUNG TECH COMPANY LIMITED,"KCN Khac Niem, Khac Niem, Bac Ninh",+842223908604,BAC NINH,★★☆☆☆
제조업,SUNWAY VINA,"Lot 2-1.1, Que Vo 3 Industrial Zone, Viet Hung Com., Que Vo Dist., Bac Ninh Pro., Vietnam. 회비 납부 일: 2021.04",,BAC NINH,★★☆☆☆
제조업,"SUSFINE VINA CO.,LTD","Plot Ⅶ13, ModulⅠ,Thuan Thanh 3 Industrial zone, Thanh Khuong Commune, Thuan Thanh District, Bac Ninh Province 회비 납부 일: 2018.01 회비 납부일: 2022.05",+842223798589,BAC NINH,★★★☆☆
제조업,SY TECH VINA,"lot 09, tan hong-hoan son industrial zone(tien son industrial zone expansion) hoan son commune, tien du district, bac ninh province, viet nam 회비 납부 일: 2021.04",,BAC NINH,★★☆☆☆
제조업,T&F VINA,"Dai Dong, Hoan Son I.Z, Hoan Son, Tien Du, Bac Ninh",,BAC NINH,★★☆☆☆
제조업,TAEWON TECH VINA,"Que Vo Industrial Park, Phuong Lieu commune, Que Vo, Bac Ninh 회비 납부 일: 2021.04",+842222220303,BAC NINH,★★★☆☆
제조업,"TECH & INNOVATION Co.,Ltd","Ninh, Phu Tho",+842223848155,BAC NINH,★★☆☆☆
제조업,"TECH SOLUTION VINA Co.,Ltd","Dai Dong, Hoan Son I.Z, Hoan Son, Tien Du, Bac Ninh",+842226541188,BAC NINH,★★★☆☆
제조업,"TEXON VIETNAM Co.,Ltd","Lot K-1-2, Dai Dong-Hoan Son Industrial Park, Tan Hong Ward, Tu Son City, Bac Ninh 회비 납부 일: 2023.03",+84866731889,BAC NINH,★★★★☆
제조업,TOP SCREEN VINA,"Road TS12, Tien Son I.Z, Noi Due, Tien Du, Bac Ninh",+842223734125,BAC NINH,★★★☆☆
제조업,UBI PLASTIC PACKAGING,"TS 10/8, Tien Son I.Z, Tien Du, Bac Ninh",+842223838380,BAC NINH,★★☆☆☆
제조업,"UNI-TECH GREEN VINA Co.,Ltd","Lo M9, duong TS11 KCN Tien Son, Noi Due, Tien Du, Bac Ninh",+84909282054,BAC NINH,★★☆☆☆
제조업,VINA YONG SEONG,"Dai Dong-Hoan Son I.Z, Hoan Son, Tien Du, Bac Ninh",+842222220199,BAC NINH,★★☆☆☆
제조업,VNK DAE HO COM MERCE AND CONSTRUCTION INVESTMENT,"No. 39, Lane 3, Nguyen Cao, Ninh Xa, Bac Ninh",+842223813013,BAC NINH,★★★☆☆
제조업,"WONTECH VIETNAM Co.,Ltd","Lot C12, I.Z, Dong Tho, Yen Phong, Bac Ninh",+842223883388,BAC NINH,★★☆☆☆
제조업,YESUNG VINA COMPANY LIMITED,"KCN Khac Niem, Khac Niem, Bac Ninh",+84375581161,BAC NINH,★★☆☆☆
제조업,"YOON IL VINA CO.,LTD","Lot C8-2, Que Vo I.P, Nam Son, Bac Ninh",+842223634830,BAC NINH,★★★☆☆
제조업,"YOU & I TECH CO.,LTD","Road TS11, Tien Son I.Z, Hoa Son, Tien Du, Bac Ninh",+842223734847,BAC NINH,★★☆☆☆
제조업,YOUNG IN ELECTRONIC VIETNAM,"Dai Dong, Hoan Son, I.P, Hoan Son, Tien Du, Bac Ninh",+842223847828,BAC NINH,★★★☆☆
제조업,"YOUNG ONE CHEMICAL CO.,LTD","Tien Son I.Z, Tuong Giang, Tu Son, Bac Ninh",+842223734016,BAC NINH,★★★★☆
제조업,"YOUNGJIN VINA CO.,LTD","Lot CN07-01, Yen Phong (Extend) Industrial Zone, Yen Trung Commune, Yen Phong District, Bac Ninh Province BRANCH: Lot CN06-01, Van Trung Industrial Zone, Van Trung Commune, Viet Yen District, Bac Giang Province 회비 납부 일: 2022.10 회비 납부일: 2'+8424.01",+842223688123,BAC NINH,★★★☆☆
제조업,"YUDO VIETNAM Co.,Ltd","Hap Linh IZ, Hap Linh, Bac Ninh",,BAC NINH,★★☆☆☆
제조업,YUIL SYSTEM VINA,"Dai Dong - Hoan Son, Tien Du, Bac Ninh",+842223848368,BAC NINH,★★☆☆☆
제조업,YUJUNG VINA,"(thuê NX Kibaco) KCN Quế Võ mở rộng, xã Phương Liễu, Huyện Quế Võ, tỉnh Bắc Ninh 회비 납부 일: 2021.04",+842223903065,BAC NINH,★★☆☆☆
제조업,"YULAY TECH VINA Co.,Ltd","Yen Phong I.Z, Yen Phong, Bac Ninh",+842223699545,BAC NINH,★★★☆☆
제조업,YURA CORPORATION BAC NINH,"Cụm công nghiệp Tân Chi, Xã Tân Chi, Huyện Tiên Du, Tỉnh Bắc Ninh, Việt Nam",+842223622961,BAC NINH,★★☆☆☆
제조업,CLEAN TECHNOLOGY SYSTEM,"Binh Thuan 2, Thuan Giao, Thuan An, Binh Duong",+842743788253,BINH DUONG,★★☆☆☆
제조업,SUNG HYUN VINA JSC,"KCN Binh Duong, Di An, Binh Duong",+842743790230,BINH DUONG,★★★☆☆
제조업,BTB INTERNATIONAL COMPANY LIMITED,"So 2 Phuoc Truong 9, P.Phuoc My, Son Tra, Da Nang 회비 납부 일: 2020년 회비 납부일: 2022.02",,DA NANG,★★☆☆☆
제조업,"DAE RYANG VINA INDUSTRY Co.,Ltd","Road #5, Hoa Khanh IZ expansion, Hoa Khanh Bac Wd.,  LIEN CHIEU DISTRICT, DANANG CITY, VIETNAM.",+842363733100,DA NANG,★★★☆☆
제조업,"HANVI VINA CO.,LTD","Duong so 9A, KCN Hoa Khanh, Phuong Hoa Khanh Bac, Quan Lien Chieu, Da Nang",+842363640157,DA NANG,★★★★☆
제조업,LAFIEN VINA,"Lot X, Road 11B, Expanded Hoa Khanh I.P, Lien Chieu, Da Nang",+845113738134,DA NANG,★★★☆☆
제조업,"VINH CHAU Co.,Ltd","Lot B, 9F, Software Park Building, No. 02 Quang Trung, Thach Thang, Hai Chau, Da Nang",+842363863338,DA NANG,★★☆☆☆
제조업,POSCO VST,"Road 319B, Nhon Trach 1 IP, Phuoc Thien Commune, Nhon Trach Dist., Dong Nai",+842513650360,DONG NAI,★★☆☆☆
제조업,"ACE ANTENNA Co.,Ltd","Dong Van ll l.Z, Duy Tien, Ha Nam 회비 납부 일: 2016.08",+843516259800,HA NAM,★★☆☆☆
제조업,CJ VINA AGRI,"Lot I, Dong Van 2 I.Z, Bach Thuong, Duy Tien, Ha Nam BRANCH: D2 Street, Zone D, Pho Noi A I.Z, Lac Hong, Van Lam, Hung Yen 회비 납부 일: 2020.03 회비 납부일: 2021.04",+842263555222,HA NAM,★★★☆☆
제조업,"D-Steel Vina Korea Co.,Ltd","Biệt thự 12, ngõ 1 Phạm Văn Bạch, Yên Hòa, Cầu Giấy, Hà Nội 회비 납부 일: 2022.06",+84833693012,HA NAM,★★☆☆☆
제조업,DAYEON BIJOU VIETNAM,"Dong Van I.Z, Duy Tien dist., Ha Nam 회비 납부 일: 2012.09",+842263587555,HA NAM,★★☆☆☆
제조업,DK VIET NAM COMPANY LIMITED,"D3, Lot G, KCN Hoa Mac, Hoa Mac, Duy Tien, Ha Nam",+842263589575,HA NAM,★★★☆☆
제조업,"DMK GLOBAL VINA CO., LTD.","KCN Dong Van I, Bach Thuong, Duy Tien, Ha Nam",+84375888626,HA NAM,★★☆☆☆
제조업,DMR VINA,"Road D1, Section e, Hoa Mac Industrial Park, Trac Van Commune, Duy Tien, Ha Nam, Viet Nam 회비 납부 일: 2021.04 회비 납부일: 2022.04",+842263584235,HA NAM,★★★☆☆
제조업,"DONGAH ELECTRIC COMPONENTS VINA CO., LTD","Factory No. 4, Lot D10, D6 and N4 Streets, KCN Chau Son, Chau Son, Phu Ly, Ha Nam",+84915261928,HA NAM,★★★★☆
제조업,ELITE GROUP HA NOI,"Khu D, Duong N2, KCN Hoa Mac, Duy Tien, Ha Nam",+842263550053,HA NAM,★★★☆☆
제조업,EMK VINA COMPANY LIMITED,"Factory No. 6, Block 1, Lot D10, D6 and N4 Streets, KCN Chau Son, Chau Son, Phu Ly, Ha Nam",+848231371430,HA NAM,★★☆☆☆
제조업,"HANGANG VINA Co.,Ltd","Chau Son Industrial, Phu Ly, Ha Nam",+842263840266,HA NAM,★★☆☆☆
제조업,"HANSHIN VINA CO., LTD","Lot CN15.3, N1 road, KCN Chau Son, Le Hong Phong, Phu Ly, Ha Nam",+842263967168,HA NAM,★★☆☆☆
제조업,HICO VIET NAM,"LOT NO CN-3, 4 DONG VAN INDUSTRY ZONE, DAI CUONG COMMUNE, KIM BANG DISTRICT, HA NAM PROVINCE, VIET NAM 회비 납부 일: 2021.04 회비 납부일: 2022.04",+842263523336,HA NAM,★★★☆☆
제조업,"HTCTECH CO.,LTD","Dong Van 1 I.Z, Bach Thuong, Duy Tien, Ha Nam 회비 납부 일: 2018,04",+842263583316,HA NAM,★★☆☆☆
제조업,INTERSACK VIETNAM,"Tay Nam I.Z, Phu Ly, Ha Nam",+842263846407,HA NAM,★★☆☆☆
제조업,JEIO VINA,"Hoang Ly 3, Hoang Dong, Duy Tien, Ha Nam 회비 납부 일: 2016.01 회비 납부일: 2021.04",+842263580228,HA NAM,★★★☆☆
제조업,"JOCHU TECHNOLOGY (VIETNAM) CO., LTD.","KCN Dong Van IV, Dai Cuong, Kim Bang, Ha Nam",+842263966655,HA NAM,★★☆☆☆
제조업,"JUNA Co.,Ltd","101 Dong Van I.Z, Ha Nam",+842263583278,HA NAM,★★★☆☆
제조업,"JUNGWON ELECTRONICS VIETNAM CO., LTD.","Lot CN10.1, Road D6, KCN Chau Son, Chau Son, Phu Ly, Ha Nam",+84706702986,HA NAM,★★★★☆
제조업,"JY PLASTIC CO., LTD","KCN Binh Luc, Trung Luong, Binh Luc, Ha Nam",+843325361080,HA NAM,★★★☆☆
제조업,"KCT VIETNAM CO.,LTD","Dong Van I.Z, Duy Tien, Ha Nam",+842263577002,HA NAM,★★☆☆☆
제조업,"KOMELON VINA CO., LTD","Lot CN-03, KCN Dong Van IV, Dai Cuong, Kim Bang, Ha Nam",+848210267761,HA NAM,★★☆☆☆
제조업,KOMOS VINA,"Road N3, Hoa Mac I.P , Hoa Mac Ward, Duy Tien Town, Ha Nam Province, Viet Nam 회비 납부 일: 2019.04 회비 납부일: 2022.04",+842263550258,HA NAM,★★☆☆☆
제조업,KORTEK,"Lot CN-02, Dong Van IV Industrial Zone, Dai Cuong commune, Kim Bang district, Ha Nam 회비 납부 일: 2020.03 회비 납부일: 2022.04",+842262225000,HA NAM,★★★☆☆
제조업,"KOS HA NOI CO., LTD","Lot B2, Dong Van Ⅱ IZ., Duy Minh Commune, Duy Tien District, Ha Nam Province, Viet Nam 회비 납부 일: 2018.04 회비 납부일: 2022.04",+842263582007,HA NAM,★★☆☆☆
제조업,"LEETECH (VIETNAM) CO.,LTD","Part of Lot E, KCN Dong Van II, Duy Minh, Duy Tien, Ha Nam",+84963322243,HA NAM,★★☆☆☆
제조업,"LIAAN VINA CO.,LTD","Dong Van I I.Z, Dong Van, Duy Tien, Ha Nam",+842263583326,HA NAM,★★★☆☆
제조업,"LISAL VINACO.,LTD","LOT CN-04,LOCATED IN DONG VAN4,DAI CUONG COMMUNE.KIM BANG DISTRICT HA NAM PROVINCE VIETNAM 회비 납부 일: 2021.04 회비 납부일: 2022.04",+848298970304,HA NAM,★★☆☆☆
제조업,MENATURE OUTDOOR VIETNAM LTD,"KCN Binh Luc, Trung Luong, Binh Luc, Ha Nam",+842262200008,HA NAM,★★★☆☆
제조업,"MICO TECH VIETNAM Co.,Ltd","Dong Van I I.Z, Dong Van, Duy Tien, Ha Nam",+842263585699,HA NAM,★★★★☆
제조업,"MINJAE FASHION Co.,Ltd","Dong Van 1 I.Z, Dong Van, Duy TIen, Ha Nam",+842263583213,HA NAM,★★★☆☆
제조업,"NAUS VINA CO., LTD","Lot F9, D5 and N5 streets, KCN Chau Son, Chau Son, Phu Ly, Ha Nam",+842262211235,HA NAM,★★☆☆☆
제조업,"ONE TECH CO., LTD","Lot CN-02, KCN Dong Van IV, Dai Cuong, Kim Bang, Ha Nam",+842263580229,HA NAM,★★☆☆☆
제조업,"PLK CHEMICAL CO., LTD","Lot P, KCN Dong Van II, Duy Minh Duy Tien, Ha Nam",+84366185595,HA NAM,★★☆☆☆
제조업,"SAMAS VINA CO., LTD","Lot II-CN-08.2, KCN Thanh Liem, Thanh Tuyen, Phu Ly, Ha Nam",+842262210002,HA NAM,★★★☆☆
제조업,"SEBANG CHAIN VINA CO.,LTD","D2, Zone C, KCN Hoa Mac, Hoa Mac, Duy Tien, Ha Nam 회비 납부 일: 2023.1 회비 납부일: 2'+8424.01",+842263555514,HA NAM,★★☆☆☆
제조업,SHINE ART,"Dong Van I.Z, Duy Tien, Ha Nam",+842263583177,HA NAM,★★☆☆☆
제조업,"SJ AUTOMOTIVE CO., LTD","KCN Dong Van I, Bach Thuong, Duy Tien, Ha Nam",+842263967001,HA NAM,★★★☆☆
제조업,VIETNAM - YOUME,"Dong Van I.Z, Duy Tien, Ha Nam",+842263583801,HA NAM,★★☆☆☆
제조업,VIETNAM-SUNNY JEWEL,"Dong Van 1 I.Z, Dong Van, Duy Tien, Ha Nam",+842263583600,HA NAM,★★★☆☆
제조업,VINA KAILO,"Dong Van Ⅱ, I.Z, Dong Van, Duy Tien, Ha Nam 회비 납부 일: 2015.11",+842266263115,HA NAM,★★★★☆
제조업,VINA KOREA YOUNHAB,"Chau Son, Phu Ly, Ha Nam",+842263846465,HA NAM,★★★☆☆
제조업,"WISH TREE VINA Co.,Ltd","Road D2, Area C, Hoa Mac IZ, Hoa Mac Town, Chau Giang Commune, Duy Tien District, Ha Nam",+842263555510,HA NAM,★★☆☆☆
제조업,"Y.H. Co.,Ltd","Dong Van I I.Z, Dong Van, Duy Tien, Ha Nam",+842263583080,HA NAM,★★☆☆☆
제조업,"YOOLIM SPECIALTY CHEMICALS VINA COMPANY LIMITED (YOOLIM VINA CO.,LTD)","X15, Lot P, KCN Dong Van II, Duy Minh, Duy Tien, Ha Nam",+84967188813,HA NAM,★★☆☆☆
제조업,C-ONE,"Dong Van I.Z, Duy Tien, Ha Nam 회비 납부 일: 2021.04",+842263582079,HA NAM ,★★★☆☆
제조업,DAEDONG VINA,"Road N3, Chau Son I.Z, Phu Ly, Ha Nam 회비 납부 일: 2021.04 회비 납부일: 2022.04",+842263889700,HA NAM ,★★☆☆☆
제조업,DASAN,"Chau Son IZ, Phu Ly city, Ha Nam 회비 납부 일: 2019.04 회비 납부일: 2022.04",+842263883141,HA NAM ,★★☆☆☆
제조업,"DORCO VINA CO., LTD(HA NAM)","Road D3, Section G, Hoa Mac IP, Duy Tien District, Ha Nam 회비 납부 일: 2020.03 회비 납부일: 2022.05",+842213587556,HA NAM ,★★★☆☆
제조업,DREAM PLASTIC,"Lot C, Chau Son L.Z, Phu Ly city, Ha Nam 회비 납부 일: 2021.04 회비 납부일: 2023.05",+842266252200,HA NAM ,★★☆☆☆
제조업,Hanyoung Worldwrap,"Lô H, khu công nghiệp Đồng Văn II, Phường Duy Minh, Thị xã Duy Tiên, Tỉnh Hà Nam, Việt Nam 회비 납부 일: 2021.04 회비 납부일: 2023.12",+842263582010,HA NAM ,★★★☆☆
제조업,IJ TECH,"Khu cong nghiep Dong Van 2, Phuong Bach Thuong, Thi Xa Duy Tien, Tinh Ha Nam 회비 납부 일: 2021.04 회비 납부일: 2023.05",+84226650001,HA NAM ,★★★★☆
제조업,IPN VINA,"Lot F10, N5 Street, Chau Son Industrial Zone, Chau Son District, Phu Ly, Ha Nam 회비 납부 일: 2021.04 회비 납부일: 2023.05",+842262211389,HA NAM ,★★★☆☆
제조업,JINYANG VINA,"Chau Son IZ, Phu Ly City, Ha Nam 회비 납부 일: 2018.04 회비 납부일: 2022.04",+842263889068,HA NAM ,★★☆☆☆
제조업,JY HA NAM,"Pho Ca, Thanh Nguyen, Thanh Liem, Ha Nam 회비 납부 일: 2021.04 회비 납부일: 2023.05",+842263530904,HA NAM ,★★☆☆☆
제조업,JY PLASTEEL,"Chau Son Industrial Park, Chau Son Ward, Phu Ly, Hanam 회비 납부 일: 2019.04 회비 납부일: 2023.05",+842263853199,HA NAM ,★★☆☆☆
제조업,NBK VN,"KCN ĐỒNG VĂN 2, PHƯỜNG DUY MINH, THỊ XÃ DUY TIÊN, TỈNH HA NAM 회비 납부 일: 2020.03 회비 납부일: 2021.04",+842263582536,HA NAM ,★★★☆☆
제조업,"Samsung Climate Control Vietnam Co., Ltd","Part of Lot J, KCN Dong Van II, Bach Thuong, Duy Tien, Ha Nam 회비 납부 일: 2021.04 회비 납부일: 2023.95",+842263582981,HA NAM ,★★☆☆☆
제조업,SDS INDUSTRY,"Lot C, N3 Road, Chau Son Ip, Chau Son Ward, Phu Ly City, Ha Nam Province, Vietnam 회비 납부 일: 2021.04 회비 납부일: 2022.04",+842263828358,HA NAM ,★★☆☆☆
제조업,Seoul Semiconductor Vina,"Dong Van I IZ, Dong Van Town, Duy Tien, Ha Nam 회비 납부 일: 2020.03 회비 납부일: 2023.05",,HA NAM ,★★★☆☆
제조업,Sunjin Vina,Khu công nghiệp Đồng Văn 4 - Xã Đại Cương - Huyện Kim Bảng - Hà Nam 회비 납부 일: 2021.04 회비 납부일: 2022.04,+842263523106,HA NAM ,★★☆☆☆
제조업,TAESUNG HITECH VINA,"D2, zone E, Hoa Mac IZ, Trac Van, Duy Tien, Ha Nam 회비 납부 일: 2021.04 회비 납부일: 2022.04",+842263550090,HA NAM ,★★★☆☆
제조업,TELCON VINA,"KCN Dong Van I, Bach Thuong, Duy Tien, Ha Nam 회비 납부 일: 2021.04 회비 납부일: 2022.04",+842263582356,HA NAM ,★★★★☆
제조업,VINA LEE ART JEWELRY,"Dong Van 1 IZ, Duy Tien, Ha Nam 회비 납부 일: 2018.04 회비 납부일: 2022.04",+842263583051,HA NAM ,★★★☆☆
제조업,Boogook Industries Vina,"Factory No. 9, compartment2, Lot CN10.1, D6 Street, Chau Son Ward, Phu Ly, Ha Nam 회비 납부 일: 2021.08 회비 납부일: 2022.04",+842263966031,HA NAM,★★☆☆☆
제조업,AHN'S DELICE,"No 3, 23 Do Quang, 61 Tran Duy Hung, Cau Giay, Hanoi 회비 납부 일: 2015,12",+842435562624,HA NOI,★★☆☆☆
제조업,AN PHAT HOLDINGS JSC,"Floor 17, PV Oil Tower, 148 Hoang Quoc Viet, Nghia 회비 납부 일: 2017,09",+842432061199,HA NOI,★★☆☆☆
제조업,BAO NGOC AKITO INVESTMENT PRODUCTION Corp,"A Long Bld, Lot A2 CN8 CCN Tu Liem, Phuong Canh, Nam Tu Liem, Hanoi 회비 납부 일: 2016,08",+842437805022,HA NOI,★★★☆☆
제조업,"CANA ASAHI VINA Co.,Ltd","Tang 6, so nha 127, to 3, Dong Anh, Hanoi 회비 납부 일: 2013.02",+842433997799,HA NOI,★★☆☆☆
제조업,CAS,"No.1 BT2 Trung Van house area, Trung Van, Nam Tu Liem, Hanoi",+842435771048,HA NOI,★★☆☆☆
제조업,"CHOYANG TECH VINA CO.,LTD","LK1-N03 Splendora, An Khanh, Hoai Duc, Hanoi",+84901604687,HA NOI,★★★☆☆
제조업,"CHUN WOO CLEANING AND ENGINEERING Co.,Ltd","Lo 41C2, KCN Quang Minh, Thi tran Quang Minh, Me Linh, Hanoi",+842438182132,HA NOI,★★☆☆☆
제조업,CMES INC,"""서울특별시 강남구 도산대로 318, 7층 1,2호 8층 1,2호(논현동, SB타워) 7F, 8F, 318, Dosan-daero, Gangnam-gu, Seoul, Republic of Korea  TM01-37, Tầng 1, Toà W2 Vinhome Westpoint, lô HH, đường Phạm Hùng, phường Mễ Trì, quận NamTừ Liêm, thành phố Hà Nội"" 회비 납부 일: 03/11/2023 회비 납부일: 06/03/2'+8424",+842432022900,HA NOI,★★★☆☆
제조업,"CMS VINA CO.,LTD","Lo 10A, Quang Minh I.Z, Me Linh, Hanoi",+842435251861,HA NOI,★★★★☆
제조업,"CO-LOVE Co.,Ltd","3616, G2 Vinhomes Greenbay, Me Tri, Nam Tu Liem, Hanoi 회비 납부 일: 2020.06 회비 납부일: 2020.06",+84327256253,HA NOI,★★★☆☆
제조업,DAEJIN SANUP VIETNAM,"Lot A2 CN1, Small and Medium I.C, Tu Liem, Hanoi",+842422175656,HA NOI,★★☆☆☆
제조업,DAESANG DUC VIET JSC,"Tầng 12, tòa nhà IC, số 82 phố Duy Tân, phường Dịch Vọng Hậu, quận Cầu Giấy, Tp. Hà Nội BRANCH: Lieu ha, Tan Lap, Yen My, Hung Yen 회비 납부 일: 2022.05",+842437764322,HA NOI,★★☆☆☆
제조업,"DONGIL RUBBER BELT VIETNAM CO.,LTD","No.17, 172/1 Nguyen Tuan, Nhan Chinh, Thanh Xuan, Hanoi BRANCH: Plot F1-CN, F7-CN, My PhuocⅡ, I.P Ben Cat, Binh Duong",+842435577362,HA NOI,★★☆☆☆
제조업,Dow Chemical Vietnam LLC,"8Th Floor, Licogi 13, 164 Khuat Duy Tien, Thanh Xuan, Hanoi 회비 납부 일: 2020.01 회비 납부일: 2022.03",+84911421002,HA NOI,★★★☆☆
제조업,Eco logipack,"5th floor, IRIS office building, Xuan Dinh Ward, Bac Tu Liem District, Hanoi 회비 납부 일: 21/08/2'+8424 회비 납부일: 21/08/2'+8424",+842433997799,HA NOI,★★☆☆☆
제조업,ENEX VINA,"Booth 312, 3rd Floor, Melinh Plaza, To Hieu Street, Ha Cau Ward, Ha Dong District, Hanoi BRANCH: Chau Son I.Z, Chau Son, Phu Ly, Ha Nam 회비 납부 일: 2019.04 회비 납부일: 2021.04",+842466545692,HA NOI,★★☆☆☆
제조업,"FUNIK ULTRAHARD TOOLS CO.,LTD","4Fl., Bao Nong Thon Ngay Nay Tower, 68 Duong Dinh nghe, Cau Giay, Hanoi",+842432010196,HA NOI,★★★☆☆
제조업,"GEMOPIA VINA CO.,LTD",": Phu Thuy Villages, Phu Thi, Gia Lam, Hanoi",+842436740799,HA NOI,★★☆☆☆
제조업,"GENERAL MOTORS VIETNAM Co.,Ltd","889 Ngoc Hoi, Tu Hiep, Thanh Tri, Hanoi",+841800105802,HA NOI,★★★☆☆
제조업,"GK FINECHEM VIETNAM CO.,LTD","Unit 702, 7th Fl, MD Complex Tower, 68 Nguyen Co Thach, Cau Dien, Nam Tu Liem, Hanoi BRANCH: 115 Pham Viet Chanh, Ward. 19, Binh Thanh, HO CHI MINH",+842462652550,HA NOI,★★★★☆
제조업,GUNNGARD VINA SAFE,"Hamlet 3, Binh My Commune, Cu Chi District, Ho Chi Minh city",+842435130165,HA NOI,★★★☆☆
제조업,HANSHIN COMPANY LIMITED,"Trieu Khuc, Tan Trieu, Thanh Tri, Hanoi",+842435528480,HA NOI,★★☆☆☆
제조업,HANWHA AERO ENGINES,"Lot CN1-02B-4-B, Hi-Tech I. Z. No.1 Hoa Lac Hi-Tech Park, Ha Bang, Thach That, Hanoi 회비 납부 일: 2022년 가입· 회비 납부일: 2023.03",+842433668854,HA NOI,★★☆☆☆
제조업,HIQ VINA,"Một phần lô O, KCN Quang Châu, Xã Quang Châu, Huyện Việt Yên, Tỉnh Bắc Giang, Việt Nam 회비 납부 일: 2019.04 회비 납부일: 2023.04",+842042484499,HA NOI,★★☆☆☆
제조업,"HITECH Co.,Ltd","B4, CN4, Sai Dong B I.Z, Long Bien, Hanoi",+842438753332,HA NOI,★★★☆☆
제조업,Hoa Binh Limited Company,"84 Đoi Can, Ba Dinh, Hanoi 회비 납부 일: 2021.07",+842438233449,HA NOI,★★☆☆☆
제조업,HONG DANG VINA,"Lot 38 I, I.Z, Quang Minh, Hanoi",+842432665959,HA NOI,★★☆☆☆
제조업,"HYUNDAI THANH CONG ELEVATOR VIETNAM Co.,Ltd","36th Floor, Keangnam Landmark 72 Bld, Me Tri, Nam Tu Liem, Hanoi",+842462822975,HA NOI,★★★☆☆
제조업,HYUNDAI THANH CONG VIETNAM AUTO MANUFACTURING CORPORATION,"3F, Thanh Cong Bld., Dich Vong Hau Str., Cau Giay, Ha Noi 회비 납부 일: 2021년 회비 납부일: 04/04/2'+8424",+842437951116,HA NOI,★★☆☆☆
제조업,"Ina Vina Co., Ltd","Road D, Part D, Pho Noi A Industrial Park, Giai Pham commune, Yen My district, Hung Yen province, Viet Nam 회비 납부 일: 2022.04 회비 납부일: 2'+8424.01",+842213967499,HA NOI,★★★☆☆
제조업,"JEIL PANEL VINA CO.,LTDJEIL ENGINEERING VINA CO.,LTD","5 floor, Phuong Dong Golf Driving Range, Tan My, Cau Dien, Nam Tu Liem, Hanoi BRANCH: Trai Trang, Yen My, Ten My, Hung Yen (EPS Panel) 회비 납부 일: 2013.08 회비 납부일: 2020.05",+842435558182,HA NOI,★★★★☆
제조업,"JEIL SAFETY Co.,Ltd","183 Khuat Duy Tien, Thanh Xuan, Hanoi",+842435537916,HA NOI,★★★☆☆
제조업,"JNC VIETNAM Co.,Ltd","Thanh Tri, Minh Phu, Soc Son, Hanoi 회비 납부 일: 2013.07",+842438134372,HA NOI,★★☆☆☆
제조업,K ONE PACK (K ONE STICKER COMPANY),"Quang Minh I.Z , Chi Dong, Me Linh, Hanoi",+842435250484,HA NOI,★★☆☆☆
제조업,K STAR ANH SERVICES AND TRADING JOINT STOCK COMPANY,"Tầng 3, Số 11, LK 11A khu đô thị Mỗ Lao, Phường Mộ Lao, Quận Hà Đông, Thành Phố Hà Nội, Việt Nam 회비 납부 일: 2021.11",+84968283638,HA NOI,★★☆☆☆
제조업,KITCHEN VINA,"Chi Dong Town, Me Linh Dist, Hanoi",+84948861946,HA NOI,★★★☆☆
제조업,"KURITA-GK VIETNAM CO., LTD","Room 305, Techno Center, Thang Long Industrial Park, Kim Chung, Đông Anh, Hà Nội, Vietnam 회비 납부 일: 2022.06",+842439590352,HA NOI,★★☆☆☆
제조업,LS MTRON,"#17, 10F Charmvit Tower, 117 Tran Duy Hung, Cau Giay, Hanoi",+842432011572,HA NOI,★★☆☆☆
제조업,"MAPAL HITECO Vietnam CO., Ltd","Room 04, 11th floor, Charmvit Tower, 117 Tran Duy Hung, Trung Hoa Ward, Cau Giay District, Hanoi City, Vietnam 회비 납부 일: 2023.09 회비 납부일: 2'+8424.01",+842432003396,HA NOI,★★★☆☆
제조업,Messer Hai Phong Industrial Gases,"Room 601, no. 4 Da Tuong street, Hoan Kiem district 회비 납부 일: 2018.10 회비 납부일: 2022.10",+84868460428,HA NOI,★★☆☆☆
제조업,"MISO CO.,LTD","Lot 11, Quang Minh I.Z, Quang Minh, Me Linh, Hanoi",+842466627968,HA NOI,★★★☆☆
제조업,"MIWON VIETNAM CO., LTD.","22 Pham Hung, Mai Dich, Cau Giay, Hanoi 회비 납부 일: 2015.05 회비 납부일: 2022.10",+842437680216,HA NOI,★★★★☆
제조업,MOLDPIA,"Quang Minh I.P, Hanoi",+842436448664,HA NOI,★★★☆☆
제조업,"NETWORK CABLE VIETNAM CO.,LTD","35 Cu Loc, Km6 Nguyen Trai, Thanh Xuan, Hanoi",+842435589664,HA NOI,★★☆☆☆
제조업,Nitto Denko Tape Materials (Vietnam) Co Ltd,"No. 3606608, 36th Floor, Keangnam Landmark 72, Pham Hung Street, Me Tri Committee, Nam Tu Liem District, Hanoi 회비 납부 일: 2021.01",+842743757986,HA NOI,★★☆☆☆
제조업,NODA VIETNAM,"No27, Lot N-1A, Thang Long I.P, Dong Anh, Hanoi",+842439590240,HA NOI,★★☆☆☆
제조업,NOROO-NANPAO PAINTS & COATINGS VIETNAM,"2nd Floor, Sudico Building, My Dinh, Me Tri, Nam Tu Liem, Hanoi BRANCH: Lot 3, 7b, Nhon Trach II I.Z, Nhontrach, Dong Nai",+842466597799,HA NOI,★★★☆☆
제조업,"NPC VINA CO., LTD","Office: P1 TM2, My Dinh Pearl, No.1 Chau Van Liem Street, Phu Do Ward, Nam Tu Liem Distrist, Ha Noi Factory 1: No. 1 VSIP II-A, No. 28, VSIP II A IP, Vinh Tan ward, Tan Uyen, Binh Duong Factory 2: Loy No.30 Road D.02, Chau Duc Industrial Park, Quang Tay Hamlet Nghia Thanh Commune, Chau Duc Distrct, Ba Ria-Vung Tau",+84963787774,HA NOI,★★☆☆☆
제조업,ORION FOOD VINA,"12 FL - 789 Tower, 147 Hoang Quoc Viet, Nghia Do, Cau Giay, Hanoi BRANCH: KCN Yen Phong, Bac Ninh 회비 납부 일: 2022.11 회비 납부일: 2'+8424.01",+842462620790,HA NOI,★★☆☆☆
제조업,OTOKI VIETNAM,"Add 1 : 3 floor, Richy Tower, 35 Mac Thai To, Yen Hoa. Cau Giay, Hanoi Tel : ('+8424) 3352 2761 / 070 4114 1124 Add 2 : YP 4 KCN, Dong Phong, Yen Phong, Bac Ninh Tel : ('+84241) 369 9901 Add 3 : Centec tower 605, 72-74 Nguyen Thi Minh Khai, Ward 6, Dist 3. HO CHI MINH Tel : (028) 6299 4001 Add 4 : Lo G3 CN, NA1, KCN My Phuoc 2, Ben Cat, Binh Duong Tel : (0274) 355 6177 회비 납부 일: 2021.07 회비 납부일: 2022.12",+842433522761,HA NOI,★★★☆☆
제조업,PALDO VINA,"So 7, Lo H1, Yen Hoa, Cau Giay, Hanoi",+842437724280,HA NOI,★★☆☆☆
제조업,PARAN SFS,"50, Ngo 105 Xuan La, Xuan Tao, Bac Tu Liem, Hanoi",+842438724484,HA NOI,★★★☆☆
제조업,PDE,"63 Tran Phu Street, Ba Dinh District, Hanoi BRANCH: No. 12, Road 15, VSIP Industrial Park - Bac Ninh",+842223765545,HA NOI,★★★★☆
제조업,PHUONG TRANG SPECIAL STEEL,"Lot B2-3-3C Nam Thang Long I.P, Thuy Phuong, Bac Tu Liem, Hanoi",+842432121766,HA NOI,★★★☆☆
제조업,POSCO VIETNAM,"5th Floor, Daeha Trade Center, No.360 Kim Street, Ngoc Khanh Ward, Ba Dinh District, Ha Noi BRANCH: Lot1, Phu My II Industrial Zone, Phu My Ward, Phu My Town, Ba Ria -Vung Tau Province 회비 납부 일: 2021년 회비 납부일: 2022.04",+843203543816,HA NOI,★★☆☆☆
제조업,SAMSON EPOXY,"117 Pho thien Hien, My Dinh 1, Nam Tu Liem, Hanoi",+842437878495,HA NOI,★★☆☆☆
제조업,SHINKI SPECIAL TOOL,"Road 419, Phung Xa, Thach That, Hanoi",+842433661881,HA NOI,★★☆☆☆
제조업,SUNGARD VIETNAM,"Lot 66, TT4, My Dinh New Urban Area, Tu Liem, Hanoi",+842435553020,HA NOI,★★★☆☆
제조업,SUNGMUN PRINT & TRIM,"#105 Truong Chinh, Thanh Xuan, Hanoi",+842438687831,HA NOI,★★☆☆☆
제조업,"TAEWON SOLTECH CO.,LTD","Quang Minh I.P, Chi Dong, Me Linh, Hanoi BRANCH: Hop Thinh I.Z, Hop Thinh, Hiep Hoa, Bac Giang",+842438133008,HA NOI,★★☆☆☆
제조업,"TECTYL INDUSTRIAL OIL EXPORT IMPORT TRADE CO.,LTD","Cong Keo- Pho Keo, xa Kim Son, huyen Gia Lam, Hanoi.",+84919035151,HA NOI,★★★☆☆
제조업,TECTYL OIL & CHEMICALS VINA Hanoi Branch,"4th floor, Vietnam National Union of Bank Workers Building, No.6 - Alley 82, Dich Vong Hau Street, Dich Vong Hau Ward, Cau Giay District, Hanoi",+84937257532,HA NOI,★★☆☆☆
제조업,"TOOL KOREA VINA CO., LTD","C52-LK14 ô số 13 khu đô thị mới hai bên đường Lê Trọng Tấn, Dương Nội, Hà Đông, Hà Nội, Việt Nam 회비 납부 일: 16/02/2'+8424",+84919928574,HA NOI,★★★☆☆
제조업,VINA BUHMWOO,"Viet Hung, Dong Anh, Hanoi",+842436741204,HA NOI,★★★★☆
제조업,"VINA TECHNO UNIQUE CO.,LTD","Quang Minh I.Z, Me Linh Town, Hanoi",+842435251325,HA NOI,★★★☆☆
제조업,VINALIFT,"Lane 161, Ngoc Hoi, Phap Van Tu-Hiep, Hoang Mai, Hanoi",+842436419469,HA NOI,★★☆☆☆
제조업,VISEC,"4F, No 12/115 Dinh Cong, Hoang Mai, Hanoi",+842436687226,HA NOI,★★☆☆☆
제조업,WINDTECH VIETNAM TECHNOLOGY JSC,"Factory 1 Civil Group 7, Quang Minh, Me Linh, Hanoi BRANCH: Block B5, Thuy Van I.Z, Viet Tri, Phu Tho",+84435560377,HA NOI,★★☆☆☆
제조업,"WONPOONG C&S Co.,Ltd","Thon Dong, Kim No, Dong Anh, Hanoi",+842432005447,HA NOI,★★★☆☆
제조업,"YOUNGJIN AST VINA CO.,LTD","Quang Minh IZ, Chi Dong Town, Me Linh dist, Hanoi 회비 납부 일: 2018.01 회비 납부일: 03/05/2'+8424",+842435251988,HA NOI,★★☆☆☆
제조업,YUJIN HOIST VINA,"8th, Floor, TTC building, No.19 Duy Tan, Cau Giay, Hanoi",+84936246041,HA NOI,★★☆☆☆
제조업,"ATARIH PRECISION Co.,Ltd","Lot D2, Phuc Dien I.Z, Cam Phuc, Cam Giang, Hai Duong",+842203545996,HAI DUONG,★★★☆☆
제조업,"BAO SOLUTION Co.,Ltd","105 Hoa Binh, Nhi Chau, Hai Duong 회비 납부 일: 2020.06 회비 납부일: 2020.06",+842203859118,HAI DUONG,★★☆☆☆
제조업,BELIEVE ZONE,"Phu Thai I.P, Kim Thanh, Hai Duong",+842203950014,HAI DUONG,★★★☆☆
제조업,"BLUE TEC VINA CO.,LTD","C1, Lot 4, Phu Thai I.Z, Phu Thai, Kim Thanh, Hai Duong",+842203720091,HAI DUONG,★★★★☆
제조업,CHEMILENS VIETNAM JSC,"Land lot XN42-1, Dai An I.P, Tu Minh, Hai Duong",+842203559260,HAI DUONG,★★★☆☆
제조업,CLARK MATERIAL HANDLING VIET NAM,"Km 38 Quốc Lộ 5, X. Cẩm phúc, H. Cẩm Giàng,Hải Dương 회비 납부 일: 2020.07 회비 납부일: 2022.08",+842203556855,HAI DUONG,★★☆☆☆
제조업,"DS GLOBAL CO.,LTD.","Lot XN 3-1E, Dai An Expandsion Iz, Lai Cach Town, Cam Giang Dist, Hai Duong Prov. 회비 납부 일: 2017.03 회비 납부일: 2023.12",+842203867288,HAI DUONG,★★☆☆☆
제조업,"DURING VIETNAM CO.,LTD","plot xn 1-1, dai an industrial zone, hai duong city, hai duong province 회비 납부 일: 2012.09 회비 납부일: 2023.05",+842203555123,HAI DUONG,★★☆☆☆
제조업,"DUSCO VINA STEEL WIRE CO.,LTD","Lot15, Nam Sach I.Z, Ai Quoc, Hai Duong 회비 납부 일: 2015.05",+842203751001,HAI DUONG,★★★☆☆
제조업,EHWA GLOBAL,"Lot IN8.1, Road no. 4, Cam Dien- Luong Dien Industrial park, Cam Dien commune, Cam Giang district, Hai Duong 회비 납부 일: 2019.10 회비 납부일: 2023.06",+842203771626,HAI DUONG,★★☆☆☆
제조업,"FASHION PIN UP VINA Co.,Ltd","Lot XN 1-5, Dai An expansion I.Z, Lai Cach, Cam Giang, Hai Duong",+842203785388,HAI DUONG,★★☆☆☆
제조업,HANA MOTORS,"Plot XN 35, Dai An I.Z, Hai Duong",+842203555188,HAI DUONG,★★★☆☆
제조업,"HYONJIN VIET NAM Co.,Ltd","Phu Thai I.Z, Kim Thanh, Hai Duong",+842203867683,HAI DUONG,★★☆☆☆
제조업,"ILDONG VINA Co.,Ltd","Lai Cach I.Z, Cam Giang, Hai Duong",+842203555331,HAI DUONG,★★★☆☆
제조업,KPF VINA,"Plot XN2, Dai An Expansion IZ, Lai Cach Town, Cam Giang, Hai Duong 회비 납부 일: 2018.08 회비 납부일: 2022.03",+842203555567,HAI DUONG,★★★★☆
제조업,MYONGSHIN TECH VINA,"Plot #XN3-1D, Dai An Extension, Lai Cach Town, Cam Giang District, Hai Duong 회비 납부 일: 2018.06 회비 납부일: 2022.07",+842203555511,HAI DUONG,★★★☆☆
제조업,"NAM LEE Co.,Ltd","Phu Thai, Kim Thanh, Hai Duong",+842203560971,HAI DUONG,★★☆☆☆
제조업,"NICE LMS VINA CO.,LTD","Land lot XN3-1E1, XN3-1G, XN3-1F, Expanded Dai An Industrial Zone, Lai Cach town, Cam Giang district, Hai Duong",+84396927256,HAI DUONG,★★☆☆☆
제조업,"POSCO VIETNAM PROCESSING CENTER CO.,LTD","Lot 5D, Phuc Dien Industrial Zone, Cam Giang Dist, Hai Duong Province, Viet Nam 회비 납부 일: 2020.08 회비 납부일: 2023.08",+843203545816,HAI DUONG,★★☆☆☆
제조업,"PRETTL VIETNAM CO., LTD","Lot Xn20, Dai An IZ, KM 51, National Road5, Tu Minh ward, Hai Duong City 회비 납부 일: 2013.05 회비 납부일: 2022.08",+842203837740,HAI DUONG,★★★☆☆
제조업,RESCON VIETNAM,"Nghia Village, Lai Cach, Cam Giang, Hai Duong",+842203785111,HAI DUONG,★★☆☆☆
제조업,SD GLOBAL VIETNAM Ltd,"Lo dat XN3, KCN Dai An mo rong, TT Lai Cach, CamGiang, Tinh Hai Duong 회비 납부 일: 2016.01 회비 납부일: 2020.08",+842203555561,HAI DUONG,★★☆☆☆
제조업,"SHINYANG METAL VIET NAM CO.,LTD","Lot XN3-1A and XN3-1G, Dai An Expansion IZ, Lai Cach Town, Cam Giang Dist, Hai Duong Province, Viet Nam BRANCH: Lot XN3-1A and XN3-1G, Dai An Expansion IZ, Lai Cach Town, Cam Giang Dist, Hai Duong Province, Viet Nam 회비 납부 일: 2021.08 회비 납부일: 2'+8424.01",+842203559858,HAI DUONG,★★★☆☆
제조업,"SUNGJIN NICE VN Co.,Ltd","Ngoc Son IC, Ngoc Son, Tu Ky, Hai Duong",+842203624600,HAI DUONG,★★☆☆☆
제조업,"UIL ULTRASONIC VIETNAM Co.,Ltd","Lot XN06, Dai An Expansion I.Z, Lai Cach, Cam Giang, Hai Duong 회비 납부 일: 2020.12 회비 납부일: 2020.12",+842203784762,HAI DUONG,★★★☆☆
제조업,UNIQUE SOUND VIETNAM,"Hung Thinh I.P, Binh Giang, Hai Duong",+842203775586,HAI DUONG,★★★★☆
제조업,"VIET NAM YOUNGJIN VINA FLEX Co.,Ltd","Dong Lac, Nam Sach, Hai Duong",+842203751866,HAI DUONG,★★★☆☆
제조업,"AsahiKasei Advance Vietnam Co., ltd","Room 308, DMC Building, 535 Kim Ma Street, Ngoc Khanh Ward, Ba Dinh District, Hanoi, Vietnam. 회비 납부 일: 2'+8424.01",+84902020348,HAI PHONG,★★☆☆☆
제조업,"BONG SAN P&T Co.,Ltd","No71,Ngo Quyen Rd, May Chai Ward , Hai Phong",+842258831179,HAI PHONG,★★☆☆☆
제조업,BU IL VINA LIMITED COMPANY,"Factory X2 – Hai Thanh factory for rent, Hai Thanh, Duong Kinh, Hai Phong",+842258830270,HAI PHONG,★★☆☆☆
제조업,"ChungYang Foods Vietnam Co., Ltd","LO DAT 1/2 L3.5A KHU CN DO SON, TAN THANH, DUONG KINH, HAI PHONG. VIETNAM 회비 납부 일: 2020.05 회비 납부일: 2023.01",+84799902569,HAI PHONG,★★★☆☆
제조업,"DAESUN VINA CO.,LTD","Lot CN5,1B, Dinh VU I.Z, Dong Hai 2, Hai An, Hai Phong",+842462860808,HAI PHONG,★★☆☆☆
제조업,Dong Yang Electronics Hai Phong,"Lô C5-3, khu công nghiệp Tràng Duệ, thuộc Khu kinh tế Đình Vũ - Cát Hải, Xã Hồng Phong, Huyện An Dương, Thành phố Hải Phòng, Việt Nam 회비 납부 일: 2023.09",,HAI PHONG,★★☆☆☆
제조업,DONG YANG VINA INDUSTRY COMPANY LIMITED,"Land lot CN1D, KCN DEEP C 2A , Dinh Vu - Cat Hai economic zone, Dong Hai 2, Hai An, Hai Phong",+84337437883,HAI PHONG,★★★☆☆
제조업,"DONG-A HWASUNG VINA CO.,LTD","Lot K4, Trang Due I.P, Le Loi, An Duong, Hai Phong",+842252299301,HAI PHONG,★★☆☆☆
제조업,DongJin Techwin,"Nhà xưởng E1, E2 ( thuộc lô E), khu CN7, Khu công nghiệp Tràng Duệ, Xã Hồng Phong, Huyện An Dương, Thành phố Hải Phòng, Việt Nam",,HAI PHONG,★★★☆☆
제조업,DONGKANG TECH VIETNAM,"Land Plot CN2C, DEEP C 2B Industrial Zone, Dinh Vu - Cat Hai Economic Zone, Dong Hai 2 Ward, Hai An District, Haiphong, Vietnam 회비 납부 일: 2021.05",,HAI PHONG,★★★★☆
제조업,DONGNAM PETRO VINA,"CN5.2N, Dinh Vu Industrial Zone, Dong Hai 2 Ward, Hai An District, Hai Phong 회비 납부 일: 2020.09 회비 납부일: 2020.09",+842258830633,HAI PHONG,★★★☆☆
제조업,DOOSAN VINA HAI PHONG,"Km 92 Highway No. 5, So Dau, Hong bang district, Hai phong City, Vietnam",+842253712705,HAI PHONG,★★☆☆☆
제조업,DUNAM CHEMISTRY VINA,"Factory J2, Lot Q2, Trang Due I.P, An Hoa, An Duong, Hai Phong",+842252201668,HAI PHONG,★★☆☆☆
제조업,Eager Kenner Hitech,"Nhà xưởng A2, Lô đất IN3-11*A, Khu đô thị, Công nghiệp và Dịch vụ VSIP Hải Phòng, thuộc Khu kinh tế Đình Vũ – Cát Hải, Xã Lập Lễ, Huyện Thuỷ Nguyên, Thành phố Hải Phòng, Việt Nam 회비 납부일: 01/05/2'+8424",,HAI PHONG,★★☆☆☆
제조업,"EDU PUZZLE CO.,LTD","kho A9 Tong kho Nong nghiep 1, Km 9 , An Hong, An Duong, Hai Phong 회비 납부 일: 2012.11",+842253534475,HAI PHONG,★★★☆☆
제조업,"FELIX METAL TECH CO., LTD","HAI PHONG Bac Hamlet, Luu Kiem commune, Thuy Nguyen District, Hai Phong 회비 납부 일: 2014.12 회비 납부일: 2023.04",+842253692194,HAI PHONG,★★☆☆☆
제조업,"HAEWON VINA Co.,Ltd",Deep C 2B Industrial Zone 회비 납부 일: 2023.05,,HAI PHONG,★★☆☆☆
제조업,HAI PHONG STEEL FLOWER CO. LTD,"Lô L3, Khu công nghiệp Tràng Duệ, thuộc Khu kinh tế Đình Vũ - Cát Hải, Xã Lê Lợi, Huyện An Dương, Thành phố Hải Phòng, Việt Nam",+842252299299,HAI PHONG,★★★☆☆
제조업,HANMI,"Nha xuong E4 (thuoc lo E), khu CN 7, KCN Trang D, Hong Phong, An Duong, Hai Phong",+842253597308,HAI PHONG,★★☆☆☆
제조업,"HANMIFLEXIBLE VINA CO.,LTD","Nhà xưởng E4 ( thuộc lô E ), khu CN7, Khu công nghiệp Tràng Duệ, Xã Hồng Phong, Huyện An Dương, Thành phố Hải Phòng, Việt Nam 회비 납부 일: 2023.05",+842253597308,HAI PHONG,★★★☆☆
제조업,HANSUNG P.T.C VINA LIMITED LIABILITY COMPANY,"Lot E, CN7, Trang Due I.P, Hong Phong, An Duong, Hai Phong",+842258832841,HAI PHONG,★★★★☆
제조업,"HBS TECH VINA Co.,Ltd","Factory H3, Lot L2, Trang Due I.P, a part of Dinh Vu - Cat Hai E.Z, Hong Phong, An Duong, Hai Phong",+84989907165,HAI PHONG,★★★☆☆
제조업,"HKTM VINA Co.,Ltd","1F, P2, LOT LG AND M, Trang Due I.P, Le Loi, An Duong, Hai Phong",+842258820700,HAI PHONG,★★☆☆☆
제조업,HSCOLOR LIMITED COMPANY,"Lot K3, Trang Due I.P, Hong Phong, An Duong, Hai Phong",+842256250001,HAI PHONG,★★☆☆☆
제조업,"INSUNG HIVINA Co.,Ltd","Lot A5, Trang Due I.P, Le Loi, An Duong, Hai Phong",+842258830936,HAI PHONG,★★☆☆☆
제조업,J&B DRIVE VINA LIMITED COMPANY,"Lot CN2, KCN Nam Cau Kien, Kien Bai, Thuy Nguyen, Hai Phong",+84936822928,HAI PHONG,★★★☆☆
제조업,"JCV CORP CO., LTD","Lot P-4, Trang Due Industrial Park, a part of Dinh Vu - Cat Hai Economic Zone, An Hoa Commune, An Duong District, Hai Phong City, Vietnam 회비 납부 일: 2020.03 회비 납부일: 2022.06",+842257109555,HAI PHONG,★★☆☆☆
제조업,"JD TECHWIN VINA Co.,Ltd","Lot CN2, Nam Cau Kien I.P, Kien Bai, Thuy Nguyen, Hai Phong",+84936990366,HAI PHONG,★★☆☆☆
제조업,JTS VINA COMPANY LIMITED,"Lot CN1-3, Non-tariff zone and KCN Nam Dinh Vu (Zone 1), Dinh Vu-Cat Hai economic zone, Dong Hai 2, Hai An, Hai Phong",+842253515525,HAI PHONG,★★★☆☆
제조업,KFS VINA,"Lô đất CN 1C, khu công nghiệp Deep C 2B thuộc khu kinh tế Đình Vũ - Cát Hải , Phường Đông Hải 2, Quận Hải An, Thành phố Hải Phòng, Việt Nam 회비 납부 일: 2023.06",+842252299550,HAI PHONG,★★☆☆☆
제조업,"KR EMS VIETNAM Co.,Ltd","Lo N4 KCN Trang Due, thuoc khu kinh te Dinh Vu, Hong Phong, An Duong, Hai Phong",+842252299910,HAI PHONG,★★★☆☆
제조업,KYUNGNAM CHEMICAL VINA,"Lo CN2, KCN Nam Cau Kien, Xa Kien Bai, Huyen Thuy Nguyen, Hai Phong",+842258841892,HAI PHONG,★★★★☆
제조업,LKT VINA,"Thôn Đại Hoàng 1, Xã Tân Dân, Huyện An Lão, Thành phố Hải Phòng, Việt Nam 회비 납부 일: 2021.04 회비 납부일: 2023.05",+842258830094,HAI PHONG,★★★☆☆
제조업,LS METAL VINA,"Land lot CN1H, KCN DEEPC 2B, Dinh Vu – Cat Hai Economic Zone, Dong Hai 2, Hai An, Hai Phong",+842252299408,HAI PHONG,★★☆☆☆
제조업,LS VINA CABLE&SYSTEM,"South Binh Bridge, So Dau Ward, Hong Bang District, Hai Phong City, Viet Nam",+842253540330,HAI PHONG,★★☆☆☆
제조업,MICHANG VIETNAM,"Land Plot CN 1E, Eeep C 2A, I.Z, Dinh Vu Cat Hai Economic Zone, Dong Hai 2, Hai An, Hai Phong 회비 납부 일: 2020.09 회비 납부일: 2020.09",,HAI PHONG,★★☆☆☆
제조업,MIRAE VINA MACHINE ELECTRONIC LIMITED COMPANY,"Factory 2nd floor, Lot CN11, kcn Nam Cau Kien, Kien Bai, Thuy Nguyen, Hai Phong",+84968873265,HAI PHONG,★★★☆☆
제조업,MK TECH VINA COMPANY LIMITED,"Number LK1-31 Hoang Huy Pruska Town, Vinh Khe, An Dong, An Duong, Hai Phong",+842253515525,HAI PHONG,★★☆☆☆
제조업,NAMYANG NEXMO VIETNAM,"Synthetic assembly plant, Vinfast automobile production complex, Dinh Vu Cat Hai economic zone, Cat Hai island, Cat Hai, Hai Phong",+84314701721,HAI PHONG,★★☆☆☆
제조업,NC TECH VINA COMPANY LIMITED,"Part of Factory 3, Lot I-1, KCN Trang Due, Dinh Vu - Cat Hai Economic Zone, Hong Phong, An Duong, Hai Phong",+84966642608,HAI PHONG,★★★☆☆
제조업,PANTRA VINA,"Lo CN1A, DEEP C 2B, KCN Nam Dinh Vu (khu II), Dong Hai 2, Hai An, Hai Phong",+842258830060,HAI PHONG,★★☆☆☆
제조업,PHC VIET NAM COMPANY LIMITED,"Land lot CN1B, KCN Deep-C2A, Dinh Vu - Cat Hai economic zone, Dong Hai 2, Hai An, Hai Phong",+842253836169,HAI PHONG,★★★☆☆
제조업,Sem Diamond,"Lot CN1E, Deep C 2B Industrial Park belongs to Dinh Vu - Cat Hai Economic Zone, Dong Hai 2 Ward, Hai An District 회비 납부 일: 2022.01",+84986027578,HAI PHONG,★★★★☆
제조업,SEM MICRO COMPANY LIMITED,"Land lot CN 1F and CN 1G KCN DEEP C 2B, Dinh Vu – Cat Hai Economic Zone, Dong Hai 2, Hai An, Hai Phong",+842252299278,HAI PHONG,★★★☆☆
제조업,SEYOUNG VIETNAM,loy cn7.1A NAM DINH VU INDUSTRIAL PARK(ZONE 2) 회비 납부 일: 28/02/2025 회비 납부일: 28/02/2025,+84335873578,HAI PHONG,★★☆☆☆
제조업,"SHIN YONG VIETNAM CO.,LTD","Lot CN4, Nam Cau Kien I.Z, Kien Bai, Thuy Nguyen, Hai Phong",+842253645488,HAI PHONG,★★☆☆☆
제조업,SKYCROSS VINA COMPANY LIMITED,"Land lot CN4.3A, KCN Dinh Vu, Dong Hai 2, Hai An, Hai Phong",+842258830341,HAI PHONG,★★☆☆☆
제조업,SM TECH VINA ENGINEERING COMPANY LIMITED,"Lot N1-7, Trang Due industrial park, in Dinh Vu-Cat Hai economic zone, An Hoa commune, An Duong district, Hai Phong",+842252299709,HAI PHONG,★★★☆☆
제조업,"SUNG WOO TECH VINA CO.,LTD","Land F3-3, Trang Due I.Z, Hong Phong, An Duong, Hai Phong",+84225883058,HAI PHONG,★★☆☆☆
제조업,"TAESUNG ENGINEERING VINA CO.,LTD","Lot N1-3 & N2-2, Trang Due I.P, Dinh Vu - Cat Hai, Hong Phong, An Duong, Hai Phong",+842253597966,HAI PHONG,★★☆☆☆
제조업,TOP RUN FAMILY,"C5-3, Trang Due I.P, Hong Phong, An Duong, Hai Phong",,HAI PHONG,★★★☆☆
제조업,VIET NAM BH INC COMPANY LIMITED,"No. 110 Le Duan, Quan Tru, Kien An, Hai Phong",+842253790186,HAI PHONG,★★☆☆☆
제조업,VIETNAM STEEL PIPE(Vinapipe),"Km9, P.Quán Toan, Q.Hồng Bàng, TP.Hải Phòng, Việt Nam",+842253850116,HAI PHONG,★★★☆☆
제조업,VSC-POSCO STEEL Corp,"Km 9, Quan Toan, Hong Bang, Hai Phong",+842253850124,HAI PHONG,★★★★☆
제조업,WOOSUNG ELECTRONICS VIETNAM,"Trang Due Industrial zone, Hai Phong",,HAI PHONG,★★★☆☆
제조업,"YESUN TECH VIETNAM Co.,Ltd","Factory 2, Lot I-1, Trang Due I.P, in Dinh Vu - Cat Hai EZ, Hong Phong, An Duong, Hai Phong",+842252299901,HAI PHONG,★★☆☆☆
제조업,YM TECH VINA COMPANY LIMITED,"No. 169, 208, An Dong, An Duong, Hai Phong",+842258830263,HAI PHONG,★★☆☆☆
제조업,YMP plus,"YMP plus, Khudat CN1C, khu cong ngniep Deep C 2A, Khu kinh te Dinh Vu-Cat hai,P. Dong hai 2, Q. Hai An, TP Hai Phong,Viet Nam 회비 납부 일: 2022.01",+842253978222,HAI PHONG,★★☆☆☆
제조업,YNC,"11th Floor Zen Tower, 12 Khuat Duy Tien, Thanh Xuan Trung, Thanh Xuan, Hanoi 회비 납부 일: 17/02/2025 회비 납부일: 17/02/2025",,HAI PHONG,★★★☆☆
제조업,YTG VINA,"CN4.3A, Dinh Vu I.Z, Dong Hai 2, Hai An, Hai Phong",+842258831163,HAI PHONG,★★☆☆☆
제조업,"Z-TON VINA Co.,Ltd","Lot D, Nomura I.Z, Hai Phong",+842253618643,HAI PHONG,★★☆☆☆
제조업,ILJIN DIAMOND VINA COMPANY LIMITED,"Lô CN03, Khu công nghiệp Đồng Văn IV, Xã Đại Cương, Huyện Kim Bảng, Tỉnh Hà Nam, Việt Nam 회비 납부일: 2023.05",,HA NAM ,★★★☆☆
제조업,BONACON VINA,"QUANG MAINH, CHI DONG, ME LINH, HA NOI 회비 납부 일: 2017.02",+84349274404,HA NOI,★★☆☆☆
제조업,KENNAMETAL VIETNAM LLC,"Lot CN1-2B-2, Hi-tech Industrial Zone 1, Hoa Lac Hi-Tech Park, Ha Bang Commune, Thach That District, Hanoi, Vietnam 회비 납부 일: 2021년 회비 납부일: 2022.11",+842433661881,HA NOI,★★★☆☆
제조업,NS BLUESCOPE VIETNAM,"9th Floor, Vincom Center, 72 Le Thanh Ton, Dist.1, HO CHI MINH 회비 납부 일: 2021.06 회비 납부일: 2022.07",+84367990320,HO CHI MINH,★★★★☆
제조업,Ecolab,"Unit 8.2B, 8FL, Etwon 2 Building, 364 Cong Hoa Street, Tan Binh District 회비 납부 일: 2021.12",+842835000000,HO CHI MINH,★★★☆☆
제조업,"Works Corporation.,LTD.",경기도 시흥시 범안로266번길44(계수동) 회비 납부 일: 12/03/2'+8424 회비 납부일: 12/03/2'+8424,+841047198254,HO CHI MINH,★★☆☆☆
제조업,"CAP GLOBAL CO., LTD","Luong Som I.P, Hoa Son, Luong Son, Hoa Binh",+842183906079,HOA BINH,★★☆☆☆
제조업,"Ah Tae ENG Co.,Ltd",Xã Dân Tiến - Huyện Khoái Châu Tỉnh Hưng Yên - Việt Nam 회비 납부 일: 2016.03 회비 납부일: 2023.04,+842213580128,HUNG YEN,★★☆☆☆
제조업,ALUKO HYUNDAI ALUMINUM VINA,"B2 Road, B Section, Pho Noi A Industrial Park, Lac Hong Commune, Van Lam District, Hung Yen Province, Vietnam BRANCH: LOT CN6, 1,3, DIEM THUY INDUSTRIAL ZONE, HONG TIEN COMMUNE, PHO YEN DISTRICT, THAI NGUYEN PROVINCE, VIET NAM 회비 납부 일: 2022.05 회비 납부일: 27/03/2'+8424",+842213967770,HUNG YEN,★★★☆☆
제조업,CR INTERNATIONAL ANH QUANG,"Phung Chi Kien, My Hao, Hung Yen",+842213947208,HUNG YEN,★★☆☆☆
제조업,DORCO VINA HUNG YEN,"Road B3, Section B, Pho Noi A I.P, Minh Hai, Van Lan, Hung Yen 회비 납부 일: 2012.10 회비 납부일: 27/03/2'+8424",+842213587556,HUNG YEN,★★☆☆☆
제조업,"E-TOPS HIGH TECH CO.,LTD","Tan Quang I.Z, Van Lam, Hung Yen 회비 납부 일: 2014.05",+842213791688,HUNG YEN,★★★☆☆
제조업,"EYE CAP VINA CO., LTD.","Lo CN4.6, khu cong nghiep sach, Xa Xuan Truc, Huyen An Thi, Tinh Hung Yen, Viet Nam 회비 납부 일: 2022.11 회비 납부일: 2'+8424.01",+8423338307,HUNG YEN,★★☆☆☆
제조업,"JANG JUNG VINA Co.,Ltd","Street D4, Park D, Pho Noi A I.P, Yen My. Hung Yen",+842213587441,HUNG YEN,★★★☆☆
제조업,JEIL PETRO,"No.155, Pho Noi, Yen My, Hung Yen 회비 납부 일: 2015.11",+842213941477,HUNG YEN,★★★★☆
제조업,"KOKWANG INDUSTRY VIETNAM Co.,Ltd","D1 road, Yen My 2 I.P, Yen My, Yen My, Hung Yen 회비 납부 일: 2020.05 회비 납부일: 2020.05",+842216533388,HUNG YEN,★★★☆☆
제조업,"MING SHIN (Viet Nam) Co.,Ltd","Load D1, Yen My II Industrial Park, Yen My Distric, Hung Yen 회비 납부 일: 2022.05",+842212479198,HUNG YEN,★★☆☆☆
제조업,"MS COSMO CO.,LTD.","Ngoc Lich Village, Trung Trac Ward, Van Lam District, Hung Yen Province 회비 납부 일: 2012.09 회비 납부일: 2023.04",+842213997698,HUNG YEN,★★☆☆☆
제조업,"NEXTPLUS VINA CO.,LTD","Ngoc Lang, Ngoc Lam, My Hao, Hung Yen",+842213949900,HUNG YEN,★★☆☆☆
제조업,PURITECH,"Vinh Khuc, Van Giang, Hung Yen",,HUNG YEN,★★★☆☆
제조업,SHIN YONG,"Trung Trac, Van Lam, Hung Yen",+842213997867,HUNG YEN,★★☆☆☆
제조업,"SHINEI CORONA VIETNAM Co.,Ltd","Plot C4 Thang Long I.P II, Yen My, Hung Yen",+842213589155,HUNG YEN,★★☆☆☆
제조업,"SINHEUNG TECH CO,. LTD","Phan Boi hamlet, Di Su, My Hao, Hung Yen 회비 납부 일: 2021.05 회비 납부일: 2023.04",+842213900320,HUNG YEN,★★★☆☆
제조업,SNS VIETNAM,"Trung Trac, Van Lam, Hung Yen",+842203898889,HUNG YEN,★★☆☆☆
제조업,SUNKANG,"D3, Block D, Pho Noi A I.Z, Lac Hong, Van Lam, Hu Hun, Hung Yen",+842213767605,HUNG YEN,★★★☆☆
제조업,TAEYANG VINA,"206 Road, Pho Noi A I.Z, Trung Trac, Van Lam, Hung Yen 회비 납부 일: 2021년 회비 납부일: 2023.11",+842213980290,HUNG YEN,★★★★☆
제조업,"UNI-PACK VIETNAM CO.,LTD","Group6, Dong Khuc, Vinh Khuc, Van Giang, Hung Yen, Vietnam 회비 납부 일: 2020.07 회비 납부일: 2022.05",+842216552345,HUNG YEN,★★★☆☆
제조업,Viet Hung Packaging,Da Nang 회비 납부 일: 2022.05,+842213987668,HUNG YEN,★★☆☆☆
제조업,VINA PIONEER INDUSTRIAL,"Road D4, Lot D, Pho Noi A I.P, Yen My, Hung Yen",+842213967190,HUNG YEN,★★☆☆☆
제조업,"WOLSUNG HA NOI CO., LTD","Thon Ngoc Loan, Xa Tan Quang, Huyen Van Lam, Tinh Hung Yen, Vietnam 회비 납부 일: 2019.06 회비 납부일: 2023.04",+842213791691,HUNG YEN,★★☆☆☆
제조업,YOUNG SUNG VINA,"Lam Son ward, Hung Yen",+842213556388,HUNG YEN,★★★☆☆
제조업,YURA COPORATION VINA,"Thôn Mộc Ty, Xã Trưng Trắc, Huyện Văn Lâm, Hưng Yên 회비 납부 일: 2018.10 회비 납부일: 2022.05",+842213997555,HUNG YEN,★★☆☆☆
제조업,Dae Yeon K.C,"Đồng Hải, An Hưng, An Dương, Hải Phòng 회비 납부 일: 2018.10 회비 납부일: 2022.05",,HUNG YEN ,★★☆☆☆
제조업,DAEHAN ELECTRICS,"Thôn Mộc Ty, Xã Trưng Trắc, Huyện Văn Lâm, Hưng Yên 회비 납부 일: 2019.10 회비 납부일: 2023.04",+842213997556,HUNG YEN ,★★★☆☆
제조업,"DAISIN VINA CO., LTD","So Dong Village, Long Hung Commune, Van Giang District, Hung Yen Province, Vietnam 회비 납부 일: 2021.05 회비 납부일: 2023.04",,HUNG YEN ,★★☆☆☆
제조업,"DEOKBU INTERNATIONAL CO.,LTD.","Bach Sam, My Hao, Hung Yen 회비 납부 일: 2021년 회비 납부일: 2021.09",+842213949814,HUNG YEN ,★★★☆☆
제조업,HYUNG JOO VINA,"Doi 6, Thon Dong Khuc, Xa Vinh Khuc, Huyen Van Giang, Tinh Hung Yen, Viet Nam 회비 납부 일: 2021.05",+842213900033,HUNG YEN ,★★★★☆
제조업,KiSung Tech Co.Ltd,"Road B3, Section B, Pho Noi A - IZ, Van Lam District, Hung Yen Province, Vietnam 회비 납부 일: 2018.10 회비 납부일: 2023.04",+842213587323,HUNG YEN ,★★★☆☆
제조업,KOPAC JSC,"Đường C2, Khu C, KCN Phố Nối A, Xã Lạc Hồng, Văn Lâm, Hưng Yên 회비 납부 일: 2017.03 회비 납부일: 2022.05",+842213757675,HUNG YEN ,★★☆☆☆
제조업,KWANGJIN VIETNAM,"Ngoc Lam, My Hao, Hung Yen 회비 납부 일: 2013.06 회비 납부일: 2023.04",+842213949827,HUNG YEN ,★★☆☆☆
제조업,"NGAN HA CO.,LTD",Hung Yen성 Hung Yen시 Yen My동 Ngoc Long 회비 납부 일: 2018.10 회비 납부일: 2022.05,+842213997570,HUNG YEN ,★★☆☆☆
제조업,"PIONEER PLASTIC INDUSTRIAL CO., LTD","Road C2, Pho Noi A Industrial Park, Lac Hong Commune Van Lam Dist, Hung Yen Prov. Vietnam 회비 납부일: 2022.05",+842213980013,HUNG YEN ,★★★☆☆
제조업,SINHAN YONG METAL,"No23, Dinh Dien Road, Lam Son Ward, Hung Yen Province 회비 납부 일: 2021.05",+843212516526,HUNG YEN ,★★☆☆☆
제조업,toim vina,"An Lac Village, Trung Trac, Van Lam, Hung Yen 회비 납부 일: 2022.05",,HUNG YEN ,★★☆☆☆
제조업,WORLD MOLD TECH,"Duong B2, Khu B, Khu Cong Nghiep Pho Noi A, Huyen Van Lam, Tinh Hung Yen 회비 납부 일: 2020.11 회비 납부일: 2022.05",+842213967782,HUNG YEN ,★★★☆☆
제조업,Yusung Electronics Vina Company Limited,"Lot CN4-P2, Yen My Industrial Park, Tan Lap Commune, Yen My District, Hung Yen Province, Vietnam 회비 납부 일: 2020.05 회비 납부일: 2022.05",+84868352223,HUNG YEN,★★☆☆☆
제조업,"MBI Co.,Ltd",충청북도 청주시 서원구 사직대로 140 현대코아BD B1,+842432749701,KOREA,★★★☆☆
제조업,"OIL KOREA VIETNAM CO.,LTD","Long Hau I.P Hamlet 2, Long Hau, Can Giuoc, Long An 회비 납부 일: 2016.06",+842838735045,LONG AN,★★★★☆
제조업,GARAM SPORTS,"Lo S8 KCN Hoa Xa, Thanh Pho, Nam Dinh",+842283671956,NAM DINH,★★★☆☆
제조업,"PIM VINA Co., LTD","Lot E, My trung industrial zone, Mỹ Lộc, Nam Định 회비 납부 일: 2020.05 회비 납부일: 12/08/2'+8424",+842283648886,NAM DINH,★★☆☆☆
제조업,SHINHWA TNS,"To 12, TT Xuan Trung, Xuan Trung, Nam Dinh",+842283835003,NAM DINH,★★☆☆☆
제조업,TRITON,"Lo S8 KCN Hoa Xa, Nam dinh",+842283671956,NAM DINH,★★☆☆☆
제조업,DAEJINSUN VINA,"Lo CN10, CCN Gia Phu, Xa Gia Phu, Huyen Gia Vien, Ninh Binh 회비 납부 일: 2023.5",+842293833123,NINH BINH,★★★☆☆
제조업,DGMV,"Lo Cn13, Cum cong nghiep Gia Van , xa Gia Van, huyen Gia Vien, tinh Ninh, Viet Nam",+842293658558,NINH BINH,★★☆☆☆
제조업,GORYO VIET NAM,"Gia Van I.Z, Gia Vien, Ninh Binh",+842293658111,NINH BINH,★★☆☆☆
제조업,"MASTER VINA Co.,Ltd",& Care Assistanc 회비 납부 일: 2013.09,+84306260028,NINH BINH,★★★☆☆
제조업,POLY TECH VINA,"Lô CN10, Cụm công nghiệp Gia Vân, Xã Gia Vân, Huyện Gia Viễn, Tỉnh Ninh Bình, Việt Nam",+842293658500,NINH BINH,★★☆☆☆
제조업,SEJUNG VIET NAM,"Lo CN4, Cum CN Cau Yen, Ninh Phong, Ninh Binh",+842293686882,NINH BINH,★★★☆☆
제조업,"SM ADM21 VINA CO.,LTD","C5 Plot, Khanh Phu Industrial Zone, Yen Khanh District, Ninh Binh, Viet Nam 회비 납부 일: 2020.08 회비 납부일: 2021.09",+84229762805,NINH BINH,★★★★☆
제조업,YU JUNG YUNG NUNG JO HAP,"Nam Son, Tam Diep, Ninh Binh",+842296278276,NINH BINH,★★★☆☆
제조업,ARP VINA COMPANY LIMITED,"Tan, Cau Giay, Hano",+84988524576,PHU THO,★★☆☆☆
제조업,BAEK IL VINA COMPANY LIMITED,"Lot No. 7, KCN Phu Gia, Phu Nham, Phu Ninh, Phu Tho",+842102200001,PHU THO,★★☆☆☆
제조업,BO-ON GLOVES VIET NAM COMPANY LIMITED,"Nguyet Cu, Nong Trang, Viet Tri, Phu Tho",+842103789898,PHU THO,★★☆☆☆
제조업,BOK EUM TARP VINA COMPANY LIMITED,"Lot 10, KCN Nam Thanh Ba , Do Son, Thanh Ba, Phu Tho",+84352103422,PHU THO,★★★☆☆
제조업,COSMO DEVELOPMENT COMPANY LIMITED,"KCN Cam Khe, Yen Tap, Cam Khe, Phu Tho",+842438580435,PHU THO,★★☆☆☆
제조업,"DAE YANG VINA Co.,Ltd","Lot 4, Thuy Van I.Z, Viet Tri, Phu Tho",+842103991818,PHU THO,★★☆☆☆
제조업,"DAON VIETNAM CO., LTD","KCN Dong Lang, Phu Ninh, Phu Ninh, Phu Tho",+842103860227,PHU THO,★★★☆☆
제조업,DBSR VINA LIMITED COMPANY,"Lot CN10, KCN Thanh Minh, Thanh Minh, Phu Tho",+842106575628,PHU THO,★★☆☆☆
제조업,"DK INTERNATIONAL Co.,Ltd","Lot CN 11, Tu Da - An Dao I.C, Binh Phu, Phu Ninh, Phu Tho",,PHU THO,★★★☆☆
제조업,DONGKUK VIET NAM,"No,10, Thuy Van Industrial Zone Viet Tri City, Phu Tho Pro., Vietnam 회비 납부 일: 2022.03",+842103953901,PHU THO,★★★★☆
제조업,"DOOSAN WOOD Co.,Ltd","Dong Lang I.P, Phu Ninh, Phu Tho",+842103860229,PHU THO,★★★☆☆
제조업,ELIM VIET LIMITED COMPANY,"Lot CN22, KCN Tu Da - An Dao, Binh Phu, Phu Ninh, Phu Tho",+842103688113,PHU THO,★★☆☆☆
제조업,"FLECON VIET NAM Co.,Ltd","Lot No. B6, Thuy Van I.P, Viet Tri, Phu Tho",+842106250446,PHU THO,★★☆☆☆
제조업,"HAN VIET COLORCOM CO.,LTD","Lô Số 4, Khu Công nghiệp Thụy Vân, Xã Thụy Vân, Thành phố Việt Trì, Tỉnh Phú Thọ, Việt Nam 회비 납부 일: 2023.04",,PHU THO,★★☆☆☆
제조업,"HAN VIET RUBBER ROLL CO.,LTD","Lot 2, Thuy Van I.P, Thuy Van, Viet Tri, Phu Tho",+842103859341,PHU THO,★★★☆☆
제조업,INTROTOP COMPANY LIMITED,"CN7, CN8, CN9, KCN Yen Lap town, Yen Lap, Phu Tho",+84962760129,PHU THO,★★☆☆☆
제조업,JAEWOO VINA COMPANY LIMITED,"Lot B8, KCN Thuy Van, Thuy Van, Viet Tri, Phu Tho",+842103828858,PHU THO,★★☆☆☆
제조업,"JAO VI COMPANY., LIMITED.","Lot CN 15, KCN Tu Da - An Dao, Binh Phu, Phu Ninh, Phu Tho",+842103770899,PHU THO,★★★☆☆
제조업,"JEIL PHU THO CO.,LTD","Lot 4, Thuy Van I.Z, Viet Tri, Phu Tho",+842103955815,PHU THO,★★☆☆☆
제조업,"JINSUNG VINA CO.,LTD","Dong Lang I.C, Phu Ninh, Phu Ninh, Phu Tho",+842103860234,PHU THO,★★★☆☆
제조업,"KIDO SPORTS VINA Co.,Ltd","Lot CN 06 Phu Ha I.P, Ha Thach, Phu Tho, Phu Tho",+842103711789,PHU THO,★★★★☆
제조업,"KPC Co.,Ltd","Dong Lang I.P, Phu Ninh, Phu Tho",,PHU THO,★★★☆☆
제조업,KSA POLYMER HA NOI JSC,"B3 Thuy Van IZ, Viet Tri, Phu Tho 회비 납부 일: 2015.05 회비 납부일: 2022.03",+842103857811,PHU THO,★★☆☆☆
제조업,KYOUNG WON HM VIETNAM COMPANY LIMITED,"Lot B6, KCN Thuy Van, Thuy Van, Viet Tri, Phu Tho",+849735985590,PHU THO,★★☆☆☆
제조업,MIRAE SOONGWON VINA COMPANY LIMITED,"KCN Yen Lap Town, Yen Lap, Yen Lap, Phu Tho",+842103621968,PHU THO,★★☆☆☆
제조업,"NAM KANG PHU THO Co.,Ltd","Lot 4, Thuy Van I.P, Thuy Van, Viet Tri, Phu Tho",+842103955815,PHU THO,★★★☆☆
제조업,REFINE,"Lot B4, Thuy Van I.Z, Viet Tri, Phu Tho 회비 납부일: 2023.04",+842102240994,PHU THO,★★☆☆☆
제조업,SAINT VINA,"Lien Minh Zone, Minh Phuong, Viet Tri, Phu Tho",+842103956160,PHU THO,★★☆☆☆
제조업,SAMHWA VIET NAM COMPANY LIMITED,"Lot CN07, KCN Cam Khe, Cam Khe, Phu Tho",+842103889588,PHU THO,★★★☆☆
제조업,SUNGWOON INTERNATIONAL,"Dong Lang I.Z, Phu Ninh, Phu Tho",+842103970935,PHU THO,★★☆☆☆
제조업,Taechang Precision Vina,"Lô đất CN-08 Khu Công nghiệp Phú Hà, Phú Thọ 회비 납부 일: 2021.06 회비 납부일: 2022.06",+842103915005,PHU THO,★★★☆☆
제조업,TARP LINE HA NOI,"KCN Dong Lang, Phu Ninh, Phu Ninh, Phu Tho",+842103970941,PHU THO,★★★★☆
제조업,"TE-VINA PRIME Co., LTD","Thuy Van IZ, Viet Tri, Phu Tho 회비 납부 일: 2019.03 회비 납부일: 2022.03",+842103857801,PHU THO,★★★☆☆
제조업,VIET NAM DONG WON GLOVE COMPANY LIMITED,"KCN Hoang Xa, Hoang Xa, Thanh Thuy, Phu Tho",+841672630428,PHU THO,★★☆☆☆
제조업,VPP CHEMICAL COMPANY LIMITED,"Lot CN1, KCN Tu Da - An Dao, Binh Phu, Phu Ninh, Phu Tho",+842103862675,PHU THO,★★☆☆☆
제조업,WOON INTERNATIONAL VIETNAM JOINT STOCK COMPANY,"KCN Dong Lang, Phu Ninh, Phu Ninh, Phu Tho",+842103970935,PHU THO,★★☆☆☆
제조업,"WOONG JIN Co.,Ltd","Lot 9, Thuy Van I.Z, Viet Tri, Phu Tho",+842103857833,PHU THO,★★★☆☆
제조업,YB VIETNAM COMPANY LIMITED,"Lot CN 15, CN 16 KCN Bai Ba , Son Cuong, Thanh Ba, Phu Tho",+842103673968,PHU THO,★★☆☆☆
제조업,YOUNG CHON COMPANY LIMITED,"KCN Thanh Minh, Thanh Minh, Phu Tho",+84962553922,PHU THO,★★☆☆☆
제조업,ZIIN ENGINEERING VIETNAM,"Lot CN 22, Bai Ba industrial cluster, Son Cuong, Thanh Ba, Phu Tho",+848248677900,PHU THO,★★★☆☆
제조업,DAVO VINA,"Phu Ha IP, Ha Thach commune, Phu Tho Town, Phu Tho province 회비 납부 일: 2017.11 회비 납부일: 2022.03",+842103822588,PHU THO ,★★☆☆☆
제조업,"FABCHEM VINA CO., LTD","Nam Thanh Ba IC, Thanh Ba district, Phu Tho 회비 납부 일: 2020.04 회비 납부일: 2023.04",+842103722186,PHU THO ,★★★☆☆
제조업,J&P,"Lot CN 13, KCN Tu Da - An Dao, Binh Phu, Phu Ninh, Phu Tho 회비 납부 일: 2021.03 회비 납부일: 2023.04",+842103770855,PHU THO ,★★★★☆
제조업,JSF VINA,"Lot CN07, KCN Cam Khe, Cam Khe, Phu Tho 회비 납부 일: 2021.03 회비 납부일: 2022.03",+842103885080,PHU THO ,★★★☆☆
제조업,K-Tarp,"Lot 2, Vietnam-Korea Tu Da I.Z, Phu Ninh, Phu Tho 회비 납부 일: 2021.03 회비 납부일: 2023.04",+842103771702,PHU THO ,★★☆☆☆
제조업,KAPS TEX VINA JOINT STOCK COMPANY,NO.5 THUY VAN IND. VIET TRI CITY PHU THO PROVINCE 회비 납부일: 2023.04,+842103857843,PHU THO ,★★☆☆☆
제조업,LEEHO VINA,"Lot CN01, Cam Khe I.Z, Sai Nga, Cam Khe, Phu Tho 회비 납부 일: 2021.03 회비 납부일: 2022.03",+842103861866,PHU THO ,★★☆☆☆
제조업,"MK NOAH VINA CO., LTD","Lô số 8, Cụm công nghiệp làng nghề Nam Thanh Ba, Xã Đỗ Sơn, Huyện Thanh Ba, Tỉnh Phú Thọ 회비 납부 일: 2020.07 회비 납부일: 2021.03",+842103722788,PHU THO ,★★★☆☆
제조업,NAMUGA,"Lot B9, Thuy Van I.Z, Viet Tri, Phu Tho 회비 납부 일: 2021.03 회비 납부일: 2023.04",+842103686678,PHU THO ,★★☆☆☆
제조업,OGK,"CN07A LOT, Phu Ha I.P, Ha Thach, Phu Tho 회비 납부 일: 2021.03 회비 납부일: 2022.03",+842103636868,PHU THO ,★★☆☆☆
제조업,PLASCOM VINA,"Lô số 7, CCN làng nghề Nam Thanh Ba, Xã Đỗ Sơn, Huyện Thanh Ba, Tỉnh Phú Thọ, Việt Nam 회비 납부 일: 2022.03",+842103823686,PHU THO ,★★★☆☆
제조업,"S.U.N.N.Y TECHNOLOGY BRANCH Co.,Ltd","Lot CN10, Tu Da - An Dao Industrial Cluster, Binh Phu, Phu Ninh, Phu Tho 회비 납부 일: 2021.03 회비 납부일: 2023.04",+842103882580,PHU THO ,★★☆☆☆
제조업,SEIJIN BAGS VINA,"Dong Lang IP, Phu Ninh district, Phu Tho 회비 납부 일: 2021.03 회비 납부일: 2023.04",+842103970985,PHU THO ,★★★☆☆
제조업,Tarpia,"Lot CN8 + CN11, Tu Da An Dao I.Z, Binh Phu, Phu 회비 납부 일: 2021.03 회비 납부일: 2022.03",+842103770333,PHU THO ,★★★★☆
제조업,TPS,"Lot CN7, Tu Da, An Dao I.Z, Tu Da, Phu Ninh, Phu Tho 회비 납부 일: 2021.03 회비 납부일: 2022.03",+842103771668,PHU THO ,★★★☆☆
제조업,YOUNG KWANG VINA,"Area 4, Phu Ninh, Phu Ninh, Phu Tho 회비 납부 일: 2021.03 회비 납부일: 2023.04",+84975551110,PHU THO ,★★☆☆☆
제조업,Yun Sung Polimar VINA,"Khu 10, Xã Phù Ninh, Huyện Phù Ninh, Tỉnh Phú Thọ, Việt Nam 회비 납부 일: 2022.03",+84984937628,PHU THO ,★★☆☆☆
제조업,QUANG BINH SURIMI,"Thanh Khe Thanh Trach, Bo Trach, Quang Binh",+84968870055,QUANG BINH,★★☆☆☆
제조업,"CTR VINA CO.,LTD","Tam Thang I.P, Tam Thang, Tam Ky City, Quang Nam",+842353822000,QUANG NAM,★★★☆☆
제조업,D.R VINA COMPANY LIMITED,"Lot NM05-3, KCN Tam Thang 2, Tam Thang, Tam Ky, Quang Nam",+84935653270,QUANG NAM,★★☆☆☆
제조업,GAPADENT VIET NAM COMPANY LIMITED,"Lot B-B4 KCN Ha Lam - Cho Duoc, Binh Phuc, Thang Binh, Quang Nam",+842353665567,QUANG NAM,★★☆☆☆
제조업,"MAKITECH CO.,LTD","Lo so 18 KCN Dien Nam, Dien Ngoc, Dien Ban, Quang Nam",+848654211908,QUANG NAM,★★★☆☆
제조업,"OCC VINA CO.,LTD","LO C2 KCN,TAM THANG XA TAM THANG,THANH PHO TAM KY.TINH.QUANG NAM. VIETNAM 회비 납부 일: 2019.06 회비 납부일: 2021.06",+842353555889,QUANG NAM,★★☆☆☆
제조업,SHIN CHANG VINA COMPANY LIMITED,"Lot B4-2, KCN Thuan Yen, Hoa Thuan, Tam Ky, Quang Nam",+842352460300,QUANG NAM,★★★☆☆
제조업,THACO,"KCN Tam Hiep, Nui Thanh, Quang Nam",+842353565325,QUANG NAM,★★★★☆
제조업,"VINA AUTOMOTIVE AIRCON MANUFACTURING Co.,Ltd","Chu Lai Truong Hai Auto Mechanical and Automotive I.P, Tam Hiep, Nui Thanh, Quang Nam",+842353565787,QUANG NAM,★★★☆☆
제조업,YOUNG JIN VINA COMPANY LIMITED,"KCN Tam Thang, Tam Thang, Tam Ky, Quang Nam BRANCH: 49, Pocheon-ro 909beon-gil, Gunnae-myeon, Pocheon-si, Gyeonggi-do",+842352460461,QUANG NAM,★★☆☆☆
제조업,DOOSAN HEAVY INDUSTRIES VIETNAM,"Dung Quat E.Z, Binh Thuan, Binh Son, Quang Ngai",+842553618900,QUANG NGAI,★★☆☆☆
제조업,"F-ONE GLOBAL FOODS CO., LTD","DUC CHINH WARD , DONG TRIEU TOWN , QUANG NINH PROVINCE, VIETNAM 회비 납부 일: 19/03/2'+8424",+84866939295,QUANG NINH,★★☆☆☆
제조업,JINSUNG HITEC VINA COMPANY LIMITED,"Lot CN-05 KCN Dong Mai, Dong Mai, Quang Yen, Quang Ninh",+84355999108,QUANG NINH,★★★☆☆
제조업,"VINA NEW TARPS Co.,Ltd","Lot 8 ＆ 24 Cai Lan I.Z, Ha Long, Quang Ninh 회비 납부 일: 2020.07 회비 납부일: 2020.07",+842033640109,QUANG NINH,★★☆☆☆
제조업,CHANG AN VINA,"Lot T77 Diem Thuy I.Z A Hong Tien, Pho Yen, Thai Nguyen 회비 납부 일: 2020.04 회비 납부일: 2023.05",+842083931822,THAI NGUYEN,★★☆☆☆
제조업,CHUNGSOL COSCHEM VINA,"Lot CN8-3-4, Diem Thuy Iz., Phu Binh, Thai Nguyen 회비 납부 일: 2020,04",+842083931562,THAI NGUYEN,★★★☆☆
제조업,DAERIM TECH VINA,"Khu B, KCN Song Cong I.P, Bach Quang, Song Cong, Thai Nguyen 회비 납부 일: 2023,05",+842083762589,THAI NGUYEN,★★☆☆☆
제조업,DAHAM,"KCN Điềm thuỵ, xã Điềm Thuỵ, Phú bình, Thái Nguyên 회비 납부 일: 2020.04 회비 납부일: 2023.05",+842082490180,THAI NGUYEN,★★★☆☆
제조업,DESIGN METAL VINA COMPANY LIMITED,"KCN Diem Thuy, Diem Thuy, Phu Binh, Thai Nguyen",+842083931559,THAI NGUYEN,★★★★☆
제조업,DONGWHA VIETNAM,"Lot CN1~CN4, SongCong 2 Industrial Park, Tan Quang Commune, SongCong City, Thai Nguyen Province, Vietnam (Lô CN1. CN2, CN3 CN4 Khu Công Nghiệp Sông Công II, Xã Tân Quang, Thành Phố Sông Công, Tỉnh Thái Nguyên, Việt Nam) 회비 납부 일: 2021.05 회비 납부일: 2022.05",,THAI NGUYEN,★★★☆☆
제조업,DOOSUN VIET NAM,"Nguyen Gon Industrial Zone, Cai Dan Ward, Song Cong City, Thai Nguyen province, Viet Nam 회비 납부 일: 2018.06 회비 납부일: 2'+8424.01",+842083662582,THAI NGUYEN,★★☆☆☆
제조업,ERANG VINA COMPANY LIMITED,"Lot CN4, KCN Diem Thuy, Diem Thuy, Phu Binh, Thai Nguyen",+841246013555,THAI NGUYEN,★★☆☆☆
제조업,HAN - VIET MOLD VINA COMPANY LIMITED,"Lot CN4, KCN Diem Thuy, Diem Thuy, Phu Binh, Thai Nguyen",+842086549909,THAI NGUYEN,★★☆☆☆
제조업,HANSOL HARNESS VINA COMPANY LIMITED,"Lot CN4.2 KCN Song Cong II, Tan Quang, Song Cong, Thai Nguyen",+84355649637,THAI NGUYEN,★★★☆☆
제조업,JEIL C&C COMPANY LIMITED,"KCN Nguyen Gon, Cai Dan, Song Cong, Thai Nguyen",+849857731040,THAI NGUYEN,★★☆☆☆
제조업,KET VIETNAM(KOREA ELECTRIC TERMINAL VIETNAM),"CN5, Diem Thuy Ind. Park, Diem Thuy, Phu Binh, Thai Nguyen 회비 납부 일: 2021년 회비 납부일: 2022.05",+842083931594,THAI NGUYEN,★★☆☆☆
제조업,KH VATEC,"Lot CN3-01, Diem Thuy I.Z, Diem Thuy, Phu Binh, Thai Nguyen 회비 납부 일: 2020.04 회비 납부일: 2021.05",+842223903660,THAI NGUYEN,★★★☆☆
제조업,KPE VINA COMPANY LIMITED,"Lot CN2, KCN Diem Thuy (Zone A), Diem Thuy Phu Binh, Thai Nguyen",Website:www.h,THAI NGUYEN,★★☆☆☆
제조업,KPTU VINA,"Lot CN6, Diem Thuy I.Z, Diem Thuy, Phu Binh, Thai Nguyen",+842083931535,THAI NGUYEN,★★★☆☆
제조업,MR.MONKEY TOOL VIET NAM COMPANY LIMITED,"Zone B, KCN Song Cong, Bach Quang, Song Cong, Thai Nguyen",+849498862620,THAI NGUYEN,★★★★☆
제조업,SAMJUVINA,"Lot CN3-3, Diem Thuy I.P, Thuy DIem, Phu Binh, Thai Nguyen",+842083931603,THAI NGUYEN,★★★☆☆
제조업,"SEAN E&C VINA Co.,Ltd","No 41, group 3, Phan Dinh Phung, Thai Nguyen BRANCH: R1003, 10th Floor, CMC Tower, No 11 Duy Tan, Dich Vong Hau, Cau Giay, Hanoi",+842432252505,THAI NGUYEN,★★☆☆☆
제조업,"SEIN VINA Co.,Ltd","Lot CN8 Diem Thuy I.Z, Phu Binh, Thai Nguyen 회비 납부 일: 2018.06 회비 납부일: 2020.04",+842083931570,THAI NGUYEN,★★☆☆☆
제조업,SN VINA,"Cach Mang Thang 10 Street, Song Cong1 industrial area, Doc Dai Quarter, Bach Quang Ward, Song Cong City, Thai Nguyen province 회비 납부 일: 2022.05",+842083935586,THAI NGUYEN,★★☆☆☆
제조업,Thai Hoa Gloves,"Lot TT3, Diem Thuy Industrial Park, Hong Tien Ward, Pho Yen City, Thai Nguyen, Vietnam 회비 납부 일: 2023.01",+842083931991,THAI NGUYEN,★★★☆☆
제조업,TUNGSTEN VIETNAM JOINT STOCK COMPANY,"Area B - Song Cong 1 Industrial Park, Bach Quang Ward, Song Cong City, Thai Nguyen Province, Vietnam 회비 납부 일: 2022.07",+84932142588,THAI NGUYEN,★★☆☆☆
제조업,YOUI PRECISION VINA COMPANY LIMITED,"Lot CN2, KCN Diem Thuy (Zone A), Diem Thuy, Phu Binh, Thai Nguyen",+84973497720,THAI NGUYEN,★★☆☆☆
제조업,"ZIIU THAI NGUYEN CO., LTD","Lot CN3, KCN CN3-01 Diem Thuy, Diem Thuy, Phu Binh, Thai Nguyen",+84329478366,THAI NGUYEN,★★★☆☆
제조업,ALUMINUM HAN VIET,"Lot CN7, Diem Thuy I.P, Hong Tien, Pho Yen, Thai Nguyen 회비 납부 일: 2022.05 회비 납부일: 2023.05",,THAI NGUYEN ,★★☆☆☆
제조업,DOORIEN VINA,"Diem Thuy IZ, Phu Binh, Thai Nguyen 회비 납부 일: 2018.06 회비 납부일: 2023.05",+844601162884,THAI NGUYEN ,★★★☆☆
제조업,ECO KOREA,"Song Cong IP., Mo Che, Song Cong, Thai Nguyen 회비 납부 일: 2018.06 회비 납부일: 2022.05",+842083862123,THAI NGUYEN ,★★★★☆
제조업,JSJ VINA,"Lo B, Song Cong1, TP Song Cong, Tinh Thai Nguyen, Viet Nam 회비 납부 일: 2021.05 회비 납부일: 2023.05",+842083935558,THAI NGUYEN ,★★★☆☆
제조업,JUKWANG PRECISION VINA,"Plot CN8-1, Diem Thuy I.Z, Diem Thuy, Phu Binh, Thai Nguyen 회비 납부 일: 2018.06 회비 납부일: 2022.05",+842083931732,THAI NGUYEN ,★★☆☆☆
제조업,JUNGJIN VINA,"Lo CN 8-2, Diem Thuy I.Z, Phu Binh Thai Nguyen 회비 납부 일: 2022.05",+842083931470,THAI NGUYEN ,★★☆☆☆
제조업,KC VINA,"Lô CN4, KCN Điềm Thụy, xã Điềm Thụy, huyện Phú Bình, tỉnh Thái Nguyên 회비 납부 일: 2021년 회비 납부일: 2022.05",+842086566722,THAI NGUYEN ,★★☆☆☆
제조업,SEKWANG VINA,"Lot CN8, Diem Thuy IZ, Phu Binh, Thai Nguyen 회비 납부 일: 2018.06 회비 납부일: 2022.05",+842083931565,THAI NGUYEN ,★★★☆☆
제조업,SERA ELEVATOR VINA,"Lot CN7 diem Thuy Industriai Park, Hong Tien Commune. Pho Yen Town, Thai Nguyen Province. 회비 납부 일: 2021.05 회비 납부일: 2022.05",+842083564332,THAI NGUYEN ,★★☆☆☆
제조업,SHINPOONG TECH VINA,"Zone B, Song Cong I IZ, Bach Quang Ward, Song Cong City, Thai Nguyen Province, Vietnam 회비 납부 일: 2020.04 회비 납부일: 2022.05",+84942142522,THAI NGUYEN ,★★☆☆☆
제조업,"SHINSUNG TECHNOLOGY VIETNAM CO.,LTD","khuB,KCN Song cong 1, Phuong bach quang ,thanh pho song cong, thai nguyen 회비 납부 일: 2020.04 회비 납부일: 2023.05",+842083761729,THAI NGUYEN ,★★★☆☆
제조업,SHINUS VINA,"Diem Thuy Iz., Phu Binh, Thai Nguyen 회비 납부 일: 2018.06 회비 납부일: 2022.05",+842086336336,THAI NGUYEN ,★★☆☆☆
제조업,Young D/C Vina,"LOT CN-2, Diem thuy industrial zone, Diem thuy commune, Phu Binh district Thai Nguyen Province, Vietnam 회비 납부 일: 2020.04 회비 납부일: 2022.05",+842082490222,THAI NGUYEN ,★★★☆☆
제조업,AUTODI VINA COMPANY LIMITED,"Lot CN-05/3-4, South Zone A KCN Bim Son, Bac Son, Bim Son, Thanh Hoa",+84237771688,THANH HOA,★★★★☆
제조업,DAYOU AP VINA COMPANY LIMITED,"Lot CN-05, South Zone A, KCN Bim Son, Bac Son, Bim Son, Thanh Hoa",+842373766188,THANH HOA,★★★☆☆
제조업,DS HI-TECH VINA COMPANY LIMITED,"Lot CN-05, South Zone A, KCN Bim Son, Bac Son, Bim Son, Thanh Hoa",+842376609933,THANH HOA,★★☆☆☆
제조업,SEIL M - TECH VINA COMPANY LIMITED,"Lot CN-06, South Zone A KCN Bim Son, Bac Son, Bim Son, Thanh Hoa",+842373762188,THANH HOA,★★☆☆☆
제조업,STECH VINA VN COMPANY LIMITED,"Lot CN - 05 South Zone A, KCN Bim Son, Bac Son, Bim Son, Thanh Hoa",+842373766188,THANH HOA,★★☆☆☆
제조업,THN AUTOPARTS VIETNAM COMPANY LIMITED,"KCN Ha Duong, Yen Duong, Ha Trung, Thanh Hoa",+84878798261,THANH HOA,★★★☆☆
제조업,WOOJU VINA,"Lot 76-85 Zone A, KCN Dinh Huong - Tay Bac Ga, Dong Linh, Thanh Hoa",+84947046829,THANH HOA,★★☆☆☆
제조업,"YOUNGHAN CO.,LTD","Lot 75, Zone A, Dinh Huong I.P, Tay Bac Ga ( Part 2), I.P, Thanh Hoa",+842373219899,THANH HOA,★★☆☆☆
제조업,NONG SAN JW COMPANY LIMITED,"Lot h2, Phuc Phuc Industrial Complex, Phuc Ung Commune, Son Duong District, Tuyen Quang Province 회비 납부 일: 2023.02",+84334500908,TUYEN QUANG,★★★☆☆
제조업,"ACRO VINA Co.,Ltd","Lot B10, Ba Thien II I.P, Thien Ke, Binh Xuyen, VINH PHUC",+842113866700,VINH PHUC,★★☆☆☆
제조업,"BH FLEX VINA Co.,Ltd","Khai Quang I.Z, Vinh Yen, VINH PHUC",+842113565600,VINH PHUC,★★★☆☆
제조업,"BKT VINA CO.,LTD","Plot 7, Khai Quang I.Z, Vinh Yen, VINH PHUC 회비 납부 일: 2015,09",+842113711071,VINH PHUC,★★★★☆
제조업,CHADIOSTECH VINA,"Binh Xuyen II I.Z, Binh Xuyen, VINH PHUC",+842113592730,VINH PHUC,★★★☆☆
제조업,"DST VINA CO.,LTD","Ba Thien II Industrial Park, Ba Hien Town, Binh Xuyen Dist., VINH PHUC Province 회비 납부 일: 2015.05 회비 납부일: 2022.07",+842113866008,VINH PHUC,★★☆☆☆
제조업,"FUTURECORE VINA CO.,LTD","Lot C9, Ba Thien II I.P, Thien Ke, Binh Xuyen, VINH PHUC",+842113888400,VINH PHUC,★★☆☆☆
제조업,"HAEINCNS VINA CO.,LTD","Lot C14-1, Ba Thien II I.P, Thien Ke, Binh Xuyen, VINH PHUC 회비 납부 일: 2015.04",+842113389901,VINH PHUC,★★☆☆☆
제조업,"HJC VIETNAM CO., LTD","Lot 14, Khai Quang I.Z, Vinh Yen, VINH PHUC 회비 납부 일: 2012.09 회비 납부일: 2022.08",+842113723396,VINH PHUC,★★★☆☆
제조업,"HJCV CO.,LTD","Khai Quang I.P, Khai Quang, Vinh Yen, VINH PHUC",+842113726913,VINH PHUC,★★☆☆☆
제조업,"INNO FLEX VINA Co.,Ltd","Binh Xuyen I.Z, VINH PHUC",+842113888010,VINH PHUC,★★☆☆☆
제조업,ISCVINA MANUFACTURING COMPANY LIMITED,"Lo A12-2, KCN Ba thien II, Thien Ke, Binh Xuyen, VINH PHUC, Vietnam 회비 납부 일: 2021.10 회비 납부일: 2023.02",+842113888700,VINH PHUC,★★★☆☆
제조업,"J-TECH VINA CO., LTD","CN13, Khai Quang Iz, Vinh Yen, VINH PHUC 회비 납부 일: 2017.01 회비 납부일: 2021.07",+842113717331,VINH PHUC,★★☆☆☆
제조업,JHBBT - VINA,"Hop Thinh, Tam Duong, VINH PHUC",+84973864543,VINH PHUC,★★★☆☆
제조업,"KWANG SEONG PUNGRYUK VINA CO.,LTD","Binh Xuyen I.P, Dao Duc, Binh Xuyen, VINH PHUC",+842113866661,VINH PHUC,★★★★☆
제조업,KYUNGIL OPTICS,"Binh Xuyen I.Z, Son Loi, Binh Xuyen, VINH PHUC",+842113815567,VINH PHUC,★★★☆☆
제조업,"NSTECH VINA CO.,LTD","KCN Binh Xuyen, Thi tran Huong Canh, Binh Xuyen, VINH PHUC",+842113593767,VINH PHUC,★★☆☆☆
제조업,NTS VINA,"Binh Xuyen I.Z, Binh Xuyen, VINH PHUC",+842112222288,VINH PHUC,★★☆☆☆
제조업,PARTRON VINA,"Lot 11, Khai Quang I.Z, Vinh Yen, VINH PHUC 회비 납부 일: 2021년 회비 납부일: 2022.02",+842113616211,VINH PHUC,★★☆☆☆
제조업,SINDOH VINA,"Khai Quang I.Z, VINH PHUC",+842113723814,VINH PHUC,★★★☆☆
제조업,TIPACK VIETNAM,"Lot C2, Binh Xuyen I 2, VINH PHUC",+842113886088,VINH PHUC,★★☆☆☆
제조업,VIDACO,Quốc lộ 2A - Cụm KTXH Đại Đồng - Xã Đại Đồng - Vĩnh Tường - Vĩnh Phúc - Vietnam 회비 납부 일: 01/01/2'+8424 회비 납부일: 11/10/2'+8424,+842113820567,VINH PHUC,★★☆☆☆
제조업,"VINA KUMYANG Co.,Ltd","khai Quang I.Z, Vinh Yen, Vinh phuc",+842113720711,VINH PHUC,★★★☆☆
제조업,"WORLD CHEMICAL Co.,Ltd","Huong Canh I.Z, Binh Xuyen, VINH PHUC",+842113592539,VINH PHUC,★★☆☆☆
제조업,POSCO YAMATO VINA,"N1 Street, Phu My 2 Industrial Zone, Phu My Ward, Phu My Town, Ba Ria Vung Tau Province, Vietnam",+842543892009,VUNG TAU,★★★☆☆
제조업,UST VINA,"Floor 5 Conroy Tower, 637-639 Nguyen Tat Thanh, Da Nang",+842363811116,DA NANG,★★★★☆
제조업,DACVN,"VI HA VILLAGE, TRUNG LUONG COMMUNE, BINH LUC DISCTRICT, HA NAM 회비 납부 일: 2021.07 회비 납부일: 2'+8424.01",+84223866999,DA NANG,★★★☆☆
"통신, IT, SW","AM TELECOM Co.,Ltd","Cong Ty TNHH Younyi Electronic Vina, Tien Phong, Yen Dung, Bac Giang",+84972884298,BAC GIANG,★★☆☆☆
"통신, IT, SW",VDC-NET2E JSC,"7th Floor, Detech Tower, 8C Ton That Thuyet, My Dinh, Tu Liem, Hanoi",+842437925040,HA NOI,★★☆☆☆
"통신, IT, SW",D ANN-T (Able-Bamboo),"1st Floor, Cat Tuong Apartment, Le Thai To Street, Vo Cuong Award, Bac Ninh City, Bac Ninh Province.",+82319769487,BAC NINH,★★☆☆☆
"통신, IT, SW",GE VIET NAM SERVICES AND TRADING JOINT STOCK COMPANY,"51 Ngo Si Lien, Kinh Bac, Bac Ninh",+842226513760,BAC NINH,★★★☆☆
"통신, IT, SW",GSD VINA,"Huyen Quang 2, Apartment 14, LK-2, 3-Storey Bld, Vo Cuong, Bac Ninh",,BAC NINH,★★☆☆☆
"통신, IT, SW",MODERN SYSTEM VN,"1st Floor, Lot 102, Cat Tuong Thong Nhat Building, Le Thai To Street, Vo Cuong Ward, Bac Ninh City, Bac Ninh Province, Vietnam",+84866717775,BAC NINH,★★☆☆☆
"통신, IT, SW",SNA VIETNAM,"9th Floor, VNPT Bac Ninh Building, 33 Ly Thai To, Ninh Xa, Bac ninh",+842223779822,BAC NINH,★★★☆☆
"통신, IT, SW",ADPIA. JSC,"30th, Floor, Handico Bldg, Pham Hung, Me Tri, Nam Tu Liem, Hanoi",+842422606074,HA NOI,★★☆☆☆
"통신, IT, SW",ADVANCED VISION AUTOMATIC,"2F No.68 X6 Resettlement Areas, Group 7, Thach Ban, Long Bien, Hanoi",+84969797068,HA NOI,★★★☆☆
"통신, IT, SW",AIMMO Vietnam Company Limited,"13 fl, ADG Tower, 37 Lê Văn Thiêm, Nhân Chính, Thanh Xuân, Hà Nội",+84983459443,HA NOI,★★★★☆
"통신, IT, SW","AIR QUAY VINA CO., LTD","2F, A Building, Golden Palace Tower, Me Tri Ward, Nam Tu Liem District, Hanoi, Vietnam",+842435727166,HA NOI,★★★☆☆
"통신, IT, SW","ALTIMEDIA VIETNAM CO., LTD","23rd floor, Handico Tower, Me Tri Ha New Urban Area, Pham Hung, Me Tri Ward, Nam Tu Liem District, Hanoi, Vietnam",+842432565171,HA NOI,★★☆☆☆
"통신, IT, SW",BA SOFTTECH,"12A, Area A, Land Port A10, Nam Trung Yen, Cau Giay, Hanoi",+842432181149,HA NOI,★★☆☆☆
"통신, IT, SW",BIZENTRO COMPANY LIMITED,"Unit 12A, 8th floor, TNR Tower, 54A Nguyen Chi Thanh, Lang Thuong, Dong Da, Ha Noi",+842432010862,HA NOI,★★☆☆☆
"통신, IT, SW",BORANET INC,"Villa04, Vinaconex7, 136 Ho Tung Mau, Bac Tu Liem, Hanoi",,HA NOI,★★★☆☆
"통신, IT, SW",BROAD C&S,"5th Floor, Tower C, Central Field Building219, Trung Kinh, Cau Giay, Hanoi",,HA NOI,★★☆☆☆
"통신, IT, SW","CAPICHI VIETNAM CO., LTD","6F, 80 Trần Thái Tông, Dịch Vọng Hậu, Cầu Giấy",+84982414024,HA NOI,★★☆☆☆
"통신, IT, SW",CASTIS,"TASCO Tower (Vinaconex 9), Pham Hung Nam Tu Liem Ha Noi",+84378926107,HA NOI,★★★☆☆
"통신, IT, SW","CMC GLOBAL Ltd.,","8th 9th Floor, CMC Tower, 11 Duy Tan, Dich Vong Hau, Cau Giay, Hanoi",+842471096686,HA NOI,★★☆☆☆
"통신, IT, SW",Công ty TNHH DASAN Việt Nam,"8th and 9th floor, RICHY Building, Group 44, Yen Hoa, Cau Giay District, Hanoi City, Viet Nam",+842437689330,HA NOI,★★★☆☆
"전자, 전기 제조업","EMW VIETNAM CO.,LTD","Nha xuong E10-E11, lo CN-03, KCN Van Trung, Viet Yen, Bac Giang",+842043818288,BAC GIANG,★★★★☆
"전자, 전기 제조업","ASIA LCD SERVICE CO.,LTD","Xuong so 03, Lo A3, Khu cong nghiep Dinh Tram, thi tran Nenh, Viet Yen, Bac Giang",+842043858838,BAC GIANG,★★★☆☆
"전자, 전기 제조업",BELCAT VINA JSC,"Thon Phuc Thuong, Song Mai, Bac Giang",+84967002960,BAC GIANG,★★☆☆☆
"전자, 전기 제조업","BEST MANUFACTURING TECHNOLOGY CO.,LTD","Lot D8, Dinh Tram I.P, Viet Yen, Bac Giang",+842043661615,BAC GIANG,★★☆☆☆
"전자, 전기 제조업",BOSUNG TECH VINA,"Lo U (thue nha xuong cong ty TNHH Samkwang), KCN Quang Chau, Viet Yen, Bac Giang",+84972194467,BAC GIANG,★★☆☆☆
"전자, 전기 제조업","CONKAISER VINA CO.,LTD","Factory No.3, Do Kha company, Song Khe I.P, Bac Giang",+842439901061,BAC GIANG,★★★☆☆
"전자, 전기 제조업","DA YOUNG VINA CO.,LTD","Lo CN-16 KCN Van Trung, Van Trung, Viet Yen, Bac Giang",+84839167210,BAC GIANG,★★☆☆☆
"전자, 전기 제조업",DAE HWA VINA,"Yen Khe, Song Khe, Bac Giang",+842043528658,BAC GIANG,★★☆☆☆
"전자, 전기 제조업","DAEYANG BG CO.,LTD","Lo CN -17 (Thue nha xuong cua cong ty TNHH S CONNECT BG VINA), KCN Van Trung, Van Trung, Viet Yen, Bac Giang",+842046268068,BAC GIANG,★★★☆☆
"전자, 전기 제조업",DAWON ELECTRONIC VINA,"Lot FJ-08, Song Khe Industrial Park- Noi Hoang Southern, Tien Phong, Yen Dung, Bac Giang",+842043559788,BAC GIANG,★★☆☆☆
"전자, 전기 제조업",DAWON VINA,"Lot D6, Dinh Tram Iz, Viet Yen Dist, Bac Giang",+842043661908,BAC GIANG,★★★☆☆
"전자, 전기 제조업",DONGJIN VIETNAM,"Lot B9, B11, Dinh Tram I.P, Viet Yen, Bac Giang",+842043661435,BAC GIANG,★★★★☆
"전자, 전기 제조업","DOOWON TECH VINA CO., LTD","Provincial Road 398, Ham Xuyen, Song Khe, Bac Giang",+842403992925,BAC GIANG,★★★☆☆
"전자, 전기 제조업","E-PARKS CO.,LTD","Lot CN5, Hop Thinh IZ, Hiep Hoa, Bac Giang",+84913215335,BAC GIANG,★★☆☆☆
"전자, 전기 제조업","EG TECH VIETNAM CO.,LTD","Lo FJ-08 Khu cong nghiep Song Khe-Noi Hoang phia Nam, Tien Phong, Yen Dung, Bac Giang",+842043559788,BAC GIANG,★★☆☆☆
"전자, 전기 제조업",FINE ELECCOM VINA,"Lot 14-15-16 South Song Khe - Noi Hoang I.Z, Yen Dung , Bac Giang",+842043661631,BAC GIANG,★★☆☆☆
"전자, 전기 제조업",GU VINA,"Lot C1, Dinh Tram I.Z, Viet Yen, Bac Giang",+842043661975,BAC GIANG,★★★☆☆
"전자, 전기 제조업","GWANGSHIN VINA CO.,LTD","Lot VI, Dong Vang, KCN Dinh Tram, Nenh Town, Viet Yen, Bac Giang",+842043666689,BAC GIANG,★★☆☆☆
"전자, 전기 제조업",HA NAMICRON VINA,"CÔNG TY TNHH HANA MICRON VINA, Một phần Lô CNSG-02, KCN Vân Trung, Xã, Vân Trung, Việt Yên, Bắc Giang",+842043868002,BAC GIANG,★★☆☆☆
"전자, 전기 제조업","HA NOI SUNGHO ELECTRONICS CO., LTD","Part of lot CN7, Hop Thinh industrial cluster, Hop Thinh, Hiep Hoa, Bac Giang",+842043569996,BAC GIANG,★★★☆☆
"전자, 전기 제조업","ICH CUBE  VIET NAM CO.,LTD","Lot D13, D14 Dinh Tram Industrial Zone, Nenh Town, Viet Yen District, Bac Giang Province, Vietnam",+842403875368,BAC GIANG,★★☆☆☆
"전자, 전기 제조업","ILSUNG VINA CO.,LTD","Lo B7-B8, Dinh Tram I.Z, Hoang Ninh, Viet Yen, Bac Giang",,BAC GIANG,★★★☆☆
"전자, 전기 제조업","JEONGKWAN VINA CO.,LTD","Lot CN01, Van Trung I.Z, Viet Yen, Bac Giang",+842043662268,BAC GIANG,★★★★☆
"전자, 전기 제조업","JKTECH VINA CO.,LTD","TDP Phu My 2, Dinh Ke ward, Bac Giang city, Bac Giang province",+849616084510,BAC GIANG,★★★☆☆
"전자, 전기 제조업",JW AGENCY,"Tan My IZ, Tan My, Bac Giang",+842043599686,BAC GIANG,★★☆☆☆
"전자, 전기 제조업","KEOSAN VINA ELECTRONICS CO.,LTD","Lot D12-D13, Dinh Tram I.P, Hoang Ninh, Viet Yen, Bac Giang",+842043661547,BAC GIANG,★★☆☆☆
"전자, 전기 제조업","KJ TECH CO.,LTD","Cty TNHH KJTECH Lô 07 CNSG KCN VÂN TRUNG 2, VÂN TRUNG, VIỆT YÊN , BAC GIANG BRANCH: Cty TNHH KJTECH Lô 07 CNSG KCN VÂN TRUNG 2, VÂN TRUNG, VIỆT YÊN , BAC GIANG",+842047771500,BAC GIANG,★★☆☆☆
"전자, 전기 제조업",KYOCERA AVX Components (Bac Giang) Company Limited,"Lot CN-07, Van Trung IP, Van Trung Ward, Viet Yen Town, Bac Giang Province",+842043856996,BAC GIANG,★★★☆☆
"전자, 전기 제조업",LIAN TECH,"Workshop CN-05-06, lot Cn-05, Van Trung I.P, Viet Yen, Bac Giang",+842043661521,BAC GIANG,★★☆☆☆
"전자, 전기 제조업","MRP VINA CO.,LTD","Lot D1-D2 KCN Dinh Tram, Nenh Town, Viet Yen District, Bac Giang Province",+842043866498,BAC GIANG,★★☆☆☆
"전자, 전기 제조업","MYUNGBO VINA CO.,LTD","Lot B7, Song Khe I.Z, Noi Hoang, Bac Giang",+842043528195,BAC GIANG,★★★☆☆
"전자, 전기 제조업","NCC VINA CO.,LTD","Lot B1, Song Khe I.Z, Noi Hoang, Bac Giang",+842043528991,BAC GIANG,★★☆☆☆
"전자, 전기 제조업","NSM HV CO., LTD","Lot CN5, Hop Thinh I.C, Hop Thinh, Hiep Hoa, Bac Giang",+842042484000,BAC GIANG,★★★☆☆
"전자, 전기 제조업",NURITECH VN,"Lo 14 Cum cong nghiep Noi Hoang, Yen Dung, Bac Giang",+84240352098,BAC GIANG,★★★★☆
"전자, 전기 제조업",ROL VINA,"Lo so 17, Cum cong nghiep Noi Hoang (Thue lai xuong so 4.1 cua Cong ty TNHH Mao Hoi), Xa Noi Hoang, Huyen Yen Dung, Bac Giang",+842043900160,BAC GIANG,★★★☆☆
"전자, 전기 제조업",S-CONNECT BG VINA,"Van Trung Industrial Zone, Viet Yen District, Bac Giang City, Vietnam",+842043662656,BAC GIANG,★★☆☆☆
"전자, 전기 제조업","SANSHO JK-HA NOI CO.,LTD","Part of lot CN7, Hop Thinh industrial cluster, Hop Thinh, Hiep Hoa, Bac Giang",+842042200008,BAC GIANG,★★☆☆☆
"전자, 전기 제조업",SEAHENGINEERING VIET NAM COMPANY LIMITED,"Trai Nam village, Dong Tien, Yen The, Bac Giang",+842043818188,BAC GIANG,★★☆☆☆
"전자, 전기 제조업",SEIN BLUE TEC VIETNAM,"Lot B10-B12 (Viet An Company) Dinh Tram I.Z, Viet Yen, Bac Giang",+842043661545,BAC GIANG,★★★☆☆
"전자, 전기 제조업","SEJONG WISE VINA CO.,LTD","Lo no.CN-17, KCN Van Trung, Van Trung, Viet Yen, Bac Giang",+842043666698,BAC GIANG,★★☆☆☆
"전자, 전기 제조업",SEMITECH VINA,"Lot 15-17, Noi Hoang I.Z, Yen Dung, Bac Giang",+842043766259,BAC GIANG,★★☆☆☆
"전자, 전기 제조업",SHINA TECH VIETNAM,"Lot B9, B11, Dinh Tram I.P, Viet Yen, Bac Giang",+842043661597,BAC GIANG,★★★☆☆
"전자, 전기 제조업",SHINSUNG VINA,"Lo B1, KCN Song Khe-Noi Hoang, xa Song Khe, TP Bac Giang, tinh Bac Giang",+842043523041,BAC GIANG,★★☆☆☆
"전자, 전기 제조업",SI FLEX VIETNAM,"Lot A, Quang Chau I.Z, Viet Yen, Bac Giang",+842043848888,BAC GIANG,★★★☆☆
"전자, 전기 제조업","SME VIETNAM CO.,LTD","Lot B7-B8, KCN Dinh Tram, Nenh Town, Viet Yen District, Bac Giang Province",+842043661934,BAC GIANG,★★★★☆
"전자, 전기 제조업",TAEYANG ELECTRONIC VIETNAM,"B10, B12 Lot Dinh Tram I.Z, Viet Yen, Bac Giang",+842043661500,BAC GIANG,★★★☆☆
"전자, 전기 제조업",TS VINA,"Quang Chau I.Z, Viet Yen, Bac Giang",+842043992060,BAC GIANG,★★☆☆☆
"전자, 전기 제조업","U-TECH CO.,LTD","Lot CN16, Van Trung I.Z, Viet Yen, Bac Giang",+842043662582,BAC GIANG,★★☆☆☆
"전자, 전기 제조업",VIETNAM GEOSAN TECH,"Lot 17, Noi Hoang I.Z, Yen Dung, Bac Giang",+842043766399,BAC GIANG,★★☆☆☆
"전자, 전기 제조업",VIETNAM GISAN MOBILE,"B9, B11, Dinh Tram I.Z, Bac Giang",+842043661646,BAC GIANG,★★★☆☆
"전자, 전기 제조업",VINA MOON CHANG,"Lot A5, Xuong Giang II I.C, Xuong Giang, Bac Giang",+842043529200,BAC GIANG,★★☆☆☆
"전자, 전기 제조업","WORLDTOP VINA CO.,LTD","Lot CN5, Hop Thinh Industrial Cluster, Hop Thinh, Hiep Hoa, Bac Giang",+849046153403,BAC GIANG,★★☆☆☆
"전자, 전기 제조업",YESUNG ELECTRONICS,"Lot B6, Dinh Tram I.Z, Bac Giang",+842043661352,BAC GIANG,★★★☆☆
"전자, 전기 제조업",YOUNG WOO TECH,"Lo 21 cum cong nghiep Noi Hoang (thue mot phan nha xuong so 03 cua cong ty co phan XNK Bac Giang), Noi Hoang, Yen Dung, Bac Giang",+84916245100,BAC GIANG,★★☆☆☆
"전자, 전기 제조업","YOUNGJIN ELECTRICS CO.,LTD","Lot L8, Noi Hoang Industrial Complex, Noi Hoang, Yen Dung, Bac Giang",+84327318494,BAC GIANG,★★★☆☆
"전자, 전기 제조업","YOUNGJIN VINA CO., LTD","Lot CN07-01, Yen Phong (Extend) Industrial Zone, Yen Trung Commune, Yen Phong District, Bac Ninh BRANCH: Lot CN06-01, Van Trung Industrial Zone, Van Trung Commune, Viet Yen District, Bac Giang",+842223688123,BAC GIANG,★★★★☆
"전자, 전기 제조업",ALMUS TECH,"Lô G3, Khu công nghiệp Quế Võ (khu vực mở rộng), Phường Nam Sơn, Tỉnh Bắc Ninh, Việt Nam",+84329065189,BAC NINH,★★★☆☆
"전자, 전기 제조업","APOLLO TECH VINA CO.,LTD","Road YP 2-2, Yen Phong I.P, Dong Phong, Yen Phong, Bac Ninh",+842223884886,BAC NINH,★★☆☆☆
"전자, 전기 제조업","AQ PACIFIC CO.,LTD","H1-01, Que Vo I.Z, (expanded area), Nam Son, Bac Ninh",+842223952668,BAC NINH,★★☆☆☆
"전자, 전기 제조업",ATECH JSC,"Road TS9, Tien Son Industrial Zone, Tu Son City, Bac Ninh",+842223734946,BAC NINH,★★☆☆☆
"전자, 전기 제조업","BOEUN CO.,LTD","Lot F, Tan Hong-Hoan Son IZ, Hoan Son, Tien Du, Bac Ninh",+842223734224,BAC NINH,★★★☆☆
"전자, 전기 제조업",BOO YOUNG TOOL VINA,"Phong 605 So 39 Ly Thai To, Phuong Vo Cuong Thanh pho Bac Ninh",,BAC NINH,★★☆☆☆
"전자, 전기 제조업","BS TECH VINA CO.,LTD","Dong Tho I.p, Yen Phong, Bac Ninh",+842223883811,BAC NINH,★★☆☆☆
"전자, 전기 제조업","BU GWANG VINA CO.,LTD","No. 160 Nguyen Van Cu, Thi Tran Gia Binh, Gia Binh, Bac Ninh",+842226545588,BAC NINH,★★★☆☆
"전자, 전기 제조업",BUJEON VIETNAM ELECTRONICS,"Widen Que Vo I.Z, Bac Ninh",+842223617842,BAC NINH,★★☆☆☆
"전자, 전기 제조업","CHANGIL VINA CO.,LTD","Khac Niem I.C, Khac Niem, Bac Ninh, Bac Ninh",+84988625065,BAC NINH,★★★☆☆
"전자, 전기 제조업","CHUNGWOO VINA CO.,LTD","Lot G11, Que Vo Industrial Zone, Phuong Lieu Commune, Que Vo district, Bac Ninh Province",+842223903729,BAC NINH,★★★★☆
"전자, 전기 제조업",CNI VINA,"KCN Que Vo(khu vuc mo rong), X. Phuong Lieu, Que Vo, Bac Ninh",+8422239523,BAC NINH,★★★☆☆
"전자, 전기 제조업",Công ty TNHH Kyocera AVX Components (Bắc Ninh),"Lot K-05, Que Vo IZ (extended area), Nam Son Ward, Bac Ninh City, Bac Ninh Province",+842223621363,BAC NINH,★★☆☆☆
"전자, 전기 제조업",COVATEC VIETNAM,"Tien Son IZ, Tan Hong, Tu Son, Bac Ninh BRANCH: So 20 duong 5 moi, Nam Son, An Duong, Hai Phong",+842223734397,BAC NINH,★★☆☆☆
"전자, 전기 제조업",CRESYN HA NOI COMPANY LIMITED,"KCN Dong Tho, Dong Tho, Yen Phong, Bac Ninh",+842223883333,BAC NINH,★★☆☆☆
"전자, 전기 제조업",CRUCIAL TEC VINA,"KCN Yen Phong, Long Chau, yen Phong, Bac Ninh",+842223699989,BAC NINH,★★★☆☆
"전자, 전기 제조업",D-MAX HA NOI,"Dai Dong-Hoan Son I.P, Hoan Son, Tien Du, Bac Ninh",+842223848520,BAC NINH,★★☆☆☆
"전자, 전기 제조업","DAE MYUNG VIETNAM CO.,LTD","Yen Phong I.Z, Long Chau, Yen Phong, Bac Ninh",+842223699660,BAC NINH,★★☆☆☆
"전자, 전기 제조업","DAEIL TECH VINA CO.,LTD","Lot F4-1, Que Vo I.P, Nam Son, Bac Ninh",+842223621017,BAC NINH,★★★☆☆
"전자, 전기 제조업",DIC VINA,"Lot CN07-4,Yen Phong Extended Industrial Park,Yen Trung Commune, Bac Ninh Province, Vietnam",+842223714292,BAC NINH,★★☆☆☆
"전자, 전기 제조업",DOOSUNG TECH,"Lot J3, Que Vo IP, Nam Son, Bac Ninh BRANCH: Luong Son I.P, Km 36th, National Road 6, Hoa Son, Hoa Binh",+842223952382,BAC NINH,★★★☆☆
"전자, 전기 제조업","DREAMTECH VIETNAM CO.,LTD","o 100, Duong Huu Nghi, VSIP Bac Ninh, Thi xa Tu Son, Bac Ninh",+842223906206,BAC NINH,★★★★☆
"전자, 전기 제조업","EHWA TECH CO.,LTD","No.21, Road 9, VSIP Bac Ninh Integrated Township and Industrial Park, Dai Dong Commune, Tien Du District, Bac Ninh Province, Vietnam",,BAC NINH,★★★☆☆
"전자, 전기 제조업",ELENSYS VIETNAM VINA,"Road TS9,Tien Son I.Z, Tuong Giang, Tu Son, Bac Ninh",+842223748736,BAC NINH,★★☆☆☆
"전자, 전기 제조업","ELIMTECH VINA CO.,LTD","Khac Niem I.C, Khac Niem, Bac Ninh",+842223908170,BAC NINH,★★☆☆☆
"전자, 전기 제조업","EM-TECH VIETNAM Co.,Ltd","Yen Phong I.Z, Long Chau, Yen Phong, Bac Ninh",+842223699366,BAC NINH,★★☆☆☆
"전자, 전기 제조업","ETS VINA CO.,LTD","Que Vo I.Z (Expanded Area), Phuong Lieu, Que Vo, Bac Ninh",+842223903111,BAC NINH,★★★☆☆
"전자, 전기 제조업",EXAX VINA,"Xuong 4, KCN Hap Linh, Hap Linh, Bac Ninh",+842223699278,BAC NINH,★★☆☆☆
"전자, 전기 제조업","GEO NATION VIETNAM CO.,LTD","Lot CN07-7 Yen Phong IZ, Yen Phong, Bac Ninh",+842223699375,BAC NINH,★★☆☆☆
"전자, 전기 제조업","GEORIM TECH VINA CO.,LTD","Lo A1, Dai Dong-Hoan Son Industrial Park, Hoan Son Commune, Tien Du District, Bac Ninh",+842222221800,BAC NINH,★★★☆☆
"전자, 전기 제조업",GOC VINA,"Khac Niem IZ, Khac Niem Ward, Bac Ninh Province",+842226511888,BAC NINH,★★☆☆☆
"전자, 전기 제조업",GUNHO ELECTRONICS VIETNAM,"Lot C6 1-1. Que Vo, Nam Son, Bac Ninh",+842223818695,BAC NINH,★★★☆☆
"전자, 전기 제조업",H&S TECH.LTD,"Que vo Industrial,Van Duong Ward,Bac Ninh City,Bac Ninh Province",+842222220799,BAC NINH,★★★★☆
"전자, 전기 제조업","HAEIN VIETNAM CO.,LTD","No. 309 Minh Khai, Dong Nguyen, Tu Son, Bac Ninh",+842223734220,BAC NINH,★★★☆☆
"전자, 전기 제조업",HA NAM ELECTRICITY VINA,"Lot H2-02, Que Vo I.Z, Phuong Mao, Que Vo, Bac Ninh",+842223617885,BAC NINH,★★☆☆☆
"전자, 전기 제조업",HANJUTECH VINA,"Khu công nghiệp Quế Võ ( Khu vực mở rộng ) , Xã Phương Liễu , Huyện Quế Võ , Tỉnh Bắc Ninh , Việt Nam",+842223952956,BAC NINH,★★☆☆☆
"전자, 전기 제조업",Hanoi seowonintech,"Yen Phong I.Z, Yen Phong, Bac Ninh",+842223692125,BAC NINH,★★☆☆☆
"전자, 전기 제조업","HANWHA VISION VIETNAM Co., Ltd","Lot O-2, Que Vo Industrial Zone extended area. Nam Son commune, Bac Ninh city, Bac Ninh province, Vietnam",+842222220860,BAC NINH,★★★☆☆
"전자, 전기 제조업",HEYUM VINA,"Lot Ⅵ 2, KCC Thuan Thanh 3, Thuan Thanh, Bac Ninh",+842223798518,BAC NINH,★★☆☆☆
"전자, 전기 제조업",HK CHEM,"Xuan Lam I.Z, Xuan Lam, Thuan Thanh, Bac Ninh",+84762079191,BAC NINH,★★☆☆☆
"전자, 전기 제조업","HM ALTECH VINA CO.,LTD","Lot G2, Que Vo I.Z (expanded area), Nam Son, Bac Ninh",+842226507979,BAC NINH,★★★☆☆
"전자, 전기 제조업","HP TECH VINA CO.,LTD","S0 33 Ly Thai To, Bac Ninh",+84398595833,BAC NINH,★★☆☆☆
"전자, 전기 제조업",HYOSUNG TNS,"Lô CN08-1 KCN Yên Phong 2C, Xã Trung Nghĩa, Xã Tam Giang, Thị Trấn Chờ, Huyện Yên Phong, Tỉnh Bắc Ninh.",+84365153688,BAC NINH,★★★☆☆
"전자, 전기 제조업","HYUN JUNG VINA CO.,LTD","Hap Linh I.P, Hap Linh, Bac Ninh",+842223737821,BAC NINH,★★★★☆
"전자, 전기 제조업",IAN PRECISION VINA,"Lo B2,KCN Dai Dong-Hoan son, Hoan Son, Tien Du, Bac Ninh",+842223848484,BAC NINH,★★★☆☆
"전자, 전기 제조업",ID TECH VINA,"Lim Town, Tien Du District, Bac Ninh",+842223833388,BAC NINH,★★☆☆☆
"전자, 전기 제조업",ILKWANG VINA,"TS3, Tien Son I.Z, Tan Hong, Tu Son, Bac Ninh",+842223734110,BAC NINH,★★☆☆☆
"전자, 전기 제조업",INNOCOM VINA COMPANY LIMITED,"KCN Hap Linh, Khac Niem, Bac Ninh",+842223908384,BAC NINH,★★☆☆☆
"전자, 전기 제조업","IS TECH CO.,LTD","Que Vo Industrial Zone, Nam Son, Bac Ninh",+842223621511,BAC NINH,★★★☆☆
"전자, 전기 제조업","ITM SEMICONDUCTOR VN CO.,LTD","Số 06, đường 11, VSIP Bắc Ninh, Phường Phù Chẩn, Thành Phố Từ Sơn, Tỉnh Bắc Ninh, Việt Nam",+842462822960,BAC NINH,★★☆☆☆
"전자, 전기 제조업","JAEYOUNG VINA CO.,LTD","Lot C2-1, Que Vo I.Z, (Expansion Area), Phuong Lieu, Que Vo, Bac Ninh",+842222220101,BAC NINH,★★☆☆☆
"전자, 전기 제조업",JANGWONTECH VINA,"Lot G1, Que Vo Extension I.Z, Phuong Lieu, Que Vo, Bac Ninh",+842223617990,BAC NINH,★★★☆☆
"전자, 전기 제조업","JD CUBE CO.,LTD","(Rent factory: Co Khi Kinh Bac company) Que Vo Industrial, Nam Son, Bac Ninh",+842223621513,BAC NINH,★★☆☆☆
"전자, 전기 제조업",JG VIETNAM,"Duong D2-1 KCN Dai Dong- Hoan Son, Hoan Son, Tien Du, Bac Ninh",+842223846089,BAC NINH,★★★☆☆
"전자, 전기 제조업",JHCOS VINA,"Hap Linh Industrial Area, Khac Niem, Bac Ninh",+842223720230,BAC NINH,★★★★☆
"전자, 전기 제조업",JMT VN,"Lot VI-4.1, Road D3, Que Vo 2 I.Z, Ngoc Xa, Que Vo, Bac Ninh",+842223623836,BAC NINH,★★★☆☆
"전자, 전기 제조업",JOSUNG VINA,"Số 33, đường 11, KCN, Đô thị và dịch vụ VSIP Bắc Ninh, Xã Đại Đồng, Huyện Tiên Du, Bắc Ninh",+842223906218,BAC NINH,★★☆☆☆
"전자, 전기 제조업",JSK VINA,"NX04, Que Vo IP (Expanded area) (Factory rent of my a JSC) Phuong Lieu, Que Vo, Bac Ninh",+842223621858,BAC NINH,★★☆☆☆
"전자, 전기 제조업","JUN TECH VINA CO.,LTD","Lot 4, Tan Hong, Hoan Son I.Z, Tan Hong, Tu Son, Bac Ninh",+842223906225,BAC NINH,★★☆☆☆
"전자, 전기 제조업",Jungho Vietnam,"Jungho Vietnam, Road N2-4, Dai Dong Hoan Son Industrial Zone, Hoan Son Commune, Tien Du District, Bac Ninh Province",+84358942883,BAC NINH,★★★☆☆
"전자, 전기 제조업","JWORLD VINA CO.,LTD","Que Vo I.Z, Phuong Lieu, Que Vo, Bac Ninh",+842223952313,BAC NINH,★★☆☆☆
"전자, 전기 제조업","JY TECH CO.,LTD","Lot DH-1, Road N3, Que Vo 2 I.Z, Ngoc Xa, Que Vo, Bac Ninh",+842223953038,BAC NINH,★★☆☆☆
"전자, 전기 제조업","K-TECH VINA CO.,LTD","Lot G5, Dai Dong, Hoan Son IZ, Tien Du, Bac Ninh",,BAC NINH,★★★☆☆
"전자, 전기 제조업",K-WON VINA,"Que Vo I.P, Phuong Lieu, Que Vo, Bac Ninh",+842223952004,BAC NINH,★★☆☆☆
"전자, 전기 제조업","KJ TEC Co.,Ltd","Factory No. 9, Khac Niem I.C, Khac Niem, Bac Ninh",+842226506680,BAC NINH,★★★☆☆
"전자, 전기 제조업",KMG VINA,"KCN Quế Võ (Khu vực mở rộng), Xã Phương Liễu, Huyện Quế Võ, Tỉnh Bắc Ninh, Việt Nam",+842223952277,BAC NINH,★★★★☆
"전자, 전기 제조업","KNK VINA CO.,LTD","Que Vo I.Z, Que Vo, Bac Ninh",+842223952877,BAC NINH,★★★☆☆
"전자, 전기 제조업","KOVI FA VINA CO.,LTD","No.20LK, Hudland Urban, Ngoc Han Cong Chua, Vo Cuong, Bac Ninh",+842223893629,BAC NINH,★★☆☆☆
"전자, 전기 제조업","KST VINA CO.,LTD","Yen Phong I.Z, Long Chau, Yen Phong, Bac Ninh",+842223699983,BAC NINH,★★☆☆☆
"전자, 전기 제조업","KTC ELECTRONICS VIETNAM CO.,LTD","Lot 1, Que Vo I.Z, Que Vo, Bac Ninh",+842223952095,BAC NINH,★★☆☆☆
"전자, 전기 제조업",KWAN EUM TECH VINA,"No.8, Khac Niem Iz, Khac Niem, Bac Ninh",+842223908838,BAC NINH,★★★☆☆
"전자, 전기 제조업","LS EV CO.,LTD","No. 5, Road 11, Industrial, VSIP Bac Ninh. Phu Chan, Tu Son, Bac Ninh",+842223765630,BAC NINH,★★☆☆☆
"전자, 전기 제조업","M AND K VINA CO.,LTD","Khac Niem I.Z, Que Vo, Bac Ninh",+842226515132,BAC NINH,★★☆☆☆
"전자, 전기 제조업","M&C ELECTRONICS VINA CO.,LTD","Lot J1, Que Vo I.Z (Expand Area), Phuong Lieu, Que Vo, Bac Ninh",+842223952000,BAC NINH,★★★☆☆
"전자, 전기 제조업","MASSLAM VINA CO.,LTD","Yen Phong I.Z, Long Chau, Yen Phong, Bac Ninh",+842223699692,BAC NINH,★★☆☆☆
"전자, 전기 제조업",Mega Technology & Solution Vietnam,"Lô CN8-1, Khu Công nghiệp Yên Phong II-C, xã Tam Giang, Thị Trấn Chờ, Huyện Yên Phong, Tỉnh Bắc Ninh, Việt Nam BRANCH: Lô 065B, khu công nghiệp VSIP, Phường Phù Chẩn, Thành Phố Từ Sơn, Tỉnh Bắc Ninh, Việt Nam",+842223656669,BAC NINH,★★★☆☆
"전자, 전기 제조업","MIRAE EIC VIETNAM CO.,LTD","Lot K-06, Que Vo Entension I.Z, Nam Son, Bac Ninh",+842226251108,BAC NINH,★★★★☆
"전자, 전기 제조업","MOBASE VIETNAM CO.,LTD","Yen Phong I.Z, Long Chau, Yen Phong, Bac Ninh",+842223699171,BAC NINH,★★★☆☆
"전자, 전기 제조업","NANO TECH CO,.LTD","Que Vo IP, Van Duong, Bac Ninh",+842223634730,BAC NINH,★★☆☆☆
"전자, 전기 제조업","NANOSYS VINA CO.,LTD","Que Vo I.Z (expanded area), Phuong Lieu, Que Vo, Bac Ninh",+842223952280,BAC NINH,★★☆☆☆
"전자, 전기 제조업",Nexcon Vina,"Dong Tho Industrial Complex, Dong Tho Ward, Yen Phong District, Bac Ninh Province",+842223891691,BAC NINH,★★☆☆☆
"전자, 전기 제조업","NEXTEC VINA CO.,LTD","Lot 06, Khac Niem I.Z, Khac Niem, Bac Ninh",,BAC NINH,★★★☆☆
"전자, 전기 제조업",NFT FLEX KOVI COMPANY LIMITED,"KCN Yen Phong, Long Chau, Yen Phong, Bac Ninh",+84356591428,BAC NINH,★★☆☆☆
"전자, 전기 제조업",NIFLEX VINA,"KCN Quế Võ(KV mở rộng), Xã Phương Liễu, Huyện Quế Võ, Tỉnh Bắc Ninh",+842223952421,BAC NINH,★★☆☆☆
"전자, 전기 제조업","NSTA VINA CO.,LTD","Que Vo Extension I.Z, Phuong Lieu, Que Vo, Bac Ninh",+842223952440,BAC NINH,★★★☆☆
"전자, 전기 제조업","POCONS VINA CO.,LTD","Dong Tho I.P, Dong Tho, Bac Ninh",+842223883832,BAC NINH,★★☆☆☆
"전자, 전기 제조업",REMOTECH,"Lo LK2- NLK5, khu do thi moi Nam Vo Cuong, Ly Anh Tong, Vo Cuong, Bac Ninh",+842223828808,BAC NINH,★★★☆☆
"전자, 전기 제조업",RHEAS VINA COMPANY LIMITED,"Lot 1, KCN Hap Linh, Hap Linh, Bac Ninh",+842223969980,BAC NINH,★★★★☆
"전자, 전기 제조업",SAMIN VINA,"Lot C7-1, Que Vo I.Z, Nam Son, Bac Ninh",+842223621996,BAC NINH,★★★☆☆
"전자, 전기 제조업",SAMSUNG DISPLAY VIETNAM,"Yen Phong I.P, Yen Trung, Yen Phong, Bac Ninh",+842223905021,BAC NINH,★★☆☆☆
"전자, 전기 제조업",SAMSUNG ELECTRONICS VIETNAM,"Khu Cong Nghiep Yen Phong Yen Phong 1, Yen Trung, Yen Phong, Bac Ninh",+842223696000,BAC NINH,★★☆☆☆
"전자, 전기 제조업","SAMWOO EMS VINA CO.,LTD","Yen Phong I.Z, Long Chau, Yen Phong, Bac Ninh",+842223699988,BAC NINH,★★☆☆☆
"전자, 전기 제조업",SEAH VINA,"Lot O-1, Que Vo I.Z, (Extension Area), Nam Son, Bac Ninh",+842223952128,BAC NINH,★★★☆☆
"전자, 전기 제조업",SEGYUNG VINA,"Lo H1 KCN Que Vo, Phuong Lieu, Que vo, Bac Ninh",+842223952295,BAC NINH,★★☆☆☆
"전자, 전기 제조업",SENA TECH,"Lot H3-1C, Que Vo I.Z, Van Duong, Bac Ninh",+842223952128,BAC NINH,★★☆☆☆
"전자, 전기 제조업",SEWON VINA,"#8, Lot A1, Dai Dong Hoan Son, Tien Du, Bac Ninh",+842223848031,BAC NINH,★★★☆☆
"전자, 전기 제조업","SHINHO VINA CO.,LTD","NX02, Lot CN1B-1, Que VoⅢ, I.Z, Viet Hung, Que Vo, Bac Ninh",+84906271751,BAC NINH,★★☆☆☆
"전자, 전기 제조업",SHINYANG TECH VINA,"Bac Ninh성, Que Vo군,Phuong Lieu면, Que Vo공단",+842223952512,BAC NINH,★★★☆☆
"전자, 전기 제조업",SIN OH TECH,"TS.7 Tien Son I.P, Tuong Giang, Tu Son, Bac Ninh",+842223734536,BAC NINH,★★★★☆
"전자, 전기 제조업","SISEONG GLOBAL VINA CO.,LTD","Duong Loi, Tan Hong, Tu Son, Bac Ninh",+849689747640,BAC NINH,★★★☆☆
"전자, 전기 제조업","SJT VINA CO.,LTD","Yen Phong I.Z, Yen Phong, Bac Ninh",+842223699690,BAC NINH,★★☆☆☆
"전자, 전기 제조업","SMART VINA CO., LTD","Lot V2, Thuan Thanh 3 Ind. Park, Thanh Khuong Commune, Thuan Thanh, Bac Ninh.",,BAC NINH,★★☆☆☆
"전자, 전기 제조업","SN HITEC VINA CO.,LTD","Lot G1-2-2, Dai Dong, Hoan Son I.Z, Tri Phuong, Tien Du, Bac Ninh",+842223848355,BAC NINH,★★☆☆☆
"전자, 전기 제조업",SR HA NOI DAEDONG,"Lot H-04, QueVo Industry Zone(area extend),Phuong Lieu Commune, Que Vo District, Bac Ninh Province, Viet Nam",,BAC NINH,★★★☆☆
"전자, 전기 제조업",STN VINA COMPANY LIMITED,"Km 12 Highway 18, Viet Hung, Que Vo, Bac Ninh",+842223903091,BAC NINH,★★☆☆☆
"전자, 전기 제조업","SUECO VINA CO.,LTD","P805 can 13, Khu Thuong Mai Cat Tuong, Le Thai To, Vo Cuong, Bac Ninh",+84976733995,BAC NINH,★★☆☆☆
"전자, 전기 제조업","Sumika Electronic Materials Vietnam Co.,LTD","RBF-B, No.108 Huu Nghi Road, Vsip Bac Ninh, Phu Chan Commune, Tu Son Township, Bac Ninh Province, Vietnam",+842223612235,BAC NINH,★★★☆☆
"전자, 전기 제조업",SUMMIT SYSTEM VIETNAM COMPANY LIMITED,"YP2-2 Street, KCN Yen Phong, Dong Phong, Yen Phong, Bac Ninh",+842223952378,BAC NINH,★★☆☆☆
"전자, 전기 제조업",SUN TECHNOLOGY VINA COMPANY LIMITED,"Factory No. 7, Khac Niem Industrial Complex, Khac Niem , Bac Ninh",+842223906677,BAC NINH,★★★☆☆
"전자, 전기 제조업",Synopex Viet Nam JSC,"Dong Tho industrial complex, Dong Tho commune, Yen Phong district , Bac Ninh province",+842223883990,BAC NINH,★★★★☆
"전자, 전기 제조업","T&D TECH VINA CO., LTD","LOT O-1, Que Vo Industrial Park (expanded area), Phuong Mao Commune, Que Vo District, Bac Ninh Province, Viet Nam",+84919250996,BAC NINH,★★★☆☆
"전자, 전기 제조업",TAD TECH VINA,"Kiot 10-4B International Trade Center, Lim, Tien Du, Bac Ninh",+84963094056,BAC NINH,★★☆☆☆
"전자, 전기 제조업",TAE KWANG TECH VINA COMPANY LIMITED,"KCN Tam Son, Tu Son, Bac Ninh",+84387427571,BAC NINH,★★☆☆☆
"전자, 전기 제조업",TAEJUNGTEK VINA,"No 24-LK9, Vo Cuong 3, Vo Cuong, Bac Ninh",+848229137030,BAC NINH,★★☆☆☆
"전자, 전기 제조업",TAESAN VIETNAM,"Lot C6-1-1, Que Vo I.Z, Nam Son, Bac Ninh",+842223621000,BAC NINH,★★★☆☆
"전자, 전기 제조업","TERATECH VIETNAM CO.,LTD","Que Vo I.Z, Phuong Lieu, Que Vo, Bac Ninh",+842223952047,BAC NINH,★★☆☆☆
"전자, 전기 제조업",TERATRON COMPANY LIMITED.,"KCN Khac Niem, Khac Niem, Bac Ninh, Bac Ninh",+84983198998,BAC NINH,★★☆☆☆
"전자, 전기 제조업","THAO NGOC HA NOI CO.,LTD","New Street, Tuong Giang, Tu Son, Bac Ninh",+84912329518,BAC NINH,★★★☆☆
"전자, 전기 제조업","THE PRIME CO.,LTD","Khac Niem I.Z, Khac Niem, Bac Ninh",+842223908376,BAC NINH,★★☆☆☆
"전자, 전기 제조업",TIC CORPORATION VINA COMPANY LIMITED,"KCN Khac Niem, Ba Huyen, Khac Niem, Bac ninh",+84906073235,BAC NINH,★★★☆☆
"전자, 전기 제조업","TRUWIN VINA CO.,LTD","Ba Huyen, National Road 38, Khac Niem, Bac Ninh",+842226511272,BAC NINH,★★★★☆
"전자, 전기 제조업","TUSEUNG TECH ELECTRONICS CO.,LTD","P501, toa thuong mai chung cu Cat Tuong, Ly Thai To, Bac Ninh",+84373888188,BAC NINH,★★★☆☆
"전자, 전기 제조업","TWIM A&T VINA CO.,LTD","So nha 30, khu K15, Kinh Bac, Bac Ninh",+84377224247,BAC NINH,★★☆☆☆
"전자, 전기 제조업","UIL VIETNAM CO.,LTD","Lot F1, Que Vo Expand I.Z, Phuong Lieu, Que Vo, Bac Ninh",+842223738000,BAC NINH,★★☆☆☆
"전자, 전기 제조업","UVFLEX CO., LTD","Khu kiền kề, KCN Quế Võ, xã Phương Liễu, Quế Võ, Bắc Ninh",+842226518878,BAC NINH,★★☆☆☆
"전자, 전기 제조업","VALUEPLUS VINA CO.,LTD","No. 06, 3A Street, VSIP Bac Ninh I.P, Phu Dien, Tu Son, Bac Ninh",+842223836518,BAC NINH,★★★☆☆
"전자, 전기 제조업",VDS VIETNAM,"Que Vo I.P, Van Duong, Bac Ninh",+842223634909,BAC NINH,★★☆☆☆
"전자, 전기 제조업","VIETNAM BUWON CO.,LTD","Lot no 3-7.2 Thuan Thanh III I.P, Thanh Khuong, Thuan Thanh, Bac Ninh",+842223903516,BAC NINH,★★☆☆☆
"전자, 전기 제조업","VINATECH VINA CO., LTD.","Ha Lieu Village, Phuong Lieu Commune, Que Vo District, Bac Ninh Province, VietNam",+842222221103,BAC NINH,★★★☆☆
"전자, 전기 제조업",Vision Semicon Vietnam,"Nhà xưởng B1E, Số 05, đường 21A, KCN, đô thị và dịch vụ Vsip Bắc Ninh, xã Đại Đồng, Huyện Tiên Du, Tỉnh Bắc Ninh, Việt Nam.",+84346845739,BAC NINH,★★☆☆☆
"전자, 전기 제조업",VP GLOBAL,"Thue Cong ty CP truong Phat Kinh Bac, Cum CN Hap Linh, Bac Ninh",,BAC NINH,★★★☆☆
"전자, 전기 제조업",WILL TECH VIETNAM,"Lot KT1-A2, Que Vo Extension I.Z, Phuong Lieu, Que Vo, Bac Ninh",+842223952465,BAC NINH,★★★★☆
"전자, 전기 제조업","WITH VIETNAM CO.,LTD","Dai Dong, Hoan Son I.P, Dong Xep, Hoan Son, Tien Du, Bac Ninh",+842223847989,BAC NINH,★★★☆☆
"전자, 전기 제조업",WONIL ELECTRONICS,"Lot G14, G1C, Que Vo I.Z, Phuong Lieu, Que Vo, Bac Ninh",+842226251899,BAC NINH,★★☆☆☆
"전자, 전기 제조업",woojeon,"Lot F2 – Que Vo Industrial, Phuong Lieu Commune, Que Vo District, Bac Ninh Province, Viet Nam",+84339501400,BAC NINH,★★☆☆☆
"전자, 전기 제조업","WOOJINWTP VIETNAM CO.,LTD","Lot K-05-2, Que Vo I.Z, Nam Son, Bac Ninh",+842223952528,BAC NINH,★★☆☆☆
"전자, 전기 제조업","WOOKYUNG VINA CO., LTD","KCN Khac Niem, Khac Niem, Bac Ninh",+84961349586,BAC NINH,★★★☆☆
"전자, 전기 제조업",WOORI TECH VINA,"Road N2-4, Dai Dong Hoan Son I.Z, Hoan Son, Tien Du, Bac Ninh",+842223848128,BAC NINH,★★☆☆☆
"전자, 전기 제조업",Y&K TECH,"Que Vo Extension I.Z, Phuong Lieu, Que Vo, Bac Ninh",+84917776518,BAC NINH,★★☆☆☆
"전자, 전기 제조업","YB TECH VINA CO.,LTD","Lot KT1-C, Que Vo I.P, Nam Son, Bac Ninh",+84372263287,BAC NINH,★★★☆☆
"전자, 전기 제조업","YENANVINA CO.,LTD","Thuan Thanh 3 I.Z, Thuan Thanh, Bac Ninh",+842223798727,BAC NINH,★★☆☆☆
"전자, 전기 제조업",YG TECH VINA,"Lot C61-1, Dai Dong, Hoan Son I.Z, Tien Du, Bac Ninh",+842223848557,BAC NINH,★★★☆☆
"전자, 전기 제조업",YOUNG HAE VINA,"Ts27, Kcn Tien Son, Bac Ninh",+842223734581,BAC NINH,★★★★☆
"전자, 전기 제조업",YOUNG WOO HI-TECH,"Lot KT1-B, KCN Que Vo I.Z, Nam Son, Bac Ninh",+842226258688,BAC NINH,★★★☆☆
"전자, 전기 제조업",YOUNGJIN HI-TECH VINA,"No.33, Street 10, Vsip Bac Ninh, Dai Dong, Tien Du, Bac Ninh",+842223734806,BAC NINH,★★☆☆☆
"전자, 전기 제조업","YUJIN ENC VINA CO.,LTD","Lot H1-01-5, Que Vo I.Z - expanded area (hire workshop from Kinh Bac Company), Nam Son, Bac Ninh",+842223952533,BAC NINH,★★☆☆☆
"전자, 전기 제조업",BUMHAN CABLE & SYSTEM,"Lot E2, Road No. 3 and No. 7, Hoa Khanh I.Z, Da Nang",+842363787993,DA NANG,★★☆☆☆
"전자, 전기 제조업","A&G CERAMICS COMPANY LIMITED (A&G CO., LTD)","KCN Dong Van II, Bach Thuong, Duy Tien, Ha Nam",+84399006161,HA NAM,★★★☆☆
"전자, 전기 제조업",BEST BK(BBK),"D3 road, Lot D, Hoa Mac I.Z, Chau Giang, Duy Tien, Ha Nam",+842263552565,HA NAM,★★☆☆☆
"전자, 전기 제조업","BMP TRADING CO., LTD","KCN Dong Van I, Dong Van, Duy Tien, Ha Nam",+84819738245,HA NAM,★★☆☆☆
"전자, 전기 제조업",Daeyu Vina,"Le Chan Road, Thi Son Commune, Kim Bang District,400000 Ha Nam Province, Viet Nam.",+842263533266,HA NAM,★★★☆☆
"전자, 전기 제조업","GLOBAL AL TEC VINA CO., LTD","KCN Dong Van I, Bach Thuong , Duy Tien, Ha Nam",+842263582488,HA NAM,★★☆☆☆
"전자, 전기 제조업","GMS VINA CO.,LTD","Chau Son I.Z, Le Hong Phong, Phu Ly, Ha Nam",+842263828699,HA NAM,★★★☆☆
"전자, 전기 제조업","HYUNDAI TNR CO., LTD","Lot CN 08, KCN Dong Van IV, Nhat Tan, Nhat Tuu, Dai Cuong, Kim Bang, Ha Nam",+84383387203,HA NAM,★★★★☆
"전자, 전기 제조업",ILLJIN COM VINA,"Lot F1, Road N4&N6, Chau Son I.P, Chau Son, Phu Ly, Ha Nam",+849619171590,HA NAM,★★★☆☆
"전자, 전기 제조업",JASUNG VINA,"KCN Dong Van I, Bach Thuong Ward,Duy Tien Town,Ha Nam Province",+842263583225,HA NAM,★★☆☆☆
"전자, 전기 제조업",JT SENSOR,"Dong Van 4 I.P, Dai Cuong, Kim Bang, Ha Nam",+842263523020,HA NAM,★★☆☆☆
"전자, 전기 제조업","KANGYIN ELECTRONIC TECHNOLOGY CO.,LTD","Lot D, D1 Str, Chau Son IZ, Phu Ly, Ha Nam",+842266252198,HA NAM,★★☆☆☆
"전자, 전기 제조업","MPD VINA CO., LTD","KCN Dong Van II, Bach Thuong, Duy Tien, Ha Nam",+84987100765,HA NAM,★★★☆☆
"전자, 전기 제조업","MYUNGSUNG HA NOI CO., LTD","Lot CN-04, KCN Dong Van IV, Dai Cuong, Kim Bang, Ha Nam",+842263967013,HA NAM,★★☆☆☆
"전자, 전기 제조업","NATIONAL STATE INDUSTRIES VINA.,LTD","Phu Lao Village, Kim Binh Commune, Phu Ly City, Ha Nam",+84343591662,HA NAM,★★☆☆☆
"전자, 전기 제조업",NPI VIETNAM,"Hoa Mac I.Z, Hoa Mac, Ha Nam",+842263555007,HA NAM,★★★☆☆
"전자, 전기 제조업",PARK ELECTRONICS VINA,"KCN Dong Van IV, Dai Cuong, Kim Bang, Ha Nam",+842263523006,HA NAM,★★☆☆☆
"전자, 전기 제조업",SAMKYOUNG VINA,"Tuyen 3, Dong VanⅡ I.Z, Bach Thuong, Duy Tien, Ha Nam",+842263585679,HA NAM,★★★☆☆
"전자, 전기 제조업",SAMSIN VINA,"Chau Son I.Z, Chau Son, Phu Ly, Ha Nam",+842263518169,HA NAM,★★★★☆
"전자, 전기 제조업",SEOSIN ELECTRONICS VINA,"Chau Son I.Z, Le Hong Phong, Phu Ly, Ha Nam",+842263660666,HA NAM,★★★☆☆
"전자, 전기 제조업","SG TECH VIETNAM CO.,LTD","Lot P, KCN Dong Van II, Duy Minh, Duy Tien, Ha Nam",+84976805628,HA NAM,★★☆☆☆
"전자, 전기 제조업","SUNLIN ELECTRONICS CO., LTD","Plot D4, Chau Son I.Z, Chau Son, Phu Ly, Ha Nam",+842263883029,HA NAM,★★☆☆☆
"전자, 전기 제조업",TDI ELECTRONICS VIETNAM,"Dong van III Supporting I.Z, Hoang Dong, Duy Tien, Ha Nam",+842263582135,HA NAM,★★☆☆☆
"전자, 전기 제조업","UNI CORETECH VINA CO., LTD","Lot CN-08, KCN Dong Van IV, Nhat Tuu, Kim Bang, Ha Nam",+842263966536,HA NAM,★★★☆☆
"전자, 전기 제조업",VIETNAM UCT COMPANY LIMITED (UCT VIETNAM),"Road D3, KCN Hoa Mac, Trac Van, Duy Tien, Ha Nam",+84388883835,HA NAM,★★☆☆☆
"전자, 전기 제조업","YURA TECH VIETNAM CO., LTD","Factory No. 5, Lot D10, D6 and N4 Streets, KCN Chau Son, Chau Son, Phu Ly, Ha Nam",+842262219998,HA NAM,★★☆☆☆
"전자, 전기 제조업",ZDL (VIET NAM) COMPANY LIMITED,"KCN Dong Van IV, Dai Cuong, Kim Bang, Ha Nam",+842263966420,HA NAM,★★★☆☆
"전자, 전기 제조업","ANAM ELECTRONICS VIETNAM CO.,LTD","Add 1: Dong Van II Industrial zone, Duy Tien district, Ha Nam Add 2: 15th Fl., Intracom 2 Phuc Dien, Bac Tu Liem, Hanoi",+842263582255,HA NAM ,★★☆☆☆
"전자, 전기 제조업",Autonics VNM,"Lot CN-03, KCN Dong Van IV, Dai Cuong, Kim Bang,Ha Nam",+842263966516,HA NAM ,★★★☆☆
"전자, 전기 제조업",CU-TECH VIETNAM,"D3 Road, Section G, Hoa Mac Induistrial Parks, Duy Tien district, Ha Nam, Vietnam",+842263550100,HA NAM ,★★★★☆
"전자, 전기 제조업","Dong Shin Coil Co.,Ltd.","Hoang Ly 3, Hoang Dong, Duy Tien, Ha Nam",+842263580586,HA NAM ,★★★☆☆
"전자, 전기 제조업",ESSA,"Lot N2-1, Dong Van II IZ, Duy Minh Ward, Duy Tien Town, Ha Nam",+84868589224,HA NAM ,★★☆☆☆
"전자, 전기 제조업",FINETEK VIETNAM,"Lot No. A1-3 Road N2, A area, Hoa Mac Industrial Zone, Duy Tien district, Ha Nam",+842263555595,HA NAM ,★★☆☆☆
"전자, 전기 제조업",HANKOOK AL TEC VINA,"Dong Van 1 IZ, Dong Van, Duy Tien, Ha Nam",+843513555885,HA NAM ,★★☆☆☆
"전자, 전기 제조업",ILJIN DISPLAY,"Lot A1-3, Road N2, Zone A, KCN Hoa Mac , Hoa Mac, Duy Tien, Ha Nam",+842263966055,HA NAM ,★★★☆☆
"전자, 전기 제조업",JAEHYUN VINA,"K1 Lot, Dong Van II Industrial Zone, Dong Van, Duy Tien, Ha Nam",+842263583305,HA NAM ,★★☆☆☆
"전자, 전기 제조업","KMW Viet Nam Co., Ltd.","Lot C, Dong Van I Industrial Zone, Yen Bac, Duy Tien, Ha Nam",+842263585590,HA NAM ,★★☆☆☆
"전자, 전기 제조업",PARTNER ENG VINA,"Dong Van 4 IP, Dai Cuong, Kim Bang, Ha Nam",+842262460969,HA NAM ,★★★☆☆
"전자, 전기 제조업",S-MAC HT,"Dong Van Indusrial Zone 1, Bach Thuong Ward, Duy Tien Town, Ha Nam",+842263966822,HA NAM ,★★☆☆☆
"전자, 전기 제조업","SET VINA Co., Ltd.","Slot C5, D1 Street, Chau Son Industrial Park, Chau son ward, Phu Iy City Ha Nam Province, Viet Nam",+842263858595,HA NAM ,★★★☆☆
"전자, 전기 제조업",Soosan enesol vina,"Lot CN-01, KCN Dong Van IV, Dai Cuong, Kim Bang, Ha Nam",+842263532868,HA NAM ,★★★★☆
"전자, 전기 제조업",TZ HITEC,"Lot CN-11, D6 and N5 streets, KCN Chau Son, Chau Son, Phu Ly, Ha Nam",+84812343538,HA NAM ,★★★☆☆
"전자, 전기 제조업",YU WON NRT,"KCN Dong Van I, Dong Van, Duy Tien, Ha Nam",+84984466924,HA NAM ,★★☆☆☆
"전자, 전기 제조업","kyeong Jin Harness Vina Co.,LTD","동반 1공단(Đ. Lý Nam Đế, Bạch Thượng, Duy Tiên, Hà Nam, 베트남)",+842263966595,HA NAM,★★☆☆☆
"전자, 전기 제조업",YOUNG BK,Dong Van Industrial Zone I - Duy Tien District - Hanam,+842263583881,HA NAM,★★☆☆☆
"전자, 전기 제조업",ALPS ALPINE Vietnam,"4th floor, office building, 165 P. Thái Hà, Láng Hạ, Đống Đa, Hà Nội, Vietnam",+842432171486,HA NOI,★★★☆☆
"전자, 전기 제조업","ASTRONET CO.,LTD","Alley 47, lane 108, Tran Phu, Mo Lao, Ha Dong, Hanoi",+842435406295,HA NOI,★★☆☆☆
"전자, 전기 제조업",CONG TY TNHH ELENTEC VIET NAM,"Lot 44F-44J Quang Minh Industrial Zone, Chi Dong Town, Me Linh District, Ha Noi, Viet nam",+842435251300,HA NOI,★★☆☆☆
"전자, 전기 제조업",DAEJIN TECH,"A1505, 15F, Tower B, Song Da Building, Pham Hung, My Dinh, Hanoi",+842471091868,HA NOI,★★★☆☆
"전자, 전기 제조업",DAEYANG HA NOI,"No.2, Alley 2, Trung Kinh, Cau Giay, Hanoi BRANCH: Dong Dinh IZ, Tan Yen dist, Bac Giang",+842462596292,HA NOI,★★☆☆☆
"전자, 전기 제조업","DAI THANH E&M TECHNOLOGY CO.,LTD","No.110 Me Tri Ha, Me Tri, Nam Tu Liem, Hanoi",+842432321184,HA NOI,★★★☆☆
"전자, 전기 제조업",DUALI INC,"Toa nha Ford Thang Long, Tang 10, Phong 1001, Q. Dong Da, Hanoi",+842435641185,HA NOI,★★★★☆
"전자, 전기 제조업",ELENTEC VIET NAM,"Lot 44F & 44J, Quang Minh Industrial Zone, Me Linh, Ha Noi",+842435251300,HA NOI,★★★☆☆
"전자, 전기 제조업","GNCENERGY VINA.,JSC","Lot 20-TT4, My Dinh, Me Tri, Nam Tu Liem, Hanoi",+842432565006,HA NOI,★★☆☆☆
"전자, 전기 제조업","Hangang Mechatronics Vina Co., ltd","23rd Fl, B Building, Song Da Coporation Tower, My Dinh 1 ward, Nam Tu Liem District, Hanoi",+842432636231,HA NOI,★★☆☆☆
"전자, 전기 제조업",HEXAGON,"B5-16Villa, Vinhomes Gardenia, Cau Dien, Nam Tu Liem, Hanoi",+84966868400,HA NOI,★★☆☆☆
"전자, 전기 제조업","INKEL VIETNAM Co.,Ltd","Block 26, Quang Minh I.Z, Quang Minh, Me Linh, Hanoi",+842435251710,HA NOI,★★★☆☆
"전자, 전기 제조업","JF TECH VINA Co.,Ltd","6 Floor, 417 Nguyen Khang Building, Yen Hoa, Cau Giay, Hanoi",+842432007010,HA NOI,★★☆☆☆
"전자, 전기 제조업",JOOYON TNS VINA COMPANY LIMITED,"A11-TT1, Five Star, KĐT mới Mỹ Đình - Mễ Trì, phường Mỹ Đình 1, quận Nam Từ Liêm, Thành phố Hà Nội , Việt Nam",+842473019090,HA NOI,★★☆☆☆
"전자, 전기 제조업",KESCO(KOREA ELECTRICAL SAFETY CORPORATION Representative Office in Hanoi),"20F, CharmVit Tower, 117 Tran duy hung, Trung Hoa, Cau Giay, Hanoi, Vietnam.",+842435551575,HA NOI,★★★☆☆
"전자, 전기 제조업","KOSPO(KOREA SOUTHERN POWER CO.,LTD.)","25F, East Tower, Lotte Center, 54 Lieu Giai, Hanoi",+842473096788,HA NOI,★★☆☆☆
"전자, 전기 제조업","KOVINA ELECON CO.,LTD","12A Floor, Handico Tower, Me Tri Ha New Urban Area, Pham Hung, Me Tri, Nam Tu Liem, Hanoi",+842437858669,HA NOI,★★★☆☆
"전자, 전기 제조업","KTECH VIETNAM TECHNICAL CO.,LTD","No#6 Hamlet, Trang Viet, Me Linh, Hanoi",+842438186233,HA NOI,★★★★☆
"전자, 전기 제조업",LED PRO VKO,"To dan pho 15, Cau Dien, Phuc Dien, Bac Tu Liem, Hanoi",+842466527242,HA NOI,★★★☆☆
"전자, 전기 제조업",LG ELECTRONICS VIETNAM,"Tầng 35, tòa nhà Keangnam Landmark 72, đường Phạm Hùng, quận Nam Từ Liêm, Hà Nội",+842439345151,HA NOI,★★☆☆☆
"전자, 전기 제조업",LI TONG GROUP,"Floor 4-6, Press Club Building, 59A Ly Thai To, Ly Thai To, Hoan Kiem, Hanoi",+84963244424,HA NOI,★★☆☆☆
"전자, 전기 제조업",LS ELECTRIC VIETNAM,"Factory : CN11-3 in Yen Phong Industrial Zone (Expansion phase), at Dung Liet Commune, Yen Phong district, Bac Ninh Province, Viet Nam Hanoi Biz Center : 11F, 789 Office Building, No.147 Hoang Quoc Viet street, Cau Giay, Ha Noi. BRANCH: Hochiminh Office : Empress Tower, Room 1703, 17Fl, No.138-142 Hai Ba Trung Street, Da Kao Ward, Dist 1, HO CHI MINH",+842223688863,HA NOI,★★☆☆☆
"전자, 전기 제조업",LUONG DIEN ELECTRONIC VIETNAM,"Lot A2CN1, CCN tap trung vua va nho huyen Tu Liem, Minh Khai, Tu Liem, Hanoi",+842437805225,HA NOI,★★★☆☆
"전자, 전기 제조업","MBI MOTORS Co.,Ltd","No.03 Lang Ha, Thanh Cong, Ba Dinh, Hanoi",+842435810686,HA NOI,★★☆☆☆
"전자, 전기 제조업",MIGHTYGEN VN,"#606, 6F., Indochina Plaza, Xuan Thuy, Cau Giay, Hanoi",,HA NOI,★★☆☆☆
"전자, 전기 제조업",MOTREX VIETNAM,"R606, 06th Floor, CMC Building, Duy Tan Str, Cau Giay, Hanoi, Vietnam",+842471078998,HA NOI,★★★☆☆
"전자, 전기 제조업","NAWOO PRECISION ELECTRONCIS CO., LTD","Floor 20th, Vinaconex Building 9, lot HH2-2 Pham Hung, Me Tri, Nam Tu Liem, Hanoi",,HA NOI,★★☆☆☆
"전자, 전기 제조업","ODT VINA CO., LTD","Tầng 17, tòa nhà Ladeco Building, số 266 Đội Cấn, Ba Đình, Hà Nội.",+842432000686,HA NOI,★★★☆☆
"전자, 전기 제조업",PURETECH VIETNAM,"Lo 49G, KCN Quang Minh, Chi Dong, Me Linh, Hanoi",+842435251960,HA NOI,★★★★☆
"전자, 전기 제조업",SHINWOO TNC VINA,"SN 4, ngõ 180/36, đường Đình Thôn, TDP14, Nhân Mỹ, P.Mỹ Đình 1, Q.Nam Từ Liêm BRANCH: Sunshine City S6, Khu đô thị Ciputra, phường Xuân Đỉnh, Từ Liêm, Hà Nội, Việt Nam",+842432012013,HA NOI,★★★☆☆
"전자, 전기 제조업",SKC HI-TECH & MARKETING VINA,"Unit 6, 18th floor, Charmvit Tower 117 Tran Duy Hung, Hanoi",+821064711375,HA NOI,★★☆☆☆
"전자, 전기 제조업","UNI TECH HN CO., LTD","Room 503, 5th Floor, Golden Field Building, My Dinh 1, Cau Dien, Nam Tu Liem, Hanoi",+842466662255,HA NOI,★★☆☆☆
"전자, 전기 제조업",VINA DUAL ELECTRONICS,"Lot A2, CN1, Cum CN Tu Liem, Minh Khai, Tu Liem, Hanoi",+842437805223,HA NOI,★★☆☆☆
"전자, 전기 제조업","VINA OSP CO.,LTD","To 8, thi tran Chi Dong, Me Linh, Hanoi",+842432011019,HA NOI,★★★☆☆
"전자, 전기 제조업","VKX CO.,LTD (VIETNAM KOREA EXCHANGE)","139 Ngoc Hoi, Hoang Liet, Hoang Mai, Hanoi",+842438611373,HA NOI,★★☆☆☆
"전자, 전기 제조업",YOKOGAWA VIETNAM,"Level 10, Hoa Binh Tower, 106 Hoang Quoc Viet Street, Cau Giay District, Hanoi, Vietnam",+842437635115,HA NOI,★★☆☆☆
"전자, 전기 제조업",YOOSUNG KN VIETNAM,서정언 대표이사 / SEO JEONG EON C.E.O,+842437878851,HA NOI,★★★☆☆
"전자, 전기 제조업","BSE VIETNAM CO.,LTD","Ba Hang I.C, Ai Quoc, Hai Duong",+842203574567,HAI DUONG,★★☆☆☆
"전자, 전기 제조업","HKB VN CO.,LTD","Km 43, Highway 5, Le Xa, Cam Phuc, Cam Giang, Hai Duong",+842203626002,HAI DUONG,★★★☆☆
"전자, 전기 제조업","HYUNDAI KEFICO VIETNAM CO.,LTD","LOT XN#01,DAI AN INDUSTRIAL ZONE, TU MINH WARD, HAIDUONG CITY",+842203555990,HAI DUONG,★★★★☆
"전자, 전기 제조업","ILSHIN VINA CO.,LTD","No.5.6, Lot NG, Dai An I.Z, Km 51, Tu Minh, Hai Duong",+842203555552,HAI DUONG,★★★☆☆
"전자, 전기 제조업","J&K VINA CO.,LTD","West I.Z, Ngo Quyen, Hai Duong",+842203898218,HAI DUONG,★★☆☆☆
"전자, 전기 제조업",LEO ELECTRONICS (VIETNAM) LTD,"Khu cong nghiep Phuc Dien Xa Cam Dien, Huyem Cam Giang, Tinh Hai Duong, Viet Nam",+842203545987,HAI DUONG,★★☆☆☆
"전자, 전기 제조업",ORISEL VIETNAM,"Km 51- No.5 Highway, Dai An I.Z, Hai Duong",+842203555829,HAI DUONG,★★☆☆☆
"전자, 전기 제조업","PMC VINA CO.,LTD","Village Dong Giao, Luong Dien, Cam Giang, Hai Duong",+842203789068,HAI DUONG,★★★☆☆
"전자, 전기 제조업",PNP KOREA,"Cum CN 1, Thach Khoi, Hai Duong",+842202242777,HAI DUONG,★★☆☆☆
"전자, 전기 제조업","SEOUL I.E.VINA CO.,LTD","Hung Thinh I.C, Vinh Hung, Binh Grang, Hai Duong",+842208636066,HAI DUONG,★★☆☆☆
"전자, 전기 제조업","SHINHEUNG VINA. CO., LTD","Dai An Industrial Zone, Tu Minh Ward Hai Duong City, Hai Duong",+842203555027,HAI DUONG,★★★☆☆
"전자, 전기 제조업","TAIWOO TECHNOLOGY SHENZHEN CO.,LTD","Lot XN3-1B, Dai An Expansion I.Z, Lai Cach, Cam Giang, Hai Duong",+842203555955,HAI DUONG,★★☆☆☆
"전자, 전기 제조업","VINA SEKYO CO.,LTD","Tan Truong, Cam Giang, Hai Duong",+842203627321,HAI DUONG,★★★☆☆
"전자, 전기 제조업",YUHAN VINA,"Factory G7, Lot XN 06, Dai An Expansion I.Z, Lai Cach, Cam Giang, Hai Duong",+842203555855,HAI DUONG,★★★★☆
"전자, 전기 제조업",4P ELECTRONICS,"Trang Due I.Z, Dinh Cat, An Duong District, Hai Phong",+842256270336,HAI PHONG,★★★☆☆
"전자, 전기 제조업","BLUECOM VINA CO.,LTD","Lot C5-4, I.Z 1, Trang Due I.Z, An Duong, Dinh Vu Cat Hai, Hai Phong",+842258830681,HAI PHONG,★★☆☆☆
"전자, 전기 제조업",BRANCH OF HANBIT VINA COMPANY LIMITED IN HAI PHONG,"Lot C5-3 KCN Trang Due, Hong Phong, An Duong, Hai Phong",+842226516266,HAI PHONG,★★☆☆☆
"전자, 전기 제조업",C-MAT,"Km6, 5/2 Str., Hung Vuong, Hong Bang, Hai Phong",+842253668643,HAI PHONG,★★☆☆☆
"전자, 전기 제조업","CAIS VINA ELECTRONICS CO.,LTD","CAISVINA, Lo CN 11, Khu cong nghiep Nam Cau Kien, Hai Phong",+842253645738,HAI PHONG,★★★☆☆
"전자, 전기 제조업",COMET VINA,"Lot K5, Trang Due I.Z, Dinh Vu Economy Zone, Hong Phong, An Duong, Hai Phong",+842256522225,HAI PHONG,★★☆☆☆
"전자, 전기 제조업",DH Innorex Vina Company Limited,"Lô đất CN4.3A, KCN Đình Vũ, phường Đông Hải 2, Quận Hải An, TP Hải Phòng",+842258831180,HAI PHONG,★★☆☆☆
"전자, 전기 제조업",DONGDO ELECTRONICS HAI PHONG,"Lot C6-2, CN1 Block,. Trang Due I.P, within Dinh Vu Cat Hai E.Z, Le Loi, An Duong, Hai Phong",+842258830801,HAI PHONG,★★★☆☆
"전자, 전기 제조업",GOSHEN VINA,"No. H2, Lot L2, Trang Due I.P, An Duong, Hai Phong",+842253266359,HAI PHONG,★★☆☆☆
"전자, 전기 제조업","HAENGSUNG ELECTRONICS VIETNAM CO.,LTD","Lot K1, Trang Due I.P, Dinh Vu Cat Hai E.Z, Le Loi, An Duong, Hai Phong",+842253507933,HAI PHONG,★★★☆☆
"전자, 전기 제조업",HAI PHONG ELECTRIAL INDUSTRIAL JSC (HEIJCO),"No.3, Km92 New Road 5, Hung Vuong, Hong Bang, Hai Phong",+842253538597,HAI PHONG,★★★★☆
"전자, 전기 제조업","HALLA ELECTRONICS VINA CO.,LTD","Lot L4, Trang Due I.P, Hong Phong, An Duong, Hai Phong",+842252299798,HAI PHONG,★★★☆☆
"전자, 전기 제조업",HEESUNG ELECTRONICS VIETNAM,"Trang Due IP, Le Loo Commune, An Duong District, Hai Phong",+842252299170,HAI PHONG,★★☆☆☆
"전자, 전기 제조업",HKT ELECTRONICS VIETNAM,"Lo L2, khu cong nghiep Trang Due, Hong Phong, An Duong, Hai Phong",+842252299655,HAI PHONG,★★☆☆☆
"전자, 전기 제조업","HYOWON M&E CO.,LTD","52 Nam Phap II, Dang Giang, Ngo Quyen, Hai Phong",+842253837379,HAI PHONG,★★☆☆☆
"전자, 전기 제조업",ILSHINTECH VINA,"Lot L5, KCN Trang Due, Hong Phong, An Duong, Hai Phong",+842253556660,HAI PHONG,★★★☆☆
"전자, 전기 제조업",K&PE ELECTRONICS VIETNAM,"LO 1-2 KCN TRANG DUE, HONG PHONG, AN DUONG, HAI PHONG",+842253299220,HAI PHONG,★★☆☆☆
"전자, 전기 제조업",K.Y.C ELECTRONICS VINA COMPANY LIMITED,"Part of factory 2, Lot M, KCN Trang Due , Dinh Vu - Cat Hai Economic Zone, Le Loi, An Duong , Hai Phong",+842258831823,HAI PHONG,★★☆☆☆
"전자, 전기 제조업",KEO SAN VINA,"Thôn Quyết Tiến 1, Xã An Thắng, Huyện An Lão, Thành phố Hải Phòng, Việt Nam",+842253911004,HAI PHONG,★★★☆☆
"전자, 전기 제조업","LG CHEM HAI PHONG VIETNAM CO.,LTD","Tang 1, toa nha H1, lo E, khu cong nghiep Trang Due, thuoc k, Xa Hong Phong, Huyen An Duong, Hai Phong",+842253240890,HAI PHONG,★★☆☆☆
"전자, 전기 제조업",LG DISPLAY VIETNAM,"Lo E, Khu cong nghiep Trang Due, thuoc KKT Dinh Vu Cat Hai, Hong Phong, An Dung, Hai Phong",,HAI PHONG,★★★☆☆
"전자, 전기 제조업","LG ELECTRONICS VIETNAM HAI PHONG CO.,LTD","Lot CN2-CN3, Trang Due IP, An Duong, Dinh Vu, Cat Hai Economics Zone, Hai Phong",+842258820700,HAI PHONG,★★★★☆
"전자, 전기 제조업",LG Innotek Vietnam,"Lot I-4 Trang Due Industrial park, An duong district, Hai phong, Vietnam",+84904293000,HAI PHONG,★★★☆☆
"전자, 전기 제조업",MIRAE VINA,"Nhà xưởng tầng 2, Lô CN11, Khu công nghiệp Nam Cầu Kiền, Xã Kiền Bái, Huyện Thuỷ Nguyên, Thành phố Hải Phòng, Việt Nam",,HAI PHONG,★★☆☆☆
"전자, 전기 제조업",NSM TECH HAI PHONG COMPANY LIMITED,"Factory Lot Q-7, Lot Q KCN Trang Due, Dinh Vu - Cat Hai Economic Zone, An Hoa, An Duong, Hai Phong",+842253511168,HAI PHONG,★★☆☆☆
"전자, 전기 제조업",OHSUNG VINA,"Lot C5-1, CN1 Zone, Trang Due I.P, Le Loi, An Duong, Hai Phong",+842256256711,HAI PHONG,★★☆☆☆
"전자, 전기 제조업",RE-TECK,"21F, Lotte Center Hanoi Bld., No.54 Lieu Giai, Cong vi, Ba Dinh, Hanoi",,HAI PHONG,★★★☆☆
"전자, 전기 제조업",SL ELECTRONICS VIETNAM,"Lot L1, Trang Due, An Duong, Dinh Vu, Cat Hai, Hai Phong",+842252299881,HAI PHONG,★★☆☆☆
"전자, 전기 제조업","SYSTEM RND VIETNAM CO.,LTD","Trang Due I.P, Dinh Vu, Cat Hai E.Z, Hong Phong, AnDuong, Hai Phong",+842252299326,HAI PHONG,★★☆☆☆
"전자, 전기 제조업",TRVH,"C5-3, Trang Due I.P, Hong phong, An Duong Hai Phong",+842256633330,HAI PHONG,★★★☆☆
"전자, 전기 제조업","WOOSUNGVM CO.,LTD","Lo K2 KCN Trang Due, Hong Phong, An Duong, Hai Phong",+848433572640,HAI PHONG,★★☆☆☆
"전자, 전기 제조업",YOOJIN TS INVINA,"Room 312, 3rd floor, Thanh Dat 1 Building, No. 3 Le Thanh Tong, May To, Ngo Quyen, Hai Phong",+842253250359,HAI PHONG,★★★☆☆
"전자, 전기 제조업","Coasia Semi Vietnam Co., Ltd","Floor 14, Block A, Song Da Building, Pham Hung street, My Dinh 1 Commune, Nam Tu Liem District, Hanoi",+84242053008,HA NOI,★★★★☆
"전자, 전기 제조업","CENTURY SANUP VINA CO.,LTD","No 47-49, N1 Street, Phu Huu, Thu Duc, HO CHI MINH",+842822537870,HO CHI MINH,★★★☆☆
"전자, 전기 제조업","INTECH KOREA CO.,LTD","2nd Fl., A58, Nam Long Residential Area, Quarter 2, Phu Thuan, Dis.7, HO CHI MINH",+842866500993,HO CHI MINH,★★☆☆☆
"전자, 전기 제조업",CN PLUS VINA,"Luong Son IZ, Km36, 6 Highway, Hoa Son, Luong Hoa, Hoa Binh",+842183826970,HOA BINH,★★☆☆☆
"전자, 전기 제조업","CO TECH VINA CO.,LTD","Luong Son Industiral Zone, Km36 National Road6, Hoa Son Commune, Luong Son District,Hoa Binh Province, Vietnam.",+842183826698,HOA BINH,★★☆☆☆
"전자, 전기 제조업",DONGAH ELECOMM VIETNAM,"LuongSon I.Z, Luong Son, Hoa Binh",+842183826781,HOA BINH,★★★☆☆
"전자, 전기 제조업","TRANSON VIETNAM CO.,LTD","Luong Son I.Z, Hoa Son, Luong Son, Hoa Binh",+842183826923,HOA BINH,★★☆☆☆
"전자, 전기 제조업","ATEX GD VIETNAM CO.,LTD","Thon Thuy Trang, Trung Hung, Yen My, Hung Yen",+842213580317,HUNG YEN,★★☆☆☆
"전자, 전기 제조업","DONG YANG E&P VIETNAM CO.,LTD","Nhan Hoa, My Hao, Hung Yen",+842213742511,HUNG YEN,★★★☆☆
"전자, 전기 제조업","DSM VIETNAM CO.,LTD","Road B2, section B, Pho Noi A I.Z, Lac hong, Van Lam, Hung Yen",+842213967920,HUNG YEN,★★☆☆☆
"전자, 전기 제조업",NE,"Tu Dong, Ly Thuong Kiet, Yen My, Hung Yen",+842213961768,HUNG YEN,★★★☆☆
"전자, 전기 제조업",NRG&C NARET ELECTRONIC,"Trai Trang, Yen My town, Yen My, Hung Yen",+842213961768,HUNG YEN,★★★★☆
"전자, 전기 제조업","SHINSUNG ELECTRONICS VINA CO.,LTD","Ngoc Lang, Ngoc Lam, My Hao, Hung Yen",+842213949993,HUNG YEN,★★★☆☆
"전자, 전기 제조업","VIKO WIRE CO.,LTD","Ben Village, Bach Sam, My Hao, Hung Yen",+842213946196,HUNG YEN,★★☆☆☆
"전자, 전기 제조업",GLOBAL HITECH SOLUTION,"Ngoc Da, Tan Quang, Van Lam, Hung Yen",+842213791966,HUNG YEN ,★★☆☆☆
"전자, 전기 제조업","VIKOM CO.,LTD.","Duong B3, khu B, KCN Pho Noi A, Xa Lac Hong, Huyen Van Lam, Tinh Hung Yen",,HUNG YEN ,★★☆☆☆
"전자, 전기 제조업",NEXUS TECHNOLOGIES & CABLE COMPANY LIMITED,"278 Nguyen Hue, Pho Moi, Lao Cai",+84978398334,LAO CAI,★★★☆☆
"전자, 전기 제조업",GORYO VIETNAM,"Gia Van I.Z, Gia Vien, Ninh Binh",,NINH BINH,★★☆☆☆
"전자, 전기 제조업",GT WILL VINA,"Lot CN 9 KCN Gia Van, Gia Van, Gia Vien, Ninh Binh",+842293651333,NINH BINH,★★☆☆☆
"전자, 전기 제조업","MCNEX VINA CO.,LTD","Lô CN1, KCN Phúc Sơn, Phường Ninh Sơn, Thành phố Ninh Bình, Tỉnh Ninh Bình, Việt Nam",+842293883588,NINH BINH,★★★☆☆
"전자, 전기 제조업","SANICO VIETNAM Co.,Ltd","Lot CN4, Gia Van I.C, Gia Vien, Ninh Binh",+842293833579,NINH BINH,★★☆☆☆
"전자, 전기 제조업",YG VINA,"Lô C2, Khu công nghiệp Gián Khẩu, Xã Gia Trấn, Huyện Gia Viễn, Tỉnh Ninh Bình, Việt Nam",+842293651998,NINH BINH,★★★☆☆
"전자, 전기 제조업","ELPO VINA CO.,LTD","Phu Ha I.P, Ha Loc, Phu Tho",+84968043168,PHU THO,★★★★☆
"전자, 전기 제조업","ESTEC PHU THO Co.,Ltd","Lot CN6 & a part of Lot CN2 Tu DA - Phu Ninh, Phu Tho, Vietnam",+842103991081,PHU THO,★★★☆☆
"전자, 전기 제조업",HANYANG DIGITECH VINA,"Lô CN-06, KCN Phú Hà, Xã Hà Thạch, Thị xã Phú Thọ, Tỉnh Phú Thọ",+842103822825,PHU THO,★★☆☆☆
"전자, 전기 제조업",HWA SUNG VINA COMPANY LIMITED,"Lot CN07, KCN Cam Khe, Cam Khe, Phu Tho",+843429575550,PHU THO,★★☆☆☆
"전자, 전기 제조업",JABEZ VINA COMPANY LIMITED,"KCN Hoang Xa, Hoang Xa, Thanh Thuy, Phu Tho",+842102220000,PHU THO,★★☆☆☆
"전자, 전기 제조업",JS Automotive Vina,"CN-07, Cam Khe Industrial Park, Cam Khe town, Cam Khe district, Phu Tho province",+842103632505,PHU THO,★★★☆☆
"전자, 전기 제조업",MECTECH VINA COMPANY LIMITED,"Lot CN 12, KCN Tu Da - An Dao, Binh Phu, Phu Ninh, Phu Tho",+843973180385,PHU THO,★★☆☆☆
"전자, 전기 제조업",MYEONGSUNG VINA COMPANY LIMITED,"Part of lot CN04, KCN Phu Gia, Phu Nham, Phu Ninh, Phu Tho",+842103816666,PHU THO,★★☆☆☆
"전자, 전기 제조업",NEXSTAR VINA COMPANY LIMITED,"Lot CN - 09, KCN Phu Ha, Ha Thach, Phu Tho",+842103820198,PHU THO,★★★☆☆
"전자, 전기 제조업","SEOKANG VINA CO.,LTD","Dong Lang I.C, Phu Ninh, Phu Ninh, Phu Tho",+84971188266,PHU THO,★★☆☆☆
"전자, 전기 제조업",STC ENG VINA COMPANY LIMITED,"Lot CN01, KCN Thanh Minh, Thanh Minh Commune, Phu Tho",+84396884892,PHU THO,★★★☆☆
"전자, 전기 제조업",ALMUS VINA,"Lô CN 07A, Khu công nghiệp Phú Hà, xã Hà Thạch , Thị xã Phú Thọ, Tỉnh Phú Thọ",+84329065189,PHU THO ,★★★★☆
"전자, 전기 제조업",ASENTEC VIETNAM Company Limited,"LOT CN09-03 & CN09-04, Phu Ha Industrial Zone, Ha Thach Commune, Phu Tho Town, Phu Tho Province, VIET NAM",+842103822388,PHU THO ,★★★☆☆
"전자, 전기 제조업","Bando Vina Co., Ltd.","Lot B8, Thuy Van I.Z, Viet Tri City, Phu Tho",+842103920081,PHU THO ,★★☆☆☆
"전자, 전기 제조업",BridgePower,"Lo B9 Khu cong nghiep Thuy Van, Xa Thuy Van, Viet Tri, Phu Tho",+849832634020,PHU THO ,★★☆☆☆
"전자, 전기 제조업","DAE RYONG VINA CO., LTD","Lo CN09, KCN Thuy Van, Viet Tri, Phu Tho",+842103911199,PHU THO ,★★☆☆☆
"전자, 전기 제조업",Electro M Vina,"Lot CN 06, Phu Ha I.P, Ha Thach, Phu Tho, Phu Tho",+842103822886,PHU THO ,★★★☆☆
"전자, 전기 제조업","HAEHWA VINA CO., LTD","Phu Ha Industrial Park, Ha Thach, Phu Tho",+842103822522,PHU THO ,★★☆☆☆
"전자, 전기 제조업","INNOCHIPS VINA CO., LTD","Lot CN07A, KCN Phu Ha, Ha Thach, Phu Tho",+842103822006,PHU THO ,★★☆☆☆
"전자, 전기 제조업",JH VINA,"Lot CN-07B, KCN Phu Ha, Ha Loc, Phu Tho",+842103865001,PHU THO ,★★★☆☆
"전자, 전기 제조업",JNTC VINA,"PLOT B8 Thuy Van Industrial Zone,Thuy Van Commune,Viet Tri City,Phu Tho Province",,PHU THO ,★★☆☆☆
"전자, 전기 제조업",KS Tech.,"Slot No.11 IC, Nam Thanh Ba, Do Son, Thanh Ba, Phu Tho",+842106577771,PHU THO ,★★★☆☆
"전자, 전기 제조업",SNJ VINA,"Lot CN - 09, KCN Phu Ha, Ha Thach, Phu Tho",+842103813222,PHU THO ,★★★★☆
"전자, 전기 제조업",BUMJIN ELECTRONICS VINA COMPANY LIMITED,"Lot CN-04, KCN Dong Mai, Dong Mai, Quang Yen, Quang Ninh",+84862492260,QUANG NINH,★★★☆☆
"전자, 전기 제조업","DAHAM VINA CO.,LTD","Lot CN 3, KCN Diem Thuy, Diem Thuy, Phu Binh, Thai Nguyen",+842082490180,THAI NGUYEN,★★☆☆☆
"전자, 전기 제조업",DONG SUNG VINA,"Lot CN 3-3(2), DIEM THUY INDUSTRIAL ZONE, DIEM THUY COMMUNE, PHU BINH DISTRICT, THAI NGUYEN PROVINCE, VIETNAM",+842083931700,THAI NGUYEN,★★☆☆☆
"전자, 전기 제조업","DOREMI VIETNAM CO., LTD","Lot CN8-4-2, KCN Diem Thuy, Diem Thuy, Phu Binh,Thai Nguyen.",+842083931696,THAI NGUYEN,★★☆☆☆
"전자, 전기 제조업","EMTEC VINA THAI NGUYEN CO.,LTD","Lot CN5-2, KCN Diem Thuy, Hong Tien, Pho Yen, Thai Nguyen",+842083931514,THAI NGUYEN,★★★☆☆
"전자, 전기 제조업",GLONICS VIETNAM,"So 903 duong 3-2 Phu Xa, Thai Nguyen",+842086269879,THAI NGUYEN,★★☆☆☆
"전자, 전기 제조업","HANSOL ELECTRONICS VIETNAM CO., LTD","KCN Yen Binh, Dong Tien, Pho Yen, Thai Nguyen",+842083664178,THAI NGUYEN,★★☆☆☆
"전자, 전기 제조업",HK DONG-A VINA,"lot CN5-2 diem Thuy industrial Zone , hong Tien Ward , Pho Yen City, Thai Nguyen Viet Nam",+842083931514,THAI NGUYEN,★★★☆☆
"전자, 전기 제조업",HSC TECH VINA,"Lot CN 8-4-2, KCN Diem Thuy, Diem Thuy, Phu Binh, Thai Nguyen",+84813376232,THAI NGUYEN,★★☆☆☆
"전자, 전기 제조업",JAE EUN TECH VINA,"Lot 8,4,2, KCN Diem Thuy, Diem Thuy , Phu Binh, Thai Nguyen",+842083931123,THAI NGUYEN,★★★☆☆
"전자, 전기 제조업",JD VINA,"Area B-Song Cong 1 I.P, Bach Quang, Song Cong, Thai Nguyen",,THAI NGUYEN,★★★★☆
"전자, 전기 제조업","KHELTEC VINA CO., LTD","Lot CN4, KCN Diem Thuy, Diem Thuy , Phu Binh, Thai Nguyen",+84365390945,THAI NGUYEN,★★★☆☆
"전자, 전기 제조업","MCSP VINA CO.,LTD","Lot CN4, Diem Thuy I.Z, Hong Tien, Pho Yen, Thai Nguyen",+842043662221,THAI NGUYEN,★★☆☆☆
"전자, 전기 제조업",MELFAS VINA COMPANY LIMITED,"No. 387C, Cach Mang Thang 8 Street, Huong Son, Thai Nguyen",+84981139656,THAI NGUYEN,★★☆☆☆
"전자, 전기 제조업",NEWONE TECH,"Lot CN4, Diem Thuy IZ, Phu Binh, Thai Nguyen",+842083931584,THAI NGUYEN,★★☆☆☆
"전자, 전기 제조업",NPD VINA,"Lot CN9, Diem Thuy I.Z, Hong Tien, Pho Yen, Thai Nguyen",+842083931550,THAI NGUYEN,★★★☆☆
"전자, 전기 제조업",RFTech Thai Nguyen Company Limited,"Lot1-2, Diem Thuy Induatrial Zone, Thai Nguyen Provine, Vietnam",+842083931624,THAI NGUYEN,★★☆☆☆
"전자, 전기 제조업",SAMSUNG ELECTRONICS MECHANICS VIETNAM-SEMV,"Yen Binh I.Z, Pho Yen, Thai Nguyen",+849175789220,THAI NGUYEN,★★☆☆☆
"전자, 전기 제조업",SEUNGWOO VINA Co. Ltd.,"Khu Công nghiệp Yên Bình, Phường Bãi Bông, Tp Phổ Yên, Thái Nguyên, Việt Nam",+842803866283,THAI NGUYEN,★★★☆☆
"전자, 전기 제조업",SNG THAI NGUYEN COMPANY LIMITED,"Lot CN07, KCN Diem Thuy (Zone A), Hong Tien, Pho Yen, Thai Nguyen",+84934656670,THAI NGUYEN,★★☆☆☆
"전자, 전기 제조업",TESTTECH VINA COMPANY LIMITED,"Lot CN4, KCN Diem Thuy, Diem Thuy, Phu Binh Thai Nguyen",+84989183613,THAI NGUYEN,★★★☆☆
"전자, 전기 제조업",YOUNGJIN HI-TECH VIETNAM,"Lot 01, KCN Diem Thuy , Phu Binh , Thai Nguyen",+842083931515,THAI NGUYEN,★★★★☆
"전자, 전기 제조업",ASEA DAERYUN VINA,"Lot CN8-4-2, Diem Thuy Iz., Phu Binh, Thai Nguyen",+842083931612,THAI NGUYEN ,★★★☆☆
"전자, 전기 제조업",DAESIN,"KCN Điềm thuỵ, xã Điềm Thuỵ, Phú bình, Thái Nguyên",+84327474648,THAI NGUYEN ,★★☆☆☆
"전자, 전기 제조업",G.S Electronics,"Lot k, block a, diem thuy industrial zone, phu binh district, thai nguyen",+842083507566,THAI NGUYEN ,★★☆☆☆
"전자, 전기 제조업",GU&I VINA,"Khu B, KCN Song Cong 1, Bac Quang, Song Cong, Thai Nguyen",+84981254377,THAI NGUYEN ,★★☆☆☆
"전자, 전기 제조업",HADANBI VINA,"Diem Thuy IZ, Phu Binh, Thai Nguyen",+842083931540,THAI NGUYEN ,★★★☆☆
"전자, 전기 제조업",KSD VINA,"KSD VINA, Diem Thuy IZ, Phu Binh, Thai Nguyen",+842083931888,THAI NGUYEN ,★★☆☆☆
"전자, 전기 제조업",MYUNGJIN ELECTRONIC VINA,"Lot CN8-4, Diem Thuy IZ, Phu Binh, Thai Nguyen",+842083931617,THAI NGUYEN ,★★☆☆☆
"전자, 전기 제조업",SAMHWA YANGHENG VINA,"Lot CN5, Diem Thuy Iz., Phu Binh, Thai Nguyen",+842083931530,THAI NGUYEN ,★★★☆☆
"전자, 전기 제조업",SEOHUI VIETNAM,"Lot CN8-2, Diem Thuy I.Z, Diem Thuy, Phu Binh, Thai Nguyen",+842083931520,THAI NGUYEN ,★★☆☆☆
"전자, 전기 제조업",SHIN HWA CONTECH VINA,"Lot CN8-3-5, Diem Thuy Iz., Phu Binh, Thai Nguyen",+842083931579,THAI NGUYEN ,★★★☆☆
"전자, 전기 제조업",SHIN SUNG C&T VINA,"Lot CN1-1, Diem Thuy IP, Diem Thuy Commune, Phu Binh District, Thai Nguyen Province, VIETNAM",+842083931620,THAI NGUYEN ,★★★★☆
"전자, 전기 제조업",SR TECH,"Zone B, 1 Song Cong I.P, Cach Mang Thang 10, Bach Quang, Song Cong, Thai Nguyen BRANCH: Que Vo I.Z, Van Duong, Bac Ninh",+842083662113,THAI NGUYEN ,★★★☆☆
"전자, 전기 제조업",SSNEWTECH VIETNAM,"Lot CN5-2, Diem Thuy Iz., Phu Binh, Thai Nguyen",+842083931568,THAI NGUYEN ,★★☆☆☆
"전자, 전기 제조업",SUNNY OPTICS VINA,"Zone B, Song Cong 1 I.P, Bach Quang, Song Cong, Thai Nguyen",+842086543992,THAI NGUYEN ,★★☆☆☆
"전자, 전기 제조업",UTI VINA,"CN4, Diem Thuy Ind. Park, Diem Thuy Commune, Phu Binh Dist. Thai Nguyen Prov.",,THAI NGUYEN ,★★☆☆☆
"전자, 전기 제조업",WITS VINA,"Lot CN16-1, Yen Binh Industrial Park, Dong Tien Ward, Pho Yen City, Thai Nguyen Province, Vietnam",+842083931119,THAI NGUYEN ,★★★☆☆
"전자, 전기 제조업",WOOJIN QPD VINA,"Lot CN4, Diem Thuy Industrial Zone, Hong Tien Commune, Pho Yen Town, Thai Nguyen Province, Vietnam",+842082490177,THAI NGUYEN ,★★☆☆☆
"전자, 전기 제조업",AMO VINA,"Lot CN 13, Khai Quang Industrial, Khai Quang Ward, Vinh Yen City, VINH PHUC",+842082490177,VINH PHUC,★★☆☆☆
"전자, 전기 제조업",BANG JOO ELECTRONICS VIET NAM JSC,"Ba Thien Industrial Park, Ba Hien Town, Binh Xuyen, VINH PHUC",+842113888348,VINH PHUC,★★★☆☆
"전자, 전기 제조업",BN TECH VINA,"Lo C2-1 Khe Cong Nghiep Ba Thien Ⅱ, Thien Ke Binh Xuyen, VINH PHUC",,VINH PHUC,★★☆☆☆
"전자, 전기 제조업","CAMMSYS VIETNAM CO.,LTD.","KCN Bá Thiện, Thị trấn Bá Hiến, Huyện Bình Xuyên, Tỉnh Vĩnh Phúc BRANCH: KCN Bá Thiện, Thị trấn Bá Hiến, Huyện Bình Xuyên, Tỉnh Vĩnh Phúc",+842113888001,VINH PHUC,★★★☆☆
"전자, 전기 제조업","DAEDUCK VIETNAM Co.,Ltd","Ba Thien I.Z, Ba Hien, Binh Xuyen, VINH PHUC",+842112481996,VINH PHUC,★★★★☆
"전자, 전기 제조업",DAMO VINA,"Keu Zone, Dao Duc, Binh Xuyen, VINH PHUC (leasing factory of Dong Khanh Construction and Trading Company Limited)",+842113512111,VINH PHUC,★★★☆☆
"전자, 전기 제조업","DAYUN VINA CO.,LTD","KCN Binh Xuyen II, Thi tran Ba Hien, Binh Xuyen, VINH PHUC",+84949777825,VINH PHUC,★★☆☆☆
"전자, 전기 제조업",DIOSTECH VINA,"Binh Xuyen II I.Z, Ba Hien, Binh Xuyen, VINH PHUC",+842113592730,VINH PHUC,★★☆☆☆
"전자, 전기 제조업",DONG SAN VINA PRECISION,"Lot B11, Ba Thien II I.P, Thien Ke, Binh Xuyen, VINH PHUC",+842113816555,VINH PHUC,★★☆☆☆
"전자, 전기 제조업","DONGYANG ELECTRONICS VIETNAM CO.,LTD","Lot CN4, Ba Thien IZ, VINH PHUC",+842112481007,VINH PHUC,★★★☆☆
"전자, 전기 제조업","EL TECH VINA CO.,LTD","Lot CN03-3, Binh Xuyen II IZ, Ba Hien, Binh Xuyen, VINH PHUC",+842223952172,VINH PHUC,★★☆☆☆
"전자, 전기 제조업",ELK DUMO VINA,"Binh Xuyen II I.Z, Ba Hien, Binh Xuyen, VINH PHUC",+84982877575,VINH PHUC,★★☆☆☆
"전자, 전기 제조업","FINAL VINA CO.,LTD","Binh Xuyen II I.P, Ba Hien, Binh Xuyen, VINH PHUC",+842112481470,VINH PHUC,★★★☆☆
"전자, 전기 제조업",G.S VIETNAM,"Ql2, Phuc Thang, Phuc Yen, VINH PHUC",+842113870885,VINH PHUC,★★☆☆☆
"전자, 전기 제조업",GSR VINA,"CN12, Khai Quang I.Z, Khai Quang, Vinh Yen, VINH PHUC",+842113656564,VINH PHUC,★★★☆☆
"전자, 전기 제조업",Haesung VINA,"Lot CN7 Khai Quang industrial Zone, Vinh Yen City, VINH PHUC Provinece, Viet Nam",+842113696990,VINH PHUC,★★★★☆
"전자, 전기 제조업",HANBO ENC VINA,"Lot C5-2, Ba Thien 2 I.Z, Thien Ke, Binh Xuyen, VINH PHUC",+842113588568,VINH PHUC,★★★☆☆
"전자, 전기 제조업","HS VINA CO.,LTD","Vinh Yen 2 I.Z, Vinh Yen, VINH PHUC.",+84364190845,VINH PHUC,★★☆☆☆
"전자, 전기 제조업","HWASEUNG TECH VINA CO.,LTD","Lot a7 Ba Thien II I.P, Thien Ke, Binh Xuyen, VINH PHUC",+842113588886,VINH PHUC,★★☆☆☆
"전자, 전기 제조업","HYUNWOO VINA Co.,Ltd","Lo C7, Ba Thien II I.P, Thien Ke, Binh Xuyen, VINH PHUC",+84982877575,VINH PHUC,★★☆☆☆
"전자, 전기 제조업",IM VINA,"Lot A8-2, Ba Thien 2 Industrial Zone, Thien Ke, Binh Xuyen, VINH PHUC Province",+84978696560,VINH PHUC,★★★☆☆
"전자, 전기 제조업","INTERFLEX VINA Co.,Ltd","Lot CN5, Ba Thien I.Z, Thien Ke, Binh Xuyen, VINH PHUC",+842113565965,VINH PHUC,★★☆☆☆
"전자, 전기 제조업","JAHWA VINA CO.,LTD.","Jahwa Vina Co. Plot 10, Khai Quang Industry Park, Vinh Yen City, VINH PHUC Province, Vietnam",+842113716201,VINH PHUC,★★☆☆☆
"전자, 전기 제조업",JDI TELECOM VINA,"No. 620, Me Linh, Khai Quang, Vinh Yen, VINH PHUC",+842113861700,VINH PHUC,★★★☆☆
"전자, 전기 제조업","JY HNS VINA CO.,LTD","Lot CN13, Khai Quang I.P, Khai Quang, Vinh Yen, VINH PHUC",+842113552999,VINH PHUC,★★☆☆☆
"전자, 전기 제조업",KBI COSMOLINK VINA,"Khai Quang I.Z, Vinh Yen, VINH PHUC BRANCH: ROOM 4BA, 7 Floor, Charmvit Tower, 117 Tran Duy Hung, Ha Noi",+842113720181,VINH PHUC,★★★☆☆
"전자, 전기 제조업",KCI VINA,"Lot No. CN06-8, Binh Xuyen ll I.P, VINH PHUC",+842212481800,VINH PHUC,★★★★☆
"전자, 전기 제조업",KOREA CIRCUIT VINA,"Lô CN06, Kcn bình xuyên II, TT bá hiến, huyện bình xuyên, tỉnh vĩnh phúc, việt nam",+84984668369,VINH PHUC,★★★☆☆
"전자, 전기 제조업","LSCOM VINA CO.,LTD","Ba Thien I.P, Ba Hien, Binh Xuyen, VINH PHUC",+842113886566,VINH PHUC,★★☆☆☆
"전자, 전기 제조업",NANO TECH VINA,"04 Plot, Ba Thien I.P, Ba Hien, Binh Xuyen, VINH PHUC",+842113887272,VINH PHUC,★★☆☆☆
"전자, 전기 제조업","NEWFLEX TECHNOLOGY VINA CO.,LTD","Lot A7, Ba Thien 2 I.Z, Thien Ke, Binh Xuyen, VINH PHUC",+842113885660,VINH PHUC,★★☆☆☆
"전자, 전기 제조업","NS TECH VINA CO.,LTD","Binh Xuyen I.P, Huong Canh, Binh Xuyen, VINH PHUC",+842113593767,VINH PHUC,★★★☆☆
"전자, 전기 제조업","OPTOSON Co.,Ltd","Km 13+500, Highway 2, Phuc Thang, Phuc Yen, VINH PHUC",+842113868880,VINH PHUC,★★☆☆☆
"전자, 전기 제조업",OPTRONTEC VINA,"Lot A11, Ba Thien 2 industrial Park Thien Ke commune, Binh Xuyen District, VINH PHUC Province",+842113816885,VINH PHUC,★★☆☆☆
"전자, 전기 제조업","ORCHEM VINA CO.,LTD","Khai Quang I.Z, Khai Quang, Vinh Yen, VINH PHUC",+849831191330,VINH PHUC,★★★☆☆
"전자, 전기 제조업",POWERLOGICS,"Khai Quang I.Z, Khai Quang, Vinh Yen, VINH PHUC",+842213565222,VINH PHUC,★★☆☆☆
"전자, 전기 제조업",SAMJIN LND VINACO,"Lot A12-1, Ba Thien II I.Z, Thien Ke, Binh Xuyen, VINH PHUC",+849795226610,VINH PHUC,★★★☆☆
"전자, 전기 제조업",SDT VINA,"Lot CN 02-5, Binh Xuyen II I.Z, Ba Hien, Binh Xuyen, VINH PHUC",+84988034502,VINH PHUC,★★★★☆
"전자, 전기 제조업",SEGI VIET NAM,"Lot C2-2, Ba thien Ⅱ Industrial Park, Thien Ke-Binh Xuyen-VINH PHUC BRANCH: Lot C2-2, Ba thien Ⅱ Industrial Park, Thien Ke-Binh Xuyen-VINH PHUC",+84865672382,VINH PHUC,★★★☆☆
"전자, 전기 제조업","SEJIN ELECTRONICS VINA CO.,LTD","2 street, Phuc Thang, Phuc Yen, VINH PHUC",+84962396931,VINH PHUC,★★☆☆☆
"전자, 전기 제조업",SEKONIX VINA,"Lot C10, Ba Thien II, I.P, Thien Ke, Binh Xuyen, VINH PHUC",+842113888100,VINH PHUC,★★☆☆☆
"전자, 전기 제조업","SJ ELECTRONICS VINA CO.,LTD.","Lo2, KCN Binh Xuyen, TT Huong Canh, Huyen Binh Xuyen, Tinh VINH PHUC, Viet Nam",,VINH PHUC,★★☆☆☆
"전자, 전기 제조업",SKY DENOV VINA,"Lot CN 03-1, Binh Xuyen II, I.Z, Ba Hien, Binh Xuyen, VINH PHUC",+842112481200,VINH PHUC,★★★☆☆
"전자, 전기 제조업","SOLUM VINA CO.,LTD","Plot B3, Ba Thien II Industrial Park, Thien Ke, Binh Xuyen, VINH PHUC",+842113815000,VINH PHUC,★★☆☆☆
"전자, 전기 제조업","SUP VINA CO.,LTD","Khai Quang I.Z, Vinh Yen VINH PHUC",+842113565605,VINH PHUC,★★☆☆☆
"전자, 전기 제조업","SYE VINA CO.,LTD","Lot CN12, Khai Quang I.P, Khai Quang, Vinh Yen, VINH PHUC",+842113566866,VINH PHUC,★★★☆☆
"전자, 전기 제조업",TERRASEM VINA,"Binh Xuyen II I.Z, Ba Hien, Binh Xuyen, VINH PHUC",,VINH PHUC,★★☆☆☆
"전자, 전기 제조업",TOP INTERCUBE ELECTRONICS VINA COMPANY LIMITED,"Cty TOPINTERCUBE, Lô C1 KCN Bá Thiện 2, Xã Thiện Kế, Huyện Bình Xuyên, Tỉnh Vĩnh Phúc, Việt Nam",+84779286689,VINH PHUC,★★★☆☆
"전자, 전기 제조업","UJU VINA CO.,LTD","No.55 Lot CN 12, Khai Quang IZ, Vinh Yen, VINH PHUC",+842113843700,VINH PHUC,★★★★☆
"전자, 전기 제조업",UNIELFLEX VINA,"No. CN 08-1, Binh Xuyen ll I.P, Binh Xuyen, VINH PHUC",+842113513261,VINH PHUC,★★★☆☆
"전자, 전기 제조업",UUL LIGHT,"Hop Thinh I.Z, Hop Thinh, Tam Duong, VINH PHUC",+842113825699,VINH PHUC,★★☆☆☆
"전자, 전기 제조업",Vina Anydo Electronics Company Limited,"KCN Bình Xuyên, Thị trấn Hương Canh, Hyện Bình Xuyên, Tỉnh Vĩnh Phúc",+842113866877,VINH PHUC,★★☆☆☆
"전자, 전기 제조업","VINA UNION CO.,LTD","Ba Thien II Iz, BInh Xuyen, VINH PHUC",+842113584000,VINH PHUC,★★☆☆☆
"전자, 전기 제조업","YOUNG POONG ELECTRONICS CO.,LTD","Lot CN06, Binh Xuyen II Industrial Park, Ba Hien, Binh Xuyen, VINH PHUC",+842113888833,VINH PHUC,★★★☆☆
"전자, 전기 제조업",JINYOUNG G&T,"Dong Van 1 I.P, Duy Tien, Ha Nam",+842263582030,HA NAM,★★☆☆☆
"유통, 도소매, 무역","WIDIN VINA CO., LTD","Lot CN5, Hop Thinh Industrial Cluster, Hop Thinh, Hiep Hoa, Bac Giang",+849628956160,BAC GIANG,★★☆☆☆
"유통, 도소매, 무역",AJ NETWORKS VIETNAM,"2309-1, Keangnam Hanoi Landmark Tower, Cau Giay, Me Tri, Nam Tu Liem, Hanoi",+842437450066,HA NOI,★★★☆☆
"유통, 도소매, 무역",ELI INTER VN,"So241, Ngo2, Tran Van Lai, My Dinh 1, Nam Tu Liem, Hanoi",,HA NOI,★★☆☆☆
"유통, 도소매, 무역",HUMANCEL VIN,"5F, Ladeco Bld, 266 Doi Can, Lieu Giai, Ba Dinh, Hanoi",+842432323735,HA NOI,★★★☆☆
"유통, 도소매, 무역","POLYMOS VIET NAM CO.,LTDLTD","No 3, Lane 4, Dong Me, Me Tri, Nam Tu Liem, Hanoi",+84367806824,HA NOI,★★★★☆
"유통, 도소매, 무역","SD INDUSTRIAL VINA CO.,LTD","Room 245, Floor 2, GRAND PLAZA Trade center, No 117 Tran Duy Hung, Cau Giay, Hanoi",+842436882646,HA NOI,★★★☆☆
"유통, 도소매, 무역",VIETNAM PROFESSIONAL MILK,"21st Floor, Viwaseen Tower, No. 48 To Huu, Trung Van, Nam Tu Liem, Hanoi",+842435561588,HA NOI,★★☆☆☆
"유통, 도소매, 무역",AKTS TECH COMPANY LIMITED,"No. 26, Huyen Quang 2 Street, Vo Cuong, Bac Ninh",+84976985448,BAC NINH,★★☆☆☆
"유통, 도소매, 무역",BUIL,"B19 Khu Dabaco Bo Son, Vo Cuong, Bac Ninh",+842227306880,BAC NINH,★★☆☆☆
"유통, 도소매, 무역",DAE HYUN CHEM VINA COMPANY LIMITED,"KCN Hap Linh, Khac Niem, Bac Ninh",+842226538555,BAC NINH,★★★☆☆
"유통, 도소매, 무역","DAE YOUNG CHEMICAL VINA CO.,LTD","Vinh Cat Building, No.39, Ly Thai To, Vo Cuong, Bac Ninh",,BAC NINH,★★☆☆☆
"유통, 도소매, 무역",Daekhon Vina,"CÔNG TY TNHH DAEKHON VINA Thôn Yên Lãng, Xã Yên Trung, Huyện Yên Phong, Tỉnh Bắc Ninh, Việt Nam",+842223906009,BAC NINH,★★☆☆☆
"유통, 도소매, 무역",DAON ENG VINA LIMITED COMPANY,"No 9, Hoang Hoa Tham street, Bac Ninh",+842223908655,BAC NINH,★★★☆☆
"유통, 도소매, 무역",DMK HOLDINGS COMPANY LIMITED,"1st floor, lot138, mapsheet no 66, Vo Cuong, Bac Ninh",,BAC NINH,★★☆☆☆
"유통, 도소매, 무역","DONGSIN VINA HA NOI CO.,LTD","TS 8/10, Tien Son IDZ, Tien Du, Bac Ninh",+842227302011,BAC NINH,★★★☆☆
"유통, 도소매, 무역",ESEL VINA COMPANY LIMITED,"No. 32 LK5, Ngoc Han Cong Chua, Vo Cuong, Bac Ninh",,BAC NINH,★★★★☆
"유통, 도소매, 무역","EZ TECH CO.,LTD","No 217, Nguyen Trai, Vo Cuong, Bac Ninh",+84936165158,BAC NINH,★★★☆☆
"유통, 도소매, 무역",G&G KOREA COMPANY LIMITED,"3rd floor, No 10, Vo Van Cuong Street 4, Vo Van Cuong, Bac Ninh.",+84325458211,BAC NINH,★★☆☆☆
"유통, 도소매, 무역",GEYANG VINA,"Room 505, 5th Floor, 39 Ly Thai To, Vo Cuong, Bac Ninh",+84989886714,BAC NINH,★★☆☆☆
"유통, 도소매, 무역",GK TRADING COMPANY LIMITED,"No 25, Mac Dinh Chi, Khu do thi Dai Duong, Dai Phuc, Bac Ninh",+84989430106,BAC NINH,★★☆☆☆
"유통, 도소매, 무역",GLOBAL JPC VINA COMPANY LIMITED,"KCN Khac Niem, Khac Niem, Bac Ninh",,BAC NINH,★★★☆☆
"유통, 도소매, 무역",HIVE VINA LIMITED COMPANY,"No 68 Ly Thai To, Vo Cuong, Bac Ninh",+84976494878,BAC NINH,★★☆☆☆
"유통, 도소매, 무역",JIN CHEMICAL,"No 47, DP5, Lot 10, Dai Phuc, Bac Ninh",+84967003826,BAC NINH,★★☆☆☆
"유통, 도소매, 무역",KANGENG TRADING AND SERVICE COMPANY LIMITED,"Tan Trang building, 7th floor, No 393b Nguyen Trai, Vo Cuong, Bac Ninh",+84966160028,BAC NINH,★★★☆☆
"유통, 도소매, 무역","KCT VINA CO.,LTD","Hap Linh I.C, Hap Linh, Bac Ninh",+842223720065,BAC NINH,★★☆☆☆
"유통, 도소매, 무역",KOVIFA,"충남 천안시 서북구 한들 1로 126-13 MK 빌링 2층 (한국 주소) Công ty TNHH Kovi FA Vina, tầng 4, toà nhà Mitsubishi Dương Tuấn, đường Lê Thái Tổ, thành phố Bắc Ninh (베트남 주소)",+842223893628,BAC NINH,★★★☆☆
"유통, 도소매, 무역","KUNYOUNG MATERIALS VINA CO.,LTD","Lot No. 90, Map Sheet No. 81, Vo Cuong, Bac Ninh",+842222221090,BAC NINH,★★★★☆
"유통, 도소매, 무역",KV TECH COMPANY LIMITED,"17 Kinh Bac street, Kinh Bac, Bac Ninh",+84917718169,BAC NINH,★★★☆☆
"유통, 도소매, 무역",KV VENDING,"Hoang Van Thu, Kinh Bac, Bac Ninh",+84966737227,BAC NINH,★★☆☆☆
"유통, 도소매, 무역","KYEONG DONG CO.,LTD","No 559-561, Han Thuyen, Dai Phuc, Bac Ninh",+842223826788,BAC NINH,★★☆☆☆
"유통, 도소매, 무역","MIDO CHEMICAL VINA CO.,LTD","No 77, Huyen Quang, Ninh Xa, Bac Ninh",+842223812826,BAC NINH,★★☆☆☆
"유통, 도소매, 무역",MIRAE HIGHTECH VINA COMPANY LIMITED,"No. 17 Luong The Vinh, Ninh Xa, Bac Ninh",+842222212899,BAC NINH,★★★☆☆
"유통, 도소매, 무역",MISUMI VIETNAM,"Lot 15, Road TS11, Tien Son I.Z, Hoan Son, Bac Ninh",+842223611555,BAC NINH,★★☆☆☆
"유통, 도소매, 무역",N-GROUP COMPANY LIMITED,"No 6 Le Thai To, Bo Son, Vo Cuong, Bac Ninh",+842226288819,BAC NINH,★★☆☆☆
"유통, 도소매, 무역",NEXTWAY VIETNAM,"Ngan Cau, Tt. Cho, Yen Phong, Bac Ninh",+842223891265,BAC NINH,★★★☆☆
"유통, 도소매, 무역",ORFE VIET NAM,"No 21 Ho Ngoc Lan, Kinh Bac, Bac Ninh",+842226537555,BAC NINH,★★☆☆☆
"유통, 도소매, 무역",PI TECH VINA COMPANY LIMITED,"Lot 06, Le Thai To, Vo Cuong, Bac Ninh",+84373142379,BAC NINH,★★★☆☆
"유통, 도소매, 무역",PL TECH COMPANY LIMITED.,"VNPT building, no 33 Ly Thai To, Bac Ninh",+842223634616,BAC NINH,★★★★☆
"유통, 도소매, 무역","PLACHEM VINA CO.,LTD",Que vo industrial Zone Phuong Lieu Bac ninh Provice Viet Nam,+842222395206,BAC NINH,★★★☆☆
"유통, 도소매, 무역",PMS VINA,"Giang Lieu, Phuong Lieu, QueVo, BacNinh Province, VietNam",+842222220155,BAC NINH,★★☆☆☆
"유통, 도소매, 무역",SD CHEMICAL VINA,"No 33 Ly Thai To, Ninh Xa, Bac Ninh",+842226558964,BAC NINH,★★☆☆☆
"유통, 도소매, 무역",SEBONG VINA CORP,"2F CC2 Lot, Yen Phong I.Z, Yen Trung, Yen Phong, Bac Ninh",+842226271024,BAC NINH,★★☆☆☆
"유통, 도소매, 무역",SEHYUN TRADE,"Lot 10, New urban area project, Le Thai To, Vo Cuong, Bac Ninh",+842223952500,BAC NINH,★★★☆☆
"유통, 도소매, 무역",SEOI VINA TRADE COMPANY LIMITED,"No 04, Huyen Quang 2, Vo Cuong, Bac Ninh",+84968099583,BAC NINH,★★☆☆☆
"유통, 도소매, 무역","SLS CHEM & TECH CO.,LTD","Lot H2-1-3B, Dai Dong Hoan Son I.P, Tri Phuong, Tien Du, Bac Ninh",+842222220118,BAC NINH,★★☆☆☆
"유통, 도소매, 무역","SMART TD VINA CO.,LTD","A6, Huyen Quang Residence Zone, Vo Cuong 42, Vo Cuong, Bac Ninh",+842223893628,BAC NINH,★★★☆☆
"유통, 도소매, 무역",SY CHEM VINA COMPANY LIMITED,"68 Ly Thai To, Vo Cuong, Bac Ninh",+842223906895,BAC NINH,★★☆☆☆
"유통, 도소매, 무역",TAE KYOUNG HI-TECH VINA COMPANY LIMITED,"Lot no 82, mapsheet no 81, Le Thai To, Vo Cuong, Bac Ninh",+8422222200,BAC NINH,★★★☆☆
"유통, 도소매, 무역",TAEHA VINA,"No.18 Binh Than Road, Dai Phuc Ward, Bac Ninh City",+842223969998,BAC NINH,★★★★☆
"유통, 도소매, 무역",TOOLTOP VINA,"Lot 25N10, No 70, Ly Nhan Tong, Vo Cuong, Bac Ninh",+842223828269,BAC NINH,★★★☆☆
"유통, 도소매, 무역",VIETKO VIETNAM,"So 10, LK10, D Vo Cuong 4, Vo Cuong, Bac Ninh",+842226528112,BAC NINH,★★☆☆☆
"유통, 도소매, 무역",VROS,"Lot NX02C, Que Vo expansion I.Z, Phuong Lieu, Que Vo, Bac Ninh",+842223635321,BAC NINH,★★☆☆☆
"유통, 도소매, 무역",WELLMADEPAPER VINA COMPANY LIMITED,"Room 803, 8th floor, lot 6, Cat Tuong ECO building, Le Thai To, Vo Cuong, Bac Ninh",+84972884298,BAC NINH,★★☆☆☆
"유통, 도소매, 무역",WISECOM VINA COMPANY LIMITED,"Lot 2, Room 02, 9th Floor, V-City Commercial Building, Le Thai To, Vo Cuong, Bac Ninh",+843650538250,BAC NINH,★★★☆☆
"유통, 도소매, 무역","WU XIN VINA CO.,LTD","1st Floor, A3 Building, lot 3, Hoa Long - Kinh Bac, Kinh Bac, Bac Ninh",+84977930041,BAC NINH,★★☆☆☆
"유통, 도소매, 무역","YEONGIL INDUSTRIAL EQUIPMENT VIETNAM Co.,Ltd","8th Floor, VNPT Building, 33 Ly Thai To, Ninh Xa, Bac Ninh",+842223660400,BAC NINH,★★☆☆☆
"유통, 도소매, 무역","BION IMPORT-EXPORT ONE MEMBER CO.,LTD","No. 5 Da Man 14, Khue My, Ngu Hanh Son, Da Nang",+84916333608,DA NANG,★★★☆☆
"유통, 도소매, 무역",CHAM VK COMPANY LIMITED,"24 Phan Boi Chau, Thach Thang, Hai Chau, Da Nang",+84915086570,DA NANG,★★☆☆☆
"유통, 도소매, 무역","COSME-V CO.,LTD","286 Ton Duc Thang, Hoa Minh, Lien Chieu, Da Nang",+84766699914,DA NANG,★★★☆☆
"유통, 도소매, 무역","DAIJIN VINA CO.,LTD","Lot U1-U3, 10B and Road Side DT 602, Expanded Hoa Khanh I.Z, Hoa Khanh Bac, Lien Chieu, Da Nang",+842363641788,DA NANG,★★★★☆
"유통, 도소매, 무역","DELIVERY K CO.,LTD","3F, 685 Ngo Quyen, An Hai Bac, Son Tra, Da Nang",+84934860001,DA NANG,★★★☆☆
"유통, 도소매, 무역","DIVIDE GROUP Co.,Ltd","26 An Cu 5, An Hai Bac, Son Tra, Da Nang",+842363848299,DA NANG,★★☆☆☆
"유통, 도소매, 무역","KESAN VIET NAM CO.,LTD","74,30-4 Str Hoa Cuong Bac, Hai Chau, Da Nang",,DA NANG,★★☆☆☆
"유통, 도소매, 무역","KWANG DONG VINA CO.,LTD","54 Dien Bien Phu, Thanh Khe, Da Nang",+842363741742,DA NANG,★★☆☆☆
"유통, 도소매, 무역","LF DA NANG CO.,LTD","Lot 103, 30 Thang 4, Hoa Cuong Bac, Hai Chau, Da Nang",,DA NANG,★★★☆☆
"유통, 도소매, 무역",MG-TRADE VINA COMPANY LIMITED,"9th floor, PV Combank Building, No. 2, 30-4 Hoa Cuong Bac, Hai Chau, Da Nang",+84345328124,DA NANG,★★☆☆☆
"유통, 도소매, 무역","MODA CO.,LTD","No. 01 Bui Thi Xuan, An Hai Tay, Son Tra, Da Nang",,DA NANG,★★☆☆☆
"유통, 도소매, 무역","SEONG MIN INTERNATIONAL CO.,LTD","K27/16 Ngu Hanh Son, My An, Ngu Hanh Son, Da Nang",,DA NANG,★★★☆☆
"유통, 도소매, 무역","SWEETBOX - MART24 CO.,LTD","136 Kinh Duong Vuong, Hoa Minh, Lien Chieu, Da Nang",+84869733368,DA NANG,★★☆☆☆
"유통, 도소매, 무역","VN H2 GLOBAL CO.,LTD","Lot B5-06, Ha Quy Ngoc, Phuong Phu My, Son Tra, Da Nang",+84905242045,DA NANG,★★★☆☆
"유통, 도소매, 무역","MIRETECH VIET NAM CO., LTD","Factory Factory 12.2, Lot P., KCN Dong Van II, Duy Minh, Duy Tien, Ha Nam",+84904614754,HA NAM,★★★★☆
"유통, 도소매, 무역","SHINTECH VINA CO.,LTD","Chau Son IP, Phu Ly, Ha Nam",+842263763388,HA NAM,★★★☆☆
"유통, 도소매, 무역",42 INTERNATIONAL,"15F Sao Mai Bd., 19Le Van Luong Dist., Thanh Xuan Dist., Hanoi., Vietnam",+84888421015,HA NOI,★★☆☆☆
"유통, 도소매, 무역",A-SUNG INTERNATIONAL VINA,"06th Floor, 3D Building, No 3 Duy Tan, Dich Vong Hau, Cau Giay, Hanoi",+842432061888,HA NOI,★★☆☆☆
"유통, 도소매, 무역",ACE MART,"B3 Nguyen Thi Thap, Trung Hoa Nhan Chinh, Thanh Xuan, Hanoi.",,HA NOI,★★☆☆☆
"유통, 도소매, 무역",ALADDIN VINA,"No.128 Vo Chi Cong, Xuan La, Tay Ho, Hanoi",+842432121635,HA NOI,★★★☆☆
"유통, 도소매, 무역",AMI VINA,"P.1914-3, Tang 19 Keangnam Hanoi Landmark Tower, Khu E6, Cau Giay, Me Tri, Nam Tu Liem, Hanoi",+842462823023,HA NOI,★★☆☆☆
"유통, 도소매, 무역",ANGEL VIETNAM JSC,"No.107, Nguy Nhu Kon Tum, Nhan Chinh Thanh Xuan, Hanoi",+842835127317,HA NOI,★★☆☆☆
"유통, 도소매, 무역","ANYCOMTECH Co.,Ltd","Villa 02-02 KDT Roman Plaza, To Huu, Dai Mo, Nam Tu Liem, Hanoi",+842466603638,HA NOI,★★★☆☆
"유통, 도소매, 무역",ARA FLOWER AND GIFT,"No. 51 Do Dinh Thien, TT4 Song Da - My Dinh, Tu Liem, Hanoi",+842432029011,HA NOI,★★☆☆☆
"유통, 도소매, 무역",B&M INDUSTRY,"R.4405, C5, D’capitale, Tran Duy Hung, Cau Giay, Hanoi",,HA NOI,★★★☆☆
"유통, 도소매, 무역",BachLien Joint stock company (VietMRO),"No 10 Chuong Duong Do Street, Hoan Kiem District, Ha Noi City",+842439327905,HA NOI,★★★★☆
"유통, 도소매, 무역",BALLOONSTIX KOREA VIETNAM REPRESENTATIVE OFFICE,"#302, 22 Nguyen Khang, Yen Hoa, Cau Giay, Hanoi",,HA NOI,★★★☆☆
"유통, 도소매, 무역",BLACKYAK,"6F, Star Tower, Duong Dinh Nghe, Cau Giay, Hanoi",+842466842513,HA NOI,★★☆☆☆
"유통, 도소매, 무역",BOSUNG ENG VIET NAM,"No.A22, 88 Lane, Trung Kinh, Yen Hoa, Cau Giay, Hanoi",,HA NOI,★★☆☆☆
"유통, 도소매, 무역",BURIM CHEMICAL VINA,"3D center, 3 Duy Tan, Dich Vong, Cau Giay, Hanoi",,HA NOI,★★☆☆☆
"유통, 도소매, 무역","CARPOST CO.,LTD","HOME CITY, Nguyen Chanh, Cau Giay, Hanoi",+842466640351,HA NOI,★★★☆☆
"유통, 도소매, 무역","CENTURY GLOBAL VINA CO.,LTD","15F, Nam Cuong B/D, Km4, To Huu, La Khe, Ha Dong, Hanoi",+842462693368,HA NOI,★★☆☆☆
"유통, 도소매, 무역",CHANGWOO VINA ELECTRONICS,"Room 621, CIC Tower, No 2, 219 Lane, Trung Kinh, Yen Hoa, Cau Giay. Hanoi",,HA NOI,★★☆☆☆
"유통, 도소매, 무역","CHONG RO HA NOI CO., LTD","No.52, The Shop House Area of Gamuda Gardens, Phap Van, Yen So, Hoang Mai, Hanoi City, Vietnam",+842473020304,HA NOI,★★★☆☆
"유통, 도소매, 무역",CHUNGHO VINA,"No.11, N04A Lot, Dich Vong Hau new urban area, Dich Vong ward, Cau Giay district, Hanoi",+84977405198,HA NOI,★★☆☆☆
"유통, 도소매, 무역","COANMY CO.,LTD","8th Floor, Lotus Building, 2 Duy Tan, Cau Giay, Hanoi",+842432262800,HA NOI,★★★☆☆
"유통, 도소매, 무역","COMMO VINA Co.,Ltd","So 18, Me Tri, Nam Tu Liem, Hanoi",+842437851555,HA NOI,★★★★☆
"유통, 도소매, 무역",Coway Vietnam,"5th Fl., 142 Doi Can Bldg., Ba Dinh Dist., Ha Noi",+842462552288,HA NOI,★★★☆☆
"유통, 도소매, 무역",COWAY VINA,"Floor 9, Peakview Tower, 36 Hoang Cau, Cho Dua, Dong Da, Hanoi",+842437590888,HA NOI,★★☆☆☆
"유통, 도소매, 무역","COWIN VINA CO.,LTD","M3, CT1, My Dinh Song Da, Nam Tu Liem, Hanoi",+84766082828,HA NOI,★★☆☆☆
"유통, 도소매, 무역","CUUBAN., JSC","So 21A, Ngo 110 Trung Kinh, Yen Hoa, Cau Giay, Hanoi",+842473078080,HA NOI,★★☆☆☆
"유통, 도소매, 무역",CYBER TECH,"2nd Floor, The Sun Tower, Lot HH1 Me Tri Ha, Nam Tu Liem, Hanoi",+842437648882,HA NOI,★★★☆☆
"유통, 도소매, 무역",D&W PARTNERS,"6th Fl., Keangnam Landmark Tower, Nam Tu Liem, HaNoi",+84985657260,HA NOI,★★☆☆☆
"유통, 도소매, 무역",DAEDONG VIETNAM TOTAL TRADING,"So 9, ngo 267, Hoang Hoa Tham, Lieu Giai, Ba Dinh, Hanoi BRANCH: Phuong Lieu, Que Vo, Bac Ninh",+84934640930,HA NOI,★★☆☆☆
"유통, 도소매, 무역",DARAM,"LK02-02, Hai Phat Plaza Commercial Complex and Service Apt., Dai Mo, Nam Tu Liem, Hanoi",+842466603638,HA NOI,★★★☆☆
"유통, 도소매, 무역",DKSH VIETNAM,"10th Floor, CEO Tower, Lot HH 2-1, Me Tri Ha, Pham Hung, Hanoi",+842437877979,HA NOI,★★☆☆☆
"유통, 도소매, 무역","Dong Hanh C&T Co., Ltd","An Binh City, Pham Van Dong str., Co Nhue 1, Bac Tu Liem Dist., Hanoi",+84908382077,HA NOI,★★★☆☆
"유통, 도소매, 무역",DONGHO E&C,"12-H2, Yen Hoa, Yen Hoa, Cau Giay, Hanoi",,HA NOI,★★★★☆
"유통, 도소매, 무역","DONGYANGNONGSAN INVESTMENT TRADING CO.,LTD","Lo 13, khu cong nghiep Lai Yen, Hoai Duc, Lai Yen, Hoai Duc, Hanoi",+842435202339,HA NOI,★★★☆☆
"유통, 도소매, 무역",DOVLE VINA,"LK1-D06, Khu do thi Bac An Khanh, An Khanh, Hoai Duc, Hanoi",,HA NOI,★★☆☆☆
"유통, 도소매, 무역","DSP VINA CO.,LTD","So.5, Villa D, The Manor, My Dinh Song Da, Hanoi",+842435550909,HA NOI,★★☆☆☆
"유통, 도소매, 무역","E-CHEM CO.,LTD","23rd floor 06, KeangNam Landmark 72, Pham Hung Street, Me Tri Ward, nam Tu Liem, Ha Noi, Vietnam",+842437960036,HA NOI,★★☆☆☆
"유통, 도소매, 무역",EXSO,"So 22, Lien Ke 14A, KDT Van Phu, Ha Dong, Hanoi",+842466828363,HA NOI,★★★☆☆
"유통, 도소매, 무역",FLEX GOLF,"69 Trần Quốc Hoàn, Cầu Giấy",,HA NOI,★★☆☆☆
"유통, 도소매, 무역",GBS,"C5 D-Capital, 119 Tran Duy Hung, Trung Hoa Ward, Cau Giay District, Ha Noi Viet Nam",+84886409171,HA NOI,★★☆☆☆
"유통, 도소매, 무역",GCOOP VietNam,"Tang 16. Daeha Business Center, 360 Kim Ma, Phuong Ngoc Khanh, Quan Ba Dinh, Hanoi",+842432011549,HA NOI,★★★☆☆
"유통, 도소매, 무역",GENESIS VIET NAM,"987 Tam Trinh, Yen So Ward, Hoang Mai, Hanoi",,HA NOI,★★☆☆☆
"유통, 도소매, 무역","GIAVU MEDICAL CO.,LTD","7F, 15 Yen Lang, Dong Da, Hanoi",+842466594060,HA NOI,★★★☆☆
"유통, 도소매, 무역","GLK VINA CO., LTD​","TT04.12 Mon City Urban Area, Lane 4, Ham Nghi Street, My Dinh 2 Ward, Nam Tu Liem District, Ha Noi city, Viet Nam",,HA NOI,★★★★☆
"유통, 도소매, 무역",GOLD-SENGSU,"So nha 13, Ngo 87, to 3, Phu Do, Nam Tu Liem, Hanoi",+842422010215,HA NOI,★★★☆☆
"유통, 도소매, 무역",GRADICO,"So 40, Ngo 100 Dich Vong Hau, Cau Giay, Hanoi",+849110088770,HA NOI,★★☆☆☆
"유통, 도소매, 무역","GREEN FOOD INVESTMENT & DEVELOPMENT CO.,LTD","B27 Nguyen Thi Dinh, Nhan Chinh, Thanh Xuan, Hanoi",+842462941497,HA NOI,★★☆☆☆
"유통, 도소매, 무역","HA DONG CO.,LTD","Tan Hoi Village, Dan Phuong, Hanoi",+842433632707,HA NOI,★★☆☆☆
"유통, 도소매, 무역",HAN BIT NANO MEDICAL,"202 Thuong Dinh, Thanh Xuan, Hanoi",+842473056288,HA NOI,★★★☆☆
"유통, 도소매, 무역","HANKO ABRASIVES Co.,Ltd","Khu sản xuất kinh doanh Bãi Dầm, Xã Kim Nỗ, Huyện Đông Anh, Thành phố Hà Nội, Việt Nam",+842432055289,HA NOI,★★☆☆☆
"유통, 도소매, 무역",HA NOI OUTLET,"13 Tran Van Lai, My Dinh Song Da, Hanoi",+842435553886,HA NOI,★★☆☆☆
"유통, 도소매, 무역","HANVIET INTERNATIONAL TRADING CO.,LTD","Dong But, Ngoc Liep, Quoc Oai, Hanoi",+842433844586,HA NOI,★★★☆☆
"유통, 도소매, 무역",HAPPY COOK,"12D, Lo A10, KDT Nam Trung Yen, Yen Hoa, Cau Giay, Hanoi BRANCH: Cao oc An Khanh, 52 Song Hanh, An Phu, Quan 2, HO CHI MINH",+842462816900,HA NOI,★★☆☆☆
"유통, 도소매, 무역",HAPPY L&B VIET NAM,"Lô A17, Khu Liên Cơ, Phường Cầu Diễn, Quận Nam Từ Liêm – Hà Nội",+842473009985,HA NOI,★★★☆☆
"유통, 도소매, 무역","HEERAE VINA CO.,LTD","5F, Sudico Building, Me Tri, My Dinh 1, Nam Tu Liem, Hanoi",+842432011335,HA NOI,★★★★☆
"유통, 도소매, 무역",HEKAMI VIETNAM,"No.7, Area C My Dinh's Residence Project, Residential Group 10, Nhan My, My Dinh 1 Ward, South Tu Liem District, Ha Noi city, Viet Nam.",,HA NOI,★★★☆☆
"유통, 도소매, 무역","HIAB KANGLIM VINA CO.,LTD","p102. K12, Viet Hung, Viet Hung, Long Bien, Hanoi",+842436503222,HA NOI,★★☆☆☆
"유통, 도소매, 무역","HITEJINRO VIETNAM Co.,Ltd","Tầng 31, tòa nhà Handico, khu đô thị mới Mễ Trì Hạ, đường Phạm Hùng, Phường Mễ Trì, Quận Nam Từ Liêm, Thành Phố Hà Nội, Việt Nam.",+842462822958,HA NOI,★★☆☆☆
"유통, 도소매, 무역",HOA GAIN,"No 3, Lane 1800, Đình Thôn street, My dinh 1 Nam Tu Liem, Hanoi",+842437836100,HA NOI,★★☆☆☆
"유통, 도소매, 무역","ICON INTERNATIONAL CO.,LTD","Tầng 1,Căn 11-D, Khu nhà ở thấp tầng tại ô đất A10, KĐT Nam Trung Yên, Yên Hòa, Cầu Giấy, Hà Nội",+84973217844,HA NOI,★★★☆☆
"유통, 도소매, 무역",IKP Il Kwang Polymer – Viet Nam,"A310a Toa Nha The Manor Duong Me Tri P.My Dinh !.Q.Nam Tu Liem,T.P Ha Noi",+842473079998,HA NOI,★★☆☆☆
"유통, 도소매, 무역",IMARKET VIETNAM,"12F, Charmvit Tower, 117 Tran Duy Hung, Cau Giay, Ha Noi",+842473018700,HA NOI,★★☆☆☆
"유통, 도소매, 무역","INABATA VIETNAM Co.,Ltd","Unit 902B, Floor 6th, Sun Red River Building, 23 Phan Chu Trinh, Hoan Kiem, Hanoi BRANCH: Saigon Centre, Floor 07, unit 05, 65 Le Loi Boulevard, Dist 1, HO CHI MINH",+842437725119,HA NOI,★★★☆☆
"유통, 도소매, 무역","INOX FACTORY CO.,LTD.","Lot 42C, Quang Minh Industrial Park, Quang Minh Town, Me Linh District, Ha Noi City, Vietnam",+842432006923,HA NOI,★★☆☆☆
"유통, 도소매, 무역",J SQUARE KOREA,"N4-4, Song Hoang, 13 Alley Linh Nam, Mai Dong, Hoang Mai, Hanoi",+842436339263,HA NOI,★★★☆☆
"유통, 도소매, 무역","JA VINA CO.,LTD","Tang 2-4, lo 110 (kieu nha 2B-TT3) , khu do thi moi My Dinh, Me Tri, My Dinh 1, Nam Tu Liem, Hanoi",,HA NOI,★★★★☆
"유통, 도소매, 무역",JCA VINA,"No.2 89 Alley Nguyen Phong Sac, Cau Giay, Ha Noi",+84388050153,HA NOI,★★★☆☆
"유통, 도소매, 무역",JIN HEALTHY LIFE,"2nd floor, AC building, Alley 78 Duy Tân street, Dich Vong Hau ward, Cau Giay district, Hanoi",+84961482878,HA NOI,★★☆☆☆
"유통, 도소매, 무역",K&K GLOBAL TRADING (K-MARKET),"Lo CN-4, Duong Hanh Phuc, KCN Phu Nghia, Chuong My, Hanoi",+842437805210,HA NOI,★★☆☆☆
"유통, 도소매, 무역",KAKA,"Lot 13, Lai Yen I.C, Hoai Duc, Hanoi",+842866852358,HA NOI,★★☆☆☆
"유통, 도소매, 무역","KEYSTONE CO.,LTD","Unit 0306, W1 Building, Vinhomes West Point, Lot HH, Pham Hung, Me Tri, Nam Tu Liem, Hanoi",,HA NOI,★★★☆☆
"유통, 도소매, 무역",KKGLOBAL VIETNAM JSC,"2nd Floor, A tower, Golden Palace Buildings, Me Tri, Nam Tu Liem, Hanoi",,HA NOI,★★☆☆☆
"유통, 도소매, 무역",KOAS VIETNAM,"Unit 11-11F Charmvit Tower, 117 Tran Duy Hung, Cau Giay, Hanoi",+842432222395,HA NOI,★★☆☆☆
"유통, 도소매, 무역","KOBELCO COMPRESSORS VIET NAM Co.,Ltd","Lot 30-31 Auction Zone, Group 23, Bo De, Long Bien, Hanoi BRANCH: So 3 Dang Huu Pho, Quarter 2, Thao Dien, Dist.2, HO CHI MINH",+842439447781,HA NOI,★★★☆☆
"유통, 도소매, 무역",KOREA NONG HYUP RED GINSENG,"3rd floor, 7-storey building, No.92 Me Tri Ha, Me Tri, Nam Tu Liem, Hanoi",+842432004290,HA NOI,★★☆☆☆
"유통, 도소매, 무역","KOREA RENTAL VINA Co.,Ltd","10th floor, Nam Cuong Office Bld., Km 4 To Huu, La Khe, Ha Dong, Hanoi BRANCH: 2nd floor, Central Park Building, 208 Nguyen Trai, Pham Ngu Lao, Dist 1, HO CHI MINH",+842432010311,HA NOI,★★★☆☆
"유통, 도소매, 무역","Koreagift vietnam CO.,LTD","15F, Toa Nha Song da , Pham Hung, Nam Tu Liem, Hanoi",+84766249754,HA NOI,★★★★☆
"유통, 도소매, 무역",KOVINA INVESTMENT TRADING SERVICES JSC,"So 87, Ngo 271 Pho Bui Xuong Trach, Thanh Xuan, Hanoi",,HA NOI,★★★☆☆
"유통, 도소매, 무역",KPM TECH VINA,"Lot CN-09-20, Ninh Hiep I.C, Ninh Hiep, Gia Lam, Hanoi",+842432008222,HA NOI,★★☆☆☆
"유통, 도소매, 무역",KU GTEP,"301, Sanghu hall, 120, Neungdong-ro, Gwangjin-gu, Seoul, Republic of Korea",+848202458744,HA NOI,★★☆☆☆
"유통, 도소매, 무역",KVC VIET NAM JSC,"435 Nguyen Khang, Yen Hoa, Cau Giay, Hanoi. BRANCH: 4 Floor, VTP Tower, 08 Nguyen Hue, 01 District, HO CHI MINH",+842473050008,HA NOI,★★☆☆☆
"유통, 도소매, 무역","LAGUNA BEACH CO.,LTD","1st floor, CC2, Me Tri, My Dinh 1, Nam Tu Liem, Hanoi",+84926423014,HA NOI,★★★☆☆
"유통, 도소매, 무역",LDK VINA,"Lo 3.8 manh 1 Du an Bao an ninh Thu do, My Dinh 2, Nam Tu Liem, Hanoi",+842462601546,HA NOI,★★☆☆☆
"유통, 도소매, 무역",LE BAO MINH HA NOI BRANCH,"130 Giang Vo, Ba Dinh, Hanoi",+842437226666,HA NOI,★★☆☆☆
"유통, 도소매, 무역",LFD VINA,"LK1-O09_Bac An Khanh, Hoai Duc, Hanoi",+842466641500,HA NOI,★★★☆☆
"유통, 도소매, 무역",Lilymag Flower & Garden Vietnam,"25 Tay ho Street, Quang An , Tay Ho. Hanoi",+84815647013,HA NOI,★★☆☆☆
"유통, 도소매, 무역",LOCK & LOCK HN,"Lo R2-L2-17&R2-L2-18. Khu van phong Royal City, Toa R2, So 72A, Nguyen Trai, Thanh Xuan, Ha Noi.",+842466640060,HA NOI,★★★☆☆
"유통, 도소매, 무역",LOTTE PHU KHANH DUTY FREE TRADING COMPANY LIMITED,"6th floor, Central Vietnam Helicopter Building, Nguyen Van Linh St., Thac Gian Ward, Thanh Khe Dist., Danang City, Vietnam",+842363865882,HA NOI,★★★★☆
"유통, 도소매, 무역",L’OR PREMIUM OUTLET,"Lot 69, TT4, My Dinh, Me Tri, Tu Liem, Hanoi",+842437878983,HA NOI,★★★☆☆
"유통, 도소매, 무역",Mitsubishi Materials Trading Corp. Hanoi office,"2nd Floor DMC Building, 535 Kim Ma Street, Ngoc Khanh ward, Ba Dinh, Hanoi, Vietnam",+842466847978,HA NOI,★★☆☆☆
"유통, 도소매, 무역",N.A.C.F.(National Agricultural Cooperative Federation),"1719 WEST BUILDING, LOTTE CENTER",+842433336079,HA NOI,★★☆☆☆
"유통, 도소매, 무역",NAGASE VIETNAM,"Unit 12.03, CornerStone building, No. 16 Phan Chu Trinh, Hoan Kiem, Hanoi",+842439264126,HA NOI,★★☆☆☆
"유통, 도소매, 무역","NH Trading Co., Ltd.","P1103, Daeha business center, 360 Kim Ma, Ngoc Khanh, Ba Dinh, Hanoi, Vietnam",+842438230014,HA NOI,★★★☆☆
"유통, 도소매, 무역","NISSIN VIETNAM INTERNATIONAL CO.,LTD","3F, 42 Sai Dong, Long Bien, Hanoi",+842438766333,HA NOI,★★☆☆☆
"유통, 도소매, 무역",NOBLE MOMENT CAFE,"232(A51) Hoang Ngan, Trung Hoa, Cau Giay, Hanoi",+842466865935,HA NOI,★★☆☆☆
"유통, 도소매, 무역",NTP-TECH JOINT STOCK COMPANY,"Số 5 Khu đô thị Mễ Trì Hạ, Đường Mễ Trì Hạ, Phường Mễ Trì, Quận Nam Từ Liêm, Thành phố Hà Nội, Việt Nam.",+84976139348,HA NOI,★★★☆☆
"유통, 도소매, 무역",OFFIART,"Villa D-12 The Manor, My Dinh, Tu Liem, Hanoi",+842437878785,HA NOI,★★☆☆☆
"유통, 도소매, 무역",OKAMURA INTERNATIONAL VIETNAM,"29 Lieu Giai, Ngoc Khanh Ward, Ba Dinh District, Ha Noi City",+842473006879,HA NOI,★★★☆☆
"유통, 도소매, 무역",OMRON VIETNAM,"9th Fl, Mipec Tower, 229 Tay Son, Hanoi",+842435563444,HA NOI,★★★★☆
"유통, 도소매, 무역",Onefood Vietnam Trading,"so 2. Lo So3 Thuoc Nha May Ong Noi Thep Song Da Sao Viet - Cum Cong Nghiep Lai Xa, Xa Kim Chung, Huyen Hoai Duc, TP, Ha Noi",+84913030340,HA NOI,★★★☆☆
"유통, 도소매, 무역","OSL ENG VINA CO.,LTD","Room 211, 2nd floor, Kim Anh building, No. 01, Lane 78, Duy Tan, Dich Vong Hau, Cau Giay, Hanoi.",+84945792100,HA NOI,★★☆☆☆
"유통, 도소매, 무역",PANASIA VIETNAM,"#0303, Pan Pacific Hotel, No.1 Thanh Nien, Hanoi",+842437154192,HA NOI,★★☆☆☆
"유통, 도소매, 무역",Pet Story,"Villa E11,the manor,my dinh song da,Hanoi",+84902177732,HA NOI,★★☆☆☆
"유통, 도소매, 무역","PINEWOODS CO.,LTD","Room 0824, BuilingC2,D Capital,119 Tran Duy Hung ,Cau Giay,Hanoi",+84968783188,HA NOI,★★★☆☆
"유통, 도소매, 무역",PLUS MART,"Lot E6.9, Pham Hung, Tu Liem, Hanoi",+849647810070,HA NOI,★★☆☆☆
"유통, 도소매, 무역",POONGCHIN VINA,"Trung Duong, Kieu Ky, Gia Lam, Hanoi",+842436783723,HA NOI,★★☆☆☆
"유통, 도소매, 무역",POSCO INTERNATIONAL,"Room 1105-1106, 11F, Daeha Business Center, 360 Kim Ma, Ba Dinh, Ha Noi",+842438315220,HA NOI,★★★☆☆
"유통, 도소매, 무역",RCE-VINA COMPANY LIMITED,"4th Floor The Sun Building, Me Tri Street, Me Tri Ward, Nam Tu Liem District, Hanoi, Vietnam",+84348549283,HA NOI,★★☆☆☆
"유통, 도소매, 무역","RENO SMI VN CO.,LTD","8th Fl, CEO building, Me Tri Ha, Pham Hung, Me Tri, Nam Tu Liem, Hanoi",+84855450801,HA NOI,★★★☆☆
"유통, 도소매, 무역",REXTECH INC,"Phong 203 D14/D6 khu do thi moi Cau Giay, Tran Thai Tong, Dich Vong, Cau Giay, Hanoi",+842466509294,HA NOI,★★★★☆
"유통, 도소매, 무역",SAMWOOELECO HA NOI,"5F, CIT B/D, No6, Lane 15, Duy Tan, Dich Vong Hau, Cau Giay, Hanoi",+842432123107,HA NOI,★★★☆☆
"유통, 도소매, 무역","SAMYANG ANIPHARM CO.,LTD","no 29, N7A, Nguyen Thi Thap, Trung Hoa Nhan Chinh, Hanoi",+842462979851,HA NOI,★★☆☆☆
"유통, 도소매, 무역",SEIN T&T VIETNAM,"Lot NV-B22, Trung Hoa Nhan Chinh, Thanh Xuan, Hanoi",+842462818076,HA NOI,★★☆☆☆
"유통, 도소매, 무역",SHINWOO P&C VINA,"Floor 11, 3D Creative Center Vietnam Building, 3 Duy Tan, Dich Vong Hau, Cau Giay, Hanoi",+842462537406,HA NOI,★★☆☆☆
"유통, 도소매, 무역",SHL VINA TRADING,"Room 624, Floor 6, CIC TOWER, No.2, Lane 219, Trung Kinh Street, Yen Hoa Ward, Cau Giay District, Hanoi",+842471018688,HA NOI,★★★☆☆
"유통, 도소매, 무역","SI NETWORKS CO.,LTD","Khu Tây Đoài, Xã Phù Lỗ, Huyện Sóc Sơn, Thành Phố Hà Nội, Việt Nam",+842432047345,HA NOI,★★☆☆☆
"유통, 도소매, 무역",SINDOH VINA MARKETING,"3rd floor, Dong Loi Building, no.2 + 4, Alley 1160, Lang, Lang Thuong, Dong Da, Hanoi",+842432003850,HA NOI,★★☆☆☆
"유통, 도소매, 무역",SINGGREEN VINA,"17F, Charmvit Tower, 117 Tran Duy Hung, Trung Hoa Nhan Chinh, Cau Giay, Hanoi",+84974049446,HA NOI,★★★☆☆
"유통, 도소매, 무역","SMBL CO., LTD","3rd floor, Phuong Dong Golf Building, Tan My, Nam Tu Liem, Hanoi",+842437877700,HA NOI,★★☆☆☆
"유통, 도소매, 무역","SOLA ETM SERVICE & TRADING Co.,Ltd","Add 1 : Thon Phu VInh, An Khanh, Hoai Duc, Hanoi Add 2 : Lo 109-TT3, KDT My Dinh Song Da, Tu Liem, Hanoi BRANCH: [Presentation] A12, Khu nha o Phu My, QL51, Tan Phuoc, Phu My, Ba Ria Vung Tau",+842437740888,HA NOI,★★★☆☆
"유통, 도소매, 무역","SP GLOBAL CO., LTD","BT1-D14, Khu đô thị Splendora, Km 10+600 Đại lộ Thăng Long, xã An Khánh, huyện Hoài Đức, Hà Nội, Việt Nam",+842432022600,HA NOI,★★★★☆
"유통, 도소매, 무역",SUNGSHIN MATERIAL,"26th Floor, Song Da Building, Pham Hung, My Dinh 1, Nam Tu Liem, Hanoi",+842462910689,HA NOI,★★★☆☆
"유통, 도소매, 무역","SUNGSHIN NETWORK CO.,LTD","6F, TTC Tower, 19 Duy Tan, Dich Vong Hau, Cau Giay, Hanoi",,HA NOI,★★☆☆☆
"유통, 도소매, 무역",Tanmy Design,"61 Hang Gai, Hoan Kiem District, Hanoi",+842439381154,HA NOI,★★☆☆☆
"유통, 도소매, 무역",THE KITCHEN,"Ngu Cau, Xa An, Hoai Duc, Hanoi",+84987005292,HA NOI,★★☆☆☆
"유통, 도소매, 무역",THE ONE TRADE COMPANY,"B4511 KEANGNAM APT Phạm Hùng, Cầu Giấy, Hà Nội",+84858927186,HA NOI,★★★☆☆
"유통, 도소매, 무역",TPLUS TECHNOLOGY EXCHANGE AND INVESTMENT JSC,"TT 17-18, Honor Village No. 204 Nguyen Tuan, Hanoi",+84828826299,HA NOI,★★☆☆☆
"유통, 도소매, 무역","TRAVIS VINA ELEVATOR CO.,LTD","Room 2101, A3 Building, Ecolife Capitol project, 58 To Huu, Me Tri, Nam Tu Liem, Hanoi",+842432006858,HA NOI,★★☆☆☆
"유통, 도소매, 무역",VATECH VIET,"2F Ecolife Tay ho, Tay Ho Tay Urban, Xuan La Ward, Tay Ho District, Hanoi",+842432262924,HA NOI,★★★☆☆
"유통, 도소매, 무역",Vibey,"13F, Sun Square BLDG., 21 Le duc tho Street, Nam Tu Liem Dist., Hanoi",+84902241518,HA NOI,★★☆☆☆
"유통, 도소매, 무역",VIET KOREA TRADE,"Lo E6.9 Duong Pham Hung, Nam Tu liem, Hanoi",+84243008169,HA NOI,★★★☆☆
"유통, 도소매, 무역","VINA MT CO.,LTD","Tang 3, so 4- khu BT3, khu nha o Trung Van, Trung Van, Nam Tu Liem, Hanoi",+842432123727,HA NOI,★★★★☆
"유통, 도소매, 무역",WACKER SILICONES DESIL,"So 26, Lo 6, Khu 4, 1CC, Ngo 71, duong Le Van Luong, phuong Nhan Chinh, quan Thanh Xuan, Ha Noi",+842473004848,HA NOI,★★★☆☆
"유통, 도소매, 무역",WAF INTERNATIONAL,"17th floor, Tower A, Building Song Da, Nam Tu Liem, Hanoi",+842437835410,HA NOI,★★☆☆☆
"유통, 도소매, 무역",WEDOO VINA,"24F, A3 Ecolife Capitol Building, No.58 To Huu Street, Me Tri Ward, Nam Tu Liem District, Ha Noi, Vietnam",+842473008200,HA NOI,★★☆☆☆
"유통, 도소매, 무역",WOLLYONG VIET NAM,"191 Tran Dang Ninh, Cau Giay, Hanoi",+842437938934,HA NOI,★★☆☆☆
"유통, 도소매, 무역",XIN CHAO RENT,"No. 419, Unit 17A, Lang Thuong, Dong Da, Hanoi BRANCH: Add 2 : 87 Nguyen Khang, Cau Giay, Hanoi Add 3 : R901, No66, Lane1, Quan Nhan, Thanh Xuan, Hanoi",+84981317000,HA NOI,★★★☆☆
"유통, 도소매, 무역","YAMAGATA SOLUTIONS VIETNAM CO., LTD.","Room 503, the 5th floor, ICON4 Tower, 243A De La Thanh, Lang Thuong Ward, Dong Da District, Ha Noi, Viet Nam",+842435251540,HA NOI,★★☆☆☆
"유통, 도소매, 무역",YEPPI FLOWER,"So 38, ngo Simco, Pham Hung, My Dinh, Nam Tu Liem, Hanoi",+842432565079,HA NOI,★★☆☆☆
"유통, 도소매, 무역","YG-1 VIETNAM CO.,LTD","10th Floor, K3B, 6A Lane, Thanh Cong, Ba Dinh, Hanoi",+842437957233,HA NOI,★★★☆☆
"유통, 도소매, 무역","YONGBEE VINA Co.,Ltd","Lot 3, 5th floor, N01-T2 building, Ngoai Giao Doan, Xuan Tao, Bac Tu Liem, Hanoi.",+842466666232,HA NOI,★★☆☆☆
"유통, 도소매, 무역","ZETC VIETNAM CO.,LTD","No.A10, To 14, Nhan My, My Dinh, Hanoi",+842462544818,HA NOI,★★★☆☆
"유통, 도소매, 무역","BIT E&M - HAI PHONG CO.,LTD","Xi nghiep Phu Tien, Cum 5, Dong Hoa, Kien An, Hai Phong",+842253544899,HAI PHONG,★★★★☆
"유통, 도소매, 무역","BLUEMETALS CO.,LTD","11/254, Van Cao, Dang Giang, Ngo Quyen, Hai Phong",+842253528956,HAI PHONG,★★★☆☆
"유통, 도소매, 무역","EUNSEONG ELECTRONICS VINA CO.,LTD","No. 169 Street 208, An Dong, An Duong, Hai Phong",,HAI PHONG,★★☆☆☆
"유통, 도소매, 무역",GIE VIET NAM COMPANY LIMITED,"Unit 2, Lot I-1, KCN Trang Due, Dinh Vu - Cat Hai Economic Zone, Hong Phong , An Duong, Hai Phong",+842258830710,HAI PHONG,★★☆☆☆
"유통, 도소매, 무역",HWASEUNG VIETNAM HAIPHONG AUTOMOTIVE COMPANY LIMITED,"Room 506, 5th floor, TD Business Center Building, Lot 20A Le Hong Phong, Dong Khe , Ngo Quyen, Hai Phong",+842256583818,HAI PHONG,★★☆☆☆
"유통, 도소매, 무역",JH LIGHTING VINA,"So 19A Ngo Quyen, To dan pho Trung Dung, Thi tran An Lao, Huyen An Lao, Hai Phong",+84973910081,HAI PHONG,★★★☆☆
"유통, 도소매, 무역",K&J VIETNAM COMPANY LIMITED,"3rd floor office building Camela Hotel, No. 515A Hung Vuong, Hong Bang District, Hai Phong",,HAI PHONG,★★☆☆☆
"유통, 도소매, 무역",SERVEONE (VIETNAM),"K-8 Lot Trang Due I.P. Dinh Vu- Cat Hai E.Z. Hong Phong, An Duong, Haiphong BRANCH: 19th Floor, Keangnam Hanoi Landmark Tower, Nam Tu Liem Dist, Hanoi",+842256279710,HAI PHONG,★★☆☆☆
"유통, 도소매, 무역",Amazon Corporate Services Vietnam Company Limited,"28A Tran Hung Dao, Phan Chu Trinh Ward, Hoan Kiem district, Hanoi, Vietnam",,HA NOI,★★★☆☆
"유통, 도소매, 무역",IAN VINA,"15 Floor, Tower B, Song Da Building, Pham Hung Street, My Dinh 1 Ward, Nam Tu Liem District, Hanoi",,HA NOI,★★☆☆☆
"유통, 도소매, 무역","AJ RENTAL CO.,LTD","14F, Lot, A10, Nam Trung Yen, Yen Hoa, Cau Giay, Hanoi BRANCH: Tang 3, 92F Duong Nguyen Huu Canh, Phuong 22, Quan Binh Thanh, HO CHI MINH",+842433843246,HO CHI MINH,★★★☆☆
"유통, 도소매, 무역",HANYOUNG NUX,"6F, SACOM Building, 152/11B Dien Bien Phu Phuong 25, Binh Thanh, HO CHI MINH",+84859889488,HO CHI MINH,★★★★☆
"유통, 도소매, 무역","HI VINA CO.,LTD","So 4, duong so 10, Khu pho 2, Hiep Binh Phuoc, Thu Duc, HO CHI MINH",+842862843025,HO CHI MINH,★★★☆☆
"유통, 도소매, 무역",KAIZEN CREATIVE VIET NAM COMPANY,"69 Đào Duy Anh, Phường 09, Quận Phú Nhuận, Thành phố Hồ Chí Minh, Việt Nam",+84988601248,HO CHI MINH,★★☆☆☆
"유통, 도소매, 무역",KAV INTERNATIONAL,부산광역시 연제구 월드컵대로160 442호,+841048568704,HO CHI MINH,★★☆☆☆
"유통, 도소매, 무역",PRINTLOGIC,"16/59 Cu Xa Lu Gia, Ward 15, Diaricr 11, HO CHI MINH Vietnam",+84981868648,HO CHI MINH,★★☆☆☆
"유통, 도소매, 무역","SAMJU TRADE CO.,LTD","62 Bach Dang, Phuong 2, Quan Tan Binh, T.P Ho Chi Minh",+842822290688,HO CHI MINH,★★★☆☆
"유통, 도소매, 무역",SEOUL AQUA,"B44 Duong 4A, Phuong Tan Hung, Quan 7, HO CHI MINH",+842862734470,HO CHI MINH,★★☆☆☆
"유통, 도소매, 무역",THE REPPRESENTATIVE OFFICE OF TOKYO KEIKI INC,"A18th Floor, 180-192Nguyen Cong Tru St, Nguyen Thai Binh Word, District 1, HO CHI MINH",+842862884698,HO CHI MINH,★★☆☆☆
"유통, 도소매, 무역",VKI IMPORT & REPORT TRADING JSC,"16, street 9A, An Phu, District 2, HO CHI MINH",+842866805390,HO CHI MINH,★★★☆☆
"유통, 도소매, 무역","YOOCHUN INTERNATIONAL CO.,LTD","003 my hoang, nguyen van linh, district 7, HO CHI MINH",+842854122623,HO CHI MINH,★★☆☆☆
"유통, 도소매, 무역","BURIM VINA CO.,LTD","Nho Trang, Vinh Khuc, Van Giang, Hung Yen",+842213980265,HUNG YEN,★★★☆☆
"유통, 도소매, 무역",88 TRADING AND CONSTRUCTION,"Lot L3, Pho Noi B Textile and Garment Industrial Park, Di Su Ward, My Hao Town, Hung Yen Province",+842223896588,HUNG YEN ,★★★★☆
"유통, 도소매, 무역",FEDEX EXPRESS,서울시 마포구 양화로 19 합정오피스빌딩 6층 04027,,KOREA,★★★☆☆
"유통, 도소매, 무역",GNK INC,서울 강남구 자곡로 174-10 강남에이스타워 905호,,KOREA,★★☆☆☆
"유통, 도소매, 무역","HONG JIN GLOBAL CO.,LTD","경기도 안양시 동안구 흥안대로 415, 서관 712호",+82313837572,KOREA,★★☆☆☆
"유통, 도소매, 무역","HYUNDAE SHEET CO., LTD",경기도 용인시 수지구 신수로 767 분당수지U타워 지식산업센터 1101호,+84312992025,KOREA,★★☆☆☆
"유통, 도소매, 무역","PIEL INTERNATIONAL CO.,LTD",경기도 김포시 고촌읍 전호로 56번길 57,+848231982234,KOREA,★★★☆☆
"유통, 도소매, 무역",GLOBAL SOURCING INTERNATIONAL,"CCN Nghi Phu, TP Vinh",+84383830117,NGHE AN,★★☆☆☆
"유통, 도소매, 무역",HANS FASHION,"Lot C3.3, Gian Khau I.Z, Gia Tan, Gia Vien, Ninh Binh",+842293868226,NINH BINH,★★☆☆☆
"유통, 도소매, 무역",THE S&S VINA COMPANY LIMITED,"Area 2, Van Co, Viet Tri, Phu Tho",+84971830641,PHU THO,★★★☆☆
"유통, 도소매, 무역","SEO NAM CO.,LTD","Van Ly IZ, Dien Quang, Dien Ban, Quang Nam",+842352213515,QUANG NAM,★★☆☆☆
"유통, 도소매, 무역",ARIRANG VINA COMPANY LIMITED,"1st Floor, Zone 4A, Ha Long Marine Plaza Complex, Hung Thang, Hung Thang, Ha Long, Quang Ninh",+84363886195,QUANG NINH,★★★☆☆
"유통, 도소매, 무역",ASIA-SEED VIETNAM OFFICE,"Hoang Quoc Viet, Bai Chay, Quang Ninh",,QUANG NINH,★★★★☆
"유통, 도소매, 무역",E1 Terminal Vietnam,"17th Floor, Gelex Tower 52 Le Dai Hanh, Hai Ba Trung, Hanoi",+842473010468,QUANG NINH,★★★☆☆
"유통, 도소매, 무역",F-ONE GLOBAL FOODS COMPANY LIMITED,"Duc Chinh, Dong Trieu, Quang Ninh",+842033595131,QUANG NINH,★★☆☆☆
"유통, 도소매, 무역","TERRABEE VINA CO.,LTD","Lot CN 8, Diem Thuy I.P, Diem Thuy, Phu Binh, Thai Nguyen",,THAI NGUYEN,★★☆☆☆
"유통, 도소매, 무역",WOOSUNG G&P VINA LIMITED LIABILITY COMPANY,"KCN Nguyen Gon, Cai Dan, Song Cong, Thai Nguyen",+842083662573,THAI NGUYEN,★★☆☆☆
"유통, 도소매, 무역",Sindoh Vina Marketing,"Số nhà 10, đường Lý Nam Đế, KĐT Sinh Thái Sông Hồng_Nam Đầm Vạc, P Khai Quang, Tp Vĩnh Yên, T Vĩnh Phúc, Việt Nam",+842113723809,VINH PHUC,★★★☆☆
"유통, 도소매, 무역","CANAYOUNG CO.,LTD","203 Hung Vuong, Hai Chau, Da Nang",+842367307302,DA NANG,★★☆☆☆
"환경, 설비, 기계",BM VINA,"Pho Noi A industrial park Lac Hong commune, Van Lam District, Hung Yen Province",+842213967771,HUNG YEN ,★★☆☆☆
"환경, 설비, 기계","TKES CO.,LTD","6th Floor, MD Complex BD, No 68 Nguyen, Co Thach, Cau Die Ward, Nam Tu Liem, Hanoi, Vietnam",+842466604113,HUNG YEN ,★★★☆☆
"환경, 설비, 기계",FIND MOLD,충북 청주시 청원구 오창읍 모정 2길 19-26,+848243218606,KOREA,★★☆☆☆
"환경, 설비, 기계","HOON LAB CO.,LTD","B122-ho, 10, Baekseokgongdan 1-ro, Seobuk-gu, Cheonan-si, Chungcheongnam-do 31094, Republic or Korea",+84419065090,KOREA,★★★☆☆
"환경, 설비, 기계",SPPS CORP,서울시 강서구 공항대로222 발산 W타워 1204호,+82226661681,KOREA,★★★★☆
"환경, 설비, 기계",KC GREEN ENVIRO SERVICES JOINT STOCK COMPANY (KC GREEN),"Khe Da Mai, Tan Cuong Commune, Thai Nguyen City BRANCH: 310-73, Jindalrae-gil, Yeosu-si, Jeollanam-do",+842080385222,THAI NGUYEN,★★★☆☆
"환경, 설비, 기계",PIBS VINA COMPANY LIMITED,"Alley 14, Ly Nam De, Vinh Xuong, Dong Tien, Pho Yen, Thai Nguyen",+84353344353,THAI NGUYEN,★★☆☆☆
"환경, 설비, 기계",BRTECH VINA COMPANY LIMITED,"6th floor, Hoai Nam building, No 6 Hai Ba Trung, hung Vương, phuc Yen, VINH PHUC",+849886516990,VINH PHUC,★★☆☆☆
"환경, 설비, 기계",NEDEC VN,"Lo CN01-03, Binh Xuyen 2 I.Z, Binh Xuyen, VINH PHUC",+842113593101,VINH PHUC,★★☆☆☆
"환경, 설비, 기계",PT VINA,"105 D. Nguyen Cong Tru, Lien Bao, Vinh Yen, VINH PHUC",+842113612369,VINH PHUC,★★★☆☆
"환경, 설비, 기계",M&S SOLUTIONS,"109 L17-B9, Chung cu Hoang Huy, An Dong, An Dương, Hải Phòng",+84936641901,HAI PHONG,★★☆☆☆
"환경, 설비, 기계",MODOO TECH,"Phòng 107+108, Khu nhà văn phòng Công ty TNHH Vận Tải Tiến Mạnh, Xã Bắc Sơn, Huyện An Dương, Thành Phố Hải Phòng",+84356526963,HAI PHONG,★★☆☆☆
"환경, 설비, 기계",SEONGHO TECH VINA,"Lo Q1, KCN Trang Due, thuoc Khu Kinh te Dinh Vu, An Hoa, An Duong, Hai Phong",+842252299352,HAI PHONG,★★★☆☆
"환경, 설비, 기계","SJ Precision co., Ltd","Hamlet 1, Cat Da Lane, Lam Ha ward, Kien An district, Hai Phong Repair Center : No. 705, Lot CC3-1,Trang due Industrial Park, Hai Phong",+84973958369,HAI PHONG,★★☆☆☆
"환경, 설비, 기계",WOOSUNG SPECIAL VIETNAM COMPANY LIMITED,"Room 601, 6th floor, Building No. 8, Lot 28A Le Hong Phong, Dong Khe, Ngo Quyen, Hai Phong",+842258831367,HAI PHONG,★★★☆☆
"환경, 설비, 기계",YJ LINK VINA,"Thua dat B31 thuoc lo CN4, KCN An Duong, Hong Phong,  An Duong,  Hai Phong",+842252299420,HAI PHONG,★★★★☆
"환경, 설비, 기계","YUIN Co.,Ltd","Quan Da, Dong Ly, My Dong, Thuy Nguyen, Hai Phong",+842253645621,HAI PHONG,★★★☆☆
"환경, 설비, 기계",Nami Energy,"009 Dang Duc Thuat, My Kim 1 Quarter, Tan Phong Ward, District 7, Ho Chi Minh City, Vietnam",+842822005300,HO CHI MINH,★★☆☆☆
"환경, 설비, 기계","DITECH CO.,LTD","Thôn Nho Tràng, Vĩnh Khúc, Văn Giang,  HưngYên",+842213997056,HUNG YEN,★★☆☆☆
"환경, 설비, 기계",VIETNAM ENDI. JSC CO,"Pho Dau, Tan Quang, Van Lam, Hung Yen",+84352019543,HUNG YEN,★★☆☆☆
"환경, 설비, 기계",DAEHAN VINA ENGINEERING LIMITED COMPANY,"No. 38/193 Van Cao, Dang Lam, Hai An, Hai Phong",+84935505650,HAI PHONG,★★★☆☆
"환경, 설비, 기계",GET SYSTEM VINA COMPANY LIMITED,"HA1.79, Vinhomes Marina, Cau Rao 2, Vo Nguyen Giap, Vinh Niem, Le Chan, Hai Phong",+84934424488,HAI PHONG,★★☆☆☆
"환경, 설비, 기계",GLOBAL ENG VIETNAM LIMITED COMPANY,"3rd floor, Htower II Building, No. 195 Van Cao, Dang Giang, Ngo Quyen, Hai Phong",+842253511199,HAI PHONG,★★☆☆☆
"환경, 설비, 기계",GST CALIBRATION CENTER,"No.30 Lot L2 Namsong Lach Tray House area, Anh Dung, Duong Kinh, Hai Phong",+842258830651,HAI PHONG,★★★☆☆
"환경, 설비, 기계",H&F DB.LOD INNO VIET COMPANY LIMITED,"1st floor, No. 406-HK10, Lach Tray, Vinh Niem, Le Chan, Hai Phong",+842253979113,HAI PHONG,★★☆☆☆
"환경, 설비, 기계",HPK VIET NAM COMPANY LIMITED,"3rd floor, Unit 2, Lot I-1, KCN Trang Due, Dinh Vu - Cat Hai Economic Zone, Hong Phong, An Duong, Hai Phong",+84353677825,HAI PHONG,★★★☆☆
"환경, 설비, 기계",IMTECH VINA COMPANY LIMITED,"Orchid Building, No. 156 - 158 Cho Lung, Dang Hai, Hai An , Hai Phong",+842252604888,HAI PHONG,★★★★☆
"환경, 설비, 기계",JPC VINA,"R.504, Akashi Building, Lot 2A, No.10, Le Hong Phong, Hai Phong",+849343092460,HAI PHONG,★★★☆☆
"환경, 설비, 기계",KOJIS VINA LIMITED COMPANY,"Hoang Lau, Hong Phong, An Duong, Hai Phong",+84963738583,HAI PHONG,★★☆☆☆
"환경, 설비, 기계","VESCO PEST CONTROL Co.,LTD","[하노이지사] 39/I4, Khu đô thị Yên Hoà, Phường Yên Hoà, Quận Cầu Giấy, Thành phố Hà Nội ""[호치민 지사] Số 3a, đường số 5, khu phố 4, phường An Phú, Thành phố Thủ Đức, Thành phố Hồ Chí Minh""",+841900013008,HA NOI,★★☆☆☆
"환경, 설비, 기계",VIETECO,"34H1 YEN HOA URBAN AREA, YEN HOA WARD, CAU GIAY DISTRICT, HA NOI",+84941940096,HA NOI,★★☆☆☆
"환경, 설비, 기계","VIETNAM VIETSTANDARD CO.,LTD","22-16A3 Villas, European, Mo Lao, Ha Dong, Hanoi",+842432004925,HA NOI,★★★☆☆
"환경, 설비, 기계",VINA CENTURY,"NO37,Line 1, Tran Thai Tong street,41 hamlet,Dich Vong ward,              Cau Giay,Ha Noi",+842435553646,HA NOI,★★☆☆☆
"환경, 설비, 기계",WATERZONE VIETNAM,"P.1101, Bldg. C, Ho Guom Plaza, 110 Tran Phu, Ha Dong, Hanoi",+842437835339,HA NOI,★★☆☆☆
"환경, 설비, 기계",YUJIN COMPRESSOR VIETNAM,"Lot 2 CN5, Minh Khai Small & Medium size I.Z, North Tu Liem, Hanoi",+842432009868,HA NOI,★★★☆☆
"환경, 설비, 기계",DS INV,"LAND LOT D 1, DAI AN EXPANSION IDZ, LAI CACH TOWN, CAM GIANG DISTRICT, HAI DUONG PROVINCE TEL / +84 220 3555659 BRANCH: LAND LOT D 1, DAI AN EXPANSION IDZ, LAI CACH TOWN, CAM GIANG DISTRICT, HAI DUONG PROVINCE TEL / +84 220 3555659",+84902256693,HAI DUONG,★★☆☆☆
"환경, 설비, 기계",SAMCHULLY CARBOTECH VIETNAM,"Lot CN15, CN16, CN17 Luong Dien I.Z, Luong Dien, Cam Giang, Hai Duong",+842203789505,HAI DUONG,★★★☆☆
"환경, 설비, 기계",AEGIS SYSTEM VIET NAM COMPANY LIMITED,"Room 731, 732, 733, 734, Thanh Dat Building 1, No. 3 Le Thanh Tong, May To, Ngo Quyen, Hai Phong",+842258831408,HAI PHONG,★★★★☆
"환경, 설비, 기계",ATEC SYSTEM VIET NAM COMPANY LIMITED,"5th floor, Lot CC3-1, KCN Trang Due, Dinh Vu - Cat Hai Economic Zone, Hong Phong , An Duong, Hai Phong",+842252400701,HAI PHONG,★★★☆☆
"환경, 설비, 기계",SHINHAN ELEVATOR VIETNAM,"6Floor, Ngoi Sao Tower, Duong Dinh Nghe, Yen Hoa, Cau Giay, Hanoi",+842435553851,HA NOI,★★☆☆☆
"환경, 설비, 기계",SHINHAN TECH VINA,"3rd Fl., 22 Nguyen Khang, Yen Hoa, Cau Giay, Hanoi",+842432242447,HA NOI,★★☆☆☆
"환경, 설비, 기계",SHINSUNG ENG (VIETNAM),"Phòng F1114 Tầng 11, Tòa nhà Charmvit Tower, Số 117 đường Trần Duy Hưng, Phường Trung Hòa, Quận Cầu Giấy, Thành phố Hà Nội, Việt Nam",+842462659124,HA NOI,★★☆☆☆
"환경, 설비, 기계",SHTEK TECHNOLOGY JSC,"So 9, Ngach 18/1, Ngo 111 Trieu Khuc, Xa Tan Trieu, Huyen Thanh Tri, Hanoi",,HA NOI,★★★☆☆
"환경, 설비, 기계",SK ECO PLANT,"Unit 2507, Keangnam Landmark 72 Building, Nam Tu Liem, Hanoi, Vietnam",+8447689306,HA NOI,★★☆☆☆
"환경, 설비, 기계",SONG DA AIT,"5th Fl., SIMCO Song Da Bldg., Van Phuc New Urban Elementary, Ha Noi",+842422212468,HA NOI,★★☆☆☆
"환경, 설비, 기계","SONG HAN CO.,LTD","647A Kim Ma, Ba Dinh, Hanoi",+842439288101,HA NOI,★★★☆☆
"환경, 설비, 기계",TELLUS TECH VINA,"Toà nhà SIMCO, 28 Phạm Hùng, Mỹ Đình, Nam Từ Liêm, Hà Nội",+84388654279,HA NOI,★★☆☆☆
"환경, 설비, 기계",TMCENTER(TMC),"5F, Machinco 1 Bld, 10 Tran Phu, Ha Dong, Hanoi",+842432009242,HA NOI,★★★☆☆
"환경, 설비, 기계","Trane Vietnam Service Co., Ltd","13F, Icon4 Tower - 243A De La Thanh -Lang Thuong - Dong Da Dist - Hanoi",+842839977770,HA NOI,★★★★☆
"환경, 설비, 기계","KOREA PLASTIC MART CO.,LTD","4th floor Truong An office buildings, 136 Hoang Nhu Tiep, Bo De ward, Long Bien dist, Hanoi",+842463286460,HA NOI,★★★☆☆
"환경, 설비, 기계",KOTITI VN-E&E Branch,"Tang 5, toa nha Airimex, 414 Nguyen Van Cu, Bo De, Long Bien, Hanoi",+848223451713,HA NOI,★★☆☆☆
"환경, 설비, 기계","KUMKANG ENERTECH VINA CO.,LTD","1st Floor, No.138 Tran Binh, My Dinh 2, Nam Tu Liem, Hanoi.",+842432115614,HA NOI,★★☆☆☆
"환경, 설비, 기계","MARPOSS VIETNAM CO.,LTD","7th, Diamond Flower Building, Le Van Luong, Trung Hoa, Thanh Xuan, Hanoi",+842473010777,HA NOI,★★☆☆☆
"환경, 설비, 기계","MRO TRADE & SERVICE Co.,Ltd","So 21 D4, To Dan Pho So 5, Phuc La, Ha Dong, Hanoi",+842439995988,HA NOI,★★★☆☆
"환경, 설비, 기계","N.I.VINA CO.,LTD","No 4-BT3, Trung Van, Nam Tu Liem, Hanoi",+842432123727,HA NOI,★★☆☆☆
"환경, 설비, 기계",ORGANO (VIET NAM) COMPANY LIMITED,"Floor 3, Detech Tower, 8 Ton That Thuyet Street, My Dinh 2 BRANCH: Plot No.D10, STDF No.RF1a, Thang Long IP 2, Di Su, My Hao, Hung Yen Province",+842439446756,HA NOI,★★☆☆☆
"환경, 설비, 기계",PNA VINA,"110 Me Tri Ha, Me Tri, Nam Tu Liem, Hanoi.",+842437876300,HA NOI,★★★☆☆
"환경, 설비, 기계",SAEHAN GREEN VINA,"D122, Garden House, Viet Hung, Hano BRANCH: Ba Hang IC, Nam Dong, Hai Duong, Hai Duong",+842203752855,HA NOI,★★☆☆☆
"환경, 설비, 기계",SAEJONG VINA,"No 24/ 203 Hoang Quoc Viet, Cau Giay, Hanoi",+842466635396,HA NOI,★★★☆☆
"환경, 설비, 기계",FUTURE WATERTREAMENT,"Pho Phao Dai Lang, Lang Thuong, Dong Da, Hanoi",+84909698007,HA NOI,★★★★☆
"환경, 설비, 기계",GK INTERNATIONAL,"P104, toa nha Phuong Nga, s0 15, ngo 2, Pho Yho Thap, Phuong Dich Vong, Quan Cau Giay, Hanoi",+842466838009,HA NOI,★★★☆☆
"환경, 설비, 기계",H & P HYDROTECH LTD COMPANY,"R.4321, C2 Building Vinhomes D'Capitale, 119 Tran Duy Hung, Trung Hoa, Cau Giay, Hanoi BRANCH: Lot CN2, Nam Cau Kien IP, Kien Bai, Thuy Nguyen Dist, Hai Phong city",+842432043022,HA NOI,★★☆☆☆
"환경, 설비, 기계",HA ANH TECH,"116 Hau Ai, Xa Van Canh, Hoai Duc, Hanoi",+84845385624,HA NOI,★★☆☆☆
"환경, 설비, 기계",HAEWON,"17/397 Pham Van Dong, Xuan Dinh, Bac Tu Liem, Hanoi",+842432000984,HA NOI,★★☆☆☆
"환경, 설비, 기계","HAN SHIN CO.,LTD","Nhà D5-8 cụm làng nghề Triều Khúc, Tân Triều, Thanh Trì, Hà Nội",+842435528480,HA NOI,★★★☆☆
"환경, 설비, 기계","HANKOOK TOWER CRANE CO.,LTD","3rd Floor, Plot 112-TT3, My Dinh Song Da, Tu Liem, Hanoi",,HA NOI,★★☆☆☆
"환경, 설비, 기계",HANWHA POWER SYSTEMS VIETNAM,"6F, Star Tower, Duong Dinh Nghe Street, Yen Hoa Ward, Cau Giay District, Hanoi, Vietnam",+842432012450,HA NOI,★★☆☆☆
"환경, 설비, 기계","HEATCO., JSC","Thon Van Khe, Nghia Huong, Quoc Oai, Hanoi",+84988593158,HA NOI,★★★☆☆
"환경, 설비, 기계","HWACHEON GLOBAL SERVICE Co.,Ltd","BT1 - C55, Lo BT 105, Bac An Khanh, An Khanh, Hoai Duc, Hanoi",+84387888881,HA NOI,★★☆☆☆
"환경, 설비, 기계","YOUNG JIN ELEVATOR Co.,Ltd","No. 3, Khue My Dong 3, Khue My, Ngu Hanh Son, Da Nang",+842363539747,DA NANG,★★★☆☆
"환경, 설비, 기계",21C HAN VINA,"House No.67, Alley 20, Do Quang, Trung Hoa, Cau Giay, Hanoi",+842432216438,HA NOI,★★★★☆
"환경, 설비, 기계",A&G Tech,"No.9 km17, 6th route, Dong Mai Ward, Ha Dong Dist, Hanoi, Vietnam",+84384251010,HA NOI,★★★☆☆
"환경, 설비, 기계",AISTV,"Phong 702, So 12 Tran Quoc Vuong, Cau Giay, Hanoi",+842432115132,HA NOI,★★☆☆☆
"환경, 설비, 기계","BCT VINA Co.,Ltd","2501-07, 25th FL, Keangnam Hanoi Landmark Tower, Plot E6, Cau Giay, Me Tri, Tu Liem, Hanoi",+842462823045,HA NOI,★★☆☆☆
"환경, 설비, 기계",BKT Viet Nam,"26B floor, song Da Tower, pham Hung street, My Dinh 1 ward, Nam Tu Liem, Hanoi",+842432565185,HA NOI,★★☆☆☆
"환경, 설비, 기계",BOKUK VN,"No.3, Alley 23, 61 Tran Duy Hung, Cau Giay, Hanoi",+842439927379,HA NOI,★★★☆☆
"환경, 설비, 기계","CES HOLDINGS VINA CO.,LTD","BT8, VINECO 2, PHUONG TRUNG HOA, QUAN CAU GIAY, TP HAANOI, VIETNAM",+84857340008,HA NOI,★★☆☆☆
"환경, 설비, 기계","CESCO VIETNAM CO.,LTD – HA NOI BRANCH","2 Floor, OCT 1 B/D, KDT Co Nhue, Xuan Dinh, Bac Tu Liem DISTRICT, Ha Noi city, Vietnam",+842438371199,HA NOI,★★☆☆☆
"환경, 설비, 기계",CHUNG AM VINA,"No.3, Hamlet 67, Nguyen Khai Trac , Mai Dich, Cau Giay, Hanoi",+842437921406,HA NOI,★★★☆☆
"환경, 설비, 기계","KOMES VINA Co.,Ltd","No 223, Ly Thai Tong, Suoi Hoa, Bac Ninh",+842223908197,BAC NINH,★★☆☆☆
"환경, 설비, 기계",KOREA METROLOGY SYSTEM VINA COMPANY LIMITED,"No 223 Ly Thai To, Suoi Hoa, Bac Ninh",+842223908197,BAC NINH,★★★☆☆
"환경, 설비, 기계",KSC SPINDLE VINA COMPANY LIMITED,"No 7, N4, Ly Nhan Tong, Vo Cuong, Bac Ninh",+84979277469,BAC NINH,★★★★☆
"환경, 설비, 기계",MXN VINA COMPANY LIMITED,"Ap Don, Yen Trung, Yen Phong, Bac Ninh",+84902081991,BAC NINH,★★★☆☆
"환경, 설비, 기계","PDT VINA Co.,Ltd","Room 403, 4 floor, 68 Ly Thai To, Vo Cuong, Bac Ninh",+842223822080,BAC NINH,★★☆☆☆
"환경, 설비, 기계","PORTAL SAFETY Co.,Ltd","Lot 41C, Bo Son I, Binh Than, Vo Cuong, Bac Ninh",+842223895618,BAC NINH,★★☆☆☆
"환경, 설비, 기계","SANG-A FRONTEC VINA Co.,Ltd","No. 37, Road 11, I.Z, VSIP Bac Ninh, Dai Dong, Tien Du, Bac Ninh",+842223835535,BAC NINH,★★☆☆☆
"환경, 설비, 기계",SPECIAL WHITE,"Số 6A, đường Võ Cường 13, p Võ Cường, tp. Bắc Ninh",+84966987277,BAC NINH,★★★☆☆
"환경, 설비, 기계","SYMKOS Co.,Ltd","Khac Niem I.Z, Bac Ninh",+842223907995,BAC NINH,★★☆☆☆
"환경, 설비, 기계","THE RICH COMPANY VIET NAM CO.,LTD","Nx03, Que Vo I.Z (Expanded Area), Phuong Lieu, Que Vo, Bac Ninh",+842223906048,BAC NINH,★★☆☆☆
"환경, 설비, 기계",GS TECH VINA COMPANY LIMITED,"Room 606 V-Tower, No. 39 Ly Thai To, Vo Cuong, Bac Ninh",+842226509068,BAC NINH,★★★☆☆
"환경, 설비, 기계","HANGUKGONGGI VINA Co.,Ltd","Le Thai To, Vo Cuong, Bac Ninh",,BAC NINH,★★☆☆☆
"환경, 설비, 기계",HANWHA TECHWIN AUTOMATION VIETNAM COMPANY LIMITED,"Lot O-2, Que Vo Industrial Zone extended area. Nam Son, Bac Ninh",+842222221050,BAC NINH,★★★☆☆
"환경, 설비, 기계",HIGH DIGITAL TECH VINA,"Lot 11-N11, Vo Cuong 3, Vo Cuong, Bac Ninh",+842226520666,BAC NINH,★★★★☆
"환경, 설비, 기계",HUMINTECH VINA COMPANY LIMITED,"9th floor, room 904, No. 3, Le Thai To, Vo Cuong, Bac Ninh",+842223682866,BAC NINH,★★★☆☆
"환경, 설비, 기계",INNO TECH COMPANY LIMITED,"2A, Bui Xuan Phai Street, Kinh Bac, Bac Ninh",+842223828011,BAC NINH,★★☆☆☆
"환경, 설비, 기계","J&L TECH VINA Co.,Ltd","TS 10/8 Tien Son I.Z, Noi Due, Tien Du, Bac Ninh",+842223734082,BAC NINH,★★☆☆☆
"환경, 설비, 기계","J-TEC SOLUTION VINA Co.,Ltd","Lot 16, Que Vo I.Z, Phuong Lieu, Que Vo, Bac Ninh",+842223903345,BAC NINH,★★☆☆☆
"환경, 설비, 기계","JASTECH VIETNAM MANUFACTURING CO., LTD",Land plot number 62/Lot A3/Ap Don service residential area,+842223906905,BAC NINH,★★★☆☆
"환경, 설비, 기계","KANG WON DUCT VINA CO.,LTD",Bac Ninh Province in Vietnam-Bac Ninh City-Dai Phuc Phuong District 1,+84858672255,BAC NINH,★★☆☆☆
"환경, 설비, 기계","BRS VINA CO.,LTD","Room 405, 406 4th Floor V-Tower Building, No. 39 Ly Thai To, Vo Cuong, Bac Ninh",,BAC NINH,★★☆☆☆
"환경, 설비, 기계",CHD VINA COMPANY LIMITED,"Lot 32N19, land plot number 59, map sheet number 81, Vo Cuong, Bac Nin",+84965324198,BAC NINH,★★★☆☆
"환경, 설비, 기계",Cheong Song E&C,"Tien Son Industrial Park(Expanded Area), Dong Nguyen, Tu Son, Bac Ninh",+842223906212,BAC NINH,★★☆☆☆
"환경, 설비, 기계","CLOVER FILTER VINA CO.,LTD","Dai Dong Hoan Son I.P, Hoan Son, Tien Du, Bac Ninh",+842223848610,BAC NINH,★★★☆☆
"환경, 설비, 기계",DAE SUN VINA CONS,"Lo CN08-2,KCN Yen Phong(khu mo rong),Yen Trung,Yen Phong,Bac ninh,Viet nam",+842223903214,BAC NINH,★★★★☆
"환경, 설비, 기계","DAI NAM Environment Co.,Ltd","Ha Noi, Nam Tu Liem, Trung Van, Trung Van urban Area, BT4-2,18",+84967263350,BAC NINH,★★★☆☆
"환경, 설비, 기계","DEOKWON VINA Co.,Ltd","Lot H3-3, Que Vo I.P, Van Duong, Bac Ninh",+842223634111,BAC NINH,★★☆☆☆
"환경, 설비, 기계","DSNOMURA VINA Co.,Ltd","Lot CN3-7 , Yen Phong II-C IZ, Cho Town, Yen Phong District, Bac ninh",+84972749065,BAC NINH,★★☆☆☆
"환경, 설비, 기계",ENC TECH VINA LIMITED COMPANY,"No. 38, Vo Cuong 11 street, Vo Cuong, Bac Ninh",+842043605555,BAC NINH,★★☆☆☆
"환경, 설비, 기계",FDS JUNGDO Vina,"Khu Xuân Ổ A, Phường Võ Cường , Thành Phố Bắc Ninh",+842226539333,BAC NINH,★★★☆☆
"환경, 설비, 기계","CHANG SUNG ONE MEMBER CO,. LTD","299 Hoang Van Thu Street, Hoang Van Thu Ward, Bac Giang City, Bac Giang Province",+842043528599,BAC GIANG,★★☆☆☆
"환경, 설비, 기계",SHC VINA,"Lo CN 16 KCN Van Trung, Van Trung, Viet Yen, Bac Giang",+849685901880,BAC GIANG,★★☆☆☆
"환경, 설비, 기계","SMEC VINA CO.,LTD","17th Floor, Vinaconex-9 Building, Lot HH2-2 Me Tri Ha, Pham Hung, Nam Tu Liem, Hanoi BRANCH: ('+8424) 7102 8688",,HA NOI,★★★☆☆
"환경, 설비, 기계",V.P.E,"Six floor, Startower, D32, Yen Hoa, Cau Giay, Hanoi",+842422255816,HA NOI,★★☆☆☆
"환경, 설비, 기계","AKC VINA Co.,Ltd","No.275, Le Thanh Tong, Vo Cuong, Bac Ninh",+842223858566,BAC NINH,★★★☆☆
"환경, 설비, 기계",ANI VINA,"Lô CN08-1, Khu Công Nghiệp Yên Phong (Khu mở rộng), Xã Yên Trung, Huyện Yên Phong, Tỉnh Bắc Ninh, Việt Nam",+842223896029,BAC NINH,★★★★☆
"환경, 설비, 기계",AP SYSTEMS VIET NAM,"Private house Nguyen Vinh Than, Binh Than Street, Vo Cuong Ward, Bac Ninh City, Bac Ninh",,BAC NINH,★★★☆☆
"환경, 설비, 기계",BMK VINA COMPANY LIMITED,"Room 602, 6th floor, Honda Vinh Cat building, No 39 Ly Thai  To, Vo Cuong, Bac Ninh",+84822401096,BAC NINH,★★☆☆☆
"환경, 설비, 기계",BON SOLUTIONS VINA COMPANY LIMITED,"Ba Huyen, Khac Tiep, Bac Ninh",+849634685760,BAC NINH,★★☆☆☆
"환경, 설비, 기계",BROADTEK VINA COMPANY LIMITED,"6th floor, MB Bac Ninh building, No. 24, Ly Thai To street, Bac Ninh",+84978957883,BAC NINH,★★☆☆☆
법무.회계.투자자문,WINCO LAW FIRM,"54 Tran Quoc Vuong Street, Cau Giay District, Hanoi, Vietnam",+842437628119,HA NOI,★★★☆☆
법무.회계.투자자문,"WOORI TAX & ACCOUNTING CO.,LTD","3506, 35F, Keangnam Landmark 72 Building, Nam Tu Liem, Hanoi",+842438378549,HA NOI,★★☆☆☆
법무.회계.투자자문,YEIL ACCOUNTING CORP,"1 Le Phung Hieu, Hoan Kiem, Hanoi",+842438241990,HA NOI,★★☆☆☆
법무.회계.투자자문,"Yoon & Yang Law (Vietnam) LLC, Hanoi Office","9F, East Tower, Lotte Center Hanoi, 54 Lieu Giai, Cong Vi, Ba Dinh, Hanoi",+842473040001,HA NOI,★★★☆☆
법무.회계.투자자문,"DONG-A AUDIT & ADVISORY CO., LTD.","5th Floor, SUDICO(HH3) Building, My Dinh Song Da, Nam Tu Liem, Hanoi, Vietnam",+842432008421,HA NOI,★★☆☆☆
법무.회계.투자자문,KPMG LIMITED,"46th Floor, Keangnam Hanoi Landmark Tower 72, Plot E6, Pham Hung, Cau Giay, Nam Tu Liem, Hanoi",+842439461600,HA NOI,★★★☆☆
법무.회계.투자자문,Yulchon Limited Liability Law Firm,"27th floor, East Wing, Lotte Center Hanoi, 54 Lieu Giai street, Cong Vi BRANCH: Unit 601-602, 6th Floor, Diamond Plaza, 34 Le Duan St., Ben Nghe Ward, Dist.1, HO CHI MINH",+842438378200,HA NOI,★★★★☆
법무.회계.투자자문,"CTAC EJ (VIETNAM) ADVISORY CO., LTD","7th floor, Saigon Paragon Building, 03 Nguyen Luong Bang, Tan Phu Ward, District 7, HO CHI MINH. City",+84971000938,HO CHI MINH,★★★☆☆
법무.회계.투자자문,KIM&CHANG,"Unit 16.01, 16th Floor, Deutsches Haus Building, 33 Le Duan Street, Ben Nghe Ward, District 1, Ho Chi Minh City BRANCH: Capital Place, Tower 01, Floor 16th, Room CP1.16.04, 29 Lieu Giai Street, Ngoc Khanh Ward, Ba Dinh District, Hanoi",+842838275176,HO CHI MINH,★★☆☆☆
법무.회계.투자자문,Rouse Legal Vietnam Ltd.,"Suite 1003, 10th Floor, Ruby Tower, 81-85 Ham Nghi, Nguyen Thai Binh Ward, District 1, HO CHI MINH",+842838236770,HO CHI MINH,★★☆☆☆
법무.회계.투자자문,Sungshin Advisory,"9th Floor, 3A building, No.03 Lane 82 Duy Tan Str., Cau Giay Dist., Hanoi, Vietnam",+84368575076,HA NOI,★★☆☆☆
법무.회계.투자자문,"T&H Consultancy and Trading Co., Ltd.","1907, Charmvit Tower, 117 Tran Duy Hung, Hanoi",+84243724540,HA NOI,★★★☆☆
법무.회계.투자자문,"T&H LAW FIRM CO.,LTD","19th Fl., Charm Vit Tower, 117 Tran Duy Hung, Trung Hoa, Cau Giay, Hanoi",+842432676011,HA NOI,★★☆☆☆
법무.회계.투자자문,TC & PARTNERS LAW FIRM,"Floor 10, Viglacera Building, No.1 Thang Long Boulevard, Nam Tu Liem, Hanoi",+842462821066,HA NOI,★★☆☆☆
법무.회계.투자자문,TTP Bengoshi law firm,"2 Floor, Vitranco Building,  192 Thai Thinh, Dong Da, Ha Noi, Viet Nam",+842435736845,HA NOI,★★★☆☆
법무.회계.투자자문,UHY ACA AUDITING AND CONSULTING,"5F, (tang van phong) B2 toa nha Roman Plaza, To Huu, Dai Mo, Nam Tu Liem, Hanoi",+842435552088,HA NOI,★★☆☆☆
법무.회계.투자자문,UNI CONSULTING,"220 Hoang Ngan, Trung Hoa, Cau Giay, Hanoi",+84908535898,HA NOI,★★★☆☆
법무.회계.투자자문,VACO AUDITING COMPANY LTD.,"12A floor, 319 Corporation Tower, 63 Le Van Luong, Cau Giay, Hanoi BRANCH: 11th Floor, HUD Building, 159 Dien Bien Phu, Binh Thanh, HO CHI MINH No. 79 Ha Huy Giap, Quyet Thang, Bien Hoa, Dong Nai",+842435770781,HA NOI,★★★★☆
법무.회계.투자자문,Vietlink law firm,"No 203, 2 Floor Giang Vo Lakeview Building, D10 Giang Vo, Ba Dinh District, Hanoi City",+842437690339,HA NOI,★★★☆☆
법무.회계.투자자문,WIDUS LAW FIRM,"15th Fl., Song Da Tower, My Dinh Song Da, Me Tri, Nam Tu Liem, Hanoi",,HA NOI,★★☆☆☆
법무.회계.투자자문,KPMG LIMITED,"46th Floor, Keangnam Hanoi Landmark Tower, Plot E6, Pham Hung Str, Nam Tu Liem, Hanoi 호치민 사무실: Level 10, Sun Wah Tower 115 Nguyen Hue Street, District 1 Ho Chi Minh City, Vietnam",+842439461600,HA NOI,★★☆☆☆
법무.회계.투자자문,"L&PK CONSULTING, ACCOUNTING COMPANY","2F, Khoi B, Toa nha Song Da, Pham Hung, My Dinh I, Nam Tu Liem, Hanoi",+842471077868,HA NOI,★★☆☆☆
법무.회계.투자자문,Law2B LLC,"11th Floor, #11-03, SUDICO Building (HH3) Me Tri Road, My Dinh 1 Ward Nam Tu Liem District, Hanoi, Vietnam",+84901987338,HA NOI,★★★☆☆
법무.회계.투자자문,Lee & Ko Vietnam LLC (Hanoi Office),"Unit 1006, 10th floor, Lotte Center Hanoi, 54 Lieu Giai, Cong Vi, Ba Dinh, Hanoi",+842432262801,HA NOI,★★☆☆☆
법무.회계.투자자문,LOGOS Law LLC,"Suite 2403, 24th Floor, Keangnam Hanoi Landmark Tower, Plot E6, Pham Hung street, Me Tri Ward, Nam Tu Liem District, Hanoi BRANCH: Suite 602, 6th Floor, Phi Long Tower, 52 Nguyen Van Linh Street, Nam Duong Ward, Hai Chau District, Da Nang, Vietnam",+84936368001,HA NOI,★★☆☆☆
법무.회계.투자자문,MEKONG LIMITED LIABILITY COMPANY,"97 Tran Quoc Toan, Tran Hung Dao, Hoan Kiem, Hanoi",+842439428996,HA NOI,★★★☆☆
법무.회계.투자자문,NDTC & PARTNERS,"Unit 2, 1st Floor, International Centre, 17 Ngo Quyen, Hoan Kiem, Hanoi",+842439388628,HA NOI,★★☆☆☆
법무.회계.투자자문,"NEXIA STT CO., LTD","19th Floor, C’Land Tower, 156 Xa Dan II, Dong Da District, Hanoi, Vietnam",+842439350990,HA NOI,★★★☆☆
법무.회계.투자자문,"NHC INTERNATIONAL CO.,LTD","Tầng 9, toà nhà Intracom, số 82 Dịch Vọng Hậu, phường Dịch Vọng Hậu, quận Cầu Giấy, Hà Nội",+842437835607,HA NOI,★★★★☆
법무.회계.투자자문,NOVA VISION KOREA,"2F, Trung Yen Tower, Trung Yen, Cau Giay, Hanoi",+84243836551,HA NOI,★★★☆☆
법무.회계.투자자문,"IMMANUEL AUDITING CO.,LTD","22nd Floor, Tower B, Song Da Building, Pham Hung, My Dinh, Nam Tu Liem, Hanoi",+842473001977,HA NOI,★★☆☆☆
법무.회계.투자자문,INNOVATION HUB,"10F. Vit Tower 519 Kim Ma, Ba Dinh, Hanoi",+842437620199,HA NOI,★★☆☆☆
법무.회계.투자자문,JIPYONG VIETNAM – HA NOI BRANCH,"Suite 3505, 35th floor, Keangnam Hanoi Landmark Tower, Plot E6, Cau Giay, Me Tri, Nam Tu Liem, Hanoi",+842462661901,HA NOI,★★☆☆☆
법무.회계.투자자문,JK PARTNERS,"13th Floor, East Lotte Center Hanoi, 54 Lieu Giai, Ba Dinh, Hanoi",+842432321069,HA NOI,★★★☆☆
법무.회계.투자자문,JP LawGroup,"본사주소 : 서울시 서초구 서초대로78길5 대각빌딩 16층 Hanoi: East-3101,31Floor, Lotte Center Hanoi, 54 Lieu Giai, Ba Dinh District, Hanoi. BRANCH: HO CHI MINH: Unit 2, 34th, Bitexco Financial Tower, 2 Hai Trieu St., Dist 1. HO CHI MINH",+842437245202,HA NOI,★★☆☆☆
법무.회계.투자자문,Jung-il Accounting Corporation,"22F, PVI Bld., No.1 Pham Van Bach Str., Yen Hoa, Cau Giay, Ha Noi",+842435810682,HA NOI,★★☆☆☆
법무.회계.투자자문,"KBL VIETNAM Co.,Ltd","1805. PH floor. THE GARDEN office, My Dinh Song Da, Nam Tu Liem, Hanoi BRANCH: Floor 8, Thuy Loi 4 building, No 102 Nguyen Xi, Ward 26, Binh Thanh, HO CHI MINH",+842437878685,HA NOI,★★★☆☆
법무.회계.투자자문,KIMC JSC,"9F, 174 Thai Ha, Dong Da, Hanoi",+84943738869,HA NOI,★★☆☆☆
법무.회계.투자자문,KNL ACCOUNTING & LAW,"8F, Hoang Ngoc Tower, Lot C2C, Dich Vong Hau, Cau Giay, Hanoi BRANCH: 1F&3F, 63D Vo Van Tan St., Vo Thi Sau Ward, Dist. 3, HO CHI MINH",+842432161403,HA NOI,★★★☆☆
법무.회계.투자자문,"KORCHINA TNC VIETNAM CO.,LTD","13Floor Charmvit Tower , 117 Tran duy hung St. Cau giay district , Hanoi",+842433225200,HA NOI,★★★★☆
법무.회계.투자자문,"DFK VIETNAM AUDITING & CONSULTING CO.,LTD","Level 22, Hapulico Center Building, No. 1, Nguyen Huy Tuong, Thanh Xuan, Hanoi",+842435592222,HA NOI,★★★☆☆
법무.회계.투자자문,"DIOS INVESTMENT VINA CO.,LTD","4th floor, 27 Tran Duy Hung, Trung Hoa, Cau Giay, Hanoi",+842438454888,HA NOI,★★☆☆☆
법무.회계.투자자문,DK Consulting Vietnam,"TANG3, CD3 (Villa ju) Yen Hoa, Cau Giay, Hanoi",+84868219061,HA NOI,★★☆☆☆
법무.회계.투자자문,DONG HWA Hanoi COMPANY LIMITED,"4F, 164 Tran Vy, Mai Dich, Cau Giay, Hanoi Vietnam",+842432000076,HA NOI,★★☆☆☆
법무.회계.투자자문,E-JUNG AUDITING COMPANY HA NOI,"35F, Keangnam Hanoi Landmark 72 Tower, Me Tri ward, Nam Tu Liem dist, Hanoi",+842435560470,HA NOI,★★★☆☆
법무.회계.투자자문,E-MIT VINA,"Tầng 4, nhà số 06-F, Khu nhà ở thấp tầng tại ô đất A10 Khu đô thị Nam Trung Yên, Phường Yên Hoà, Quận Cầu Giấy, Thành phố Hà Nội, Việt Nam",+842433221000,HA NOI,★★☆☆☆
법무.회계.투자자문,ERNST & YOUNG VIETNAM LIMITED,"8th Floor, No 16 Phan Chu Trinh, Cornertone Bldg, Hoan Kiem",+84932296865,HA NOI,★★☆☆☆
법무.회계.투자자문,EZ CONSULTING AND INVESTMENT COMPANY LIMITED,"5th floor, 51 Kim Ma, Ba Dinh, Ha Noi",+84565577206,HA NOI,★★★☆☆
법무.회계.투자자문,"FARRO SERVICE Co.,Ltd","No. 6A, Lane 22/28, Xuan La, Tay Ho, Hanoi",+842463265518,HA NOI,★★☆☆☆
법무.회계.투자자문,FIDUS CUSTOMS VIETNAM,"Tầng 8, Tháp CEO, Lô HH2-1, KĐT Mễ Trì Hạ, Đường Phạm Hùng, Phường Mễ Trì, Quận Nam Từ Liêm, Thành phố Hà Nội, Việt Nam",+842422123450,HA NOI,★★★☆☆
법무.회계.투자자문,BIZLINK LAWYERS,"Unit 1502A, 15th Fl, Charm Vit Tower, 117 Tran Duy Hung, Cau Giay, Hanoi BRANCH: Unit 11.02, 11 Fl, Vietnam Business Center, 57-59 Ho Tung Mau, District No.1, HO CHI MINH",+842435148355,HA NOI,★★★★☆
법무.회계.투자자문,"BROSS & PARTNERS,ADVOCATES & SOLICITORS","21st Floor, Charm Vit Tower 117 Tran Duy Hung, Cau Giay, Hanoi",+842435553466,HA NOI,★★★☆☆
법무.회계.투자자문,BSR VIETNAM,"6 floors THANH HANG PLAZA, No. 180A Tran Duy Hung, Trung Hoa, Cau Giay, Hanoi BRANCH: 19 Bach Dang, P 2, Tan Binh Dist, HO CHI MINH",+842432123961,HA NOI,★★☆☆☆
법무.회계.투자자문,BUSINESS COST MANAGEMENT,"11th Fl., no 6, Ton That Thuyet, Cau Giay, Hanoi",+849624011880,HA NOI,★★☆☆☆
법무.회계.투자자문,CORESEARCH VIETNAM,"A20, Ngo 91, Tran Duy Hung, Trung Hoa Nhan Chinh, Cau Giay, Hanoi",+843551267710,HA NOI,★★☆☆☆
법무.회계.투자자문,Dae Lyuk Parker Russell Accounting Company,"24th Floor, Song Da A building, Pham Hung, My Dinh 1, Nam Tu Liem, Hanoi",+842471078282,HA NOI,★★★☆☆
법무.회계.투자자문,DAESUNG DNC VINA,"Floor 25, Block B Song Da Building, Pham Hung, My Dinh 1, Nam Tu Liem, Hanoi",+84964696840,HA NOI,★★☆☆☆
법무.회계.투자자문,DAEWOO INVESTMENT & DEVELOPMENT,"Room 1509A, 15th floor, CharmVit tower – 117 Tran Duy Hung Str., Cau Giay Dist., Ha Noi",+842438315219,HA NOI,★★☆☆☆
법무.회계.투자자문,DAIHA CONSULTING,"VP 6-3, 6th floor, Comatce tower, 61 Nguy Nhu Kon Tum, Nhan Chinh, Thanh Xuan, Hanoi",+842462534958,HA NOI,★★★☆☆
법무.회계.투자자문,Deloitte Vietnam,"Hanoi: 15th Floor, Vinaconex Tower, 34 Lang Ha Street, Dong Da District, Hanoi, Vietnam BRANCH: HO CHI MINH: 18th Floor, Times Square Building, 57-69F Dong Khoi Street, District 1, Ho Chi Minh City, Vietnam",+842462883568,HA NOI,★★☆☆☆
법무.회계.투자자문,AAA VIETNAM INVEST CONSULTING,"Tang 5, so 355 Doi Can, Dong Da, Hanoi",+842432115678,HA NOI,★★★☆☆
법무.회계.투자자문,AASC AUDITING FIRM,"1 Le Phung Hieu, Hoan Kiem, Hanoi",+842438241990,HA NOI,★★★★☆
법무.회계.투자자문,ABE INVEST CONSULTING JSC,"Room 705A, 7th floor, IPH Office Building, No. 241, Xuan Thuy, Dich Vong Hau, Cau Giay, Hanoi",+842437689258,HA NOI,★★★☆☆
법무.회계.투자자문,"ANH CONSULTING AND AUDITING CO.,LTD","Sacombank BD, A1-2 Le Duc Tho, My Dinh, Nam Tu Liem, Hanoi BRANCH: 34A, May To, Ngo Quyen, Hai Phong",+842435568636,HA NOI,★★☆☆☆
법무.회계.투자자문,ASEAN LAW FIRM LLC,"Suite 905A, 9F, Daeha Business Center, 360 Kim Ma, Ba Dinh, Hanoi",+842473016900,HA NOI,★★☆☆☆
법무.회계.투자자문,ASM INTERNATIONAL,"F4, 319 Tower, 63 Le Van Luong, Trung Hoa, Cau Giay, Hanoi",+842439992220,HA NOI,★★☆☆☆
법무.회계.투자자문,"AZLAW CONSULTING CO.,LTD","K28 Lane 68, Trung Kinh, Yen Hoa, Cau Giay, Hanoi",+84987553289,HA NOI,★★★☆☆
법무.회계.투자자문,"Bae, Kim & Lee Vietnam Limited Liability Law Company","West Tower 2601, Lotte Center Hanoi, 54 Lieu Giai str, Ba Dinh district, Hanoi BRANCH: Unit 3, 37 F, Bitexco Financial Tower, 2 Hai Trieu, District 1, Ho Chi Minh City, Vietnam",+842432321233,HA NOI,★★☆☆☆
법무.회계.투자자문,"BDO AUDIT SERVICES CO.,LTD","Floor 20 ICON 4 Bld, 243A De La Thanh, Dong Da, Hanoi",+842437833911,HA NOI,★★☆☆☆
법무.회계.투자자문,BIG WAVE,"B4-18 Khu chức năng Thành phố Xanh Vinhomes Gardenia, P. Cầu Diễn, Q. Nam Từ Liêm, Hà Nội",+842463282891,HA NOI,★★★☆☆
법무.회계.투자자문,"CROWE VIETNAM Co.,Ltd","R.1205, 12th Floor, IPH Office Tower, 241 Xuan Thuy, Cau Giay, Hanoi",+842473006386,HA NOI,★★☆☆☆
법무.회계.투자자문,"DAEWON ADVISORY Co.,Ltd","1907-4, 19Fl, Keangnam Landmark72, Pham Hung, Nam Tu Liem, Hanoi",+842462823088,HA NOI,★★★☆☆
법무.회계.투자자문,DAI HA LAW FIRM,"So 44, ngo 282, Lac Long Quan, Buoi, Tay Ho, Hanoi BRANCH: Room 202, Building 184, Hoang Quoc Viet, Bac Tu Liem, Hanoi",+842437534022,HA NOI,★★★★☆
법무.회계.투자자문,LIWU LAW FIRM VIETNAM,"19F, Charmvit Tower, 117 Tran Duy Hung, Trung Hoa, Cau Giay, Hanoi",+843698701270,HA NOI,★★★☆☆
법무.회계.투자자문,HYUN.BCS COMPANY LIMITED,"Lot 334 & 335, mapsheet no 27, Dai Phuc, Bac Ninh",+84906115504,BAC NINH,★★☆☆☆
법무.회계.투자자문,"ALBATROSS CONSULTANCY SERVICES ONE MEMBER CO.,LTD","5F, Ligthouse, 1254 Xo Viet Nghe Tinh, Hai Chau, Da Nang",+842363626888,DA NANG,★★☆☆☆
법무.회계.투자자문,"GLOBAL PLANNING PARTNERS Co.,Ltd","100 Nguyen Lu, Khue My, Ngu Hanh Son, Da Nang",+84971127298,DA NANG,★★☆☆☆
법무.회계.투자자문,"JIGUCHON INVESTMENT CO.,LTD","No.82 Tran Nhan Tong, Son Tra, Da Nang",+842363519033,DA NANG,★★★☆☆
법무.회계.투자자문,SEONG MO KOREA JOINT STOCK COMPANY,"250 Nguyen Huu Tho Street, Hoa Cuong Bac, Hai Chau, Da Nang",+84903786101,DA NANG,★★☆☆☆
법무.회계.투자자문,"THE LEE & CO.,LTD","131 - 133 Ho Phi Tich, Hoa Xuan, Cam Le, Da Nang",,DA NANG,★★☆☆☆
건설 및 건설자재,"HHJ VINA Co.,Ltd","No.2 new urban area, Dinh Ke ward, Bac Giang",+84974693947,BAC GIANG,★★★☆☆
건설 및 건설자재,"DAEWON E&C CO.,LTD","28th Floor, Handico Tower, Pham hung, Me tri , Nam Tu Liem , Hanoi",+842437404006,HA NOI,★★☆☆☆
건설 및 건설자재,"KC COTTRELL VIETNAM CO.,LTD","23F, MD Bld, My Dinh 1, Cau Dien, Nam Tu Liem, Hanoi",+842437689904,HA NOI,★★★☆☆
건설 및 건설자재,"A ONE CONSTRUCTION Co.,Ltd","Vong Nguyet Village, Tam Giang, Yen Phong, Bac Ninh",+84984379561,BAC NINH,★★★★☆
건설 및 건설자재,"AD ARCHITECTURE Co.,Ltd","B79, Han Thuyen Str, An Huy, Vu Ninh, Bac Ninh",+842223813535,BAC NINH,★★★☆☆
건설 및 건설자재,"AS C&T Co.,Ltd","Lot 189, Ta Quang Buu, Kinh Bac, Bac Ninh",+84979560592,BAC NINH,★★☆☆☆
건설 및 건설자재,BETECH E&C VINA COMPANY LIMITED,"No 15, Ly Than Tông, Vo Cuong, Bac Ninh",+84975135058,BAC NINH,★★☆☆☆
건설 및 건설자재,CHANG SUNG VINA,"Dong Yen, Dong Phong, Yen Phong, Bac Ninh",+842223893579,BAC NINH,★★☆☆☆
건설 및 건설자재,"CHEIL INDUSTRIES INC. VIETNAM Co.,Ltd","3F, Yen Phong I.Z Operating Center, Long Chau, Yen Phong, Bac Ninh",+842223699331,BAC NINH,★★★☆☆
건설 및 건설자재,COOLTECAN,"#407, 4F, V-Tower bldg, 39 Ly Thai To, Vo Cuong, Bac Ninh",,BAC NINH,★★☆☆☆
건설 및 건설자재,UNION ENV COMPANY LIMITED,"No. 19 Hoa Dinh, Vo Cuong, Bac Ninh",+84367691477,BAC NINH,★★☆☆☆
건설 및 건설자재,ZIN VINA COMPANY LIMITED,"Lot 83, Map sheet no 68, Vo Cuong, Bac Ninh",+84946832710,BAC NINH,★★★☆☆
건설 및 건설자재,"DONG MYUNG CONSTRUCTION Co.,Ltd","No.09.09 St. Song Than 1 I.P, Di An, Binh Duong",+842743793190,BINH DUONG,★★☆☆☆
건설 및 건설자재,"NEO GLOBAL DEVELOPMENT COMPANY LIMITED (NEO CO., LTD)","Lot CN-08, KCN Dong Van IV, Nhat Tuu, Kim Bang, Ha Nam",+84913326800,HA NAM,★★★☆☆
건설 및 건설자재,4M PARTNERS VIETNAM,"The Central Area of Tay Ho Tay New Town Project, Xuan Tan, Bac Tu Liem, Hanoi BRANCH: 4F, 163 Nguyen Van Troi, Ward 11, Phu Nhuan, HO CHI MINH",+842462946166,HA NOI,★★★★☆
건설 및 건설자재,ADD CONSTRUCTION GROUP,"Dolphin Plaza 3f, 28 Tran Binh, My Dinh, Nam Tu Liem, Hanoi",+842437876232,HA NOI,★★★☆☆
건설 및 건설자재,"AJ Co.,Ltd","4F, Thien Hien, Mydinh 1, Nam Tu Liem, Hanoi",+842466706600,HA NOI,★★☆☆☆
건설 및 건설자재,AK Interiors,"HO CHI MINH Head Office - a: 65 Street No.7, An Phu Ward, Thu Duc City, HO CHI MINH     t: +84 28 2237 7097         Ha Noi Branch Office a: 12th Fl, Daeha Business Center, 360 Kim Ma Street, Ba Dinh Dist, Ha Noi t : +84 24 2264 2626 BRANCH: HA NOI",+842423000000,HA NOI,★★☆☆☆
건설 및 건설자재,"ARIRANG C&S Co.,Ltd","Quang Minh Iz, Me Linh, Hanoi",+842435250807,HA NOI,★★☆☆☆
건설 및 건설자재,ASIARCH ARCHITECTURE & CM,"2F Block A, Phuong Dong Golf Building, Tan My, Cau Dien, Nam Tu Liem, Hanoi",+842434621342,HA NOI,★★★☆☆
건설 및 건설자재,BAROQUE VINA,"10 Floor, Ha Thang Tower, Lot A2A, TTCN and CNN IP, Dich Vong Hau, Cau Giay, Hanoi",+842435430525,HA NOI,★★☆☆☆
건설 및 건설자재,BGK GROUP,"Tang 5, so 148 Vu Pham Ham, Cau Giay, Hanoi",+842432007044,HA NOI,★★☆☆☆
건설 및 건설자재,"BLUESPACE VIETNAM CO., LTD","Luu Phai, Ngu Hiep, Thanh Tri, Hanoi",+842462533689,HA NOI,★★★☆☆
건설 및 건설자재,"BMS-THANH NAM Co.,Ltd","CCN Ngoc Liep, Ngoc Liep, Quoc Oai, Hanoi",+842433941289,HA NOI,★★☆☆☆
건설 및 건설자재,"BO MINH CONSTRUCTION Co.,Ltd","6F, New Center, 27 to 41, Trung Hoa, Cau Giay, Hanoi BRANCH: (028) 6281 0013",+842463273232,HA NOI,★★★☆☆
건설 및 건설자재,"BOO DEKO CO.,LTD","Lot 96, TT4, My Dinh Song Da Urban Zone, My Dinh 1 ward, Nam Tu Liem dist, HN BRANCH: 서울시 강남구 도산대로4길 16, Nbe 빌딩 5층",+842432005302,HA NOI,★★★★☆
건설 및 건설자재,BUMIL ENGINEERING & GENERAL CONSTRUCTION,"19th Floor, Block B Song Da Building, Pham Hung, My Dinh 1, Nam Tu Liem, Hanoi",+842432272341,HA NOI,★★★☆☆
건설 및 건설자재,BUMMI VIETNAM,"No.69/335 Nguyen Trai, Thanh Xuan Trung, Thanh Xuan, Hanoi",+842437878952,HA NOI,★★☆☆☆
건설 및 건설자재,"BUMYANG INNO AIR CONDITIONING VIETNAM CO.,LTD","B House, Lot B, X3 project, Cau Dien, Nam Tu Liem, Hanoi",,HA NOI,★★☆☆☆
건설 및 건설자재,CLASSONE VINA,"SO 15, Lo 11B, Trung Yen 10, KDT Trung Yen, Trung Hoa, Cau Giay, Hanoi",+842436858899,HA NOI,★★☆☆☆
건설 및 건설자재,CONG TY TNHH UBIS VIET NAM,"R.502, D’Office, Group 28, Dich Vong Ward, Cau Giay District, Ha Noi City, Viet Nam",+84369998536,HA NOI,★★★☆☆
건설 및 건설자재,CORE - I VINA,"Floor 2, Detech Building, No. 8 Ton That Thuyet, My Dinh 2, Nam Tu Liem, Hanoi",+84326181724,HA NOI,★★☆☆☆
건설 및 건설자재,COREMSYS E&C VINA,"3rd floor, New Center building ,No.27, Group 41, Trung Hoa, Cau Giay, Hanoi",+842435560600,HA NOI,★★☆☆☆
건설 및 건설자재,CORTECH VINA,"2nd Floor, Trung Yen 1 Tower, Trung Hoa Ward, Cau Giay Dist, Hanoi",+842432272230,HA NOI,★★★☆☆
건설 및 건설자재,D&D VINA,"BT5, 180 Thanh Binh, Mo Lao, Ha Dong, Hanoi",+84973873903,HA NOI,★★☆☆☆
건설 및 건설자재,"DA GROUP URBAN & ARCHITECTURE CO.,LTD","7F, CMC tower, 11 Duy Tan, Dich Vong Hau, Cau Giay, Hanoi",+842439363456,HA NOI,★★★☆☆
건설 및 건설자재,DADA E&C,"#305, Block A, Nghia Do, Hanoi",+842262975409,HA NOI,★★★★☆
건설 및 건설자재,DAE MYOUNG GEC VIETNAM,"Room 1305, 13th Floor, TTC Tower, No.19 Duy Tan, Dich Vong Hau, Cau Giay, Hanoi",+842466847573,HA NOI,★★★☆☆
건설 및 건설자재,"DAELIM ENC CO.,LTD","No 112-TT3, My Dinh, Me Tri, Nam Tu Liem, Hanoi",+842437932506,HA NOI,★★☆☆☆
건설 및 건설자재,"DAELIM INDUSTRIAL CO.,LTD","Unit 1911, 19th floor, Keangnam Landmark 72 Tower, Pham Hung, Cau Giay, Me Tri, Tu Liem, Hanoi",+842438378330,HA NOI,★★☆☆☆
건설 및 건설자재,"DAEMYUNG CONSTRUCTION CO.,LTD","15th floor, Block B Song Da Building, Pham Hung Street, My Dinh 1 Ward, Nam Tu Liem District, Ha Noi city",+842462814240,HA NOI,★★☆☆☆
건설 및 건설자재,DAEWOO ENGINEERING&CONSTRUCTION VIETNAM (DECV),"The Central Area of Tay Ho Tay New, Xuan Tao, Bac Tu Liem, Hanoi",+842432444671,HA NOI,★★★☆☆
건설 및 건설자재,DAEYANG E&A,"8F Ttc Tower, 19 Duy Tan, Cau Giay, Hanoi",+84849231111,HA NOI,★★☆☆☆
건설 및 건설자재,"DASA ENGINEERING Co.,ltd","P.0914, 9F, CT1 Bld., HD MON Nguyen Co Thanh, My Dinh, Hanoi",+842462690439,HA NOI,★★☆☆☆
건설 및 건설자재,DELCO CONSTRUCTION AND INVESTMENT JOINT STOCK COMPANY,"10th Floor, Viwaseen Tower – No. 48, To Huu Str., Nam Tu Liem Dist., Hanoi, Vietnam / 베트남, 하노이시, 남뜨리엠군, 쭝반동, 토흐우거리 48 BRANCH: DELCO High-tech Farm, Nguyet Duc Commune, Thuan Thanh District, Bac Ninh Province / 베트남, 박닌, 투안타잉, 응우엣득, DELCO 첨단기술 농장",+84936781080,HA NOI,★★★☆☆
건설 및 건설자재,DESIGN 2.1,"Room 15E, 1st Floor HL Tower Building, No. 6/82 Duy Tan Street, Dich Vong Hau, Cau Giay, Hanoi",+842435562907,HA NOI,★★☆☆☆
건설 및 건설자재,"DNS VINA CO.,LTD","LB29 Nguyen Thi Dinh, Nhan Chinh, Thanh Xuan, Hanoi",+842477739888,HA NOI,★★★☆☆
건설 및 건설자재,"DOALLTECH VIETNAM CO., LTD","P.318 & 318A, T3, Thap C, Toa Udic Complex Hoang Dao Thuy, Trung Hoa, Cau Giay, Ha Noi.",+842473001668,HA NOI,★★★★☆
건설 및 건설자재,"DOHWA ENGINEERING Co.,Ltd","Room 185, 18th floor, Hoa Binh International Towers - 106 Hoang Quoc Viet, Cau Giay, Hanoi",+842437557164,HA NOI,★★★☆☆
건설 및 건설자재,DONG NAM VINA,"16th floor, Vinaconex 9 building - Pham Hung, Tu Liem, Hanoi",+842437878703,HA NOI,★★☆☆☆
건설 및 건설자재,"DONGEUN ENGINEERING VINA CO.,LTD","Unit 1902, 19F, Charm Vit Tower, 117 Tran Duy Hung, Trung Hoa, Cau Giay, Hanoi",+842435560851,HA NOI,★★☆☆☆
건설 및 건설자재,"DONGGUK VINA Co.,Ltd","6th Floor, Bao Nong Thon Tower, Yen Hoa, Cau Giay, Hanoi",+842432272778,HA NOI,★★☆☆☆
건설 및 건설자재,DONGJOO E&C,"Lo 0205, Toa nha 27a3, Chung cu Greenstar, 234 Pham Van Dong, Bac Tu Liem, Hanoi",+842437835476,HA NOI,★★★☆☆
건설 및 건설자재,DONGYANG E&C,"Tang 8, so 20 Dong Bat, My Dinh 2, Nam Tu Liem, Hanoi",,HA NOI,★★☆☆☆
건설 및 건설자재,DOUL ASIA ARCHITECH AND PARTNERS,"B3-18 Vinhomes Gardenia, Ham Nghi, Cau Dien, Nam Tu Liem",+842432535132,HA NOI,★★☆☆☆
건설 및 건설자재,DOUL INTERNATIONAL VIET NAM,"8Floor. 219 Trung Kinh street, Yen Hoa ward, Cau Giay district, Hanoi",+842435191311,HA NOI,★★★☆☆
건설 및 건설자재,DOUM E&C,"Room 502, 5th floor, 15 Pham Hung, My Dinh, Tu Liem, Hanoi",+842437854424,HA NOI,★★☆☆☆
건설 및 건설자재,"ENCORE HA NOI Co.,Ltd","o so 10, 11 Lo 3B, Trung Yen 6, Trung Hoa, Cau Giay, Hanoi",+842432011711,HA NOI,★★★☆☆
건설 및 건설자재,"EUNMIN S&D VIETNAM CO.,LTD","Villa 34. N07A, Dich Vong new urban area, Dich Vong ward, Cau Giay dist.,. Hanoi.",+842462820236,HA NOI,★★★★☆
건설 및 건설자재,"EXA VIETNAM CO., LTD","7th floor, Zone B21/ D21 Dịch Vong Hau ward, Cau Giay District, Hanoi City, Viet Nam",+842432006091,HA NOI,★★★☆☆
건설 및 건설자재,FLOSVINA,"No 20, 91 hamlet, Tran Duy Hung, Cau Giay, Hanoi",+842462816126,HA NOI,★★☆☆☆
건설 및 건설자재,GANSAM ARCHITECTS & PARTNERS,"P.1501, VINACONEX-9 Tower, Pham Hung, Tu Liem, Hanoi",+842437878000,HA NOI,★★☆☆☆
건설 및 건설자재,"GIZA E&C .,JSC","M Floor, Viglacera Bld., 671 Hoang Hoa Tham, Ba Dinh, Ha Noi",+842432474683,HA NOI,★★☆☆☆
건설 및 건설자재,GLOBAL DEVELOPMENT JSC (GDVN),"11F, Sudico Bld, My Dinh, Nam Tu Leim, Hanoi",,HA NOI,★★★☆☆
건설 및 건설자재,"GLOBAL TRADE NETWORKS VIETNAM CO.,LTD","So nha 22, BT1A khu DTM My Dinh2, My Dinh 2, Nam Tu Liem, Hanoi",+842437878845,HA NOI,★★☆☆☆
건설 및 건설자재,"GMB JL VN Co.,ltd","Add 1 : Lo 58-TT4, My Dinh Song Da, Me Tri, Tu Liem, Hanoi Add 2 : Thon Nam Trai, Xa Sai Son, Huyen Quoc Oai, Hanoi",,HA NOI,★★☆☆☆
건설 및 건설자재,GOLD IDEA DEVELOPMENT INVESTMENT JOINT STOCK COMPANY,"Viet Duc Complex 39 Le Van Luong Street, Nhan Chinh, Thanh Xuan, Ha noi BRANCH: Thach That,  Ha Noi",+84977665612,HA NOI,★★★☆☆
건설 및 건설자재,GS ENGINEERING & CONSTRUCTION,"Unit 1701, 17the Floor, AFRM Building, 115 Tran Duy Hung St., Trung Hoa, Cau Giay, Hanoi",+842439345100,HA NOI,★★☆☆☆
건설 및 건설자재,GSF VINA,"3rd floor, N01-T2 building, Diplomatic Corps Area, Xuan Tao Ward, Bac Tu Liem District",+84968563845,HA NOI,★★★☆☆
건설 및 건설자재,HAEOREUM & CONSTRUCTION,"Tang 12, So 24 Hoang Quoc Viet, Nghia Do, Cau Giay, Hanoi",+842463275965,HA NOI,★★★★☆
건설 및 건설자재,HAISUNG VINA,"5F, Golden Field, 24 Nguyen Co Thach, My Dinh 1, Cau Dien, Nam Tu Liem, Hanoi",+842462600110,HA NOI,★★★☆☆
건설 및 건설자재,HAN CHANG E&C,"3F, Lotus Bld, Duy Tan, Cau Giay, Hanoi",+842437957673,HA NOI,★★☆☆☆
건설 및 건설자재,HAN TECHNOLOGY INNOVATION VIỆT NAM,"8th floor, HL Tower, 6/82, Duy Tan Street, Dich Vong Hau, Cau Giay District, Ha Noi",+84964629088,HA NOI,★★☆☆☆
건설 및 건설자재,HANA E&C,"4th floor, Tower C, Golden Palace Building, Me Tri, Nam Tu Liem, Hanoi",+842466866060,HA NOI,★★☆☆☆
건설 및 건설자재,HANCCO VINA LIMITED COMPANY,"2nd Floor, Tower A Golden Palace Building, Me Tri Road, Me Tri Ward, Nam Tu Liem District, Ha Noi",+84961682382,HA NOI,★★★☆☆
건설 및 건설자재,"HANIL CONSTRUCTION & INVESTMENT Co.,Ltd","Tang 1, C2, Dcapitale, Trung Hoa, Hanoi",+842437835022,HA NOI,★★☆☆☆
건설 및 건설자재,HANLA,"7F, No.8, Duong Dinh Nghe, Yen Hoa, Cau Giay, Hanoi",+842432010650,HA NOI,★★☆☆☆
건설 및 건설자재,"HA NOI GLOBAL DESIGN Co.,Ltd","28F, Handico Tower, Pham Hung, Me Tri Ha, Nam Tu Liem, Hanoi",+842473022234,HA NOI,★★★☆☆
건설 및 건설자재,HANSHIN ENGINEERING & CONSTRUCTION,"9th Fl., Charmvit Tower, 117 Tran Duy Hung, Cau Giay, Hanoi",+842437262321,HA NOI,★★☆☆☆
건설 및 건설자재,HANSUNG CONSTRUCTION VINA,"17th, A Tower, Song Da Bld., Pham Hung, My Dinh 1, Nam Tu Liem, Hanoi",+842462659689,HA NOI,★★★☆☆
건설 및 건설자재,"HI BRAND CO.,LTD","Phu La, Van Phu, Ha Dong, Hanoi",+842437876257,HA NOI,★★★★☆
건설 및 건설자재,HK DR.FLOOR VIETNAM,"Nha A toa 32T Khu do thi moi Nam An Khanh, Xa An Khanh, Hanoi",+84823447198,HA NOI,★★★☆☆
건설 및 건설자재,"HK ENG VINA Co.,Ltd","Room 1206, 12F, W1 Vinhomes West Point, Pham Hung, Me Tri, Nam Tu Liem, Hanoi",+842435563284,HA NOI,★★☆☆☆
건설 및 건설자재,"HMC TECH VINA Co.,Ltd","Gamuda Gardens Hoang Mai, Hanoi",+84966089622,HA NOI,★★☆☆☆
건설 및 건설자재,HUMAN TECHNOLOGY INNOVATION,"8th floor, HL Tower, 6/82, Duy Tan Street, Dich Vong Hau, Cau Giay District, Ha Noi",+84343117171,HA NOI,★★☆☆☆
건설 및 건설자재,HWICO,"21 Duy Tan, Dich Vong Hau, Cau Giay, Hanoi",+84388587655,HA NOI,★★★☆☆
건설 및 건설자재,HYB INVESTMENT PROMOTION GROUP JOINT STOCK COMPANY,"Saphire Building, 7th Floor, 163 Ba Trieu, Le Dai Hanh Ward, Hai Ba Trung District, Hanoi City",+84978969889,HA NOI,★★☆☆☆
건설 및 건설자재,HYUNDAI CONSTRUCTION EQUIPMENT,"1908-02, 19F, Keangnam Hanoi Landmark 72, Plot E6, Me Tri, Nam Tu Liem, Hanoi",+842432123915,HA NOI,★★☆☆☆
건설 및 건설자재,HYUNDAI DEVELOPMENT,"#902, 9F, Charmvit tower, 117 Tran Duy Hung, Hanoi",+842435553132,HA NOI,★★★☆☆
건설 및 건설자재,HYUNDAI E&C VINA,"8F, Viglacera Building, No. 1 Thang Long Boulevard, Me Tri, Nam Tu Liem, Hanoi",+842435537123,HA NOI,★★☆☆☆
건설 및 건설자재,"KH E&C CO.,LTD","25nd floor,  CEO Tower, Me Tri Ward, Nam Tu Liem District, Hanoi, Vietnam",+842437690156,HA NOI,★★★☆☆
건설 및 건설자재,KIMSUN VINA,"No. 2, Tay Mo, Nam Tu Liem, Hanoi",+842463291583,HA NOI,★★★★☆
건설 및 건설자재,KNATECO VIETNAM,"C11-T0 4 Tt Bo Gd, Xuan La, Tay Ho, Hanoi",+842437327999,HA NOI,★★★☆☆
건설 및 건설자재,KNI E&C,"Tang 5, thap A, toa nha Song Da, 36 Me Tri, Nam Tu Liem, Hanoi",+842437876351,HA NOI,★★☆☆☆
건설 및 건설자재,KOLON GLOBAL Corp,"#12A03, Oriental Tower, No.324 Tay Son, Dong Da, Hanoi BRANCH: #1798, Sai Gon Trader Center, No.37, Ton Duc Thang, Ben Nghe, Dist 1, HO CHI MINH",+842439743348,HA NOI,★★☆☆☆
건설 및 건설자재,KOREA CONSTRUCTION,"7th floor AC Tower 78 Day Tan, Cau Giay Hanoi",+842462781392,HA NOI,★★☆☆☆
건설 및 건설자재,"KOREA TECH ENGINEERING CO.,LTED","2F, Kailash B/D Lot21, Alley 72, Tran Thai Tong, Dich Vong Hau, Cau Giay, Hanoi",,HA NOI,★★★☆☆
건설 및 건설자재,"KOSCA CONSTRUCTION Co.,Ltd","1st Floor, Lot.97, TT4, My Dinh-Song Da,Me Tri Ward, Nam Tu Liem District, Hanoi",+842437868937,HA NOI,★★☆☆☆
건설 및 건설자재,KOVIT VIETNAM JSC,"Room 3512, CH1D 35th Floor CT4 Vimeco, Trung Hoa, Cau Giay, Hanoi",+842462954943,HA NOI,★★☆☆☆
건설 및 건설자재,"KPEG VIET NAM CO., LTD","10th floor, Office 1, Sun Square, 21 Le Duc Tho, Nam Tu Liem, Ha Noi City",+842432047068,HA NOI,★★★☆☆
건설 및 건설자재,"KR VINA CO.,LTD.","65 Alley 54, Le Quang Dao, Phu Do Ward,Tu Liem District, Hanoi",+84987945335,HA NOI,★★☆☆☆
건설 및 건설자재,"KSG VINA Co.,Ltd","Room 1914-7, 19th Floor, Keangnam Landmark 72 Tower, Pham Hung, Hanoi",+842462822962,HA NOI,★★★☆☆
건설 및 건설자재,KTI E&C,"2nd Floor, 110 Me Tri Ha, Me Tri, Nam Tu Liem, Hanoi",+842463288383,HA NOI,★★★★☆
건설 및 건설자재,KUKBO DESIGN / KUKBO VINA,"My-Dinh, Song Da, Keangnam, Hanoi",+842862871070,HA NOI,★★★☆☆
건설 및 건설자재,"KUKJAE INDUSTRIES VIETNAM Co.,Ltd","3F, No.6,Lane 39/70, Dinh Thon, My Dinh, Nam Tu Liem, Hanoi",+842466562424,HA NOI,★★☆☆☆
건설 및 건설자재,KUM YOUNG E&C,"LOT89,TT4, MY DINH- ME TRI, MY DINH1, NAM TU LIEM, HA NOI",+842432012535,HA NOI,★★☆☆☆
건설 및 건설자재,"KUMGA ENGINEERING TECHNOLOGY SERVICE Co.,Ltd","6th floor, Spring Heirs Building, No. 9, 82 Dich Vong Hau, Cau Giay, Hanoi",+842436417601,HA NOI,★★☆☆☆
건설 및 건설자재,"KUNHWA ENGINEERING & CONSULTING Co.,Ltd","P.A310c, the Manor, Me Tri, My Dinh 1, Nam Tu Liem, Hanoi",+842437940766,HA NOI,★★★☆☆
건설 및 건설자재,"LIFTEC VIETNAM CO.,LTD","Lot D3-1, Hanoi Dai tu I.P, 386 Nguyen Van Linh, Sai Dong, Long Bien, Hanoi",+842435563786,HA NOI,★★☆☆☆
건설 및 건설자재,LISTONE E&C,"Nha B7, Khu nha O Me Tri Ha, So 02, DO Duc Duc, Nam Tu Liem, Hanoi",+842437878477,HA NOI,★★☆☆☆
건설 및 건설자재,"LOTTE ENGINEERING & CONSTRUCTION VIETNAM Co.,Ltd","3102, 31F, East Bld., 31F, Lotte Center Hanoi, 54 Lieu Giai, Ba Dinh, Hanoi.",+842432676123,HA NOI,★★★☆☆
건설 및 건설자재,M2B E&C,"No. 02, Lot 3B, Khu do thi moi Trung YenTrung Yen Street 11, Trung Hoa, Cau Giay, Hanoi",+842462538201,HA NOI,★★☆☆☆
건설 및 건설자재,MDA E&C,"7F, Licogi 13Bld, 164 Khuat Duy Tien Road, Thanh Xuan Dits, Ha Noi",+842437958258,HA NOI,★★★☆☆
건설 및 건설자재,META DESIGN,"4th fl, Tower C, Golden Palace Building, Me Tri, Nam Tu Liem, Hanoi",+842466866060,HA NOI,★★★★☆
건설 및 건설자재,"MIRAE AIR COND.PLANT VINA CO.,LTD","507#, 5F, Star Tower Bld, Plot D32, Duong Dinh Nghe, Cau Giay, Hanoi",+842437824796,HA NOI,★★★☆☆
건설 및 건설자재,"MIRAE CONSTRUCTION CO.,LTD","Tang T6, Toa nha TTC,pho Duy Tan, Dich Vong Hau, Cau Giay, Hanoi BRANCH: 3 Floor, No. 421 Pho Vu, Dai Phuc, Bac Ninh",+842432123351,HA NOI,★★☆☆☆
건설 및 건설자재,"MIRAE-BAC CO.,TLD","Lai Cach, Cam Giang, Hai Duong BRANCH: 35th Floor, Keangnam Landmark 72 Tower, Lot E6, Pham Hung, Cau Giay, Hanoi",+842203781008,HA NOI,★★☆☆☆
건설 및 건설자재,MIT CONSTRUCTION,"so 9 C2, khu do thi moi Yen Hoa, Cau Giay, Hanoi",+842437831501,HA NOI,★★☆☆☆
건설 및 건설자재,MNK VIETNAM,"Tang 16, Trung tam thuong mai Daeha, 360 Pho Kim Ma, Ngoc Khanh, Ba Dinh, Hanoi",+842437710021,HA NOI,★★★☆☆
건설 및 건설자재,MOOLSO E&C,"Add 1 : Room 404, 4F, N03, T7 High-end APT Area in Diplomatic Corps, Xuan Tao, Bac Tu Liem, Hanoi Add 2 : Hoang Ngan, Trung Hoa, Cau Giay, Hanoi",+842462766855,HA NOI,★★☆☆☆
건설 및 건설자재,MYDA CONSTRUCTION,"VP4 Tower, Floor 23-14, Linh Dm Semi Island, Hoang Mai, Hanoi",+842263883118,HA NOI,★★☆☆☆
건설 및 건설자재,New Green World,"Floor 2nd Lot No. CK1-11 Handicraft Ponit of van phuc Silk Weaving Village, Ha Dong",+842473099917,HA NOI,★★★☆☆
건설 및 건설자재,"NST D&C CO.,LTD","4F, AP Tower - No.58 Tran Thai Tong, Dich Vong, Cau Giay, Hanoi",+842437955939,HA NOI,★★☆☆☆
건설 및 건설자재,OH SYSTEM,"Lo C12, To 57, Yen Hoa, Cau Giay, Hanoi",+842437823551,HA NOI,★★★☆☆
건설 및 건설자재,PLUS ONE,"Tang 22 khoi B Toa nha Song Da, Pham Hung, My Dinh 1, Nam Tu Liem, Hanoi",+842462930101,HA NOI,★★★★☆
건설 및 건설자재,"PO SUNG MEC CO.,LTD","6th Floor, Block B, SongDa Building, My dinh ward, Nam Tu Liem District, Hanoi, Vietnam",+842836369852,HA NOI,★★★☆☆
건설 및 건설자재,POSCO E&C,"4th Daeha Business Center, 360 Kim Ma, Ba Dinh, Hanoi",+842439364951,HA NOI,★★☆☆☆
건설 및 건설자재,PROJECT FOR ENHANCING CAPACITY ON EXPRESSWAY O&M,"#203, Directorate for Roads of VietNam, D20 Ton That Thuyet, Cau Giay, Hanoi",,HA NOI,★★☆☆☆
건설 및 건설자재,PROJECT MANAGEMENT INTERNATIONAL,"#507, C5B zone, alley 27 Hoang Ngoc Phach, Hanoi",+84988426880,HA NOI,★★☆☆☆
건설 및 건설자재,"SAM IL CONSTRUCTION CO., LTD","11th Floor, MD Complex Tower, No. 68 Nguyen Co Thach, My Dinh I, Nam Tu Liem, Hanoi",+842462824204,HA NOI,★★★☆☆
건설 및 건설자재,SB-TECH VINA,"F1504A Room, 15Th Floor Charmvit, No. 117 Tran Duy Hung, Trung Hoa, Cau Giay, Hanoi",+842473010088,HA NOI,★★☆☆☆
건설 및 건설자재,SE MYUNG ELECTRIC & POWER,"Lot 04, TDC 01, Mo Lao, Ha Dong, Hanoi BRANCH: No.55, Nguyen Trai, Nghia Lo, Quang Ngai",+842466534289,HA NOI,★★☆☆☆
건설 및 건설자재,"SEBOMEC VIETNAM Co.,Ltd","LK1,-E01, North An Khanh, Hoai Duc Hanoi",+842422250273,HA NOI,★★★☆☆
건설 및 건설자재,SEILENS,"Tầng 25 khối A Tòa nhà Sông Đà, đường Phạm Hùng, Mỹ Đình 1, Nam Từ Liêm, Hà Nội BRANCH: Lô 08-1, khu công nghiệp Yên Phong mở rộng, xã Yên Trung, huyện Yên Phong, tỉnh Bắc Ninh",+842437858327,HA NOI,★★☆☆☆
건설 및 건설자재,"SEMO VIETNAM CONSTRUCTION Co.,Ltd","Km9, dai lo Thang Long, An Khanh, Hoai Duc, Hanoi.",+842437957380,HA NOI,★★★☆☆
건설 및 건설자재,SEO-HO INC VINA,"No. 35, Lane 342 Ho Tung Mau, Group 12 Phu Dien, Phu Dien, Tu Liem, Hanoi",+84978332895,HA NOI,★★★★☆
건설 및 건설자재,SEUM A&C VIETNAM,"8f, C block, Central Point Building, 219 Trung Kinh, Cau Giay",+84943078850,HA NOI,★★★☆☆
건설 및 건설자재,SH Innovation,"113, 10F, CEO Building, MeTri Ha, Pham Hung, Me Tri, Nam Tu Liem, Ha Noi",+84357374156,HA NOI,★★☆☆☆
건설 및 건설자재,"SHINWOO INDUSTRIES VINA Co.,Ltd","Tang 18A, Toa nha MD Complex, 68 Nguyen Co Thach, Hanoi",+842432010567,HA NOI,★★☆☆☆
건설 및 건설자재,SK-TECH,"Thon Kim Quan, xa Yen Vien, Gia Lam, Hanoi",+842436527048,HA NOI,★★☆☆☆
건설 및 건설자재,SL GLOBAL VINA,"5th Floor, TT03-05, HD Mon City, My Dinh 2 Ward, Nam Tu Liem Dist., Ha Noi, Viet Nam",+842432009741,HA NOI,★★★☆☆
건설 및 건설자재,SSANGYONG ENGINEERING,"5th floor, Sentinel Place tower, no 41A Ly Thai To, Hoan Kiem, Hanoi",+842838227125,HA NOI,★★☆☆☆
건설 및 건설자재,STOKES INTERIOR,"2nd Fl., Hanoi Lake View Resident. 28 Thanh Nien, Tay Ho, Hanoi",+842437333188,HA NOI,★★☆☆☆
건설 및 건설자재,SUNGDO ENG VIETNAM,"2nd Floor, A tower, Golden Palace Building, Me Tri,Nam Tu Liem,Hanoi",+842462900400,HA NOI,★★★☆☆
건설 및 건설자재,SUNGJI GROUP VIETNAM,"16F Discovery complex, 302 Cau Giay, Dich Vong, Cau Giay, Hanoi",+842432068677,HA NOI,★★☆☆☆
건설 및 건설자재,SUNGSHIN VINA,"Lai Yen Industrial Zone, Lai Yen Commune, Hoai Duc District, Hanoi",+842433213411,HA NOI,★★★☆☆
건설 및 건설자재,SUNJIN ENGINEERING & ARCHITECTURE,"7th Floor, 21A, 158 Nguyen Khanh Toan, Cau Giay, Hanoi",+842437621340,HA NOI,★★★★☆
건설 및 건설자재,"SUNKYUNG ENC VINA CO.,LTD","Floor 22, PVI Building, Yen Hoa Block, Yen Hoa, Cau Giay, Hanoi",+842466641400,HA NOI,★★★☆☆
건설 및 건설자재,SYPANEL VINA,"2F, Block A, Song Da Building, Pham Hung, My Dinh 1, Nam Tu Liem, Hanoi BRANCH: No.4, 816, Phu Huu, 9 dist, HO CHI MINH",+842437878717,HA NOI,★★☆☆☆
건설 및 건설자재,"TAC INVESTMENT Co.,Ltd","B room, 2nd Fl, Dolphin Plaza Bldg, No.28 Tran Binh, My Dinh 2, Nam Tu Liem, Hanoi",+842437877318,HA NOI,★★☆☆☆
건설 및 건설자재,TEMSCO,"3F, AC B/D, Lot A1A, Small Industry Zone, Dich Vong Hau, Cau Giay, Hanoi",+842466732684,HA NOI,★★☆☆☆
건설 및 건설자재,"TOPEC VIETNAM Co.,Ltd","7th Floor, 74 Me tri Ha, Nam Tu Liem, Hanoi",+847078630559,HA NOI,★★★☆☆
건설 및 건설자재,"TS ENC VINA CO.,LTD","8F1, SUDICO (HH3) Building, Me tri. My Dinh, Nam Tu Liem, Hanoi",+842432005820,HA NOI,★★☆☆☆
건설 및 건설자재,"VES VIETNAM Co.,Ltd","Lo 41, kieu nha 3A, khu nha o thap tang TT4, My Dinh 1, Nam Tu Liem, Hanoi",+842437878981,HA NOI,★★☆☆☆
건설 및 건설자재,"VIEKO INTERNATIONAL Co.,ltd","So 36, toa nha BQLDA KDT Xa La, Phuc La, Van Phu, Phuc La, Ha Dong, Hanoi",,HA NOI,★★★☆☆
건설 및 건설자재,VIET INDUSTRY GROUP JSC,"R.801, SILVER WINGS Building, 137A Nguyen Van Cu, Long Bien, Hanoi",+842422207918,HA NOI,★★☆☆☆
건설 및 건설자재,"VIETNAM HY GLOBAL Co.,Ltd","Lo A2 CN1 cum cong nghiep tap trung vua va nho Tu Liem, Minh Khai, Bac Tu Liem, Hanoi",+84912187099,HA NOI,★★★☆☆
건설 및 건설자재,VIETNAM KODSDOOR JSC,"Lo 1-CN8 -cum cong nghiep Ngoc Hoi, Ngoc Hoi, Thanh Tri, Hanoi",+84965930999,HA NOI,★★★★☆
건설 및 건설자재,Vietnhat E&C JSC,"No. 43, Alley 260, Cau Giay st, Quan Hoa,Cau Giay, Hanoi, Vietnam",+842439958249,HA NOI,★★★☆☆
건설 및 건설자재,VIKO SAFETY & CONSTRUCTION,"272 Khuong Dinh, Ha Dinh, Thanh Xuan, Hanoi",+842432006412,HA NOI,★★☆☆☆
건설 및 건설자재,YOOCHANG VIETNAM,"Room No 2302, Viwaseen Tower, 48 To Huu Street, Trung Van Ward, Nam Tu Liem Districts, Hanoi,Viet nam",+842463298700,HA NOI,★★☆☆☆
건설 및 건설자재,YOOSHIN ENGINEERING Corp,"24F, Vinaconex 9 tower, Pham Hung, Hanoi",+842437690256,HA NOI,★★☆☆☆
건설 및 건설자재,"YOUJIN VINA STEEL CONSTRUCTION Co.,Ltd","18th SongDa Bldg, My Dinh 1, Nam Tu Liem, Ha Noi",+849365719060,HA NOI,★★★☆☆
건설 및 건설자재,YOUNGJIN E&C JSC,"3rd Floor, B Tower, Keangnam Landmark Building, Me Tri Ward,Nam Tu Riem District, Ha Noi City, Vietnam",+842438580435,HA NOI,★★☆☆☆
건설 및 건설자재,"ZIOVI DESIGN CO.,LTD","2F Today Rural Newspaper Tower, Duong Dinh Nghe, Yen Hoa, Cau Giay, Hanoi",+842432123501,HA NOI,★★☆☆☆
건설 및 건설자재,"CMH Co.,Ltd","Doi 1, Phu Tai 1. Kim Dinh, KIm Thanh, Hai Duong",+84377745775,HAI DUONG,★★★☆☆
건설 및 건설자재,DAEHO SPECIAL STEEL VINA,"Dai An I.Z, Tu Minh, Hai Duong",+842203570445,HAI DUONG,★★☆☆☆
건설 및 건설자재,LMS VINA,"Lot Xn3-1E1, Dai An Expansion I.Z, Lai Canh, Cam Giang, Hai Duong",+842203555391,HAI DUONG,★★★☆☆
건설 및 건설자재,SILKROAD HA NOI JSC.,"Lo XN 46-4, KCN Dai An, Hai Duong",+842203555500,HAI DUONG,★★★★☆
건설 및 건설자재,VINA FLY ASH & CONCRETE,"Km 30+400, National Road 18A, Pha Lai, Chi Linh, Hai Duong",+842203881412,HAI DUONG,★★★☆☆
건설 및 건설자재,BUMIL ENG COMPANY LIMITED,"Residential Group No. 13, Tran Thanh Ngo, Kien An, Hai Phong",+84356839444,HAI PHONG,★★☆☆☆
건설 및 건설자재,"CUBE E&C VINA Co.,Ltd","301, Song Hong Hotel, X6, Gio Nha, Tan Tien, An Duong, Hai Phong",+842253821515,HAI PHONG,★★☆☆☆
건설 및 건설자재,DUCKSHIN HOUSING VIETNAM,"No.146, Road No.10, VSIP Hai Phong Township,I.P and Service, Thuy Nguyen, Dinh Vu Cat Hai E.Z, Hai Phong",+842258832600,HAI PHONG,★★☆☆☆
건설 및 건설자재,E-DAM TECH VIETNAM COMPANY LIMITED,"No. 78 To Vu, Dang Lam, Hai An, Hai Phong",+84971961402,HAI PHONG,★★★☆☆
건설 및 건설자재,GNS VINA,"No. 2A So, So Dau, Hong Bang, Hai Phong",+842253828582,HAI PHONG,★★☆☆☆
건설 및 건설자재,MAXNETWORK VINA COMPANY LIMITED,"No. 141/193 Van Cao, Dang Lam, Hai An, Hai Phong",+841222395952,HAI PHONG,★★☆☆☆
건설 및 건설자재,S & I VIETNAM CONSTRUCTION COMPANY LIMITED,"Lot K-8 KCN Trang Due, Dinh Vu - Cat Hai Economic Zone, Hong Phong, An Duong, Hai Phong",+842256279719,HAI PHONG,★★★☆☆
건설 및 건설자재,"YB VINA CO., LTD","Km 92, Quốc lộ 5, An Trì, Phường Hùng Vương, Quận Hồng Bàng, Thành phố Hải Phòng, Việt Nam",+847087456245,HAI PHONG,★★☆☆☆
건설 및 건설자재,"YOOJIN TSIN VINA CO.,LTD","Room 312, 3rd floor, Thanh Dat 1 building, 3 Le Thanh Tong, May To, Ngo Quyen, Hai Phong",+842253250359,HAI PHONG,★★★☆☆
건설 및 건설자재,"BOO YOUNG VINA Co.,Ltd","1007, 10Fl, Charmvit Tower, 117 Tran Duy Hung, Trung Hoa, Cau Giay, Hanoi",+842435690953,HA NOI,★★★★☆
건설 및 건설자재,PUYOUNG VIETNAM,"Phan Boi village, Di Su commune, My Hao, Hung Yen",+842213744131,HUNG YEN,★★★☆☆
건설 및 건설자재,"AONE ALFORM Co.,Ltd","46 daejesandan 3-gil, Goesan-eup, Goesan-gun, Chungcheongbuk-do, Korea",+82437607800,KOREA,★★☆☆☆
건설 및 건설자재,COSMO D&C,"Cẩm Khê District, Phu Tho Province",+842438580435,PHU THO,★★☆☆☆
건설 및 건설자재,"C&N VINA TAM ANH - KOREA CO.,LTD","Chu Lai Open Economic Zone, Tam Anh Bac, Nui Thanh, Quang Nam",+842836202724,QUANG NAM,★★☆☆☆
건설 및 건설자재,"KDV CO.,LTD","Mo da Rang cua, xa Tam Nghia, Nui Thanh, Quang Nam",+842353741742,QUANG NAM,★★★☆☆
건설 및 건설자재,"KD&C CORPORATION CO., LTD","R603, IDMC My Dinh Building, No.15 Pham Hung, My Dinh 2 Ward, Nam Tu Liem Dist, Ha Noi",+84917 605 588,QUANG NINH,★★☆☆☆
건설 및 건설자재,BJSTEEL VIETNAM,"Khu A, KCN Song Cong I.P, Mo Che, Song Cong, Thai Nguyen",+842083860600,THAI NGUYEN,★★☆☆☆
건설 및 건설자재,"MBICO VINA Co.,Ltd","Song Cong Iz, Thai Nguyen",,THAI NGUYEN,★★★☆☆
건설 및 건설자재,SUNJAE VINA,"#603B, Luong Ngoc Quyen, Group 23, Phan Dinh Phung, Thai Nguyen",+842083931600,THAI NGUYEN,★★☆☆☆
건설 및 건설자재,DONG-A E&C,"본사(빈푹): So 606 Pho Dinh Am P, Khai Quang, Vinh Yen, VINH PHUC 하노이사무실: 4th Connecting N02T1 Building, Diplomatic Corps Area, Do Nhuan, Xuan Tao, Bac Tu Liem, Hanoi 호치민사무실: 79/3 Duong Hoang Van Thai, Tan Phu, District 7, Ho Chi Minh City 인도사무실: Unit No. 1003, 10th floor, Tower A-1, Corporate park, sector 142 Noida, U.P, India",+84386116565,VINH PHUC,★★★☆☆
건설 및 건설자재,"VICT ENG CO.,LTD","Hlghway No2, Phuc Thang, Phuc Yen, VINH PHUC",+84969571491,VINH PHUC,★★★★☆
건설 및 건설자재,VINA CPK-BA THIEN 2 IP,"Thien Ke Commune, Binh Xuyen Dist, VINH PHUC",+842113899007,VINH PHUC,★★★☆☆
건설 및 건설자재,WOOJIN ENGINEERING,"No.68, Phan Dinh Giot, Khai Quang, Vinh Yen, VINH PHUC",,VINH PHUC,★★☆☆☆
"물류, 운수, 여행업",DOLPHIN SEA AIR SERVICES,"7th Floor, Hai Au Bld, 39B Truong Son, Ward 4, Tan Binh, HO CHI MINH",+842862647222,HO CHI MINH,★★☆☆☆
"물류, 운수, 여행업",HANJIN GLOBAL LOGISTICS VIETNAM,"18 Fl Green Power Bldg, 35 Ton Duc Thang, Ben Nghe, Dist.1, HO CHI MINH",,HO CHI MINH,★★☆☆☆
"물류, 운수, 여행업",KOREAN AIR VIETNAM,"9th Floor, Diamond Plaza Bld, 34 Le Duan, Dist 1, HO CHI MINH",+842838242878,HO CHI MINH,★★★☆☆
"물류, 운수, 여행업","LOTTE RENTAL(VIETNAM) CO., LTD","(베트남법인) R716, 7F, Saigon Paragon, No. 03, Nguyen Luong Bang St, Dist, 7, HO CHI MINH (하노이지사) 1F/2F, The Sun Building, Me Tri St., Me Tri Ward, Nam Tu Liem, Hanoi (다낭지사) Indochina Riverside Towers Building, 74 Bach Dang Street, Hai Chau I Ward, Hai Chau District, Da Nang City, Vietnam",+842854148000,HO CHI MINH,★★☆☆☆
"물류, 운수, 여행업",SEBANG VINA,"5fi, Licogi 13 Tower, Khuat Duy Tien, Nhan Chinh, Thanh Xuan, Hanoi BRANCH: Lot4, Textile I.P, Pho Noi, B, Di Su, My Hao, Hung Yen",+842432222108,HUNG YEN,★★☆☆☆
"물류, 운수, 여행업",SEJOONG ETG TRAVEL,"11F, Charmvit Tower, 117 Tran Duy Hung, Trung Hoa, Cau Giay, Hanoi",,HUNG YEN ,★★★☆☆
"물류, 운수, 여행업",PACIFIC AIR AGENCY,"3F,E-PLAZA Bldg, 25 Sejong-daero 4gil, Jung-gu, Seoul, Korea",+848223178761,KOREA,★★☆☆☆
"물류, 운수, 여행업",AJ Total VN Phonoi Branch,"Phòng 2309-1, Tầng 23, Keangnam Hanoi Landmark Tower, Khu đô thị mới Cầu Giấy, Phường Mễ Trì, Quận Nam Từ Liêm, Thành phố Hà Nội, Việt Nam",+84386058960,HA NOI,★★★☆☆
"물류, 운수, 여행업","WORLDWIDE LOGISTICS VN CO.,LTD - HA NOI BRANCH","11 Floor, 24T Hapulico Center Building, No 1 Nguyen Huy Tuong Str, Thanh Xuan Dist, Ha Noi",+842466643987,HA NOI,★★★★☆
"물류, 운수, 여행업","YUSEN LOGISTICS (VIETNAM) CO., LTD.","Room 805, HITC Bldg., 239 Xuan Thuy, Cau Giay, Hanoi",+842437684641,HA NOI,★★★☆☆
"물류, 운수, 여행업",BSL NETWORKS,"14 Ben Lang, Dang Lam, Hai An, Hai phong",+842253614495,HAI PHONG,★★☆☆☆
"물류, 운수, 여행업",DONGBANG LOGISTICS VINA,"Km92, New 5th, Hung Vuong, Hang Bang, Hai Phong",+842253291997,HAI PHONG,★★☆☆☆
"물류, 운수, 여행업",MAXPEED VINA,"702, VET Bld, 98Hoang Quoc Viet, Cau Giay, Hanoi BRANCH: Add 2 : 1 Tran Anh Tong, Loc Vuong, Nam Dinh Add 3 : 20A Le Hong Phong, Ngo Quyen, Hai Phong",+842283555389,HAI PHONG,★★☆☆☆
"물류, 운수, 여행업",NEXITRANS VN,"SỐ 157 LÔ 7C LÊ HỒNG PHONG, PHƯỜNG ĐÔNG KHÊ, QUẬN NGÔ QUYỀN, TP HAI PHONG, VIỆT NAM BRANCH: 임직원",+842257303033,HAI PHONG,★★★☆☆
"물류, 운수, 여행업",PANTOS LOGISTICS VIETNAM,"P2, LG Land Lot, Trang Due I.P, Le Loi, An Duong, Hai Phong",+842256270346,HAI PHONG,★★☆☆☆
"물류, 운수, 여행업",STAR Logistics VINA,"số 168 thôn Cách Thượng, xã Nam Sơn, huyện An Dương, thành phố Hải Phòng",+842258831821,HAI PHONG,★★☆☆☆
"물류, 운수, 여행업",SOVICO GROUP JOINT STOCK COMPANY,"14Floor, HD Bank Tower, Nguyen Tri Minh Khai Street, HO CHI MINH",+842838274456,HO CHI MINH,★★★☆☆
"물류, 운수, 여행업",AGILITY,"#8-2,Etown 1, 364 Cong Hoa st. Tan Binh. HO CHI MINH",+842838132840,HO CHI MINH,★★☆☆☆
"물류, 운수, 여행업","V ONE LOGISTICS HA NOI CO.,LTD","9 Floor, AC Bldg, 78 Duy Tan, Dich Vong Hau, Cau Giay District, Hanoi, Vietnam",+842473003660,HA NOI,★★★☆☆
"물류, 운수, 여행업","VEGA REX HA NOI CO.,LTD","#808, 8th floor, 315 Bld, Truong Chinh, Dong Da, Hanoi",+842432484975,HA NOI,★★★★☆
"물류, 운수, 여행업","VEKO INTERNATIONAL Co.,Ltd","Toa A1/D21, Ngo 11 Duy Tan, Dich Vong Hau, Cau Giay, Hanoi",+84347922444,HA NOI,★★★☆☆
"물류, 운수, 여행업",Vietnam Airlines JSC,"200 Nguyen Son street, Bo De ward, Long Bien district, Hanoi city, Vietnam",+842438272289,HA NOI,★★☆☆☆
"물류, 운수, 여행업",VIETNAM EVACOM TRADING,"23 Ngo Thi Nham, Hai Ba Trung, Hanoi BRANCH: 1701, Floor 17, Charmvit Tower, 117 Tran Duy Hung, Cau Giay, Hanoi",+84369566666,HA NOI,★★☆☆☆
"물류, 운수, 여행업",VIKO TRANS CO.LTD,"6F, No.58 Nguy Nhu Kon Tum, Thanh Xuan. Hanoi",+842462577771,HA NOI,★★☆☆☆
"물류, 운수, 여행업",visafast,"Ngõ 266, Hoàng công chất, Phường phú diễn, Quận bắc từ liêm, Thành phố Hà nội",+84385910236,HA NOI,★★★☆☆
"물류, 운수, 여행업","VISION SHIPPING VIETNAM CO., LTD","6th Floor, Hanoi Group BLD, No. 442 Doi Can Str, Cong Vi Ward, Ba Dinh Dist, Ha Noi",+842437281866,HA NOI,★★☆☆☆
"물류, 운수, 여행업",VNTRAVEL VIET NAM TOURISM JOINT STOCK COMPANY,"11th floor, 36 Hoang Cau, Dong Da District, Hanoi",+8419002083,HA NOI,★★☆☆☆
"물류, 운수, 여행업",WOO SUNG FRIEGHT VIETNAM,"6F, HH3, My Dinh, Me Tri, Nam Tu Liem, Hanoi",+842432565152,HA NOI,★★★☆☆
"물류, 운수, 여행업",SAMDUCK KDP,"1801 N2T3 B/D Ngoai Giao Doan, Xuan Tao, Bac Tu Liem, Hanoi",+842432252061,HA NOI,★★☆☆☆
"물류, 운수, 여행업",SANTOH VINA LOGISTICS,"Floor 5B, VMT Building, Block A1F, Cum TTCN va CNN, Duy Tan, Dich Vong Hau, Cau Giay, Hanoi",+842462821211,HA NOI,★★★☆☆
"물류, 운수, 여행업",SHINWALL TRAVEL,"Villa E7 The Manor, Do Dinh Thien, Nam Tu Liem, Hanoi",+842435565709,HA NOI,★★★★☆
"물류, 운수, 여행업","SMART CARGO SERVICE CO.,LTD","3FL, Interserco B/D, No 2 Ton That Thuyet Str, My Dinh 2 ward, Nam Tu Liem Dist, HN. BRANCH: 0984066589 Hoa",+842435553042,HA NOI,★★★☆☆
"물류, 운수, 여행업",SUNTRAVEL,"VP 308, Tang 3, Toa Nha Dreamland Bonaza, 23 Duy Tan, Dich Vong Hau, Nam Tu Liem, Ha Noi",+84356169019,HA NOI,★★☆☆☆
"물류, 운수, 여행업",T'WAY AIR,"Room 501A, DMC Tower, 535 Kim Ma, Ba Dinh, Hanoi",,HA NOI,★★☆☆☆
"물류, 운수, 여행업",TAM VUONG CORP,"Room 301. 3rd floor, Defense Academy Apartment Building, Xuan La, Tay Ho, Hanoi",+842437824888,HA NOI,★★☆☆☆
"물류, 운수, 여행업",TH TOURS,"7th FL., VinaFor Bldg, 127 Lo Duc Str, Dong Mac Ward. Hai Ba Trung, Hanoi, Vietnam BRANCH: 10th FL., Green Power Bldg, 35 Ton Duc Thang St., HO CHI MINH, Vietnam.",+847044824665,HA NOI,★★★☆☆
"물류, 운수, 여행업",UNICO LOGISTICS VIET NAM,"1201, 12F, Han Viet Bldg - 203 Minh Khai, Hai Ba Trung, Hanoi",+842436321598,HA NOI,★★☆☆☆
"물류, 운수, 여행업",US COM LOGISTICS INC.,"25-27 Le Dai Hanh, Le Dai Hanh, Hai Ba Trung, Hanoi",+842439749661,HA NOI,★★☆☆☆
"물류, 운수, 여행업","MYOSUNG TRADING CO.,LTD","Room 203, 2nd Floor, 285 Doi Can, Ba Dinh, Hanoi BRANCH: Tel : (0225) 361 4219 Fax : (0225) 361 4220",+842432115751,HA NOI,★★★☆☆
"물류, 운수, 여행업","NEW WAY LOGISTIC CO.,LTD","#804, 8F, Sannam Bld, Dich Vong Hau, Cau Giay, Hanoi BRANCH: Website : www.maxpeed.com.vn / www.maxpeed.co.kr",+842437957575,HA NOI,★★☆☆☆
"물류, 운수, 여행업",NEWLAND DISCOVERY TRAVEL,"10th floor, Viwaseen Building, 48 To Huu, Nam Tu Liem, Hanoi BRANCH: 직원수 : 한국인 3명, 베트남인 120명",+842436673337,HA NOI,★★★☆☆
"물류, 운수, 여행업",Nguyen Gia Tourist and Aviation services JSC.,"No21 , Alley 49 Van Bao Street, Ba Dinh District , Hanoi BRANCH: 이봉석 주재 대표 / STEVE. LEE Representative",+842437736568,HA NOI,★★★★☆
"물류, 운수, 여행업",NON-STOP EXPRESS INT’L INC.,"So 24 Lo 12A Trung Yen 10, Trung Hoa, Cau Giay, Hanoi BRANCH: Mobile : 097 628 5184",+842437836442,HA NOI,★★★☆☆
"물류, 운수, 여행업",PAC SEA & AIR,4F  144 Khuat Duy Tien str THANH XUAN BRANCH: HA NOI,+84983212198,HA NOI,★★☆☆☆
"물류, 운수, 여행업",PACIFIC CONTAINER SHIPPING JSC,"15th Fl., Hoa Binh Office Tower, 106 Hoang Quoc Viet Str., Nghia Do Ward, Cau Giay Dist., Hanoi",+842432005711,HA NOI,★★☆☆☆
"물류, 운수, 여행업",PANAKOR LOGISTICS,"22nd Floor, Center Building, 01 Nguyen Huy Tuong, Thanh Xuan Trung, Thanh Xuan, Hanoi",+842432066555,HA NOI,★★☆☆☆
"물류, 운수, 여행업",PGL Logistics,"16th fl, block A Song Da building, Pham Hung road, My Dinh 1 ward, Nam Tu Liem dist, Hanoi city, Vietnam.",+844322625454,HA NOI,★★★☆☆
"물류, 운수, 여행업",S1 EXPRESS,"30F Handico Tower, Pham Hung, Me Tri, Tu Liem, Hanoi",+842432032468,HA NOI,★★☆☆☆
"물류, 운수, 여행업",KOREA TOTAL LOGISTICS VIETNAM,"Room 1008, 10th Floor, Charmvit Tower, 117, Tran Duy Hung, Trung Hoa, Cau Giay, Hanoi",+842432222602,HA NOI,★★☆☆☆
"물류, 운수, 여행업",KOREAN AIR HA NOI OFFICE,"14F, A Tower, Discovery Complex, 302 Cau Giay, Dich Vong, Cau Giay, Hanoi",+842439347247,HA NOI,★★★☆☆
"물류, 운수, 여행업","KUKDONG LOGISTICS CO.,LTD","14th Floor, Licogi 13 Tower, Khuat Duy Tien, Nhan Chinh, Thanh Xuan, Hanoi",+842435690890,HA NOI,★★☆☆☆
"물류, 운수, 여행업",Kumho Samco Buslines,"5th floor, A tower, Song Da building, Pham Hung street, Nam Tu Liem district, Hanoi city",+842438372888,HA NOI,★★★☆☆
"물류, 운수, 여행업",KUMHO VIET THANH,"Số 20 đường Phạm Hùng, Phường Mỹ Đình 2, Quận Nam Từ Liên, Hà Nội",+842437689875,HA NOI,★★★★☆
"물류, 운수, 여행업",KVC LOGISTICS & TRADING,"Tang 25, Vinaconex 9 Tower, lo HH 2 -2, Pham Hung, Me Tri, Nam Tu Liem, Hanoi",,HA NOI,★★★☆☆
"물류, 운수, 여행업",KVISION TOURS,"20 Hang Muoi, Hoan Kiem, Hanoi",+842438715555,HA NOI,★★☆☆☆
"물류, 운수, 여행업",MAXPEED VIETNAM,"Unit 3, 5th Floor, Building NO1-T2, Diplomatic Resident Complex, Bac Tu Liem Dictrct, Ha Noi City, Vietnam",+842437558393,HA NOI,★★☆☆☆
"물류, 운수, 여행업","MIT FUSION EXPRESS Co.,Ltd","C2, khu do thi moi Yen Hoa, Cau Giay, Hanoi BRANCH: Tel : (0228) 355 5389",+842437831501,HA NOI,★★☆☆☆
"물류, 운수, 여행업",MTL VIETNAM COMPANY LIMITED,"4th Floor, The Nine Tower, No.9, Pham Van Dong Street, Mai Dich Ward, Cau Giay District, Hanoi, Vietnam BRANCH: Add 3 : 20A Le Hong Phong, Ngo Quyen, Hai Phong",+842438390777,HA NOI,★★★☆☆
"물류, 운수, 여행업",KAS HA NOI AIR & SEA TRANSPORT,"5 Floor, Song Da 9 Building, My Dinh 2, Tu Liem Dist, Hanoi, Vietnam",+842443204703,HA NOI,★★☆☆☆
"물류, 운수, 여행업",KCM LOGISTICS VINA,"54 Land 1, Dong Me, Me Tri, Nam Tu Liem, Hanoi",+847053389640,HA NOI,★★☆☆☆
"물류, 운수, 여행업","KCTC VIETNAM HA NOI Co.,Ltd","Tầng 12 tòa nhà TASCO HH2-2, Phạm Hùng, Khu đô thị Mễ Trì Hạ, Từ Liêm, Hà Nội, 베트남",+842435551932,HA NOI,★★★☆☆
"물류, 운수, 여행업","KEN LOGISTICS Co.,Ltd","11th Floor, Detech Tower II, No. 107 Nguyen Phong Sac, Dich Vong Hau Ward, Cau Giay District, Hanoi",+842437680066,HA NOI,★★☆☆☆
"물류, 운수, 여행업",KGL VIETNAM,"22nd floor, Charmvit tower, No.117 Tran Duy Hung street, Trung Hoa Ward, Cau Giay District, Hanoi city, Vietnam.",+842437876938,HA NOI,★★★☆☆
"물류, 운수, 여행업","KIMHANNAM CO.,LTD","P402, 17T5 building, Trung Hoa Nhan Chinh, Thanh Xuan, Hanoi",+842462811353,HA NOI,★★★★☆
"물류, 운수, 여행업","KJTT CO.,LTD","Room3, 3F, Harec Building, 4A Lang Ha, Ba Dinh, Hanoi",+842438335959,HA NOI,★★★☆☆
"물류, 운수, 여행업","KONA PARTNER CO.,LTD.","Số 110 Mễ Trì Hạ, Nam Từ Liêm, Hà Nội",+84968281196,HA NOI,★★☆☆☆
"물류, 운수, 여행업",KONET EXPRESS,"17F, Hoa Binh Tower, 106 Hoang Quoc Viet, Cau Giay, Hanoi",+842437876265,HA NOI,★★☆☆☆
"물류, 운수, 여행업",KORCHINA LOGISTICS,"3th floor, Simco Building, 28 Pham Hung, My Dinh 1, Nam Tu Liem, Hanoi",+842437759552,HA NOI,★★☆☆☆
"물류, 운수, 여행업","J.I VINA CO.,LTD","Lot TT07, No119, K2 Str, Cau Dien, Nam Tu Liem, Hanoi",+842432006105,HA NOI,★★★☆☆
"물류, 운수, 여행업",JDL VN,"Tang 26, Handico Tower, Pham Hung, Me Tri, Tu Liem, Hanoi",+842432013636,HA NOI,★★☆☆☆
"물류, 운수, 여행업",JEXPRESS,"South Pacific Building(4th floor), No73, Ly Nam De, Hoan Kiem, Hanoi BRANCH: B3,1,2 Hoang Anh Gold House, Le Van Luong, Hamlet 3, Phuoc Kien, Nha Be, HO CHI MINH",+84249332424,HA NOI,★★☆☆☆
"물류, 운수, 여행업",JIN AIR,"Room# 509 JINAIR, The Spaces, 28A Trần Hưng Đạo, Phan Chu Trinh, Hoàn Kiếm, Hà Nội",+847640521,HA NOI,★★★☆☆
"물류, 운수, 여행업",JIN LOGIS,"98 To Ngoc van, tay ho hanoi",+84839329573,HA NOI,★★☆☆☆
"물류, 운수, 여행업",JM INTERNATIONAL VINA,"17th Floor, A Tower, Song Da Bld, Pham Hung, My Dinh 1, Nam Tu Liem, Hanoi",+842432272354,HA NOI,★★★☆☆
"물류, 운수, 여행업",JNB LOGISTIC,"R1401 Thang Long Tower, 98 Nguy Nhu Kon Tum, Nhan Chinh, Thanh Xuan, Hanoi",+842473001886,HA NOI,★★★★☆
"물류, 운수, 여행업","Join Logix Vietnam Co.,Ltd","9th floor , So 8 Ton That Thuyet Detech building, Nam Tu Liem, Hanoi",+842432323543,HA NOI,★★★☆☆
"물류, 운수, 여행업",JYS LOGISTICS,"Room A313 The Manor, My Dinh, Me Tri, Nam Tu Liem, Hanoi",+842432242628,HA NOI,★★☆☆☆
"물류, 운수, 여행업",K-TOUR,"148 vu pham ham, Hanoi",+84984160041,HA NOI,★★☆☆☆
"물류, 운수, 여행업",DHL GLOBAL FORWARDING VIETNAM,"Unit 1801, Charmvit Tower, 117 Tran Duy Hung, Trung Hoa, Cau Giay, Hanoi",+842437737898,HA NOI,★★☆☆☆
"물류, 운수, 여행업",DIDIMDOL LOGISTICS HA NOI,"No.3 Le Quang Dao, Nam Tu Liem, Hanoi",+842838991756,HA NOI,★★★☆☆
"물류, 운수, 여행업",DOLPHIN SEA AIR SERVICES CORPORATION,"18th Floor, Epic Tower, 19 Duy Tan Street, Cau Giay District, Hanoi, Vietnam",+841900986813,HA NOI,★★☆☆☆
"물류, 운수, 여행업","DONGJIN INTERNATIONAL VINA CO.,LTD","Tang 8, toa HH3, My Dinh, Me Tri, My Dinh 1, Nam Tu Liem, Hanoi",+842432038777,HA NOI,★★☆☆☆
"물류, 운수, 여행업","DONGSUELOGISTICS CO.,LTD","Room 1601, Thanh Cong Bld, 57 Lang Ha, Ba Dinh, Hanoi BRANCH: Add2: Room 201& Room 204, TASACO Bld, KM 104+200 Nguyen Binh Khiem, Hai An, Hai Phong Add3: 서울시 서초구 강남대로 315, 클리포드빌딩 9층",+842253979356,HA NOI,★★★☆☆
"물류, 운수, 여행업",DOORA LOGISTICS,"No1, Lo 2C, Trung Yen 11, Trung Hoa, Cau Giay, Hanoi",+842435561916,HA NOI,★★☆☆☆
"물류, 운수, 여행업",EUSU LOGISTICS,"10th Floor, CIC Tower, Alley 219, Trung Kinh St., Yen Hoa Ward, Cau Giay Dist., Hanoi",+842462869898,HA NOI,★★★☆☆
"물류, 운수, 여행업",EXTRANS VIETNAM,"Room 1603, 16th floor, Discovery Building , 302 Cau Giay Str., DichVong Ward, CauGiay Dist, Hanoi",+842435530986,HA NOI,★★★★☆
"물류, 운수, 여행업","FC LOGISTICS (VIETNAM) CO., LTD","23th floor, Block A, Song Da Building, Pham Hung Street, My Dinh 1 Ward, Nam Tu Liem District, Hanoi, Vietnam",+842432071002,HA NOI,★★★☆☆
"물류, 운수, 여행업",FSK L&S VIETNAM,"Room No 15, 11st Floor, Charm Vit Tower, No 117 Tran Duy Hung Road, Trung Hoa Ward, Cau Giay District, Ha Noi City, Viet Nam.",+842473002205,HA NOI,★★☆☆☆
"물류, 운수, 여행업",CHEONIL LOGISTICS VIETNAM,"54 nguyen thi dinh, hanoi",+842437824941,HA NOI,★★☆☆☆
"물류, 운수, 여행업","CJ KOREA EXPRESS FREIGHT VIETNAM CO.,LTD","3F, Trung Yen Plaza, No1 Trung Hoa, Cau Giay, Hanoi",+842435122560,HA NOI,★★☆☆☆
"물류, 운수, 여행업",CJ SG SAFETY,"13th floor, ICON4 Building, 243A De La Thanh, Lang Thuong, Dong Da, Ha Noi",+84906908620,HA NOI,★★★☆☆
"물류, 운수, 여행업","COACH TRAVEL Co.,Ltd","Ngo 70 B34, Nguyen Thi Dinh, Trung Hoa Nhan Chinh, Hanoi",+842462921466,HA NOI,★★☆☆☆
"물류, 운수, 여행업","DAE SHIN TRANSPORTATION CO.,LTD","110, Me Tri Ha, Me Tri, Tu Liem, Hanoi",+842439410121,HA NOI,★★☆☆☆
"물류, 운수, 여행업",DAESIN GLOBAL,"Kiot 12-13, 17T2 Trung Van, Nam Tu Liem, Hanoi",+842437878796,HA NOI,★★★☆☆
"물류, 운수, 여행업",DAESIN IMPORT EXPORT EXCHANGE SERVICE COMPANY LIMITED,"Kiot 12+13, CT17-T2, Trung Van Vinaconex 3, ha Noi",+842437878796,HA NOI,★★☆☆☆
"물류, 운수, 여행업",Dai Minh Trading Service & Tourism Company Limitted,"Lô 118, TT3, KĐt Mỹ Đình, phường Mỹ Đình 1, Q. Nam Từ Liêm, Hà Nội",+842435623777,HA NOI,★★★☆☆
"물류, 운수, 여행업",DAI SON TRADING& FORWARDING,"Lo11 Bt1 Me Tri Ha, Tu Liem, Hanoi",+842437878904,HA NOI,★★★★☆
"물류, 운수, 여행업",DAIJIN EXPRESS VIETNAM,"Room 701, TTC Bld., 19 Duy Tan, Dich Vong Hau, Cau Giay, Ha Noi",+842432242571,HA NOI,★★★☆☆
"물류, 운수, 여행업",ASIA ADVENTURE,"Phong 509 Toa nha quoc te 17 Ngo Quyen, Hoan Kiem, Hanoi",,HA NOI,★★☆☆☆
"물류, 운수, 여행업",ASIA GROUP CO.LTD,"Villa E06, The Manor, KĐT Mỹ Đình-Mễ Trì, Phường Mỹ Đình 1, Quận Nam Từ Liêm, Hà Nội",+8419001974,HA NOI,★★☆☆☆
"물류, 운수, 여행업",ASIANA AIRLINES,"109, Daeha Business center, 360 Kim Ma, Ba Dinh, Hanoi",+842437228000,HA NOI,★★☆☆☆
"물류, 운수, 여행업",ATT VIETNAM LOGISTICS,"12ndFloor, Tung Shing Square Tower, No.02, Ngo Quyen Street, Ly Thai To Ward, Hoan Kiem Dist, Ha Noi City,",+842432181166,HA NOI,★★★☆☆
"물류, 운수, 여행업",BAROM AIR CARGO,"Floor 1, Packexim 1 Building, No. 49, Alley 15, An Duong Vuong, Phu Thuong, Tay Ho, Hanoi",+842437824814,HA NOI,★★☆☆☆
"물류, 운수, 여행업",BNR GLOBAL,17F Charmvit Tower,+84944547734,HA NOI,★★☆☆☆
"물류, 운수, 여행업","CARGO ROAD VIETNAM CO.,LTD","4F, 15A Nguyen Khang, Cau Giay, Hanoi",+842437835877,HA NOI,★★★☆☆
"물류, 운수, 여행업",CARGO RUSH INTERNATIONAL,"77 Nguyen Trong Loi, Phuong 4, Quan Tan Binh, TP HO CHI MINH",+842839480931,HA NOI,★★☆☆☆
"물류, 운수, 여행업",CARGOROWORLD NETWORKS VIETNAM,"1305, Charmvit Tower, 117 Tran Duy Hung, Cau Giay, Hanoi",+842435551883,HA NOI,★★★☆☆
"물류, 운수, 여행업",CARGOSTAR LOGIS VIETNAM,"12F, No.169, Nguyen Ngoc Vu, Cau Giay, Hanoi",+842432216431,HA NOI,★★★★☆
"물류, 운수, 여행업",HAILY SME LOGISTICS,"35 Le Thanh, Phu Ly, Ha Nam",+842422206123,HA NAM,★★★☆☆
"물류, 운수, 여행업",SME LOGISTICS,35 Le Thanh Street – Phu Ly City – Ha Nam Province,+842422206123,HA NAM,★★☆☆☆
"물류, 운수, 여행업",SILVER MOUNTAIN LOGISTICS (VIETNAM),"8th floor, IDMC building, No 21 Duy Tan Street, Dich Vong Hau Ward, Cau Giay District, Hanoi City, Vietnam",+842462826896,HA NOI,★★☆☆☆
"물류, 운수, 여행업","ABC INTERNATIONAL JOINT VENTURE CO.,","614 Lac Long Quan, Tay Ho, Hanoi",+842437199100,HA NOI,★★☆☆☆
"물류, 운수, 여행업","ACS LOGISTICS VINA Co.,Ltd","6TH FLOOR, TTC TOWER, LOT 19 DUY TAN STREET, DICH VING HAU WARD, CAU GIAY, HA NOI",+842473082988,HA NOI,★★★☆☆
"물류, 운수, 여행업","ADP GLOBAL EXPRESS CO.,LTD","B4-09, Vinhomes Gardenia, Ham Nghi, Cau Dien, Nam Tu Liem, Hanoi",+842422464828,HA NOI,★★☆☆☆
"물류, 운수, 여행업",ALPHA TO OMEGA LOGISTICS,"2nd Floor, HL Tower, Lot A2B Duy Tan, Dich Vong Hau, Cau Giay, Hanoi",+842437737881,HA NOI,★★☆☆☆
"물류, 운수, 여행업",ANC INTERNATIONAL,"Floor 3, SIMCO Bld, Pham Hung, My Dinh 1, Nam Tu Liem, Hanoi",+842437932327,HA NOI,★★★☆☆
"물류, 운수, 여행업","AO DAI TOUR CO.,LTD","323 IPH Building, 241 Xuan Thuy, Cau Giay, Hanoi",+842462698469,HA NOI,★★☆☆☆
"물류, 운수, 여행업",ASGU,"3th Floor, Room 313, ALS Cargo Terminal, Noi Bai International Airport",+842433888855,HA NOI,★★★☆☆
"물류, 운수, 여행업",E-CARGOWAY LOGISTICS VIET NAM,"Tang 7, Toan nha LILAMA 10, To Huu, Trung Van, Nam Tu Liem, Hanoi BRANCH: 2F, TTA Office Bld, 81-83 Nguyen Huu Cau, District 1, HO CHI MINH",+842439413494,HA NOI,★★★★☆
"물류, 운수, 여행업","INTRADING HA NOI LOGISTICS Co., Ltd","2nd Floor, AC Building, 78 Duy Tan, Dich Vong Hau, Cau Giay, Hanoi",+842437957952,HA NOI,★★★☆☆
"물류, 운수, 여행업",Nam Yang Global,"20F, Vinaconex 9 Tower, Hh2-2, Pham Hung, Me Tri, Hanoi",+842437946118,HA NOI,★★☆☆☆
"물류, 운수, 여행업",PANALPINA WORLD,"25th Floor, Mipec Tower, 229 Tay Son, Nga Tu So, Dong Da, Hanoi",+842473032237,HA NOI,★★☆☆☆
"물류, 운수, 여행업",SKY TRIP,"1301, 13 Floor, Sudico Bld HH3, Me Tri, My Dinh, Hanoi",+84915063899,HA NOI,★★☆☆☆
"물류, 운수, 여행업","DASUKA LOGISTICS CO.,LTD","Cau Nga Str.- Van Duong – Bac Ninh City – Bac Ninh BRANCH: #1907, 19th floor Charmvit Tower, 117 Tran Duy Hung, Ha Noi",+842432216227,BAC NINH,★★★☆☆
"물류, 운수, 여행업",JEJU AIR,"[Sales office] #402 DAEHA Bld, 360 Kim Ma, Ba Dinh, Hanoi [Airport office] 4-W06C1, T2, Noi Bai International Airport",+842433997070,BAC NINH,★★☆☆☆
"물류, 운수, 여행업",SAMSUNG SDS VIETNAM,"Lot CN05, YP6, Yen Phong I.Z, Yen Trung, Yen Phong, Bac Ninh",+842223699158,BAC NINH,★★☆☆☆
"물류, 운수, 여행업","TOTOBOOKING CO.,LTD","4th FL, ACB building, 218 Bach Dang, Phuoc Ninh, Hai Chau, Da Nang",,DA NANG,★★★☆☆
"물류, 운수, 여행업","VIKO TRANS WORLDWIDE VIET NAM CO.,LTD","Floor 10, Vinh Trung Plaza, 255-257 Hung Vuong, Vinh Trung, Thanh Khe, Da Nang",+842363817408,DA NANG,★★☆☆☆
"교육, 매체, 인쇄, 광고",ABC EDUCATION CONSULTANCY SERVICE AND TRAINING,"5th, Honda Vinh Cat building, 39 Ly Thai To, Vo Cuong, Bac Ninh",+842223898100,BAC NINH,★★★☆☆
"교육, 매체, 인쇄, 광고",BRITISH VIETNAMESE INTERNATIONAL SCHOOL HA NOI,"72A Nguyen Trai Street, Thanh Xuan District, Hanoi, 10000, Vietnam",+842462668800,HA NOI,★★★★☆
"교육, 매체, 인쇄, 광고",ACE VIET NAM EDU,"54 ngõ 1 Đồng Me, Phường Mễ Trì",+84343002400,HA NOI,★★★☆☆
"교육, 매체, 인쇄, 광고",An duong Group,"No.48 Yen Thuong Street, Yen Thuong Commune Gia Lam District, Ha Noi City",+84815113333,HA NOI,★★☆☆☆
"교육, 매체, 인쇄, 광고","CA DESIGN CO.,LTD","D5, Fivestar Mỹ ĐÌnh(ngõ 176 Đình Thôn), Nam Tu Liem, Hanoi",+842462591088,HA NOI,★★☆☆☆
"교육, 매체, 인쇄, 광고",Dwight School Hanoi (Kleos Education Management Liability Limited Company),"The Manor Central Park, Hoang Mai, Hanoi",+842473006300,HA NOI,★★☆☆☆
"교육, 매체, 인쇄, 광고","EJ Thien Ha Co., Ltd.","305 Nguyen Khang, Yen Hoa, Cau Giay, Hanoi, Vietnam",+842466608446,HA NOI,★★★☆☆
"교육, 매체, 인쇄, 광고",GREENSUM VIETNAM,"6F, KEANGNAM LANDMARK 72, PHAM HUNG, ME TRI, NAU TU LIEM",+84778473793,HA NOI,★★☆☆☆
"교육, 매체, 인쇄, 광고",International School Partnership (ISP),"Land Plot TH3, Southern East Tran Duy Hung Urban Area, Hoang Minh Giam, Trung Hoa, Cau Giay, Hanoi",+84869111800,HA NOI,★★☆☆☆
"교육, 매체, 인쇄, 광고","K-Certi VINA Co.,Ltd","Room 12, 39th Floor, G tower - C2 Building D'Capitale, 119 Tran Duy Hung Street, Trung Hoa Ward, Cau Giay District, Ha Noi City, Viet Nam",+842471069001,HA NOI,★★★☆☆
"교육, 매체, 인쇄, 광고",KGS 국제학교,"Số 1 Trịnh Văn Bô, Phương Canh, Quận Nam Từ Liêm, Hà Nội[",+842432013131,HA NOI,★★☆☆☆
"교육, 매체, 인쇄, 광고","ACAVA VINA CO.,LTD","Lot A2, Nguyen Duc Canh I.P, Tran Hung Dao, Thai Binh",+842273641001,THAI BINH,★★★☆☆
"숙박, 요식, 급식",SUNGSHIN F&b,"Room 401-402, 4 Floor, Keangnam Landmark Tower, Me Tri, Nam Tu Liem, Hanoi",+842438378276,HA NOI,★★★★☆
"숙박, 요식, 급식",BON JUK BAC NINH COMPANY LIMITED,"No. 26, N5, Vo Cuong 4 Street, HUD Area, Vo Cuong Ward, Bac Ninh",+84967328584,BAC NINH,★★★☆☆
"숙박, 요식, 급식",CHEONGDAM RESTAURANT (TAESUNG GHTEC TRADING COMPANY LIMITED),"1st floor, Hop Phu Land building, new urban area Le Thai To street, Vo Cuong, Bac Ninh",+84984610689,BAC NINH,★★☆☆☆
"숙박, 요식, 급식","FOSECA VIETNAM Co.,Ltd","Lot G6-1, Que Vo I.Z, Phuong Lieu, Que Vo, Bac Ninh",+842223952953,BAC NINH,★★☆☆☆
"숙박, 요식, 급식",HANJUNG COMPANY LIMITED,"Thua 63, to bann do so 8, duong Van Mieu, P.Dai Phuc, Bac Ninh city, Bac Ninh",,BAC NINH,★★☆☆☆
"숙박, 요식, 급식","HELLO BACNINH CO.,LTD","CC03-B6 Building, Ly Thai To, Ninh Xa, Bac Ninh",,BAC NINH,★★★☆☆
"숙박, 요식, 급식",JUMAK,"24 Ngo Tat To, Vo Cuong, Bac Ninh",+84935115686,BAC NINH,★★☆☆☆
"숙박, 요식, 급식",KIM VIET HAN,"55 Bo Trach, Nguyen Cao, Ninh Xa, Bac Ninh",+84834000228,BAC NINH,★★☆☆☆
"숙박, 요식, 급식",PROMISEON VIETNAM,"KCN Yen Phong, Long Chau, Yen Phong, Bac Ninh",,BAC NINH,★★★☆☆
"숙박, 요식, 급식",SAMSUNG WELSTORY VIETNAM,"3th Floor, Halla Tower, IP Yen Phong, Bac Ninh",+842223699930,BAC NINH,★★☆☆☆
"숙박, 요식, 급식","SEOWOO VINA CO.,LTD","Lot 2A, Zone A, Ly Thai To, Ninh Xa, Bac Ninh",+842226262262,BAC NINH,★★★☆☆
"숙박, 요식, 급식",SKY GARDEN HOTEL,"So 330, Ngoc Han Cong Chua, Vo Cuong, Bac Ninh",,BAC NINH,★★★★☆
"숙박, 요식, 급식","THE DREAM VINA CO.,LTD","15(N8), Ngo Tat To, HUD Urban Area, Vo Cuong, Bac Ninh",+842223908909,BAC NINH,★★★☆☆
"숙박, 요식, 급식",THE FOOD VINA,"304.2 Floor 3, Building No.10 Nguyen Dang Dao, Tien An, Bac Ninh",+84327300366,BAC NINH,★★☆☆☆
"숙박, 요식, 급식",TOTAL ENVIRONMENT,"Lo c2, Tran Van Can , Bo Son, Vo Cuong, Bac Ninh",,BAC NINH,★★☆☆☆
"숙박, 요식, 급식","COCONUT AND PEOPLE CO.,LTD","Floor 2, Lot 01-02-03, Pham Van Dong, An Hai Bac, Son Tra, Da Nang",,DA NANG,★★☆☆☆
"숙박, 요식, 급식",DA NANG POCHA,"Lot G35 Pham Van Dong, An Hai Bac, Son Tra, Da Nang",+84935572606,DA NANG,★★★☆☆
"숙박, 요식, 급식","FREELANCE SERVICE  CO.,LTD","272 Nguyen Cong Tru, Phuoc My, Son Tra, Da Nang",,DA NANG,★★☆☆☆
"숙박, 요식, 급식","GOGURYEO CO.,LTD","105-107 Duong Dinh Nghe, An Hai Bac, Son Tra, Da Nang",+84905226111,DA NANG,★★☆☆☆
"숙박, 요식, 급식",HANCOOK,"316-318 Hai Phong, Tan Chinh, Thanh Khe, Da Nang",,DA NANG,★★★☆☆
"숙박, 요식, 급식",I AM CHRIS COMPANY LIMITED,"449 Hoang Dieu, Binh Thuan, Hai Chau, Da Nang",+84979333743,DA NANG,★★☆☆☆
"숙박, 요식, 급식","JONGRO BBQ CO.,LTD","Lot 23 Pham Van Dong, An Hai Bac, Son Tra, Da Nang",+84896869292,DA NANG,★★★☆☆
"숙박, 요식, 급식",KANG'S CHICKEN COMPANY LIMITED,"31 Duong Tu Minh, An Hai Bac, Son Tra, Da Nang",+84813777575,DA NANG,★★★★☆
"숙박, 요식, 급식",MEOK SSAM KOREAN KITCHEN,"268 Duong Dinh Nghe, An Hai Bac, Son Tra, Da Nang",,DA NANG,★★★☆☆
"숙박, 요식, 급식",MIR TECH COMPANY LIMITED,"262-264 Tran Hung Dao, An Hai Tay, Son Tra, Da Nang",,DA NANG,★★☆☆☆
"숙박, 요식, 급식","MJ ART GROUP CO.,LTD","7th Floor, 50 Bach Dang, Hai Chau I, Hai Chau, Da Nang",+842363933340,DA NANG,★★☆☆☆
"숙박, 요식, 급식",MTV SUNNY BREAD CAFE COMPANY LIMITED,"192 Chau Thi Vinh Te, My An, Ngu Hanh Son, Da Nang",+843467103930,DA NANG,★★☆☆☆
"숙박, 요식, 급식",NOLBU BULGOGI,"170 Duong Dinh Nghe, An Hai Bac, Son Tra, Da Nang",+84335348390,DA NANG,★★★☆☆
"숙박, 요식, 급식",SORHYANG COMPANY LIMITED,"lot 38-39 Cbs Area Duong Dinh Nghe Street, An Cu 2 Residential Area, An Hai Bac, Son Tra, Da Nang",+84916003494,DA NANG,★★☆☆☆
"숙박, 요식, 급식",SUNNY BREAD CAFE,"192 Chau Thi Vinh Te, My An, Ngu Hanh Son, Da Nang",,DA NANG,★★☆☆☆
"숙박, 요식, 급식","TNT FLOWER CAFE CO.,LTD","363 Tran Hung Dao, An Hai Tay, Son Tra, Da Nang",+842363868785,DA NANG,★★★☆☆
"숙박, 요식, 급식",VN SAFEWAY COMPANY LIMITED,"K05/20 Ngo Quyen, Tho Quang, Son Tra, Da Nang",+84898238200,DA NANG,★★☆☆☆
"숙박, 요식, 급식",Wink Hotel Da Nang,"351 Tran Dung Dao, An Hai Tay ward, Son Tra district, Danang, Vietnam",+842363572888,DA NANG,★★★☆☆
"숙박, 요식, 급식",216 Joint Stock Company,"92C Ly Thuong Kiet street, Cua Nam ward, Hoan Kiem district, Hanoi city",+842436892880,HA NOI,★★★★☆
"숙박, 요식, 급식",ARIRANG,"117 Tran Duy Hung, Trung Hoa, Cau Giay, Hanoi",+849764162580,HA NOI,★★★☆☆
"숙박, 요식, 급식",ASCOTT VIETNAM,"49 Hai ba trung, hanoi tower, Hanoi",+842439342342,HA NOI,★★☆☆☆
"숙박, 요식, 급식",Baekje Galbi,"Lô C6, C7, C16, C17 tại Five Stars Mỹ Đình, Khu đô thị Mỹ Đình 1, Nam Từ Liêm, Hà Nội",+84344744148,HA NOI,★★☆☆☆
"숙박, 요식, 급식",BANH BANH CAFE,"TT1 - 02, My Dinh - Me Tri, My Dinh 1, Nam Tu Liem, Hanoi",+84964449794,HA NOI,★★☆☆☆
"숙박, 요식, 급식",BBQ VIETNAM,"10th floor, Ladeco building, 266 Doi Can, Lieu Giai, Ba Dinh, Hanoi",+842437875555,HA NOI,★★★☆☆
"숙박, 요식, 급식","BUY ALL FOOD CO.,LTD","Lo T318, T3 TT mua sam Aeonmall Long Bien, Co Linh, Long Bien, Hanoi",+842466547711,HA NOI,★★☆☆☆
"숙박, 요식, 급식","CHI HOSPITALITY INTERNATIONAL CO., LTD","89 Yên Lãng, Thịnh Quang, Đống Đa, Hà Nội",+842435765770,HA NOI,★★☆☆☆
"숙박, 요식, 급식",CHIA BAKERY & COFFEE,"Chia 271 Nguyễn Hoàng Tôn, Bắc Từ Liêm, Hà Nội Chia 117 Trần Duy Hưng, Cầu Giấy, Hà Nội Chia 104-A49 Thái Thịnh, Đống Đa, Hà Nội",+84917502426,HA NOI,★★★☆☆
"숙박, 요식, 급식",CO CUNG,"2F, Landmark A Keangnam, Nam Tu Liem, Hanoi",+842437624331,HA NOI,★★☆☆☆
"숙박, 요식, 급식",CROWNE PLAZA WEST HA NOI,"36 Le Duc Tho, My Dinh, Nam Tu Liem, Hanoi",+842462706688,HA NOI,★★★☆☆
"숙박, 요식, 급식",DOLCE BY WYNDHAM HA NOI GOLDEN LAKE,"B7 GIẢNG VÕ STREET, BA ĐÌNH DISTRICT, HA NOI",+842433659999,HA NOI,★★★★☆
"숙박, 요식, 급식",DONGDAEMUN YUPDDUK,"A006, The Manor, Me Tri, My Dinh 1, Nam Tu Liem, Hanoi",+84856851234,HA NOI,★★★☆☆
"숙박, 요식, 급식",EASTIN HOTEL & RESIDENCES HA NOI,"21 Duy Tan street, Dich Vong Hau ward, Cau Giay district, Hanoi, Vietnam",+842438255255,HA NOI,★★☆☆☆
"숙박, 요식, 급식",FLAMINGO HOSPITALITY MANAGEMENT JSC,"No. 127, Lo Duc, Dong Mac, Hai Ba Trung, Hanoi",+842437100809,HA NOI,★★☆☆☆
"숙박, 요식, 급식",FLC Hotel & Resort Management One Member Company Limited,"27th Floor, Bamboo Airways Building, 265 Cau Giay, Hanoi",+842436573999,HA NOI,★★☆☆☆
"숙박, 요식, 급식",Fraser Residence Hanoi,"C5 Do Nhuan, Xuan Dinh Ward, Bac Tu Liem District, Hanoi",+842432750888,HA NOI,★★★☆☆
"숙박, 요식, 급식",Fraser Suites Hanoi,"51 Xuan Dieu Street, Quang An Ward, Tay Ho District, Hanoi",+842437198877,HA NOI,★★☆☆☆
"숙박, 요식, 급식",FTE Ba Dinh Hotel,"No.268 Buoi Street, VINH PHUC Ward, Ba Dinh District, Hanoi, Vietnam",+842432282828,HA NOI,★★☆☆☆
"숙박, 요식, 급식","GEUNEUL-JIP CO.,LTD","Thon 2, xa Thach Ha, huyen Thach That, Hanoi",+84977010940,HA NOI,★★★☆☆
"숙박, 요식, 급식",GOJUMONG VIETNAM,"1.P802, Keangnam Hanoi Landmark Tower, E6 Area, Cau Giay, Hanoi  ; 2 : Tầng 6 TTTM LOTTE Center 54 Liễu Giai Ba Đình Hà Nội",+842433332641,HA NOI,★★☆☆☆
"숙박, 요식, 급식",Grand K Hotel Suites Hanoi,"No. 2 Pham Van Bach Street, Yen Hoa Ward, Cau Giay District, Hanoi, Vietnam",+842432052299,HA NOI,★★★☆☆
"숙박, 요식, 급식",GRAND MERCURE HA NOI,"9 Cat Linh, Quoc Tu Giam, Dong Da 10000 HA NOI",+842432115757,HA NOI,★★★★☆
"숙박, 요식, 급식",GRAND PLAZA HA NOI HOTEL,"No.117 Tran Duy Hung Street, Trung Hoa Ward , Cau Giay Distric, Hanoi, Vietnam.",+842435551000,HA NOI,★★★☆☆
"숙박, 요식, 급식",HA NOI DAEWOO HOTEL,"360 Kim Ma, Ngoc Khanh, Ba Dinh, Hanoi",+842438315000,HA NOI,★★☆☆☆
"숙박, 요식, 급식",HASECA,"• 2F, CT4 Building, The Pride, La Khe Ward, Ha Dong District, Ha Noi city • No.69, 37 Street, Van Phu Urban Area, Hiep Binh Phuoc Ward, Thu Duc Dist, Ho Chi Minh City",+849637508010,HA NOI,★★☆☆☆
"숙박, 요식, 급식",HOTEL DU PARC HA NOI,"84 P. Trần Nhân Tông, Nguyễn Du, Hai Bà Trưng, Hà Nội 100000",+84967498543,HA NOI,★★☆☆☆
"숙박, 요식, 급식",MARU VIETNAM COMPANY LIMITED,"116 vũ phạm hàm, Yên hòa, Cầu giấy, HN",+84981445585,HA NOI,★★★☆☆
"숙박, 요식, 급식",MELIA HA NOI HOTEL,"44B Ly Thuong Kiet, Hoan Kiem, Hanoi",+842439343343,HA NOI,★★☆☆☆
"숙박, 요식, 급식",MIRINE,"SH08, Park 1, 458 Minh Khai, Hai Ba Trung, Hanoi",+842422198282,HA NOI,★★☆☆☆
"숙박, 요식, 급식","NAKWON CO.,LTD","55 Do Quang, Trung Hoa, Cau GIay, Hanoi",+842435558138,HA NOI,★★★☆☆
"숙박, 요식, 급식",NHA HANG GA TAN SAM,"Ngo 109, B44, Nguyen Thi dinh, Trung Hoa, Cau Giay, Hanoi",,HA NOI,★★☆☆☆
"숙박, 요식, 급식",Nhà hàng Hạnh phúc,"Kiot 9B, Số 122, CT4, KĐT Mỹ Đình Sông Đà, P. Mễ Trì, Q. Nam Từ Liêm, Hà Nội",+849327802210,HA NOI,★★★☆☆
"숙박, 요식, 급식",NHAN DUYEN,"중화점 : So 24, Nguyen Thi Dinh, Trung Hoa, Cau Giay, Hanoi 미딩점 : Lo 103, TT3, KDT My Dinh, Nam Tu Liem Hanoi",+842435558631,HA NOI,★★★★☆
"숙박, 요식, 급식",NHAT LAM SERVICES & TRADING JSC,"Room 906, Building A1, Nguyen Co Thach, My Dinh 1, Nam Tu Liem, Hanoi",+842422213624,HA NOI,★★★☆☆
"숙박, 요식, 급식",NOVOTEL SUITES HA NOI,"Novotel Hanoi Thai Ha - 2 Thai Ha, Dong Da, Hanoi BRANCH: Novotel Suites Hanoi - 5 Duy Tan, Cau Giay, Hanoi",+842435766666,HA NOI,★★☆☆☆
"숙박, 요식, 급식",Oakwood Residence Hanoi,"No 17, Lane 35, Dang Thai Mai Street, Hanoi, Vietnam",+842438803880,HA NOI,★★☆☆☆
"숙박, 요식, 급식",OLIVE,"số 49, đường số 23, khu do thi thanh pho giao luu, phuong co nhue 2, Bắc Từ Liêm, Hanoi",+842432024333,HA NOI,★★☆☆☆
"숙박, 요식, 급식",PARIS BAGUETTE,"9F, AC Tower, 78 Duy Tan, Cau Giay, Ha Noi",+842462694757,HA NOI,★★★☆☆
"숙박, 요식, 급식",PIZZA&,"SH05A Toa S2, Vinhomes Skylake Pham Hung, My Dinh, Nam Tu Liem, Hanoi",+842466822200,HA NOI,★★☆☆☆
"숙박, 요식, 급식",PREMIER CATERING SERVICE,"T11-OF 04-Tang 2, Timescity 458 Minh Khai, Hai Ba Trung, Hanoi",+84949785665,HA NOI,★★☆☆☆
"숙박, 요식, 급식",PUDADAC,"136 Ho Tung Mau, Goldmark City, Nam Tu Liem, Hanoi",+84904926577,HA NOI,★★★☆☆
"숙박, 요식, 급식",PULLMAN HA NOI HOTEL,"40 Cat Linh, 61 Giang Vo, Hanoi",+842437330688,HA NOI,★★☆☆☆
"숙박, 요식, 급식",RED APRON,"61 Ly Thai To (Entrance 9 Ly Dao Thanh) str., Hoan Kiem",+842432668509,HA NOI,★★★☆☆
"숙박, 요식, 급식",ROYGENT PARKS HA NOI,"Roygent Parks Hanoi Bldg, No 289, Khuat Duy Tien, Trung Hoa, Cau Giay, Hanoi",+842432323760,HA NOI,★★★★☆
"숙박, 요식, 급식",SAN DUL CHE,"9c Dinh Thon, My Dinh, Nam Tu Liem, Hanoi.",+843755525170,HA NOI,★★★☆☆
"숙박, 요식, 급식",SAPA JADE HILL HOSPITALITY MANAGEMENT J.S.C,Tháp A - Tòa Golden Palace - đường Mễ Trì - Nam Từ Liêm - HN BRANCH: Tháp A - Tòa Golden Palace - đường Mễ Trì - Nam Từ Liêm - HN,+84984266496,HA NOI,★★☆☆☆
"숙박, 요식, 급식",GLCC COMPANY LIMITED,"Warehouse No. W4, No. 151 East-West Avenue, VSIP Urban, Industrial and Service Area, Thuy Trieu, Thuy Nguyen, Hai Phong",+84865808640,HAI PHONG,★★☆☆☆
"숙박, 요식, 급식",H Tower Hotel  Apartment,"H TOWER 195, Van Cao str., Ngo Quyen dist., Haiphong city, Vietnam",+842252811118,HAI PHONG,★★☆☆☆
"숙박, 요식, 급식",Hotel Nikko Hai Phong,"Số 1, Đường 1, Khu đô thị Waterfront City, Phường Vĩnh Niệm , Quận Lê Chân, Thành phố Hải Phòng, Việt Nam.",+842253265666,HAI PHONG,★★★☆☆
"숙박, 요식, 급식","HOTEL PERLE D'ORIENT, MGALLERY","Cat Co 3 Beach, Cat Ba Island, Cat Hai, Hai Phong",+842253887360,HAI PHONG,★★☆☆☆
"숙박, 요식, 급식",INTRO RESIDENCE HOTEL,"No. 16/76/193 Van Cao, Dang Lam, Hai An, Hai Phong",+842252618686,HAI PHONG,★★☆☆☆
"숙박, 요식, 급식","JHC F&B Co.,Ltd","Lot T110, at First Floor, AEONMALL Hai Phong Shopping Center, Ho Sen - Cau Rao 2, Vinh Niem, Le Chan, Hai Phong",+84866042923,HAI PHONG,★★★☆☆
"숙박, 요식, 급식",KDEVINA COMPANY LIMITED,"lot L7.3A KCN Do Son, Ngoc Xuyen, Do Son, Hai Phong",+849696549440,HAI PHONG,★★☆☆☆
"숙박, 요식, 급식",KOVIE HAI PHONG HOTEL,"No 9 Lot 2A Le Hong Phong Street, Dong Khe Ward, Ngo Quyen District, Hai Phong City, Vietnam",+842253720999,HAI PHONG,★★★☆☆
"숙박, 요식, 급식",Mercure Hai Phong,"12 Lạch Tray, Street, Ngô Quyền, Hải Phòng 180000",+842253240999,HAI PHONG,★★★★☆
"숙박, 요식, 급식",MR. DAKGALBI AEON MALL HAI PHONG,"Lot T110, at First Floor, AEONMALL Hai Phong Shopping Center, Ho Sen - Cau Rao 2, Vinh Niem, Le Chan, Hai Phong",+84866042923,HAI PHONG,★★★☆☆
"숙박, 요식, 급식","OURHOME VN CO.,LTD","Soố 9 Lô 2A, đường Lê Hồng Phong, Phường Đông Khê, Quận Ngô Quyền, Hải phòng",+842253250164,HAI PHONG,★★☆☆☆
"숙박, 요식, 급식",Sheraton Hai Phong,"Vinhomes Imperia Metropolitan Area, Ha Noi street, Hong Bang district, Hai Phong, Vietnam",+842253266888,HAI PHONG,★★☆☆☆
"숙박, 요식, 급식",SONO Belle HAI PHONG Golf & Resort,"Luu Kiem, Thuy Nguyen, Hai Phong, Viet Nam",+842253963900,HAI PHONG,★★☆☆☆
"숙박, 요식, 급식",SUNFLOWER INTERNATIONAL VILLAGE CORP,"No 35A Van Cao, Dang Giang, Ngo Quyen, Hai Phong",+842253892000,HAI PHONG,★★★☆☆
"숙박, 요식, 급식",THE STAY HOTEL,"193 Van Cao, Dang Giang, Ngo Quyen, Hai Phong",+842558832176,HAI PHONG,★★☆☆☆
"숙박, 요식, 급식",THE TRAY HOTEL,"47 Lach Tray Street, Lach Tray Ward, Ngo Quyen District , Hai Phong City, Vietnam",+842253828555,HAI PHONG,★★☆☆☆
"숙박, 요식, 급식",YEGA,"Lô 1, TT1, KĐT Mỹ Đình, Phạm Hùng, Nam Từ Liêm,Hà Nội",+84981399944,HA NOI,★★★☆☆
"숙박, 요식, 급식","SW F&B CO.,LTD","114-116 My Kim 2, Tan Phong, Dist. 7, HO CHI MINH",,HO CHI MINH,★★☆☆☆
"숙박, 요식, 급식",LAGUNA LANGCO,"Cu Du, Loc Vinh, Phu Loc, Thua Thien Hue",+842343695880,HUE,★★★☆☆
"숙박, 요식, 급식",LIFE BRIDGE VIETNAM,"#704, Kim Anh Tower, Ngo 78, Duy Tan, Cau Giay, Vietnam",,HUNG YEN ,★★★★☆
"숙박, 요식, 급식",QUANG MINH FOOD,"Thon Hong Thai, xa Lac Hong, Huy€n vdn Ldm, Tinh Hang Y€n, vi€t Nam",,HUNG YEN ,★★★☆☆
"숙박, 요식, 급식",Boma Resort Nha Trang,"Pham Van Dong Street, Vinh Hoa Ward, Nha Trang city",+842583835555,KHANH HOA,★★☆☆☆
"숙박, 요식, 급식",Potique Hotel,"22 Hung Vuong street, Loc Tho ward, Nha Trang city, Khanh Hoa province",+842583556999,KHANH HOA,★★☆☆☆
"숙박, 요식, 급식",Wyndham Cam Ranh,"KN Cam Ranh Co. Ltd, Long Beach, Cam Ranh Peninsula, Cam Nghia Ward, Khanh Hoa Province, Vietnam.",+842433659999,KHANH HOA,★★☆☆☆
"숙박, 요식, 급식",MILTON JOINT STOCK COMPANY,"PULLMAN PHU QUOC BEACH RESORT  GROUP 6, BAN QUY HAMLET, DUONG BAO AREA, DUONG TO COMMUNE,  PHU QUOC, KIEN GIANG PROVINCE, VIETNAM BRANCH: HA NOI SALES REPRESENTATIVE OFFICE  LEVEL 5, NOVOTEL THAI HA, 2 THAI HA STREET, TRUNG LIET WARD, DONG DA DISTRICT, HA NOI, VIETNAM",+84932633688,PHU QUOC,★★★☆☆
"숙박, 요식, 급식",BBQ,,,PHU THO ,★★☆☆☆
"숙박, 요식, 급식",CHAO HOI AN COMPANY LIMITED,"570 Cua Dai, Son Phong, Hoi An, Quang Nam",+84938334319,QUANG NAM,★★☆☆☆
"숙박, 요식, 급식",DAHAN HOIAN,"Thon Vong Nhi, Xa Cam Thanh, Hoi An, Quang Nam",+84777486561,QUANG NAM,★★★☆☆
"숙박, 요식, 급식",Hoiana Hotels (HOI AN SOUTH DEVELOPMENT LTD),"Duy Xuyen District, Quang Nam Province, Vietnam",+842356263333,QUANG NAM,★★☆☆☆
"숙박, 요식, 급식",PHO WAY COMPANY LIMITED,"No. 61A Phan Chu Trinh, Minh An, Hoi An, Quang Nam",+842353529111,QUANG NAM,★★★☆☆
"숙박, 요식, 급식",IC FOOD SON LA,"Suoi Lin, Van Ho, Van Ho, Son La",,SON LA,★★★★☆
"숙박, 요식, 급식",GRACE HOTEL,"Nam Tien, Pho Yen, Thai Nguyen",+842083701000,THAI NGUYEN,★★★☆☆
"숙박, 요식, 급식",HOTEL SONG CONG LIMITED LIABILITY COMPANY,"TDP Nguyen Bay, Cai Dan, Song Cong, Thai Nguyen",+84203662567,THAI NGUYEN,★★☆☆☆
"숙박, 요식, 급식","DY FOOD CO.,LTD","thon Huu Bang, Binh Xuyen, VINH PHUC",+842113535009,VINH PHUC,★★☆☆☆
"숙박, 요식, 급식",FNC Food service,"No. 10, Nguyen Quy Tan, Lien Bao Ward, Vinh Yen City, VINH PHUC Province, Viet Nam",+842113712866,VINH PHUC,★★☆☆☆
"숙박, 요식, 급식",KOREA BBQ GOGUBNAM RESTAURANT,"98 Duong Dinh Nghe, An Hai Bac, Son Tra, Da Nang",+842363918992,DA NANG,★★★☆☆
"숙박, 요식, 급식",PREMIER VILLAGE RESORT,"99 Vo Nguyen Giap, Ngu Hanh Son, Da Nang",+842363919999,DA NANG,★★☆☆☆
"숙박, 요식, 급식",SK UNIVERSAL,"No. 41 An Hai 20, Man Thai, Son Tra, Da Nang",+84905401031,DA NANG,★★☆☆☆
"숙박, 요식, 급식",InterContinental Danang Sun Peninsula Resort,"Khu Du Lich Sinh Thai Bien Bai Bac, Tho Quang Ward, Son Tra District, Danang",+842363938888,DA NANG,★★★☆☆
"병원, 의약, 위생, 의료",HUCORD,"No 5, Plot 15E, Trung Yen 5, Trung Hoa, Cau Giay, Hanoi",+842437761743,HA NOI,★★☆☆☆
"병원, 의약, 위생, 의료","AN RAINBOW DANANG CO.,LTD","06 Nguyen Xuan Khoat, An Hai Bac, Son Tra, Da Nang",,DA NANG,★★★☆☆
"병원, 의약, 위생, 의료",H&CARE(구.Foss Vietnam),"số 164 Trần Vỹ, Mai Dịch, Cầu Giấy Hà Nội",+84334999991,HA NOI,★★★★☆
"병원, 의약, 위생, 의료",BAO SON HOSPITAL,"52 Nguyen Chi Thanh, Dong Da, Hanoi",+842437757099,HA NOI,★★★☆☆
"병원, 의약, 위생, 의료",CHUNG YEON KOREAN MEDICINE CENTER IN HA NOI,"No. B4, Five Star Urban Area, My Dinh 1, Nam Tu Liem, Hanoi",+84386875119,HA NOI,★★☆☆☆
"병원, 의약, 위생, 의료","DOWOO VIETNAM CO.,LTD","4th floor, 123To Hieu, Nguyen Trai, Ha Dong, Hanoi, Vietnam",,HA NOI,★★☆☆☆
"병원, 의약, 위생, 의료",Etoile de Seoul Company,"137 Nguyen Van Troi, Ha Dong, Ha Noi",+849666636920,HA NOI,★★☆☆☆
"병원, 의약, 위생, 의료",FAMILY MEDICAL PRACTICE,"Van Phuc Compound, 298 I Kim Ma, Ba Dinh, Hanoi",+842438430748,HA NOI,★★★☆☆
"병원, 의약, 위생, 의료",HA VAN MEDICAL AND EDUCATION SERVICES JSC,"No. 221, Vong Str., Dong Tam, Hai Ba Trung, Hanoi",+842438692819,HA NOI,★★☆☆☆
"병원, 의약, 위생, 의료",HA NOI SEOUL TRADITIONAL MEDICINE CLINIC,"So 30- TT1, KDT My Dinh, Me Tri My Dinh 1, Nam Tu Liem, Hanoi.",+84369657606,HA NOI,★★☆☆☆
"병원, 의약, 위생, 의료",HONG NGOC HOSPITAL,1. 옌닌 지점/ BỆNH VIỆN ĐA KHOA HỒNG NGỌC Chi nhánh Yên Ninh 2. 경남 지점/ PHÒNG KHÁM ĐA KHOA HỒNG NGỌC KEANGNAM Chi nhánh Keangnam 3. 롱비엔 지점/ PHÒNG KHÁM HỒNG NGỌC SAVICO Chi nhánh Long Biên 4. 미딩 지점/ HONG NGOC GENERAL HOSPITAL – MY DINH,+842473008866,HA NOI,★★★☆☆
"병원, 의약, 위생, 의료",I-MEDICARE GENERAL CLINIC,"1F, The Garden, Me Tri, Nam Tu Liem, Hanoi",+848134001010,HA NOI,★★☆☆☆
"병원, 의약, 위생, 의료","INTERNATIONAL SOS VIETNAM CO.,LTD","51 Xuan Dieu, Tay Ho, Hanoi",+842439340666,HA NOI,★★★☆☆
"병원, 의약, 위생, 의료",JAHON INTERNATIONAL,"A6, Five star, ngo 176 Dinh Thon, My Dinh, Hanoi",+842473042699,HA NOI,★★★★☆
"병원, 의약, 위생, 의료",KIMS CLINIC & HEALTH CARE,"3F, Golden Palace, Me Tri, Nam Tu Liem, Hanoi",+842461281041,HA NOI,★★★☆☆
"병원, 의약, 위생, 의료","KT HEALTHCARE VINA CO., LTD","Health Check-up & Clinic: 4th, Keangnam Landmark Tower, Me Tri, Nam Tu Liem, Hanoi Office: #805, Daeha Business Center, 360 Kim Ma, Ba Dinh, Hanoi",+842473033001,HA NOI,★★☆☆☆
"병원, 의약, 위생, 의료",SAMYANG ANIMAL CLINIC,"No 29 N7A, Nguyen Thi Thap, Trung Hoa Nhan Chinh, Thanh Xuan, Hanoi",+842432002962,HA NOI,★★☆☆☆
"병원, 의약, 위생, 의료",SBB medical service joint stock company,"499 Trần Khát Chân, Ha Noi",+84982072499,HA NOI,★★☆☆☆
"병원, 의약, 위생, 의료",SHINYONG LOFARMA,"F15, Sao Mai B/D, 19 Le Van Luong, Thanh Xuan, Hanoi",+84946973144,HA NOI,★★★☆☆
"병원, 의약, 위생, 의료",SIMPLINE,"63 Tran Duy Hung, Trung Hoa, Cau Giay, Ha Noi",+84383313997,HA NOI,★★☆☆☆
"병원, 의약, 위생, 의료",SUN MEDICAL CENTER VIET NAM,"Times Tower, 35 Le Van Luong, Nhan Chinh, Thanh Xuan, Hanoi",+84917565016,HA NOI,★★☆☆☆
"병원, 의약, 위생, 의료","VFD VINA CO.,LTD","Khu Dong Cu, Thon Van Giap, Xa Van Binh, Huyen Thuong Tin, Hanoi",+842432055059,HA NOI,★★★☆☆
"병원, 의약, 위생, 의료",Vietnam Korea Medical Corporation,"Hoa Lac High Tech Park, Km 29 Thang Long Boulevard, Thach That, Hanoi",+8418006623,HA NOI,★★☆☆☆
"병원, 의약, 위생, 의료","Vietnam-Korea International Cooperation JSC., (VKIC)","No. 94 Trung Kinh, Yen Hoa, Cau Giay, Hanoi BRANCH: 2F, 253 Nguyen Thai Binh, Tan Binh, HO CHI MINH",+842473029968,HA NOI,★★★☆☆
"병원, 의약, 위생, 의료",VINMEC HOSPITAL,"1. Vinmec Nha Trang - 42A Trần Phú, Vĩnh Nguyên, Nha Trang 2. Vinmec Đà Nẵng - Đường 30 Tháng 4, Khu dân cư số 4 Nguyễn Tri Phương, phường Hòa Cường Bắc, Q Hải Châu, TP Đà Nẵng Đà Nẵng 3. Vinmec Central Park - 208 Nguyễn Hữu Cảnh, Phường 22, Q.Bình Thạnh, Hồ Chí Minh 4. Vinmec Hải Phòng - Võ Nguyên Giáp, Q.Lê Chân, TP Hải Phòng 5. Vinmec Times city - 458 Minh Khai, Q. Hai Bà Trưng. Hà Nội 6. Vinmec Phú Quốc - Khu Bãi Dài, Xã Gành Dầu, Huyện Phú Quốc, Tỉnh Kiên Giang Phú Quốc 7. Vinmec Hạ Long - 10A Lê Thánh Tông, Hồng Gai, Hạ Long, Hồng Gai, Hạ Long",,HA NOI,★★★★☆
"병원, 의약, 위생, 의료",YONSEI SU DENTAL CLINIC,"10 Villa D, The Manor, My Dinh, Nam Tu Liem, Hanoi",+842432010015,HA NOI,★★★☆☆
"병원, 의약, 위생, 의료",DONG-EUI MEDICAL CENTER,부산광역시 부산진구 양정로 62(양정역 4번 출구),+820518675101,KOREA,★★☆☆☆
"오락, 문화, 전시, 체육",INTERNATIONAL DRIVINGRANGE,"Xuan O Overpass, Vo Cuong, Bac Ninh",+842223896378,BAC NINH,★★☆☆☆
"오락, 문화, 전시, 체육",MTV DAMOA VINA COMPANY LIMITED,"2nd floor, no 30 building, Ly Thai To, Ninh Xa, Bac Ninh",+84988818045,BAC NINH,★★☆☆☆
"오락, 문화, 전시, 체육",3D ART MUSEUM IN PARADISE DANANG,"Lot C2-10 Tran Nhan Tong, Tho Quang, Son Tra, Da Nang",+842363931100,DA NANG,★★★☆☆
"오락, 문화, 전시, 체육","HAIM CO.,LTD","986 Ngo Quyen, An Hai Tay, Son Tra, Da Nang",+84903034531,DA NANG,★★☆☆☆
"오락, 문화, 전시, 체육","IBISS PC CAFE CO.,LTD","305A Tran Hung Dao, An Hai Bac, Son Tra, Da Nang",,DA NANG,★★☆☆☆
"오락, 문화, 전시, 체육",DAO SEN GOLF,"No.125 Nguyen Son street, Gia Thuy ward, Long Bien district, Hanoi",+84936023322,HA NOI,★★★☆☆
"오락, 문화, 전시, 체육",FLC BISCOM CRUISE AND GOLFCOURSE INVESTMENT JSC,"2nd FLC Landmark Tower, Le Duc Tho, Hanoi",+842436463999,HA NOI,★★☆☆☆
"오락, 문화, 전시, 체육",FRIENDS GOLF HOLDINGS VN,"Grand Plaza Shopping Center, 117 Tran Duy Hung Str., Cau Giay District, Hanoi, Vietnam",+842488898899,HA NOI,★★★☆☆
"오락, 문화, 전시, 체육","GOLFZON VINA CO.,LTD","B1 Floor, Grand Plaza hotel, 117 Tran Duy Hung, Cau Giay, Hanoi",+84967696148,HA NOI,★★★★☆
"오락, 문화, 전시, 체육",GV ENTERTAIMENT,"32 Do Duc Duc, Me Tri, Tu Liem, Hanoi",,HA NOI,★★★☆☆
"오락, 문화, 전시, 체육",HA NOI GOLF CLUB JSC,"Golf Course Minh Tri, Soc Son, Hanoi",+842435991365,HA NOI,★★☆☆☆
"오락, 문화, 전시, 체육","LEGEND HEROES VN CO., LTD","1414 Hà Nội, Thanh Xuân, Thượng Đình, Khu đô thị Royal City",+842466661900,HA NOI,★★☆☆☆
"오락, 문화, 전시, 체육",PHUONG DONG GOLF,"3rd Fl., Phuong Dong Driving Range Cau Dien, Tu Liem, Hanoi",+84367505112,HA NOI,★★☆☆☆
"오락, 문화, 전시, 체육","SEY CARTOON MANUFACTURING CO.,LTD","9th floor, MITEC building, lot E2, Cau Giay, Yen Hoa, Cau Giay, Hanoi",+849685075750,HA NOI,★★★☆☆
"오락, 문화, 전시, 체육",SKY LAKE RESORT & GOLF CLUB,"Van Son Lake Area, Chuong My, Hanoi",+842433711234,HA NOI,★★☆☆☆
"오락, 문화, 전시, 체육",Smartscore Vietnam LLC,"Tầng 29, Tòa Đông, Hà Nội Lotte Center, Số 54 Đường Liễu Giai, Phường Cống Vị, Quận Ba Đình, Hà Nội",+84383451197,HA NOI,★★☆☆☆
"오락, 문화, 전시, 체육",TNHH H&G,"501. 5f 117 Tran Duy Hung, Trung Hoa, Cau Giay, HN",+842435551000,HA NOI,★★★☆☆
"오락, 문화, 전시, 체육",VAN TRI GOLF CLUB,"Kim No, Dong Anh, Hanoi",+842439583080,HA NOI,★★☆☆☆
"오락, 문화, 전시, 체육","Vietnam investment and development Trang Anh Co.,ltd","14-15-16 B1 Floor, Capital Place, 29 Lieu Giai, Ngoc Khanh, Ba Dinh Distric, Ha Noi",+84904088296,HA NOI,★★★☆☆
"오락, 문화, 전시, 체육",VTCK VIETNAM JSC,"11층 VTC방송국빌딩, 23 Lac Trung, Hai Ba Trung, Hanoi",,HA NOI,★★★★☆
"오락, 문화, 전시, 체육","LOTTECINEMA VIETNAM CO.,LTD","No. 1 Le Thanh Tong, May To, Ngo Quyen, Hai Phong",+842253836300,HAI PHONG,★★★☆☆
"오락, 문화, 전시, 체육",LONG BIEN INVESTMENT Corp,"6 Tan Son, Ward 12, Go Vap, HO CHI MINH",+842838315666,HO CHI MINH,★★☆☆☆
"오락, 문화, 전시, 체육",Phoenix Golf Resort,"5th Fl. Grand Plaza Hotel , 117 Tran Duy Hung, Cau Giay, Hanoi Lam Son, Luong Son, Hoa Binh",+842437712099,HOA BINH,★★☆☆☆
"오락, 문화, 전시, 체육",BEXCO,부산광역시 해운대구 APCE로 55(우동),+84517407483,KOREA,★★☆☆☆
"오락, 문화, 전시, 체육","SINKWANG VINA CO.,LTD","Area 1, Yen Kien, Doan Hung, Phu Tho",+84372497162,PHU THO,★★★☆☆
부동산개발.임대,VSIP Industrial Park,"No. 1, Huu Nghi Road, VSIP Bac Ninh, Phu Chan Ward, Tu Son Town, Bac Ninh Province, Vietnam",+842223765668,BAC NINH,★★☆☆☆
부동산개발.임대,"GLOBAL PLANNING PARTNERS CO.,LTD","100 Nguyen Lu, Khue My, Ngu Hanh Son, Da Nang",+84971127298,DA NANG,★★☆☆☆
부동산개발.임대,HYUNDAE CONSULTING AND TRADING COMPANY LIMITED,"No. 01 An Nhon 2, An Hai Bac, Son Tra, Da Nang",,DA NANG,★★★☆☆
부동산개발.임대,WELL BEING COMPANY LIMITED,"Lot No. 54 Le Van Quy, An Hai Bac, Son Tra, Da Nang",+84889329866,DA NANG,★★☆☆☆
부동산개발.임대,THAI HA URBAN AND INDUSTRIAL PARK INVESTMENT JOINT STOCK COMPANY,": PG1-01 VINCOM BIEN HOA, MINH KHAI WARD, PHU LY CITY, HA NAM BRANCH: Thôn Lời, xã Thanh Hương, huyện Thanh Liêm, tỉnh Hà Nam",+84988423081,HA NAM,★★★☆☆
부동산개발.임대,"AON VINA LTD. (f.k.a. Keangnam-Vina, LTD.)","Keangnam Hanoi Landmark tower, Plot E6, Pham Hung road, Cau Giay new urban, Nam Tu Liem district, Hanoi",+84437723801,HA NOI,★★★★☆
부동산개발.임대,BAT Vietnam International Group Joint Stock Company,"Tầng 2, Tòa HH02, Eco Lakeview, 32 Đại Từ, P. Đại Kim, Q. Hoàng Mai, Hà Nội",+842485896999,HA NOI,★★★☆☆
부동산개발.임대,BIM GROUP,"44 Yen Phu, Truc Bach, Hoan Kiem, Hanoi",+842473053555,HA NOI,★★☆☆☆
부동산개발.임대,BW INDUSTRIAL DEVELOPMENT JSC,"Add 1 : Floor 9, Vinaconex Bld, 34 Lang Ha, Lang Ha, Dong Da, Hanoi Add 2 : F8, Pearl Plaza Tower 561A Dien Bien Phu, Binh Thanh, HO CHI MINH Add 3 : Floor 17, Becamex Tower, 230 Binh Duong Boulevard, Phu Hoa, Thu Dau Mot, Binh Duong Add 4 : VSIP Bac Ninh, 1 Huu Nghi, Phu Chan, Tu Son, Bac Ninh",,HA NOI,★★☆☆☆
부동산개발.임대,CAPELLA LAND JSC,"Add : 26F, Vinaconex 9, Lot HH2-2, Pham Hung, Hanoi",,HA NOI,★★☆☆☆
부동산개발.임대,"CAPITALAND HOANG THANH CO.,LTD","CT08, Co Ngua Area, Mo Lao, Ha Dong, Hanoi",+842439393232,HA NOI,★★★☆☆
부동산개발.임대,CBRE VIETNAM,"6th Floor, BIDV Tower, No. 194 Tran Quang Khai, Ly Thai To, Hanoi",+842422200220,HA NOI,★★☆☆☆
부동산개발.임대,COGO TRADING SERVICES JSC,"Tang 3-4 toa nha VIET TOWER, So 01 Thai Ha, Trung Liet, Dong Da, Hanoi",+8419001160,HA NOI,★★☆☆☆
부동산개발.임대,Eirene Properties & Advertising,"So 20, Ngo Nguyen Thi Dinh, Trung Hoa Nhan Chinh, Cau Giay, Ha Noi",+842462820028,HA NOI,★★★☆☆
부동산개발.임대,GM GROUP,"Lo158, TT3, Tran Van Lai, My Dinh, Nam Tu Liem, Ha Noi",+84986345500,HA NOI,★★☆☆☆
부동산개발.임대,HA NOI BDS114,"A11 Ngo 178, Dinh Thon, Nam Tu Liem, Hanoi",+842436440888,HA NOI,★★★☆☆
부동산개발.임대,HA NOI ONLINE REAL ESTATE,"Lo 49-TT4, My Dinh Song Da, Nam Tu Liem, Hanoi",+842437875437,HA NOI,★★★★☆
부동산개발.임대,HOANG HUY H&G REAL ESTATE,"Villa D15-The Manor Villa, My Dinh Song Da, Nam Tu Liem, Hanoi",+842437876124,HA NOI,★★★☆☆
부동산개발.임대,HSDC,"29th Floor, East Tower, Hanoi Lotte center, 54 Lieu Giai, Ba Dinh, Hanoi",,HA NOI,★★☆☆☆
부동산개발.임대,"Indochina Kajima Development Co., Ltd","Suite 901, 9th Floor, Indochina Plaza Hanoi, Xuan Thuy, Cau Giay, Hanoi BRANCH: CN2A, DeepC Haiphong 2 Industrial Park, Haiphong City",+84826868660,HA NOI,★★☆☆☆
부동산개발.임대,Onekey Land Viet Nam Co. Ltd,"13th FL, DETECH TOWER II, 107 Nguyen Phong Sac Str., Dich Vong Hau Ward, Cau Giay, Hanoi",+849132388110,HA NOI,★★☆☆☆
부동산개발.임대,Onsen Fuji Group Join Stock Company,"No. 2 Alley 95, Chua Boc Street, Trung Liet Ward, Dong Da District, Hanoi City",+842422621133,HA NOI,★★★☆☆
부동산개발.임대,PHU HUNG TRADING & SERVICE JSC,"No 40, Hai Ba Trung, Hoan Kiem, Hanoi",+842439365755,HA NOI,★★☆☆☆
부동산개발.임대,Plastic Chemicals Group Joint Stock Company,"Tòa nhà Plaschem, số 562 Nguyễn Văn Cừ, Phường Gia Thụy, Quận Long Biên, thành phố Hà Nội BRANCH: HA NOI",+842438723566,HA NOI,★★☆☆☆
부동산개발.임대,Regus The Sun,"3F, The Sun building, Me tri, Nam Tu Liem, Hanoi",+842432021390,HA NOI,★★★☆☆
부동산개발.임대,"RSQUARE VIET NAM CO., LTD","Tầng 2, tòa nhà chelsea residences, 48 Trần Kim Xuyến, yên Hòa, Cầu giấy, Hà Nôi",+842836369641,HA NOI,★★☆☆☆
부동산개발.임대,Savills Vietnam,"21/F, West Tower, Lotte Center Ha Noi, 54 Lieu Giai Street, Ba Dinh District, Ha Noi, Vietnam",+842473019888,HA NOI,★★★☆☆
부동산개발.임대,SB INVEST GROUP,"2th floor,21T2 Hapulico Building, No.81 Vu trong Phung, Nhan Chinh, Thanh Xuan, Ha Noi BRANCH: 6th floor, PDD building No.162 Pasteur, Ben Nghe Distrist",+842462620246,HA NOI,★★★★☆
부동산개발.임대,SEMBCORP,"7th floor, Horison Bld, 40 Cat Linh, Dong Da, Hanoi",+842413765668,HA NOI,★★★☆☆
부동산개발.임대,SEOUL REALESTATE & CONSULTING,"Lo 58-TT4, Do Dinh Thien,  My Dinh Song Da, Nam Tu Liem, Ha Noi",+842437940123,HA NOI,★★☆☆☆
부동산개발.임대,SMARTHOMES,"Lô 158 kiểu nhà biệt thự khu nhà ở TT3 Trần Văn Lai Mỹ Đình 1, Nam Tu Liem, Hanoi City",+84387789680,HA NOI,★★☆☆☆
부동산개발.임대,SMILE REAL ESTATE,"No B1, 86 Nguyen Thi Dinh, Trung Hoa, Hanoi",+842435558056,HA NOI,★★☆☆☆
부동산개발.임대,"SoilBuild Asset Managemenet & Service Co., Ltd.","9th Floor, Leadvisors Tower, 643 Pham Van Dong Street, Co Nhue 1 Ward, Bac Tu Liem District, Hanoi City, Vietnam.",+84868522166,HA NOI,★★★☆☆
부동산개발.임대,"SPACE 21 FONEXIM CO.,LTD","203 Minh Khai, Hai Ba Trung, Hanoi",+842462670077,HA NOI,★★☆☆☆
부동산개발.임대,Taseco Land Investment Joint Stock Company,"Building N02-T1, Doan Ngoai Giao Area, Xuan Tao Street, Xuan Tao Ward, Bac Tu Liem District, Hanoi.",+84985689999,HA NOI,★★☆☆☆
부동산개발.임대,"THT DEVELOPMENT CO., LTD","The Central Area of Tay Ho Tay New Town, Xuan Tao Ward, Bac Tu Liem District, Hanoi",+842437245835,HA NOI,★★★☆☆
부동산개발.임대,TMS GROUP JSC,"3rd floor, Vimeco building, Lot E9, Pham Hung, Trung Hoa, Cau Giay, Hanoi",+842437690018,HA NOI,★★☆☆☆
부동산개발.임대,V-CITY 21 JSC,"Room 903, Fl. 9, Office Tower Daeha Business Center, 360 Kim Ma, Ngoc Khanh, Hanoi",,HA NOI,★★★☆☆
부동산개발.임대,VIETNAM INVEST CENTER,"Ngu Cau, Xa An, Hoai Duc, Hanoi",,HA NOI,★★★★☆
부동산개발.임대,VIGLACERA REAL ESTATE COMPANY,"2F Viglacera Tower, Thang Long Highway, Me Tri, Nam Tu Liem, Hanoi",+842435536688,HA NOI,★★★☆☆
부동산개발.임대,Vinhomes Serviced Residences - Vinhomes Joint Stock Company,"Symphony Office Building, Chu Huy Man Street, Phuc Loi Ward, Long Bien District, Hanoi",,HA NOI,★★☆☆☆
부동산개발.임대,VK REAL ESTATE CONSULTING,"11th floor, CharmVit Tower - 117 Tran Duy Hung, Cau Giay, Hanoi",,HA NOI,★★☆☆☆
부동산개발.임대,Western Pacific Joint Stock Company,"Tầng 2, Láng Hạ building, 14 Láng Hạ, Ba Đình, HN BRANCH: 13, no.12 Street, Thao Dien Ward, Thu Duc City",+842437349738,HA NOI,★★☆☆☆
부동산개발.임대,"WHA Industrial Management Services Vietnam Co., Ltd","Room 809, Daeha Business Center, 360 Kim Ma Street, Ngoc Khanh Ward, Ba Dinh District, Hanoi City, Vietnam BRANCH: Lot AC1-1, WHA Industrial Zone 1 - Nghe An, Nghi Long, Nghi Loc, Nghe An",+842435746999,HA NOI,★★★☆☆
부동산개발.임대,DAI AN JSC,"Dai An Lz, Km51, Highway no.5, Tu Ninh , Hai Duong",+842203555888,HAI DUONG,★★☆☆☆
부동산개발.임대,DEEP C INDUSTRIAL ZONES,"5F, Harbour View office building, 12 Tran Phu, Hai Phong",+842253836169,HAI PHONG,★★☆☆☆
부동산개발.임대,LOGISVALLEY HTNS LIMITED COMPANY,"Land lot CN4.1L, KCN Dinh Vu, Dinh Vu - Cat Hai Economic Zone, Dong Hai 2, Hai An, Hai Phong",,HAI PHONG,★★★☆☆
부동산개발.임대,SAO DO INVESTMENT GROUP JSC,"No. 768B Ngo Gia Tu, Thanh To, Hai An, Hai Phong",+842253814301,HAI PHONG,★★☆☆☆
부동산개발.임대,TWO H,"5/333 Văn Cao , Quận Hải An , TP Hải Phòng",,HAI PHONG,★★★☆☆
부동산개발.임대,"YOUNG HO ENG VINA CO.,LTD","Lot CC3-1, Trang Due I.P, Dinh Vu - Cat Hai Economic Zone, Hong Phong, An Duong, Hai Phong",+842253597001,HAI PHONG,★★★★☆
부동산개발.임대,GAW NP INDUSTRIAL,"Riverbank Place Office Building, 8th Floor, 3C Ton Duc Thang Street, District 1, HO CHI MINH",+84789757788,HO CHI MINH,★★★☆☆
부동산개발.임대,IDEC Group Vietnam,"TMG Building 11F, 157 Pasteur st, Ward 6, District3, HO CHI MINH BRANCH: Yen Phong 2C",+84703535816,HO CHI MINH,★★☆☆☆
부동산개발.임대,"TBS CAPITAL VN co.,ltd","Phuong Tower, No. 31C Ly Tu Trong Street, Ben Nghe Ward, District 1, Ho Chi Minh City",+842838221000,HO CHI MINH,★★☆☆☆
부동산개발.임대,Smcity,"06 Le Loi, Vinh Ninh, Hue City, Thua Thien Hue",+84896234271,HUE,★★☆☆☆
부동산개발.임대,"VTK HUNG YEN IP CO., LTD","Operation Office, Ecopark Urban Area, Xuan Quan, Van Giang, Hung Yen",+84822820909,HUNG YEN,★★★☆☆
부동산개발.임대,SIANINTRO INC,"서울특별시 서초구 양재천로 129, 5층(양재동)",+8425765505,KOREA,★★☆☆☆
부동산개발.임대,"PV- INCONESS., Corp","Hamlet 4B, Dong Son, Tam Diep, Ninh Binh",+842293776460,NINH BINH,★★☆☆☆
부동산개발.임대,"DONG LANG TASCO INFRASTRUCTURE DEVELOPMENT CO.,LTD","Dong Lan IZ, Phu Ninh, Phu Tho",+842103970957,PHU THO,★★★☆☆
부동산개발.임대,PANKO E&D,"West An Ha I.Z, Quang Phu, Quang Nam",+842353691999,QUANG NAM,★★☆☆☆
부동산개발.임대,AMATA CITY HALONG JSC,"Song Khoai I.P, Song Khoai, Quang Yen, Quang Ninh",+842033567007,QUANG NINH,★★★☆☆
부동산개발.임대,AJU VINA,"Lot CN4, Diem Thuy I.P, Diem Thuy, Phu Binh, Thai Nguyen",,THAI NGUYEN,★★★★☆
부동산개발.임대,CNCTech Group Joint Stock company,"Lot F1-2-3 Thang Long VINH PHUC Industrial Park, Tam Hop ward, Binh Xuyen District, VINH PHUC province, Vietnam",+84866505509,VINH PHUC,★★★☆☆
부동산개발.임대,GREEN PARK NBX DEVELOPMENT Co.,"Nam Binh Xuyen Industrial Zone, Huong Canh, Binh Xuyen, VINH PHUC",+84981187066,VINH PHUC,★★☆☆☆
부동산개발.임대,Nam Binh Xuyen Green Park,"14th floor, Capital Place Tower, No29 Lieu Giai Street, Ngoc Khanh Ward, Ba Dinh District, Ha Noi city",+842466888800,VINH PHUC,★★☆☆☆
부동산개발.임대,"KOREA INVESTMENT & DEVELOPMENT CO.,LTD","Toa nha Blooming, Thuan Phuoc, Hai Chau, Da Nang",+842363223555,DA NANG,★★☆☆☆
"섬유, 의류, 봉제 제조","DUO VINA CO.,LTD","An Long, Yen My, Lang Giang, Bac Giang",,BAC GIANG,★★★☆☆
"섬유, 의류, 봉제 제조",FINE LAND APPAREL VIETNAM,"Lo C4, C5 KCN Dinh Tram, Hoang Ninh, Viet Yen, Bac Giang",,BAC GIANG,★★☆☆☆
"섬유, 의류, 봉제 제조",GLOVELAND VINA,"Lo 01, cum cong nghiep Viet Tien, Viet Tien, Viet Yen, Bac Giang",+842043661531,BAC GIANG,★★☆☆☆
"섬유, 의류, 봉제 제조",HANA KOVI INC,"Dong Dinh IZ, Cao Thuong Commune, Tan Yen Dist, Bac Giang",+842046278933,BAC GIANG,★★★☆☆
"섬유, 의류, 봉제 제조",HANDS HANDS,"Lot L2, Dong Dinh I.Z, Cao Thuong, Tan Yen, Bac Giang",+842043579701,BAC GIANG,★★☆☆☆
"섬유, 의류, 봉제 제조","HANSOL VINA CO.,LTD","No.13, Song Khe I.P, Noi Hoang, Yen Dung, Bac Giang",,BAC GIANG,★★★☆☆
"섬유, 의류, 봉제 제조","INTERMAX VIETNAM CO., LTD","Sai village, Ngoc Van commune, Tan Yen district, Bac Giang province",+842043833836,BAC GIANG,★★★★☆
"섬유, 의류, 봉제 제조","J-Land Korea Co.,LTD","Flr7, Lilama 10 Building 56 To Huu str. Trung Van Nam Tu Lien, Hanoi Vietnam",+842437676652,BAC GIANG,★★★☆☆
"섬유, 의류, 봉제 제조","JMC VIETNAM CO.,LTD","Add 1: Moi Street, Hong Thai, Viet Yen, Bac Giang Add 2: Nghia Phuong, Luc Nam, Bac Giang",,BAC GIANG,★★☆☆☆
"섬유, 의류, 봉제 제조",KD SPORTS COMPANY LIMITED,"Road 296, Duc Thang Commune, Hiep Hoa District, Bac Giang Province",+842043865147,BAC GIANG,★★☆☆☆
"섬유, 의류, 봉제 제조",MAY YEN THE,"Thanh Chung, Phon Xuong, Yen The, Bac Giang",+842043535000,BAC GIANG,★★☆☆☆
"섬유, 의류, 봉제 제조",ONECHANG VINA,"Dong Dinh I.Z, Cao Thuong, Tan Yen, Bac Giang",+842043528288,BAC GIANG,★★★☆☆
"섬유, 의류, 봉제 제조",PHILKO VINA,"296 Road, Duc Thang, Hiep Hoa, Bac Giang",+842043865145,BAC GIANG,★★☆☆☆
"섬유, 의류, 봉제 제조",PT DAEHAN GLOBAL YEN DUNG JOINT STOCK COMPANY,"Nham Son, Yen Lu Commune, Yen Dung District, Bac Giang",+849874902170,BAC GIANG,★★☆☆☆
"섬유, 의류, 봉제 제조",SAMA INDUSTRIES VINA,"Lot 02 Viet Tien I.Z, Viet Tien, Viet Yen, Bac Giang",+842043661532,BAC GIANG,★★★☆☆
"섬유, 의류, 봉제 제조","SPHERE VINA CO., LTD","Lot 1+2, Bo Ha Industrial Cluster, Bo Ha, Yen The, Bac Giang",,BAC GIANG,★★☆☆☆
"섬유, 의류, 봉제 제조",SUNG WOO VINA,"Lot B10, B12, Viet An company, Dinh Tram I.Z, Viet Yen, Bac Giang",+842043661320,BAC GIANG,★★★☆☆
"섬유, 의류, 봉제 제조","SUNJIN HA NOI CO.,LTD","Lot CN5, Hop Thinh Industrial Cluster, Hop Thinh, Hiep Hoa, Bac Giang",+84967957706,BAC GIANG,★★★★☆
"섬유, 의류, 봉제 제조","TTB VIETNAM MFG CO.,LTD","Bich Son, Viet Yen, Bac Giang",,BAC GIANG,★★★☆☆
"섬유, 의류, 봉제 제조","UNICOGLOBAL VN CO.,LTD","Tan An, Yen Dung, Bac Giang BRANCH: Au Lau I.Z, Au Lau, Yen Bai, Yen Bai",+842043755398,BAC GIANG,★★☆☆☆
"섬유, 의류, 봉제 제조","I-BLE FNC VINA CO., LTD","KCN Chau Son, Le Hong Phong, Phu Ly, Ha Nam",+842263593688,HA NAM,★★☆☆☆
"섬유, 의류, 봉제 제조","JK HA NAM CO., LTD","Pho Ca, Thanh Nguyen Commune, Thanh Liem District, Ha Nam",+842263530911,HA NAM,★★☆☆☆
"섬유, 의류, 봉제 제조",KARA VIETNAM,"Kim Binh I.Z, Kim Bang, Phu Ly, Ha Nam",,HA NAM,★★★☆☆
"섬유, 의류, 봉제 제조","SUNMYUNG GLOVE CO.,LTD","Chau Son I.Z, Phu Ly, Ha Nam",+842263849960,HA NAM,★★☆☆☆
"섬유, 의류, 봉제 제조","YEEDO TRADING HA NOI CO.,LTD","Dong Van I.Z, Duy Tien, Ha Nam",+842263583100,HA NAM,★★☆☆☆
"섬유, 의류, 봉제 제조",YIC VINA,"Chau Son I.Z, Phu Ly, Ha Nam",+842263889628,HA NAM,★★★☆☆
"섬유, 의류, 봉제 제조",YKK VIETNAM HA NAM,"Dong Van III I.P, Hoang Dong, Duy Tien, Ha Nam",+842263580760,HA NAM,★★☆☆☆
"섬유, 의류, 봉제 제조",LEO JINS,"Dong Van I.Z, Duy Tien, Ha Nam",+842263582832,HA NAM ,★★★☆☆
"섬유, 의류, 봉제 제조",Alim global,"162 TT3, My Dinh-Me Tri new urban, My Dinh 1 ward, Nam Tu Liem dist BRANCH: Lot CN5 Hoang Xa industrial cluter, Dong Trung commune, Thanh Thuy distr",+84384388530,HA NOI,★★★★☆
"섬유, 의류, 봉제 제조","BENTEE CLOTHING,INC","The 5th Floor, B10 Area of Land Auction, Van Phuc, Ha Dong, Hanoi",+842433526443,HA NOI,★★★☆☆
"섬유, 의류, 봉제 제조",BONA APPAREL,"Khu Lang Dam, cum 7, 8, Phuc Tho, Hanoi",,HA NOI,★★☆☆☆
"섬유, 의류, 봉제 제조","C&J TRADING CO.,LTD","No 02-D, Lane A10 Nam Trung Yen, Yen Hoa, Cau Giay, Hanoi",+842485820266,HA NOI,★★☆☆☆
"섬유, 의류, 봉제 제조",CKD BIO CORP,"122 Doi Can, Ba Dinh, Ha Noi",,HA NOI,★★☆☆☆
"섬유, 의류, 봉제 제조",DESCENTE KOREA,"#A306, The Manor Bldg., Me Tri, My Dinh 1, Nam Tu Liem, Hanoi",+842437946125,HA NOI,★★★☆☆
"섬유, 의류, 봉제 제조","DHA INTERNATIONAL CO.,LTD","1504, 125 Hoang Ngan plaza, Apartment & Condo Building, Hanoi",+842462512245,HA NOI,★★☆☆☆
"섬유, 의류, 봉제 제조",GALTEX INTERNATIONAL LTD (구 I-MAR VIETNAM INTERNATIONAL LTD),"3F, 81 Tran Thai Tong, Dich Vong Hau, Cau Giay, Ha Noi",+842437690058,HA NOI,★★☆☆☆
"섬유, 의류, 봉제 제조","Hansae Hanoi Co., Ltd.","Room 3809810, 38F, Keangnam Landmark 72 Tower, Me Tri, Tu Liem District, Ha Noi City",+842438378538,HA NOI,★★★☆☆
"섬유, 의류, 봉제 제조","J-PACK TRADING Co.,Ltd– HA NOI OFFICE -","Room 1205, 12F, 17T5 Bld, Trung Hoa Nhan Chinh, Thanh Xuan, Hanoi",+842462815370,HA NOI,★★☆☆☆
"섬유, 의류, 봉제 제조",JUNNY VINA,"2F, No 107, Tran Duy Hung, Trung Hoa, Cau Giay, Hanoi",+842435765560,HA NOI,★★★☆☆
"섬유, 의류, 봉제 제조","K-VIN STAR CO.,JSC","LK1-M06, Splendora New Urban Area, Bac An khanh Ward, Hoai, Duc District, Hanoi City, Vietnam",+84976578900,HA NOI,★★★★☆
"섬유, 의류, 봉제 제조",KONA,"Binh Minh, Thanh Oai, Hanoi",+842433876940,HA NOI,★★★☆☆
"섬유, 의류, 봉제 제조","KYUNG SUN INDUSTRIAL CO.,LTD",#109 Truong Chinh. Thanh Xuan. Hanoi,,HA NOI,★★☆☆☆
"섬유, 의류, 봉제 제조","MAX PLANNING CO.,LTD","So.44 , BT4-X2, Bac Linh Dam, Hanoi.",,HA NOI,★★☆☆☆
"섬유, 의류, 봉제 제조","MAXCORE CO.,LTD","#5, Alley 7, Pham Hung, Dich Vong Hau, Cau Giay, Hanoi",,HA NOI,★★☆☆☆
"섬유, 의류, 봉제 제조","MSA VN CO.,LTD","Lo A2 CN1, Cum Cong nghiep tap trung vua va nho Tu Liem, Minh Khai, Bac Tu Liem, Hanoi",+842437688470,HA NOI,★★★☆☆
"섬유, 의류, 봉제 제조","NHAT TAN PRODUCTION, TRADING & SERVICE CO.,LTD","Noi Thuong Collective, Duong Xa, Gia Lam, Hanoi",+842436789079,HA NOI,★★☆☆☆
"섬유, 의류, 봉제 제조",NORFOLK HATEXCO,"Dong Van Industrial Zone, Duy Tien District, Hanam Province ​",+84226384566,HA NOI,★★☆☆☆
"섬유, 의류, 봉제 제조","ONE CROSS CLOTHING,INC","LK 19-3 Van Khe La Khe Ha Dong, Hanoi",,HA NOI,★★★☆☆
"섬유, 의류, 봉제 제조","PANPACIFIC CO.,LTD","7F, Suced Tower, 108 Nguyen Hoang, Nam Tu Liem, Hanoi BRANCH: Giao Cu Trung, Dong Son, Nam Truc, Nam Dinh",+842437877774,HA NOI,★★☆☆☆
"섬유, 의류, 봉제 제조",PARK’S MANUFACTURING,"Km7, National Road No.5m Tran Quy, Gia Lam, Hanoi",+842438767877,HA NOI,★★★☆☆
"섬유, 의류, 봉제 제조","HAIVINA HONG LINH Co.,Ltd","Nam Hong Industrial Zone, Dau Lieu Ward, Hong Linh Town Ha Tinh Privince",+842364765604,HA TINH,★★★★☆
"섬유, 의류, 봉제 제조","CKJ VINA CO.,LTD","La Giang, Van To, Tu Ky, Hai Duong",,HAI DUONG,★★★☆☆
"섬유, 의류, 봉제 제조","DAIN TOYS VINA CO.,LTD","Lot 1 Hoang Dieu I.G, Hoang Dieu, Gia Loc, Hai Duong",+842203711688,HAI DUONG,★★☆☆☆
"섬유, 의류, 봉제 제조",EMBOSSA,"K52, 5A National Road, Cam Thuong, Hai Duong",+842203843876,HAI DUONG,★★☆☆☆
"섬유, 의류, 봉제 제조",GG HAI DUONG CO.LTD,"Tieu Lam, Ngu Hung, Thanh Mien, Hai Duong",+842203651188,HAI DUONG,★★☆☆☆
"섬유, 의류, 봉제 제조",HAHAE VIETNAM CORP,"Km50+460 highway no.5, Cam Thuong, Hai Duong city, Hai Duong",+842203846906,HAI DUONG,★★★☆☆
"섬유, 의류, 봉제 제조","HAIVINA CO.,LTD.","Lang Xuyen, Gia Tan, Gia Loc, Hai Duong",+842203717500,HAI DUONG,★★☆☆☆
"섬유, 의류, 봉제 제조","HK VINA CO.,LTD","Tieu Lam, Ngu Hung, Thanh Mien, Hai Duong",,HAI DUONG,★★☆☆☆
"섬유, 의류, 봉제 제조","J.PLUS CO.,LTD","Van Tu I.C, Tu Ky, Hai Duong",+842203740990,HAI DUONG,★★★☆☆
"섬유, 의류, 봉제 제조","JM BEA TRICE VIAN CO.,LTD","KM 42, 18A Highway, Hoang Tan, Chi Linh, Hai Duong",+842203590500,HAI DUONG,★★☆☆☆
"섬유, 의류, 봉제 제조","SEJIN VINA CO.,LTD","Thanh Xuyen, Dong Tam, Ninh Giang, Hai Duong BRANCH: An Lang, An Hoa, Vinh Bao, Hai Phong",+842203763616,HAI DUONG,★★★☆☆
"섬유, 의류, 봉제 제조","SHINTS BVT CO.,LTD","Thach khoi, Hai Duong BRANCH: Lot 7, Duong Tu Minh zone, Du Phu Duong, Thai Nguyen",+842203861727,HAI DUONG,★★★★☆
"섬유, 의류, 봉제 제조",SSV EXPORT GARMENT COMPANY,"Hoang Dieu I.z, Gia Loc, Hai Duong",+842203718301,HAI DUONG,★★★☆☆
"섬유, 의류, 봉제 제조","SUMMIT JC VINA CO.,LTD","Road 20a, Tan Hong Commune, Binh Giang, Hai Duong",,HAI DUONG,★★☆☆☆
"섬유, 의류, 봉제 제조","TAE IL VINA CO.,LTD","Phu Tai 2, Kim Dinh, Kim Thanh, Hai Duong",+842203950668,HAI DUONG,★★☆☆☆
"섬유, 의류, 봉제 제조","TAEKYUNG VINA CO.,LTD","Quan village, Minh Duc, Tu Ky, Hai Duong",+842203745124,HAI DUONG,★★☆☆☆
"섬유, 의류, 봉제 제조",VERY VINA,"Khu Dong Truc, Quang Phuc, Tu Ky, Hai Duong",+842203746660,HAI DUONG,★★★☆☆
"섬유, 의류, 봉제 제조",YEJIN F&G VINA,"DT391, Quang Phuc, Tu ky, Hai Duong",+842203744696,HAI DUONG,★★☆☆☆
"섬유, 의류, 봉제 제조","YOUNGAN VINA CO.,LTD","Km3+900, Highway 183, An Dong Industrial Area, Nam Sach, Hai Duong",+842203759128,HAI DUONG,★★☆☆☆
"섬유, 의류, 봉제 제조","ZYJ CO.,LTD","Tu Ky, Hai Duong",+842213791907,HAI DUONG,★★★☆☆
"섬유, 의류, 봉제 제조",EVERPIA JSC.,"KCN TAN QUANG, TAN QUANG, VAN LAM, HUNG YEN, VIET NAM BRANCH: Cụm dân cư Nội Thương, Xã Dương Xá, Huyện Gia Lâm, Thành phố Hà Nội, Việt Nam",+84438276490,HUNG YEN,★★☆☆☆
"섬유, 의류, 봉제 제조",FOREMART VIETNAM,"Bui Thi Cuc, An Thi, Hung Yen",+842213831866,HUNG YEN,★★★☆☆
"섬유, 의류, 봉제 제조","GG VIETNAM CO.,LTD","Minh Duc I.Z, Bach Sam Ward, My Hao Town, Hung Yen.",+84369804920,HUNG YEN,★★★★☆
"섬유, 의류, 봉제 제조",GLOBAL SOURCENET LTD,"Minh Khai, Nhu Quynh, Van Lam, Hung Yen",+842213986500,HUNG YEN,★★★☆☆
"섬유, 의류, 봉제 제조",GLORY LABEL VINA,"Phan Boi, Di Su, My Hao, Hung Yen",+842213766006,HUNG YEN,★★☆☆☆
"섬유, 의류, 봉제 제조","HAN SUNG HA RAM CO.,LTD","Pho Noi Textile IZ Nghia Hiep, Yen My, Hung Yen",+842213589111,HUNG YEN,★★☆☆☆
"섬유, 의류, 봉제 제조","HAPPY PEACE ONE MEMBER CO.,LTD","Tan Tien, Minh Tan, Phu Cu, Hung Yen",+842213551440,HUNG YEN,★★☆☆☆
"섬유, 의류, 봉제 제조",INTER LOGO,"Minh Hai, Van Lam, Hung Yen",,HUNG YEN,★★★☆☆
"섬유, 의류, 봉제 제조",IS LOGO,"Trung Trac, Van Lam, Hung Yen",+842213997155,HUNG YEN,★★☆☆☆
"섬유, 의류, 봉제 제조","KAI INTERNATIONAL VIETNAM CO.,LTD","Det may I.Z Pho Noi B, Yen My, Hung Yen",,HUNG YEN,★★☆☆☆
"섬유, 의류, 봉제 제조",Linea Aqua Vietnam (PVT) LTD,"Plot No L1, Pho Noi B Textile & Garment Industrial Park,Di Su, My Hao, Hung Yen",+842213779808,HUNG YEN,★★★☆☆
"섬유, 의류, 봉제 제조","LUCKY ST VINA CO.,LTD","Pho Noi B I.Z, My Hao, Hung Yen",+842213900510,HUNG YEN,★★☆☆☆
"섬유, 의류, 봉제 제조",MIRAE FIBER JSC,"Lieu Xa, Yen My, Hung Yen",+842213974170,HUNG YEN,★★★☆☆
"섬유, 의류, 봉제 제조","MSK VINA CO.,LTD","Tan Quang, Van Lam, Hung Yen",+842213791909,HUNG YEN,★★★★☆
"섬유, 의류, 봉제 제조","SEMAPO VINA CO.,LTD","Det May I.Z, Lieu Xa, Yen My, Hung Yen",+842216250333,HUNG YEN,★★★☆☆
"섬유, 의류, 봉제 제조",Young Woo Vina III,"KCN det may Pho Noi B, Phuong Di Su, Thi xa My Hao, Tinh Hung Yen",+842213900456,HUNG YEN,★★☆☆☆
"섬유, 의류, 봉제 제조",YOUNGONE HUNG YEN,"Ta Thuong Hamlet, Chinh Nghia, Kim Dong, Hung Yen",+842213827699,HUNG YEN,★★☆☆☆
"섬유, 의류, 봉제 제조","Anh Vu Garment Im-Export Co., Ltd","Ban Yen Nhan Ward, My Hao Town, Hung Yen",,HUNG YEN ,★★☆☆☆
"섬유, 의류, 봉제 제조",KIDO HA NOI,"D Plot, Pho Noi A Industrial Park, Hung Yen Province",+842213972752,HUNG YEN ,★★★☆☆
"섬유, 의류, 봉제 제조",Seo Kwang Vina E.V.A Hanoi,"Số 10, Lô B2, Khu biệt thự Vinhome Hàm Nghi, Cầu Diễn, Nam Từ Liêm, Hà Nội",+842432020035,HUNG YEN ,★★☆☆☆
"섬유, 의류, 봉제 제조",DESIGN COUNCIL BUSAN,"#307, 57 Centumdong-ro, Haeundae-gu, Busan, Korea",+82517901000,KOREA,★★☆☆☆
"섬유, 의류, 봉제 제조",FIVE AVENUE.COM,"서울 금천구 가산동 219. 벽산 디지털밸리 6차, 602호",+8228695555,KOREA,★★★☆☆
"섬유, 의류, 봉제 제조",MAX INTERNATIONAL INC,서울시 강서구 허준로 202-10,+847047546440,KOREA,★★☆☆☆
"섬유, 의류, 봉제 제조","CHEONGHAK GLOVES VINA CO.,LTD","C1 Street, D4 Hoa Xa Industry Zone, Nam Dinh",+84332140501,NAM DINH,★★★☆☆
"섬유, 의류, 봉제 제조",D.F ZIN,"Lo D2 Khu Hoa Xa I.Z, Nam Dinh",,NAM DINH,★★★★☆
"섬유, 의류, 봉제 제조","DAE YANG NGHIA HUNG GARMENT CO.,LTD","Nghia Lac, Nghia Hung, Nam Dinh",,NAM DINH,★★★☆☆
"섬유, 의류, 봉제 제조",Dang Khoa Vietnam Co Ltd,"510 Truong Chinh Street, Nam Dinh",,NAM DINH,★★☆☆☆
"섬유, 의류, 봉제 제조",DAUM & JUNG AN,"Km5, My Hung, My Loc, Nam Dinh",+842283814222,NAM DINH,★★☆☆☆
"섬유, 의류, 봉제 제조",DONG YANG ST VINA,"M12 Area, Hoa Xa I.Z, Nam Dinh",+842283676955,NAM DINH,★★☆☆☆
"섬유, 의류, 봉제 제조",ENTER.B NAM DINH,"Thuong Dong Village, Hien Khanh, Vu Ban, Nam Dinh",,NAM DINH,★★★☆☆
"섬유, 의류, 봉제 제조",GARNET NAM DINH,"Lot C6-5, Hoa Xa I.Z, Nam Dinh",+842283844663,NAM DINH,★★☆☆☆
"섬유, 의류, 봉제 제조","JF GLOBAL CO.,LTD","3F, 121 Dong A, Hoa Vuong, Loc Vuong, Nam Dinh",+84985099207,NAM DINH,★★☆☆☆
"섬유, 의류, 봉제 제조",SHIN MYUNG FIRST,"Group 3, Trung Dong, Trung Ninh, Nam Dinh",+842283939888,NAM DINH,★★★☆☆
"섬유, 의류, 봉제 제조",TBO VINA,"Km 12,Road 12, Minh Tan, Vu Ban, Nam Dinh",+842283996581,NAM DINH,★★☆☆☆
"섬유, 의류, 봉제 제조","VIET HAN B & H CO.,LTD","3F, 121 Dong A, Hoa Vuong, Loc Vuong, Nam Dinh",+84985099207,NAM DINH,★★★☆☆
"섬유, 의류, 봉제 제조","VINA KI GLOBAL Co.,Ltd","No. 1 Giai Phong, Truong Thi, Nam Dinh",+842283671308,NAM DINH,★★★★☆
"섬유, 의류, 봉제 제조","YOUNGONE NAM DINH CO., LTD","Lot O,P,Q,R N6 Road, Hoa Xa IP, My Xa Commune, Nam Dinh",+842283670570,NAM DINH,★★★☆☆
"섬유, 의류, 봉제 제조",GLOBAL SOURCING INTERNATIONAL ( HÀN QUỐC ),"CCN Nghi Phú, TP Vinh",+842383830117,NGHE AN,★★☆☆☆
"섬유, 의류, 봉제 제조","HAIVINA  Co.,Ltd","Nam Giang Industrial Zone, Nam Giang Commune, Nam Dan District Nghe An Privince",+842383826417,NGHE AN,★★☆☆☆
"섬유, 의류, 봉제 제조",HI-TEX,"Xa Nghia My I.C, Thai Hoa, Nghe An",,NGHE AN,★★☆☆☆
"섬유, 의류, 봉제 제조","NAM SUNG VINA CO.,LTD","Thap-Hong-Ky I.C, Dien Hong, Dien Chau, Nghe An",+842383621560,NGHE AN,★★★☆☆
"섬유, 의류, 봉제 제조",PREX VINH COMPANY LIMITED,"Cụm công nghiệp xã Lạc Sơn, Huyện Đô Lương, Tỉnh Nghệ An",+84903272555,NGHE AN,★★☆☆☆
"섬유, 의류, 봉제 제조","Sangwoo Vietnam Co., Ltd","Road 2, VSIP, Hung Tay, Hung Nguyen, Nghe An",+842383209238,NGHE AN,★★☆☆☆
"섬유, 의류, 봉제 제조",WOOIN INDUSTRIES LTD.,"Cụm Công Nghiệp Tháp- Hồng- Kỷ, Xã Diễn Hồng, Huyện Diễn Châu, Tỉnh Nghệ An, Việt Nam Diễn Châu, Nghệ An, VN",+842383621560,NGHE AN,★★★☆☆
"섬유, 의류, 봉제 제조","WOOIN VINA CO.,LTD","Thap Hong Ky IC, Dien Hong, Dien Chau, Nghe An",+842383621560,NGHE AN,★★☆☆☆
"섬유, 의류, 봉제 제조",ACE GLOVE TRADING,"Lo C5, KCN Khanh Phu –Yen Khanh – Ninh Binh",+84229762991,NINH BINH,★★★☆☆
"섬유, 의류, 봉제 제조","KG VINA CO.,LTD","Lot CN01, Phuc Tri, Nam Thanh, Ninh Binh",+842293883795,NINH BINH,★★★★☆
"섬유, 의류, 봉제 제조",PANLOF,"Thien Ton Town, Hoa Lu District, Ninh Binh",,NINH BINH,★★★☆☆
"섬유, 의류, 봉제 제조",BETHEL INTERNATIONAL COMPANY LIMITED,"KCN Hop Hai - Kinh Ke, Phung Nguyen, Lam Thao, Phu Tho",,PHU THO,★★☆☆☆
"섬유, 의류, 봉제 제조",DONGWON GLOVE VINA,"Hoang Xa Craft Village I.Z, Hoang Xa, Thanh Thuy, Phu Tho",+842106268000,PHU THO,★★☆☆☆
"섬유, 의류, 봉제 제조",SINKWANG VINA COMPANY LIMITED,"Area 1, Yen Kien, Doan Hung, Phu Tho",+84372497162,PHU THO,★★☆☆☆
"섬유, 의류, 봉제 제조","SUNG JIN VINA CO.,LTD","Lot 9, Tu Da - An Dao I.C, Binh Phu, Phu Ninh, Phu Tho",,PHU THO,★★★☆☆
"섬유, 의류, 봉제 제조",TAIRYONG VIETNAM,"Lot 8, Thuy Van I.Z, Viet Tri, Phu Tho",+842103857360,PHU THO,★★☆☆☆
"섬유, 의류, 봉제 제조",TARP LINE HA NOI,"Dong Lang I.Z, Phu Ninh, Phu Tho",+842103970941,PHU THO,★★☆☆☆
"섬유, 의류, 봉제 제조",TEXMART VINA,"Lien Minh I.Z, Minh Phuong, Viet Tri, Phu Tho",+842103818086,PHU THO,★★★☆☆
"섬유, 의류, 봉제 제조","TJB VINA CO.,LTD","Lot# 3 Thuy Van I.z, Viet Tri, Phu Tho",+842103954306,PHU THO,★★☆☆☆
"섬유, 의류, 봉제 제조",TS FLEX COMPANY LIMITED,"KCN Tan Phu, Tan Phu, Tan Son, Phu Tho",+842106291333,PHU THO,★★★☆☆
"섬유, 의류, 봉제 제조",VINA ARON COMPANY LIMITED,"Area 6, Go Don, Huong Lung, Cam Khe, Phu Tho",+842103633368,PHU THO,★★★★☆
"섬유, 의류, 봉제 제조",VINA KYUNGSEUNG TRADING,"Lot 6 Don Tay, Thanh Vinh commune, Phu Tho",+842103712780,PHU THO,★★★☆☆
"섬유, 의류, 봉제 제조",WELCRON VN,"47 Quarter, Lien Phuong, Minh Phuong, Viet Tri, Phu Tho",+842103858001,PHU THO,★★☆☆☆
"섬유, 의류, 봉제 제조","YAKJIN VIETNAM CO.,LTD","Lot B6, Thuy Van IZ, Viet Tri, Phu Tho",+842103955785,PHU THO,★★☆☆☆
"섬유, 의류, 봉제 제조",B&H VINA,"Village 10, Khanh An, Yen Khanh, Ninh Binh",+84355245253,PHU THO ,★★☆☆☆
"섬유, 의류, 봉제 제조","BU KWANG VINA CO., LTD","Tu Da Village, Phu Ninh District, Phu Tho",+842103770227,PHU THO ,★★★☆☆
"섬유, 의류, 봉제 제조",FABINNO VINA,"No 4, South Thanh Ba Village I.P, Do Son, Thanh Ba, Phu Tho",+842103722118,PHU THO ,★★☆☆☆
"섬유, 의류, 봉제 제조","KOR-VI PACK CO.,LTD","Lot 9, Thuy Van I.Z, Viet Tri, Phu Tho",+842103953373,PHU THO ,★★☆☆☆
"섬유, 의류, 봉제 제조","SEIN TOGETHER KEE EUN CO., LTD","Block 6 Thuy Van IZ. Viet Tri, PhuTho",+842103857583,PHU THO ,★★★☆☆
"섬유, 의류, 봉제 제조",SHILLIM VIETNAM,"Cong ty Shillim, Vanco, Viet Tri, Phu Tho",+842103956100,PHU THO ,★★☆☆☆
"섬유, 의류, 봉제 제조",VIVID,"Ngõ 1, đường Nguyệt Cư, Phường Nông Trang, Thành phố Việt Trì, Tỉnh Phú Thọ",,PHU THO ,★★★☆☆
"섬유, 의류, 봉제 제조","CELL BIO HUMAN TECH VINA CO.,LTD","Lot B2, Tam Thang I.P, Tam Thang, Tam Ky, Quang Nam",,QUANG NAM,★★★★☆
"섬유, 의류, 봉제 제조",DH TEXTILE COMPANY LIMITED,"Lot D4, KCN Tam Thanh, Tam Thanh, Tam Ky, Quang Nam",+842353525757,QUANG NAM,★★★☆☆
"섬유, 의류, 봉제 제조","DOOJI VINA CO.,LTD","Lot D1, Tam Thang I.P, Tam Thang, Tam Ky, Quang Nam",+842353818137,QUANG NAM,★★☆☆☆
"섬유, 의류, 봉제 제조","DUCKSAN VINA CO.,LTD","KCN Tam Thang, Quang Nam",+842352460003,QUANG NAM,★★☆☆☆
"섬유, 의류, 봉제 제조",HITEX.ONE VINA COMPANY LIMITED,"Lot A/A1 KCN Ha Lam - Cho Duoc, Binh Phuc, Thang Binh, Quang Nam",+848210930324,QUANG NAM,★★☆☆☆
"섬유, 의류, 봉제 제조",HYOSUNG QUANG NAM COMPANY LIMITED,"Lot D6, KCN Tam Thang, Binh Nam, Thang Binh, Quang Nam",+842353691555,QUANG NAM,★★★☆☆
"섬유, 의류, 봉제 제조","JAY JAY VINA CO.,LTD","Lot C5, Tam Thang I.P, Tam Thang, Tam Ky, Quang Nam",+842353815088,QUANG NAM,★★☆☆☆
"섬유, 의류, 봉제 제조","MOON CHANG VINA CO.,LTD","KCN Tam Thang, Quang Nam",+849354352950,QUANG NAM,★★☆☆☆
"섬유, 의류, 봉제 제조",ONEWOO GARMENT COMPANY LIMITED,"Lot B/B1 Ha Lam - KCN Cho Duoc, Binh Phuc, Thang Binh, Quang Nam",+842353875284,QUANG NAM,★★★☆☆
"섬유, 의류, 봉제 제조",PANKO TAM THANG,"Lo so 1, KCN Tam Thang, Tam Thang, Tam Ky, Quang Nam",+842356256050,QUANG NAM,★★☆☆☆
"섬유, 의류, 봉제 제조","RIO (QUANG NAM) SEWING THREADS CO., LTD","Lo A4.2 Cum CN Tay An, Xa Duy Trung, Huyen Duy Xuyen, Tinh Quang Nam",+842353607080,QUANG NAM,★★★☆☆
"섬유, 의류, 봉제 제조",SEDO VINAKO,"Dong Yen Hamlet, Duy Trinh, Duy Xuyen, Quang Nam",+842353739000,QUANG NAM,★★★★☆
"섬유, 의류, 봉제 제조","HNJ-VINA CO.,LTD","Lot 2, Dong Tu I.C, Hung Ha, Thai Binh",+842273971010,THAI BINH,★★★☆☆
"섬유, 의류, 봉제 제조",JEIL JERSEY VINA,Land lot area 32.504m2 Vu Hoi Industrials cluster. Vu Hoi Commune. Vu Thu district. Thai Binh province,+842273606636,THAI BINH,★★☆☆☆
"섬유, 의류, 봉제 제조","MIDO-VINA CO.,LTD","My Xuyen I.C, Thai Xuyen, Thai Thuy, Thai Binh",+842273776666,THAI BINH,★★☆☆☆
"섬유, 의류, 봉제 제조","POONG SHIN VINA CO.,LTD","Lot TD1, Ta Hien, Phuc Khanh I.P, Phu Khanh, Thai Binh BRANCH: No.10-B5 Gate6, Kim Dong, Giap Bat, Hoang Mai, Hanoi",+842273845941,THAI BINH,★★☆☆☆
"섬유, 의류, 봉제 제조","SUNG JIN APPAREL CO.,LTD","My Loc 1 Village, Viet Hung, Vu Thu, Thai Binh",+842273628848,THAI BINH,★★★☆☆
"섬유, 의류, 봉제 제조","TJMEX CO.,LTD","NGUYEN TRUNG THAO HOUSE,NAM HUNG HAMLET, VU LAC VILLAGE,THAI BINH CITY,THAI BINH PROVINCE,VIET NAM",+841046693233,THAI BINH,★★☆☆☆
"섬유, 의류, 봉제 제조","VJONE GARMENT CO.,LTD","Hong Chau, Dong Hung, Thai Binh",+842273898643,THAI BINH,★★☆☆☆
"섬유, 의류, 봉제 제조",SHINWON EBENEZER HA NOI,"Nguyen Gon Iz., Cai Dan, Song Cong, Thai Nguyen",+842083662952,THAI NGUYEN ,★★★☆☆
"섬유, 의류, 봉제 제조",BYEOK JIN VINA COMPANY LIMITED,"Lot 76-85 Zone A, KCN Dinh Huong - Tay Bac Ga, Dong Linh, Thanh Hoa",,THANH HOA,★★☆☆☆
"섬유, 의류, 봉제 제조","APPARELTECH VINH LOC CO., LTD","Vinh Long Town, Vinh Loc District, Thanh Hoa Province",+84373929222,THANH HOA,★★★☆☆
"섬유, 의류, 봉제 제조","MANSEON GLOBAL GARMENT CO.,LTD","Hamelt 8, Vinh Thanh, Vinh Loc, Thanh Hoa",+842373523456,THANH HOA,★★★★☆
"섬유, 의류, 봉제 제조",NY HOA VIET COMPANY LIMITED,"Chau Tu, Trieu Loc, Hau Loc, Thanh Hoa",+84915709869,THANH HOA,★★★☆☆
"섬유, 의류, 봉제 제조",S&H VINA,"Nga lo 1 Sub-area, Nga son Town, Nga Mỹ, Nga Sơn, Thanh Hoá",+842373890993,THANH HOA,★★☆☆☆
"섬유, 의류, 봉제 제조",TCE JEANS CO.LTD,"1 Le Loi, Hoang Dong, Hoang Hoa, Thanh Hoa",+84364401000,THANH HOA,★★☆☆☆
"섬유, 의류, 봉제 제조",THO XUAN CORPORATION COMPANY LIMITED,"KCN Tho Xuan, Xuan Truong, Tho Xuan, Thanh Hoa",,THANH HOA,★★☆☆☆
"섬유, 의류, 봉제 제조",WINNERS VINA COMPANY LIMITED,"Nga Lo 1, Nga Son, Thanh Hoa",+842378856993,THANH HOA,★★★☆☆
"섬유, 의류, 봉제 제조",YKJ VINA COMPANY LIMITED,"Hamlet 5, Nga Yen, Nga Son, Thanh Hoa",+843578513880,THANH HOA,★★☆☆☆
"섬유, 의류, 봉제 제조","MSA YB Co.,Ltd.","Residential Coimmunity No.4, Doi Can ward, Tuyen Quang city, Tuyen Quang province, VN",+84913276583,TUYEN QUANG,★★☆☆☆
"섬유, 의류, 봉제 제조",BANGSUN VIETNAM,"CN 14, Khai Quang Iz, Vinh Yen, VINH PHUC",+842113844020,VINH PHUC,★★★☆☆
"섬유, 의류, 봉제 제조","EO VINA CO.,LTD","Lot1, Khai Quang IZ, Vinh Yen, VINH PHUC",+842113847294,VINH PHUC,★★☆☆☆
"섬유, 의류, 봉제 제조",EUNSUN VINA,"Lot 6, Khai Quang I.Z, Vinh Yen, VINH PHUC",+842113728131,VINH PHUC,★★★☆☆
"섬유, 의류, 봉제 제조",HANNAM INC,"Binh Xuyen I.Z, Binh Xuyen, VINH PHUC",+842113593035,VINH PHUC,★★★★☆
"섬유, 의류, 봉제 제조",JAPAN KOREA 2,"Hop Thinh IZ, Hop Thinh, Tam Duong,  VINH PHUC",+842112475555,VINH PHUC,★★★☆☆
"섬유, 의류, 봉제 제조","KUMNAM PRINT CO.,LTD","Huong Canh, Binh Xuyen, VINH PHUC",+842112242262,VINH PHUC,★★☆☆☆
"섬유, 의류, 봉제 제조",SEHWA,"Lot CN 14, Khai Quang I.Z, VINH PHUC",+842113843751,VINH PHUC,★★☆☆☆
"섬유, 의류, 봉제 제조",SEOUL PRINT VINA,"Cn11 Khai Quang, Vinh Yen, VINH PHUC",,VINH PHUC,★★☆☆☆
"섬유, 의류, 봉제 제조",SHINWON EBENEZER VIET NAM,"CN 14, Khai Quan IZ, Vinh Yen, VINH PHUC",+842113842830,VINH PHUC,★★★☆☆
"섬유, 의류, 봉제 제조",SUNG WON TECH,"Dinh Trung, VINH PHUC, VINH PHUC",+842113559000,VINH PHUC,★★☆☆☆
"섬유, 의류, 봉제 제조","SY VINA CO.,LTD","Bac Hamlet, Hoang Dan, Tam Duong, VINH PHUC",+842113855588,VINH PHUC,★★☆☆☆
"섬유, 의류, 봉제 제조","Vina Korea Co.,Ltd","CN 13 Khai Quang IZ, Vinh Yen, VINH PHUC",+842113842204,VINH PHUC,★★★☆☆
"대표사무소, 지사","BRANCH OF LOTTECINEMA VIETNAM CO., LTD. IN BAC NINH CITY","3rd floor, Vincom Trade Center Bac Ninh, intersection 6, Suoi Hoa, Bac Ninh",+842223903536,BAC NINH,★★☆☆☆
"대표사무소, 지사","BRANCH OF ZIIN ENGINEERING VIET NAM CO., LTD","Lot no 88, Le Hong Phong, Kinh Bac, Bac Ninh",+84985655752,BAC NINH,★★★☆☆
"대표사무소, 지사","Henkel Adhesive Technologies Vietnam Co., Ltd","4th floor, Halla Building, Yen Phong IP, Yen Phong District, Bac Ninh Province, Vietnam",+84988881867,BAC NINH,★★★★☆
"대표사무소, 지사","PHU KHANH DUTY FREE TRADING CO.,LTD","6/F, Central Vietnam Helicopter Building, Nguyen Van Linh, Thac Gian, Thanh Khe, Da Nang",+842363865882,DA NANG,★★★☆☆
"대표사무소, 지사","AT, Korea Agro-Fisheries & Food Trade Corporation","#1213, 12th Floor, Keangnam Hanoi Landmark 72 Tower, Plot E6, Pham Hung Str., Nam Tu Liem Dist., Hanoi",+842462822987,HA NOI,★★☆☆☆
"대표사무소, 지사","BOE KOREA CO.,LTD","No 7, Villa D, The Manor, My Dinh, Tu Liem, Hanoi",+84963481938,HA NOI,★★☆☆☆
"대표사무소, 지사",CEO SUITE VIETNAM,"29th Floor East Tower, Hanoi Lotte Center, 54 Lieu Giai, Cong Vi, Ba Dinh, Hanoi",+842432673999,HA NOI,★★☆☆☆
"대표사무소, 지사",CHUNGCHEONGNAM-DO ECONOMIC PROMOTION AGENCY IN HA NOI CITY(CEPA),"15th Floor, No. 19 Le Van Luong, Nhan Chinh, Thanh Xuan, Hanoi",,HA NOI,★★★☆☆
"대표사무소, 지사",COGNEX VIET NAM,"CEO Tower, Level 7, HH2-1 Me Tri Ha, Pham Hung Str, Nam Tu Liem Dist, Hanoi",+842444581747,HA NOI,★★☆☆☆
"대표사무소, 지사",DAEWOO E&C REPRESENTATIVE OFFICE,"Lô H3-CCV1, Khu trung tâm Khu đô thị Tây Hồ Tây, phường Xuân Tảo, quận Bắc Từ Liêm, Hà Nội",+842438315200,HA NOI,★★☆☆☆
"대표사무소, 지사","JAUD (Design Associates) Co., LTD","(Hanoi Office) Lotte Building, West 30th Floor, Room 3011, 54 Lieu Gia Street, Ba Dinh District, Hanoi, Vietnam",+842433958999,HA NOI,★★★☆☆
"대표사무소, 지사",K-WATER,"Suite B7A, 4Th Fl, Hanoi Horison Hotel 40 Cat Linh, Hanoi",+842437366431,HA NOI,★★☆☆☆
"대표사무소, 지사",KCAB INTERNATIONAL,"Tháp A, tòa nhà Charmvit, Tầng 20, số 117 đường Trần Duy Hưng, Phường Trung Hoà, Quận Cầu Giấy, Thành phố Hà Nội, Việt Nam",+84988687564,HA NOI,★★★☆☆
"대표사무소, 지사",KEPCO KDN VIETNAM,"11Fl., Charmvit Tower, 117 Tran Duy Hung, Cau Giay, Ha Noi",+842473010682,HA NOI,★★★★☆
"대표사무소, 지사",KEPCO SOUTHEAST ASIA OFFICE,"11F, Charmvit Tower, 117 Tran Duy Hung, Cau Giay, Ha Noi.",+842438315103,HA NOI,★★★☆☆
"대표사무소, 지사",KFQ VIETNAM,"8th Floor, AP Building, 58 Tran Thai Tong, Cau Giay, Hanoi",+842432004982,HA NOI,★★☆☆☆
"대표사무소, 지사",KOGAS,"19F, East Tower, Lotte Center Hanoi, 54 Lieu Giai, Ba Dinh, Hanoi",+842432000400,HA NOI,★★☆☆☆
"대표사무소, 지사",KOICA VIETNAM,"18F Keangnam Hanoi Landmark 72 Tower, Pham Hung Str., Nam Liem Dist., Hanoi",+842438316911,HA NOI,★★☆☆☆
"대표사무소, 지사",KOPIA VIETNAM,"Viện khoa học nông nghiệp Việt Nam, Vĩnh Quỳnh, Thanh Trì, Hanoi, Vietnam",+842436876230,HA NOI,★★★☆☆
"대표사무소, 지사",KOREA APPAREL TESTING AND RESEARCH,"A315, Manor tower, Me Tri, Tu Liem, Hanoi",+842437940723,HA NOI,★★☆☆☆
"대표사무소, 지사",KOREA TESTING CERTIFICATION(KTC),"18A 13F Chamvit tower, 117 Tran Duy Hung, Cau Giay, Hanoi, Vietnam",+842432013672,HA NOI,★★☆☆☆
"대표사무소, 지사",KOREA TOURISM ORGANIZATION VIETNAM,"Unit 1302, 13th Floor, Charmvit Tower, 117 Tran Duy Hung, Cau Giay, Hanoi",+842435564040,HA NOI,★★★☆☆
"대표사무소, 지사",KOREAN CULTURAL CENTER,"49 Nguyen Du Street, Hai Ba Trung District, Hanoi",+842439445980,HA NOI,★★☆☆☆
"대표사무소, 지사",KOSME (Korea SMEs and Startups Agency),"17F, Charm Vit Tower, 117 Tran Duy Hung, Trung Hoa, Cau Giay, Hanoi, Vietnam",+842435551857,HA NOI,★★★☆☆
"대표사무소, 지사",KOTRA SOUTH EAST ASIA & OCEANIA HEAD OFFICE/KOTRA HA NOI,"20Fl, Charmvit Tower, 117 Tra Duy Hung, Cau Giay, Hanoi",+842439460511,HA NOI,★★★★☆
"대표사무소, 지사",KTR VIETNAM OFFICE,"So.8 Hoang Quoc Viet Rd, Cau Giay, Ha Noi, Viet Nam",+84432191365,HA NOI,★★★☆☆
"대표사무소, 지사",LX International Hanoi Representative Office,"30th Floor, Lotte Center, 54 Lieu Giai, Cong Vi, Ba Dinh, Hanoi",+842437347388,HA NOI,★★☆☆☆
"대표사무소, 지사","MASS C&G Co., Ltd","so5 Dien Bien Phu B/D 10Fl, Ba Dinh",+84327285022,HA NOI,★★☆☆☆
"대표사무소, 지사",NICE Info Vietnam,"#8002, 8F, West Tower, Lotte Center Hanoi, Lieu Giai, Cong Vi, Ba Dinh, Hanoi",+842432444683,HA NOI,★★☆☆☆
"대표사무소, 지사",Persolkelly,"10th Floor, Lotte Center Hanoi,54 Lieu Giai Street, Ba Dinh District, Hanoi",+842871008818,HA NOI,★★★☆☆
"대표사무소, 지사","LG VINA COSMETICS CO.,LTD","No. 289-GH5, ICC Urban Area, Quan Mau Crossroad, Hai Phong",+842253719256,HAI PHONG,★★☆☆☆
"대표사무소, 지사",CJ VIETNAM,"Unit 1502, 15th Fl., CJ Building, 2Bis-4-6 Le Thanh Ton St., Dist. 1, HO CHI MINH",+842838272302,HO CHI MINH,★★☆☆☆
"대표사무소, 지사",KITECH Vietnam Office,"12AFloor, Opal Office Tower, 92 Nguyen Huu Canh, Binh Thanh, HO CHI MINH",+842822205314,HO CHI MINH,★★★☆☆
"대표사무소, 지사",KOREA REFORM CULTURE FOUNDATION,서울시 서대문구 충정로9길 20,+84366024845,KOREA,★★☆☆☆
"대표사무소, 지사",KOREAN TECHNOLOGY COMMERCIALIZATION ASSOCIATION,"R1201, 12F, Dau Khi Tower, Quang Trung, Vinh, Nghe An",+842388988383,NGHE AN,★★★☆☆
"대표사무소, 지사","BRANCH OF CANA YOUNG CO.,LTD- DA NANG","Lot 2, Street 4, KCN Dien Nam - Dien Ngoc, Dien Ban, Quang Nam",+842353788778,QUANG NAM,★★★★☆
"대표사무소, 지사",THE REPRESENTATIVE OFFICE OF GMS IN VINH PHUC,"Số 8, Đường Tôn Đức Thắng - Phường Khai Quang, Thành phố Vĩnh Yên, Vĩnh Phúc.",+84336928070,VINH PHUC,★★★☆☆
"금융, 보험",NH SECURITIES VIETNAM,"(Headquarter) 9F, East Tower, Lotte Center Hanoi, 54 Lieu Giai, Ba Dinh, Hanoi",+8419001055,HA NOI,★★☆☆☆
"금융, 보험",NAM A BANK,So 503 KIM MA NGOC KHANH BA DINH HA NOI,+84972948955,HA NOI,★★☆☆☆
"금융, 보험",Alliex Vietnam JSC,"Phòng 4301-08, tầng 43, Keangnam Hanoi Landmark Tower, đường Phạm Hùng, Phường Mễ Trì, Quận Nam Từ Liêm, Thành phố Hà Nội, Việt Nam",+842471099980,HA NOI,★★☆☆☆
"금융, 보험",ASONG INVEST,"15F TOWER 2, CAPITAL PLACE, 29 LIEU GIAI STREET",+84967939976,HA NOI,★★★☆☆
"금융, 보험",BIDV,"BIDV Tower, 21F, 35 Hang Voi, Hoan Kiem, Ha Noi",+842422200588,HA NOI,★★☆☆☆
"금융, 보험",BIDV HA NOI,"4B Le Thanh Tong, Phan Chu Trinh Ward, Hoan Kiem District, Ha Noi, Vietnam",+842439725577,HA NOI,★★☆☆☆
"금융, 보험",BUSAN BANK HA NOI REPRESENTATIVE OFFICE,"No.3109, 31F, East Tower, Lotte Center Hanoi, 54 Lieu Giai, Ba Dinh, Ha Noi",+842432321736,HA NOI,★★★☆☆
"금융, 보험",DAVIMODE,"#110-210, DN3, CT5, My Dinh Song Da, My Dinh 1, Tu Liem, Hanoi",+842437878962,HA NOI,★★☆☆☆
"금융, 보험",DB INSURANCE,"95 TRAN THAI TONG, DICH VONG, CAU GIAY, HA NOI",+842437724460,HA NOI,★★★☆☆
"금융, 보험",Hanoi Reinsurance Joint Stock Corporation (Hanoi Re),"25th Floor, No.1 Pham Van Bach street, Cau Giay district, Hanoi, Vietnam",+842437342828,HA NOI,★★★★☆
"금융, 보험",KEB HANA BANK HA NOI BRANCH,"14F&15F, Daeha Business Center, 360 Kim Ma, Ba Dinh, Hanoi",+842437713677,HA NOI,★★★☆☆
"금융, 보험",KEXIM VLC Hanoi Representative Office,"25th Floor, Landmark72 Tower, Plot E6, Cau Giay New Urban Area, Me Tri Ward, Nam Tu Liem District, Ha Noi, Vietnam",+842473037779,HA NOI,★★☆☆☆
"금융, 보험","KNP Finance Service Co.,Ltd","No.K28, Lane 68 Trung Kinh Str. Yen Hoa Ward, Cau Giay Dist, Ha Noi City",+842422071199,HA NOI,★★☆☆☆
"금융, 보험","KNP PRO FINANCE CO.,LTD","No.310, Hall C, Tay Ha Tower, 19 To Huu Street, Trung Van Ward, Nam Tu Liem District, Ha Noi City, Vietnam",+842422071199,HA NOI,★★☆☆☆
"금융, 보험",Korea Development Bank,"#02, CEO SUITE, 29F East Tower, Hanoi Lotte Center, 54 Lieu Giai, Cong Vi, Ba Dinh, Ha Noi",+842862917871,HA NOI,★★★☆☆
"금융, 보험",KWANGJU BANK,"23F, East Tower, Lotte Center Hanoi, 54 Lieu Giai, Ba Dinh, Ha Noi",+842473002393,HA NOI,★★☆☆☆
"금융, 보험",LK Vietnam,"Room S10, 29F East Tower, Lotte Hanoi, 54 Lieu Giai, Ba Dinh",+84915602402,HA NOI,★★☆☆☆
"금융, 보험",LOTTE FINANCE,"12F, West Tower, LOTTE Center Hanoi, 54 Lieu Giai, Cong Vi ward, Ba Dinh district, Ha Noi",+842433337091,HA NOI,★★★☆☆
"금융, 보험",MARITIME COMMERCIAL JOINT STOCK BANK (MSB),"TNR Tower, 54A Nguyen Chi Thanh, Dong Da, Ha Noi BRANCH: V-rex Tower 3 floor, 33A Ba Trieu, Hoan Kiem, Ha Noi",+842437718989,HA NOI,★★☆☆☆
"금융, 보험",MARSH & MCLENNAN COMPANIES,"11th Floor, VCCI Tower, No. 9 Dao Duy Anh, Dong Da District, Hanoi, Vietnam",+842462763899,HA NOI,★★★☆☆
"금융, 보험",SAMSUNG VINA INSURANCE,"19F, Keangnam Landmark Tower, Nam Tu Liem, Ha Noi",+842439425251,HA NOI,★★★★☆
"금융, 보험","SEIN I&D VIETNAM CO., LTD.","Room 2309, 23F, Keangnam Hanoi Landmark Tower 72, Plot E6, Cau Giay New Urban Area, Metri Ward, Nam Tu Liem District, Hanoi, Vietnam.",+842437835607,HA NOI,★★★☆☆
"금융, 보험","SEOUL GUARANTEE INSURANCE Co.,Ltd - HA NOI BRANCH","Unit 901, East Tower, Lotte Center Hanoi, 54 Lieu Giai, Cong Vi, Ba Dinh, Hanoi",+842439460322,HA NOI,★★☆☆☆
"금융, 보험",SHELLINE,"#625, CT5, My Dinh 1, Nam Tu Liem, Hanoi",+842437876531,HA NOI,★★☆☆☆
"금융, 보험",SHINHAN BANK VIETNAM,"38th Floor, Keangnam Hanoi Tower, Me Tri, Nam Tu Liem, Hanoi",,HA NOI,★★☆☆☆
"금융, 보험",SHINHAN LIFE INSURANCE,"2501-2,Keangnam Hanoi Landmark Tower, Plot E6, Cau Giay, Me tri, Nam Tu, Hanoi",+842437662000,HA NOI,★★★☆☆
"금융, 보험",Soon’s Cosmetic House,"157 Vườn Tùng, Khu Biệt thự Ecopark, Xã Xuân Quang, Văn Giang, Hưng Yên 17657",+84865705760,HA NOI,★★☆☆☆
"금융, 보험",TECHCOM BANK,"191 Ba Trieu, Le Dai Hanh, Hai Ba Trung, Hanoi",+841800588822,HA NOI,★★☆☆☆
"금융, 보험",THE EXPORT-IMPORT BANK OF KOREA,"8th Floor, Daeha Business center, 360 Kimma str., Ba Dinh Dist., Hanoi, Vietnam",+842437717010,HA NOI,★★★☆☆
"금융, 보험",TP BANK,"191 Ba Trieu, Le Dai Hanh, Hai Ba Trung, Hanoi",+841900585885,HA NOI,★★☆☆☆
"금융, 보험",Willis Towers Watson,"Level 7, 37 Ton Duc Thang St., Ben Nghe Ward, Dist.1, HO CHI MINH",+842839100976,HO CHI MINH,★★★☆☆
기타,CRYSTAL DESIGN,"210 Nguyen Van Giap(K2), Cau Dien, Nam Tu Liem, Hanoi BRANCH: 231A Dương Đình Hội, Khu phố 3, Phường Tăng Nhơn Phú B, Thành phố Thủ Đức, TP. Hồ Chí Minh",+842837281920,HA NOI,★★★★☆
기타,Chicilon media,"F30, Lotte Center, No. 54 Lieu Giai Street, Cong Vi Ward, Ba Dinh District, Hanoi",+842435625666,HA NOI,★★★☆☆
기타,"JOBPRO CO.,LTD","So 24, ngo 2, Tran Van Lai, My Dinh 1, Nam Tu Liem, Hanoi",+842438688282,HA NOI,★★☆☆☆
기타,"TUV RHEINLAND VIETNAM  CO.,LTD","16 Floor, VCCI Building, No.9 Dao Duy Anh, Phuong Mai, Dong Da, Hanoi",+842435746811,HA NOI,★★☆☆☆
기타,"ACE ENGINEERING VINA CO.,LTD","Viet Long building, No 30 Ly Thai To, Ninh Xa, Bac Ninh",,BAC NINH,★★☆☆☆
기타,GNP VINA TRADING COMPANY LIMITED,"9th floor VNPT Bac Ninh building, No. 33 Ly Thai To , Ninh Xa, Bac Ninh",+84966061108,BAC NINH,★★★☆☆
기타,"KTM VIET NAM CO.,LTD",4F-76Ly Thai To Street - Vo Cuong Ward - Bac Ninh Town -Bac Ninh Province,+84967475000,BAC NINH,★★☆☆☆
기타,"NAWOO VIET NAM CO.,LTD","Lien Ke Zone, Que Vo IZ, Phuong Lieu, Que Vo, Bac Ninh",+84987806854,BAC NINH,★★☆☆☆
기타,NUBICOM VINA,"Unit 307, 3rd Floor, MB Bac Ninh Building, No 24, Ly Thai To Street, Dai Phuc Ward, Bac Ninh City, Bac Ninh Province, Viet Nam",+842226502333,BAC NINH,★★★☆☆
기타,S-1 CORPORATION VIET NAM,"2nd Floor, Halla Office Building, Yen Phong Industrial Park, Yen Trung Commune, Yen Phong District, Bac Ninh Province",+842223873110,BAC NINH,★★☆☆☆
기타,TOTAL VINA,"Tang 2 toa nha Thinh Cuong, lo 2 KCN Dai Dong, Tien Du, Bac Ninh",+84866435557,BAC NINH,★★★☆☆
기타,HAVY KOVI COMPANY LIMITED,"Lot 78 + 79 + 80 planned road 10.5m, An Hai Bac, Son Tra, Da Nang",+84931979162,DA NANG,★★★★☆
기타,"ON THE SALON ONE MEMBER CO.,LTD","27 Ha Dac, An Hai Bac, Son Tra, Da Nang",+84773841309,DA NANG,★★★☆☆
기타,"SALON D CO.,LTD","1F, No. 29 -31 Binh Minh 1, Binh Thuan, Hai Chau, Da Nang",+84932598077,DA NANG,★★☆☆☆
기타,"365 SYS CO.,LTD","P104, CT02 Block, Hyundai Apt, To hieu, Ha dong, Hanoi",+842435430206,HA NOI,★★☆☆☆
기타,ADEN SERVICES VIETNAM,"Tầng 9, toà nhà Coalimex, số 33 phố Tràng Thi, phường Trần Hưng Đạo, quận Hoàn Kiếm, thành phố Hà Nội, Viêt Nam.",+842439344937,HA NOI,★★☆☆☆
기타,AN STUDIO,"Tang 3, Showroom Everon 168 Ton That Thuyet, Dich Vong Hau, Cau Giay, Hanoi",,HA NOI,★★★☆☆
기타,Campus-K,"15F, Toa Nha Song Da, Thap B, My Dinh, Hanoi",,HA NOI,★★☆☆☆
기타,FUJIFILM BUSINESS INNOVATION VIETNAM,"14F, VCCI Tower, No.9 dao Duy Anh Str, Phuong Mai Ward, Dong Da Dist, Ha Noi",+842438241063,HA NOI,★★☆☆☆
기타,"GCL HA NOI CO., LTD.","Lot CN09, Phu Nghia Industrial Park, Chuong My District, Hanoi City",+842473099929,HA NOI,★★★☆☆
기타,Good Neighbors International in Vietnam,"Good Neighbors International, 17 floor, Block A, Song Da Building, My Dinh 1 Ward, Nam Tu Liem District, Ha Noi, Vietnam",+842432063999,HA NOI,★★☆☆☆
기타,"HANA ENG CO., LTD","So 104, ngo 54 Le Quang Dao, Phuong Phu Do Quan Nam Tu Liem, Ha Noi",+84888570180,HA NOI,★★★☆☆
기타,Hanwha Energy Corporation Vietnam,"7F tower 1, Capital Place, No. 29 Lieu Giai street, Ngoc Khanh Ward, Ba Dinh District, Hanoi",+842432040517,HA NOI,★★★★☆
기타,ICO JOB,"Toa nha ICO, so 34 Tran Quoc Hoan, Cau Giay, Hanoi",,HA NOI,★★★☆☆
기타,ISSAC SECURITY,"So 2, ngach 9/2 ngo 9, Tran Quoc Hoan, Dich Vong Hau, Cau Giay, Hanoi",+842432262983,HA NOI,★★☆☆☆
기타,JND Human Resource,"3rd Floor, Machino 1 building, No.10 Tran Phu, Ha Dong, Hanoi",+84964247258,HA NOI,★★☆☆☆
기타,K-Asset Group,"4th Floor, Tower B, Song Da building, Pham Hung Street, My Dinh 1 Ward, Nam Tu Liem District, Hanoi City",+842432004425,HA NOI,★★☆☆☆
기타,KESCO.E&G,"Số A15 Khu dự án nhà ở để bán Mỹ Đình, Phường Mỹ Đình 1, Quận Nam Từ Liêm, Thành phố Hà Nội, Việt Nam BRANCH: 528 Liên Phường Phú Hữu, Thành phố Thủ Đức, Thành phố Hồ Chí Minh, Việt Nam",+84902221739,HA NOI,★★★☆☆
기타,KFHI(Korea Food for the Hungry International),"25A, Toa nha Song Da, Pham Hung, Nam Tu Liem, Hanoi",+842432002362,HA NOI,★★☆☆☆
기타,KONICA MINOLTA BUSINESS SOLUTIONS VIETNAM COMPANY LIMITED HA NOI BRANCH,"5 Nguyễn Ngọc Vũ, Trung Hoà, Cầu Giấy",+842437767023,HA NOI,★★☆☆☆
기타,"KOREA - VIETNAM LINKS TRADE CO.,LTD","So nha BT6, Lo E9, Vimeco Pham Hung, Nam Tu Liem, Hanoi",+842462691552,HA NOI,★★★☆☆
기타,LIVE AGAIN VIETNAM,"Unit 2501-1, 25F, Landmark 72 Tower, Plot E6 Cau Giay New Urban, Me Tri Ward, Nam Tu Liem District, Ha Noi City, Viet Nam",+842822111115,HA NOI,★★☆☆☆
기타,Manpower Group,"8th Floor, Capital Tower, 109 Trần Hưng Đạo, Cửa Nam, Hoàn Kiếm, Hà Nội 10000, Vietnam",+842440000000,HA NOI,★★★☆☆
기타,"MAT BAO BPO., JSC","Tầng 14, số 381 Đội Cấn, Phường Liễu Giai, Quận Ba Đình, Hà Nội, Việt Nam",+841900715137,HA NOI,★★★★☆
기타,"NHAT LO PHAT 168 CO.,LTD","25-T1, Trung Hoa, Cau Giay, Hanoi",+842437761688,HA NOI,★★★☆☆
기타,"NISHIO RENT ALL VIETNAM CO.,LTD","Ha Noi Office: Thach That – Quoc Oai Industrial Zone, Km 18 Thang Long Boulevard, Quoc Oai, Hanoi, Vietnam. HO CHI MINH Office: Room 208, Floor 2, Lot T5-2 and lot T6 Road D11B, High Technology Zone, Tang Nhon Phu B Ward, Thu Duc City, Ho Chi Minh City, Vietnam. Branches: Hai Phong, Da Nang, Quang Nam, Vung Tau. BRANCH: Ha Noi Warehouse: Thach That – Quoc Oai Industrial Zone, Km 18 Thang Long Boulevard, Quoc Oai, Hanoi, Vietnam. Ho Chi Minh Equipment Center: No.990, Ha Noi Highway, Quarter 2, Binh Da ward, Bien Hoa City, Dong Nai, Vietnam.",+842433940471,HA NOI,★★☆☆☆
기타,NTS,"20th floor Charmvit Tower 117 Đ. Trần Duy Hưng, Trung Hoà, Cầu Giấy, Hà Nội",+84367583870,HA NOI,★★☆☆☆
기타,OMNISYSTEM VN JSC,"Song Tan Tower, Xuan Phuong, Nam Tu Liem, Hanoi",+842466805636,HA NOI,★★☆☆☆
기타,"OS POWER VIETNAM Co.,Ltd","12P Room, 12 Floor, Center Building No.01, Nguyen Huy Tuong street, Thanh Xuan Trung Ward, Thanh Xuan Dist, Ha Noi.",+842462620122,HA NOI,★★★☆☆
기타,"PIKOR ASEAN Co.,LTD","Lot OF03-09, 3rd Floor, Vinhomes West Point, Pham Hung Street, Me Tri Ward, Nam Tu Liem District, Ha Noi City, Viet Nam",+842432012403,HA NOI,★★☆☆☆
기타,TOPCV VIET NAM JOINT STOCK COMPANY,"3rd floor, 4th floor FS - GoldSeason No. 47 Nguyen Tuan, Thanh Xuan Trung, Thanh Xuan, Hanoi BRANCH: 12th Floor, Dali Building, 24C Phan Dang Luu, Ward 6, Binh Thanh District, Ho Chi Minh City",+84783812474,HA NOI,★★☆☆☆
기타,"VTC SERVICE CO.,LTD","2nd fl, VTC B/D, HH3, 89L Duc Tho, My Dinh, Hanoi",+842437965092,HA NOI,★★★☆☆
기타,WEDDING&,"82 Nguyen Luong Bang, Nam Dong, Dong Da, Hanoi",+842422190022,HA NOI,★★☆☆☆
기타,WORLD JOB MESSENGER,"05, Lot TT02, Mon City, Nam Tu Liem, Hanoi",+842471097668,HA NOI,★★★☆☆
기타,XUAN CAU HOLDINGS JSC,"Level 18, VCCI Tower, 9 Dao Duy Anh Street, Dong Da District, Hanoi, Vietnam",+842437475266,HA NOI,★★★★☆
기타,ROMON VINA COMPANY LIMITED,"Trang Due Village, Le Loi, An Duong, Hai Phong",+842256644390,HAI PHONG,★★★☆☆
기타,DUY ANH FASHION AND COSMETICS JOINT STOCK COMPANY,"3rd floor, Center Tower, 72-74 Nguyen Thi Minh Khai street, Vo Thi Sau Ward, District 3, Ho Chi Minh city, Vietnam.",+842838257537,HO CHI MINH,★★☆☆☆
기타,DONG DO FIRE FIGHTING INVESTMENT CONSTRUCTION JOINT STOCK COMPANY,"Số 70, đường Dịch Vọng Hậu, phường Dịch Vọng Hậu, quận Cầu Giấy, thành phố Hà Nội, Việt Nam",+84915155787,HO CHI MINH,★★☆☆☆
기타,IDG CAPITAL VIET NAM JOIN STOCK COMPANY,"8th floor, 28-30-32-34 Pasteur, Nguyen Thai Binh Ward, District 1, HO CHI MINH",+842873009818,HO CHI MINH,★★☆☆☆
기타,ISIRIUS VINA,"Phong 301, Lau 4, toa nha so 1B, Duong 30, Binh An, Q.2, TP. HO CHI MINH BRANCH: LK1-L14-Lot LK-78 Splendora, North An Khanh Urban, Hoai Duc, Hanoi",+842836369150,HO CHI MINH,★★★☆☆